{
  "birthdate": 915179400,
  "clinicalTrialParticipant": null,
  "conditions": [

  ],
  "deathdate": null,
  "description": "",
  "description_category": "DENOM",
  "effective_time": null,
  "elimination_population": null,
  "elimination_reason": null,
  "encounters": [
    {
      "admitType": null,
      "admit_time": null,
      "codes": {
        "CPT": [
          "99201"
        ]
      },
      "description": "Encounter, Performed: Office Visit (Code List: 2.16.840.1.113883.3.464.1003.101.12.1001)",
      "dischargeDisposition": null,
      "discharge_time": null,
      "end_time": 1264741200,
      "free_text": null,
      "mood_code": "EVN",
      "negationInd": null,
      "negationReason": null,
      "oid": "2.16.840.1.113883.3.560.1.79",
      "performer_id": null,
      "specifics": null,
      "start_time": 1264741200,
      "status_code": null,
      "time": null
    }
  ],
  "ethnicity": {
    "code": "2186-5",
    "name": "Not Hispanic or Latino",
    "codeSystem": "CDC Race"
  },
  "expired": false,
  "first": "10_11_12_Dental_Peds",
  "gender": "M",
  "insurance_providers": [
    {
      "end_time": null,
      "financial_responsibility_type": {
        "code": "SELF",
        "codeSystem": "HL7 Relationship Code"
      },
      "member_id": "1234567890",
      "name": "Other",
      "payer": {
        "name": "Other"
      },
      "relationship": null,
      "start_time": 1199163600,
      "time": null,
      "type": "OT"
    }
  ],
  "languages": null,
  "last": "DEN",
  "marital_status": null,
  "measure_ids": [
    "ChildDentalDecay",
    "0036",
    "0060",
    "0022",
    "0002",
    "0041",
    "0004",
    "PrimaryCariesPrevention",
    "0419",
    "0384"
  ],
  "measure_period_end": 1293771600000,
  "measure_period_start": 1262322000000,
  "medical_record_number": "23079f2943e24bd886119aec14d2ac82",
  "race": {
    "code": "1002-5",
    "name": "American Indian or Alaska Native",
    "codeSystem": "CDC Race"
  },
  "religious_affilication": null,
  "source_data_criteria": [
    {
      "id": "EncounterPerformedOfficeVisit",
      "start_date": 1264741200000,
      "end_date": 1264741200000,
      "negation": "",
      "negation_code_list_id": null,
      "field_values": {
      },
      "oid": "2.16.840.1.113883.3.464.1003.101.12.1001"
    },
    {
      "id": "MeasurePeriod",
      "start_date": 1262322000000,
      "end_date": 1293771600000
    }
  ],
  "test_id": null,
  "title": null,
  "type": "ep"
}