{
  "birthdate": 946715400,
  "clinicalTrialParticipant": null,
  "conditions": [
    {
      "causeOfDeath": null,
      "codes": {
        "SNOMED-CT": [
          "13645005"
        ],
        "ICD-9-CM": [
          "493.20"
        ],
        "ICD-10-CM": [
          "J44.0"
        ]
      },
      "description": "Diagnosis, Active: Chronic Obstructive Pulmonary Disease (Code List: 2.16.840.1.113883.3.464.1003.102.12.1007)",
      "end_time": 1272600000,
      "free_text": null,
      "mood_code": "EVN",
      "name": null,
      "negationInd": null,
      "negationReason": null,
      "oid": "2.16.840.1.113883.3.560.1.2",
      "ordinality": null,
      "ordinality_code": null,
      "priority": null,
      "severity": null,
      "specifics": null,
      "start_time": 1272600000,
      "status_code": {
        "SNOMED-CT": [
          "55561003"
        ],
        "HL7 ActStatus": [
          "active"
        ]
      },
      "time": null,
      "type": null
    },
    {
      "causeOfDeath": null,
      "codes": {
        "SNOMED-CT": [
          "60380001"
        ],
        "ICD-9-CM": [
          "347.00"
        ],
        "ICD-10-CM": [
          "G47.411"
        ]
      },
      "description": "Diagnosis, Active: Narcolepsy (Code List: 2.16.840.1.113883.3.464.1003.114.12.1011)",
      "end_time": null,
      "free_text": null,
      "mood_code": "EVN",
      "name": null,
      "negationInd": null,
      "negationReason": null,
      "oid": "2.16.840.1.113883.3.560.1.2",
      "ordinality": null,
      "ordinality_code": null,
      "priority": null,
      "severity": null,
      "specifics": null,
      "start_time": 1249488000,
      "status_code": {
        "SNOMED-CT": [
          "55561003"
        ],
        "HL7 ActStatus": [
          "active"
        ]
      },
      "time": null,
      "type": null
    },
    {
      "causeOfDeath": null,
      "codes": {
        "ICD-10-CM": [
          "O00.1"
        ],
        "ICD-9-CM": [
          "633.11"
        ],
        "SNOMED-CT": [
          "9279009"
        ]
      },
      "description": "Diagnosis, Active: Pregnancy (Code List: 2.16.840.1.113883.3.526.3.378)",
      "end_time": 1272600000,
      "free_text": null,
      "mood_code": "EVN",
      "name": null,
      "negationInd": null,
      "negationReason": null,
      "oid": "2.16.840.1.113883.3.560.1.2",
      "ordinality": null,
      "ordinality_code": null,
      "priority": null,
      "severity": null,
      "specifics": null,
      "start_time": 1272600000,
      "status_code": {
        "SNOMED-CT": [
          "55561003"
        ],
        "HL7 ActStatus": [
          "active"
        ]
      },
      "time": null,
      "type": null
    },
    {
      "causeOfDeath": null,
      "codes": {
        "ICD-10-CM": [
          "J45.30"
        ],
        "SNOMED-CT": [
          "426656000"
        ]
      },
      "description": "Diagnosis, Active: Persistent Asthma (Code List: 2.16.840.1.113883.3.464.1003.102.12.1023)",
      "end_time": 1272600000,
      "free_text": null,
      "mood_code": "EVN",
      "name": null,
      "negationInd": null,
      "negationReason": null,
      "oid": "2.16.840.1.113883.3.560.1.2",
      "ordinality": null,
      "ordinality_code": null,
      "priority": null,
      "severity": null,
      "specifics": null,
      "start_time": 1272600000,
      "status_code": {
        "SNOMED-CT": [
          "55561003"
        ],
        "HL7 ActStatus": [
          "active"
        ]
      },
      "time": null,
      "type": null
    },
    {
      "causeOfDeath": null,
      "codes": {
        "SNOMED-CT": [
          "1532007"
        ],
        "ICD-9-CM": [
          "034.0"
        ],
        "ICD-10-CM": [
          "J02.8"
        ]
      },
      "description": "Diagnosis, Active: Acute Pharyngitis (Code List: 2.16.840.1.113883.3.464.1003.102.12.1011)",
      "end_time": 1272600000,
      "free_text": null,
      "mood_code": "EVN",
      "name": null,
      "negationInd": null,
      "negationReason": null,
      "oid": "2.16.840.1.113883.3.560.1.2",
      "ordinality": null,
      "ordinality_code": null,
      "priority": null,
      "severity": null,
      "specifics": null,
      "start_time": 1272600000,
      "status_code": {
        "SNOMED-CT": [
          "55561003"
        ],
        "HL7 ActStatus": [
          "active"
        ]
      },
      "time": null,
      "type": null
    },
    {
      "causeOfDeath": null,
      "codes": {
        "ICD-10-CM": [
          "J00"
        ],
        "SNOMED-CT": [
          "54150009"
        ],
        "ICD-9-CM": [
          "460"
        ]
      },
      "description": "Diagnosis, Active: Upper Respiratory Infection (Code List: 2.16.840.1.113883.3.464.1003.102.12.1022)",
      "end_time": 1272600000,
      "free_text": null,
      "mood_code": "EVN",
      "name": null,
      "negationInd": null,
      "negationReason": null,
      "oid": "2.16.840.1.113883.3.560.1.2",
      "ordinality": null,
      "ordinality_code": null,
      "priority": null,
      "severity": null,
      "specifics": null,
      "start_time": 1272600000,
      "status_code": {
        "SNOMED-CT": [
          "55561003"
        ],
        "HL7 ActStatus": [
          "active"
        ]
      },
      "time": null,
      "type": null
    }
  ],
  "deathdate": null,
  "description": "",
  "description_category": "EXCL",
  "effective_time": null,
  "elimination_population": null,
  "elimination_reason": null,
  "encounters": [
    {
      "admitType": null,
      "admit_time": null,
      "codes": {
        "CPT": [
          "99201"
        ]
      },
      "description": "Encounter, Performed: Office Visit (Code List: 2.16.840.1.113883.3.464.1003.101.12.1001)",
      "dischargeDisposition": null,
      "discharge_time": null,
      "end_time": 1264136400,
      "free_text": null,
      "mood_code": "EVN",
      "negationInd": null,
      "negationReason": null,
      "oid": "2.16.840.1.113883.3.560.1.79",
      "performer_id": null,
      "specifics": null,
      "start_time": 1264136400,
      "status_code": null,
      "time": null
    },
    {
      "admitType": null,
      "admit_time": null,
      "codes": {
        "CPT": [
          "99201"
        ]
      },
      "description": "Encounter, Performed: Office Visit (Code List: 2.16.840.1.113883.3.464.1003.101.12.1001)",
      "dischargeDisposition": null,
      "discharge_time": null,
      "end_time": 1272600000,
      "free_text": null,
      "mood_code": "EVN",
      "negationInd": null,
      "negationReason": null,
      "oid": "2.16.840.1.113883.3.560.1.79",
      "performer_id": null,
      "specifics": null,
      "start_time": 1272600000,
      "status_code": null,
      "time": null
    }
  ],
  "ethnicity": {
    "code": "2186-5",
    "name": "Not Hispanic or Latino",
    "codeSystem": "CDC Race"
  },
  "expired": false,
  "first": "10_11_12_GP_Peds_EXCL",
  "gender": "F",
  "insurance_providers": [
    {
      "end_time": null,
      "financial_responsibility_type": {
        "code": "SELF",
        "codeSystem": "HL7 Relationship Code"
      },
      "member_id": "1234567890",
      "name": "Other",
      "payer": {
        "name": "Other"
      },
      "relationship": null,
      "start_time": 1199163600,
      "time": null,
      "type": "OT"
    }
  ],
  "languages": null,
  "last": "0002_0024_0033_0036_0069, 0108",
  "marital_status": null,
  "measure_ids": [
    "0033",
    "0041",
    "0002",
    "0418",
    "0060",
    "0024",
    "0069",
    "0038",
    "0036",
    "0018",
    "0052",
    "0004",
    "0108",
    "0384"
  ],
  "measure_period_end": 1293771600000,
  "measure_period_start": 1262322000000,
  "medical_record_number": "395b4a59b6e9dbe3abce79a5e743a3db",
  "medications": [
    {
      "administrationTiming": null,
      "codes": {
        "RxNorm": [
          "102769"
        ]
      },
      "cumulativeMedicationDuration": null,
      "deliveryMethod": null,
      "description": "Medication, Active: Antibiotic Medications (Code List: 2.16.840.1.113883.3.464.1003.196.12.1001)",
      "dose": null,
      "doseIndicator": null,
      "doseRestriction": null,
      "end_time": 1271304000,
      "freeTextSig": null,
      "free_text": null,
      "fulfillmentInstructions": null,
      "indication": null,
      "mood_code": "EVN",
      "negationInd": null,
      "negationReason": null,
      "oid": "2.16.840.1.113883.3.560.1.13",
      "patientInstructions": null,
      "productForm": null,
      "reaction": null,
      "route": null,
      "site": null,
      "specifics": null,
      "start_time": 1271304000,
      "statusOfMedication": null,
      "status_code": {
        "SNOMED-CT": [
          "55561003"
        ],
        "HL7 ActStatus": [
          "active"
        ]
      },
      "time": null,
      "typeOfMedication": null,
      "vehicle": null
    },
    {
      "administrationTiming": null,
      "codes": {
        "RxNorm": [
          "349591"
        ]
      },
      "cumulativeMedicationDuration": null,
      "deliveryMethod": null,
      "description": "Medication, Active: ADHD Medications (Code List: 2.16.840.1.113883.3.464.1003.196.12.1171)",
      "dose": null,
      "doseIndicator": null,
      "doseRestriction": null,
      "end_time": 1260032400,
      "freeTextSig": null,
      "free_text": null,
      "fulfillmentInstructions": null,
      "indication": null,
      "mood_code": "EVN",
      "negationInd": null,
      "negationReason": null,
      "oid": "2.16.840.1.113883.3.560.1.13",
      "patientInstructions": null,
      "productForm": null,
      "reaction": null,
      "route": null,
      "site": null,
      "specifics": null,
      "start_time": 1260032400,
      "statusOfMedication": null,
      "status_code": {
        "SNOMED-CT": [
          "55561003"
        ],
        "HL7 ActStatus": [
          "active"
        ]
      },
      "time": null,
      "typeOfMedication": null,
      "vehicle": null
    },
    {
      "administrationTiming": null,
      "codes": {
        "RxNorm": [
          "349591"
        ]
      },
      "cumulativeMedicationDuration": null,
      "deliveryMethod": null,
      "description": "Medication, Dispensed: ADHD Medications (Code List: 2.16.840.1.113883.3.464.1003.196.12.1171)",
      "dose": null,
      "doseIndicator": null,
      "doseRestriction": null,
      "end_time": 1265259600,
      "freeTextSig": null,
      "free_text": null,
      "fulfillmentInstructions": null,
      "indication": null,
      "mood_code": "EVN",
      "negationInd": null,
      "negationReason": null,
      "oid": "2.16.840.1.113883.3.560.1.8",
      "patientInstructions": null,
      "productForm": null,
      "reaction": null,
      "route": null,
      "site": null,
      "specifics": null,
      "start_time": 1265302800,
      "statusOfMedication": null,
      "status_code": null,
      "time": null,
      "typeOfMedication": null,
      "vehicle": null
    },
    {
      "administrationTiming": null,
      "codes": {
        "RxNorm": [
          "102769"
        ]
      },
      "cumulativeMedicationDuration": null,
      "deliveryMethod": null,
      "description": "Medication, Active: Antibiotic Medications (Code List: 2.16.840.1.113883.3.464.1003.196.12.1001)",
      "dose": null,
      "doseIndicator": null,
      "doseRestriction": null,
      "end_time": 1271304000,
      "freeTextSig": null,
      "free_text": null,
      "fulfillmentInstructions": null,
      "indication": null,
      "mood_code": "EVN",
      "negationInd": null,
      "negationReason": null,
      "oid": "2.16.840.1.113883.3.560.1.13",
      "patientInstructions": null,
      "productForm": null,
      "reaction": null,
      "route": null,
      "site": null,
      "specifics": null,
      "start_time": 1271304000,
      "statusOfMedication": null,
      "status_code": {
        "SNOMED-CT": [
          "55561003"
        ],
        "HL7 ActStatus": [
          "active"
        ]
      },
      "time": null,
      "typeOfMedication": null,
      "vehicle": null
    },
    {
      "administrationTiming": null,
      "codes": {
        "RxNorm": [
          "102769"
        ]
      },
      "cumulativeMedicationDuration": null,
      "deliveryMethod": null,
      "description": "Medication, Order: Antibiotic Medications (Code List: 2.16.840.1.113883.3.464.1003.196.12.1001)",
      "dose": null,
      "doseIndicator": null,
      "doseRestriction": null,
      "end_time": 1272686400,
      "freeTextSig": null,
      "free_text": null,
      "fulfillmentInstructions": null,
      "indication": null,
      "mood_code": "EVN",
      "negationInd": null,
      "negationReason": null,
      "oid": "2.16.840.1.113883.3.560.1.17",
      "patientInstructions": null,
      "productForm": null,
      "reaction": null,
      "route": null,
      "site": null,
      "specifics": null,
      "start_time": 1272686400,
      "statusOfMedication": null,
      "status_code": null,
      "time": null,
      "typeOfMedication": null,
      "vehicle": null
    }
  ],
  "procedures": [
    {
      "codes": {
        "LOINC": [
          "24533-2"
        ]
      },
      "description": "Diagnostic Study, Order: X-Ray Study (all inclusive) (Code List: 2.16.840.1.113883.3.464.1003.198.12.1034)",
      "end_time": 1272686400,
      "free_text": null,
      "incisionDateTime": null,
      "mood_code": "EVN",
      "negationInd": null,
      "negationReason": null,
      "oid": "2.16.840.1.113883.3.560.1.40",
      "performer_id": null,
      "site": null,
      "specifics": null,
      "start_time": 1272686400,
      "status_code": null,
      "time": null
    }
  ],
  "race": {
    "code": "1002-5",
    "name": "American Indian or Alaska Native",
    "codeSystem": "CDC Race"
  },
  "religious_affilication": null,
  "results": [
    {
      "codes": {
        "LOINC": [
          "18833-4"
        ]
      },
      "description": "Physical Exam, Finding: Weight (Code List: 2.16.840.1.113883.3.464.1003.121.12.1015)",
      "end_time": 1272600000,
      "free_text": null,
      "interpretation": null,
      "mood_code": "EVN",
      "negationInd": null,
      "negationReason": null,
      "oid": "2.16.840.1.113883.3.560.1.19",
      "referenceRange": null,
      "specifics": null,
      "start_time": 1272600000,
      "status_code": null,
      "time": null,
      "values": [
        {
          "scalar": "100",
          "units": "lbs"
        }
      ]
    },
    {
      "codes": {
        "LOINC": [
          "3137-7"
        ]
      },
      "description": "Physical Exam, Finding: Height (Code List: 2.16.840.1.113883.3.464.1003.121.12.1014)",
      "end_time": 1272600000,
      "free_text": null,
      "interpretation": null,
      "mood_code": "EVN",
      "negationInd": null,
      "negationReason": null,
      "oid": "2.16.840.1.113883.3.560.1.19",
      "referenceRange": null,
      "specifics": null,
      "start_time": 1272600000,
      "status_code": null,
      "time": null,
      "values": [
        {
          "scalar": "60",
          "units": "in"
        }
      ]
    },
    {
      "codes": {
        "LOINC": [
          "59574-4"
        ]
      },
      "description": "Physical Exam, Finding: BMI percentile (Code List: 2.16.840.1.113883.3.464.1003.121.12.1012)",
      "end_time": 1272600000,
      "free_text": null,
      "interpretation": null,
      "mood_code": "EVN",
      "negationInd": null,
      "negationReason": null,
      "oid": "2.16.840.1.113883.3.560.1.19",
      "referenceRange": null,
      "specifics": null,
      "start_time": 1272600000,
      "status_code": null,
      "time": null,
      "values": [
        {
          "scalar": "19.5",
          "units": ""
        }
      ]
    }
  ],
  "source_data_criteria": [
    {
      "id": "DiagnosisActiveChronicObstructivePulmonaryDisease",
      "start_date": 1272600000000,
      "end_date": 1272600000000,
      "negation": "",
      "negation_code_list_id": null,
      "field_values": {
      },
      "oid": "2.16.840.1.113883.3.464.1003.102.12.1007"
    },
    {
      "id": "MedicationActiveAntibioticMedications",
      "start_date": 1271304000000,
      "end_date": 1271304000000,
      "negation": "",
      "negation_code_list_id": null,
      "field_values": {
      },
      "oid": "2.16.840.1.113883.3.464.1003.196.12.1001"
    },
    {
      "id": "DiagnosisActiveNarcolepsy",
      "start_date": 1249488000000,
      "end_date": 32503698000000,
      "value": [

      ],
      "negation": "",
      "negation_code_list_id": null,
      "field_values": {
      },
      "oid": "2.16.840.1.113883.3.464.1003.114.12.1011"
    },
    {
      "id": "MedicationActiveAdhdMedications",
      "start_date": 1260032400000,
      "end_date": 1260032400000,
      "value": [

      ],
      "negation": "",
      "negation_code_list_id": null,
      "field_values": {
      },
      "oid": "2.16.840.1.113883.3.464.1003.196.12.1171"
    },
    {
      "id": "EncounterPerformedOfficeVisit",
      "start_date": 1264136400000,
      "end_date": 1264136400000,
      "negation": "",
      "negation_code_list_id": null,
      "field_values": {
      },
      "oid": "2.16.840.1.113883.3.464.1003.101.12.1001"
    },
    {
      "id": "OccurrenceAAdhdMedications200",
      "start_date": 1265302800000,
      "end_date": 1265259600000,
      "value": [

      ],
      "negation": "",
      "negation_code_list_id": null,
      "field_values": {
      },
      "oid": "2.16.840.1.113883.3.464.1003.196.12.1171"
    },
    {
      "id": "LaboratoryTestOrderPapTest",
      "start_date": 1270008000000,
      "end_date": 1270008000000,
      "negation": "",
      "negation_code_list_id": null,
      "field_values": {
      },
      "oid": "2.16.840.1.113883.3.464.1003.108.12.1017"
    },
    {
      "id": "MedicationActiveAntibioticMedications",
      "start_date": 1271304000000,
      "end_date": 1271304000000,
      "negation": "",
      "negation_code_list_id": null,
      "field_values": {
      },
      "oid": "2.16.840.1.113883.3.464.1003.196.12.1001"
    },
    {
      "id": "PhysicalExamFindingWeight",
      "start_date": 1272600000000,
      "end_date": 1272600000000,
      "value": [
        {
          "type": "PQ",
          "value": "100",
          "unit": "lbs"
        }
      ],
      "negation": "",
      "negation_code_list_id": null,
      "field_values": {
      },
      "oid": "2.16.840.1.113883.3.464.1003.121.12.1015"
    },
    {
      "id": "DiagnosisActivePregnancy",
      "start_date": 1272600000000,
      "end_date": 1272600000000,
      "negation": "",
      "negation_code_list_id": null,
      "field_values": {
      },
      "oid": "2.16.840.1.113883.3.526.3.378"
    },
    {
      "id": "PhysicalExamFindingHeight",
      "start_date": 1272600000000,
      "end_date": 1272600000000,
      "value": [
        {
          "type": "PQ",
          "value": "60",
          "unit": "in"
        }
      ],
      "negation": "",
      "negation_code_list_id": null,
      "field_values": {
      },
      "oid": "2.16.840.1.113883.3.464.1003.121.12.1014"
    },
    {
      "id": "DiagnosisActivePersistentAsthma",
      "start_date": 1272600000000,
      "end_date": 1272600000000,
      "oid": "2.16.840.1.113883.3.464.1003.102.12.1023"
    },
    {
      "id": "DiagnosisActiveAcutePharyngitis",
      "start_date": 1272600000000,
      "end_date": 1272600000000,
      "oid": "2.16.840.1.113883.3.464.1003.102.12.1011"
    },
    {
      "id": "DiagnosisActiveUpperRespiratoryInfection",
      "start_date": 1272600000000,
      "end_date": 1272600000000,
      "negation": "",
      "negation_code_list_id": null,
      "field_values": {
      },
      "oid": "2.16.840.1.113883.3.464.1003.102.12.1022"
    },
    {
      "id": "PhysicalExamFindingBmiPercentile",
      "start_date": 1272600000000,
      "end_date": 1272600000000,
      "value": [
        {
          "type": "PQ",
          "value": "19.5",
          "unit": ""
        }
      ],
      "negation": "",
      "negation_code_list_id": null,
      "field_values": {
      },
      "oid": "2.16.840.1.113883.3.464.1003.121.12.1012"
    },
    {
      "id": "EncounterPerformedOfficeVisit",
      "start_date": 1272600000000,
      "end_date": 1272600000000,
      "negation": "",
      "negation_code_list_id": null,
      "field_values": {
      },
      "oid": "2.16.840.1.113883.3.464.1003.101.12.1001"
    },
    {
      "id": "LaboratoryTestOrderPregnancyTest",
      "start_date": 1272600000000,
      "end_date": 1272600000000,
      "negation": "",
      "negation_code_list_id": null,
      "field_values": {
      },
      "oid": "2.16.840.1.113883.3.464.1003.111.12.1011"
    },
    {
      "id": "MedicationOrderAntibioticMedications",
      "start_date": 1272686400000,
      "end_date": 1272686400000,
      "negation": "",
      "negation_code_list_id": null,
      "field_values": {
      },
      "oid": "2.16.840.1.113883.3.464.1003.196.12.1001"
    },
    {
      "id": "DiagnosticStudyOrderXRayStudyAllInclusive",
      "start_date": 1272686400000,
      "end_date": 1272686400000,
      "negation": "",
      "negation_code_list_id": null,
      "field_values": {
      },
      "oid": "2.16.840.1.113883.3.464.1003.198.12.1034"
    },
    {
      "id": "MeasurePeriod",
      "start_date": 1262322000000,
      "end_date": 1293771600000
    }
  ],
  "test_id": null,
  "title": null,
  "type": "ep",
  "vital_signs": [
    {
      "codes": {
        "LOINC": [
          "10524-7"
        ]
      },
      "description": "Laboratory Test, Order: Pap Test (Code List: 2.16.840.1.113883.3.464.1003.108.12.1017)",
      "end_time": 1270008000,
      "free_text": null,
      "interpretation": null,
      "mood_code": "EVN",
      "negationInd": null,
      "negationReason": null,
      "oid": "2.16.840.1.113883.3.560.1.50",
      "referenceRange": null,
      "specifics": null,
      "start_time": 1270008000,
      "status_code": null,
      "time": null
    },
    {
      "codes": {
        "LOINC": [
          "19080-1"
        ]
      },
      "description": "Laboratory Test, Order: Pregnancy Test (Code List: 2.16.840.1.113883.3.464.1003.111.12.1011)",
      "end_time": 1272600000,
      "free_text": null,
      "interpretation": null,
      "mood_code": "EVN",
      "negationInd": null,
      "negationReason": null,
      "oid": "2.16.840.1.113883.3.560.1.50",
      "referenceRange": null,
      "specifics": null,
      "start_time": 1272600000,
      "status_code": null,
      "time": null
    }
  ]
}