{
  "birthdate": 1257057000,
  "clinicalTrialParticipant": null,
  "deathdate": null,
  "description": "",
  "description_category": "NUMER",
  "effective_time": null,
  "elimination_population": null,
  "elimination_reason": null,
  "encounters": [
    {
      "admitType": null,
      "admit_time": null,
      "codes": {
        "CPT": [
          "99201"
        ]
      },
      "description": "Encounter, Performed: Office Visit (Code List: 2.16.840.1.113883.3.464.1003.101.12.1001)",
      "dischargeDisposition": null,
      "discharge_time": null,
      "end_time": 1265000400,
      "free_text": null,
      "mood_code": "EVN",
      "negationInd": null,
      "negationReason": null,
      "oid": "2.16.840.1.113883.3.560.1.79",
      "performer_id": null,
      "specifics": null,
      "start_time": 1265000400,
      "status_code": null,
      "time": null
    }
  ],
  "ethnicity": {
    "code": "2186-5",
    "name": "Not Hispanic or Latino",
    "codeSystem": "CDC Race"
  },
  "expired": false,
  "first": "10_11_12_BH_Infant_NUM",
  "gender": "F",
  "insurance_providers": [
    {
      "end_time": null,
      "financial_responsibility_type": {
        "code": "SELF",
        "codeSystem": "HL7 Relationship Code"
      },
      "member_id": "1234567890",
      "name": "Other",
      "payer": {
        "name": "Other"
      },
      "relationship": null,
      "start_time": 1199163600,
      "time": null,
      "type": "OT"
    }
  ],
  "languages": null,
  "last": "1401",
  "marital_status": null,
  "measure_ids": [
    "1401",
    "0060",
    "0031",
    "0002",
    "0024",
    "0004",
    "0384"
  ],
  "measure_period_end": 1293771600000,
  "measure_period_start": 1262322000000,
  "medical_record_number": "fdea0c22270417d9e59f20b07f642679",
  "procedures": [
    {
      "codes": {
        "SNOMED-CT": [
          "428231000124106"
        ]
      },
      "description": "Intervention, Performed: Maternal Post Partum Depression Care (Code List: 2.16.840.1.113883.3.464.1003.111.12.1013)",
      "end_time": 1265000400,
      "free_text": null,
      "incisionDateTime": null,
      "mood_code": "EVN",
      "negationInd": null,
      "negationReason": null,
      "oid": "2.16.840.1.113883.3.560.1.46",
      "performer_id": null,
      "site": null,
      "specifics": null,
      "start_time": 1265000400,
      "status_code": null,
      "time": null
    }
  ],
  "race": {
    "code": "1002-5",
    "name": "American Indian or Alaska Native",
    "codeSystem": "CDC Race"
  },
  "religious_affilication": null,
  "source_data_criteria": [
    {
      "id": "InterventionPerformedMaternalPostPartumDepressionCare",
      "start_date": 1265000400000,
      "end_date": 1265000400000,
      "oid": "2.16.840.1.113883.3.464.1003.111.12.1013"
    },
    {
      "id": "EncounterPerformedOfficeVisit",
      "start_date": 1265000400000,
      "end_date": 1265000400000,
      "oid": "2.16.840.1.113883.3.464.1003.101.12.1001"
    },
    {
      "id": "MeasurePeriod",
      "start_date": 1262322000000,
      "end_date": 1293771600000
    }
  ],
  "test_id": null,
  "title": null,
  "type": "ep"
}