{
  "birthdate": 1213774200,
  "clinicalTrialParticipant": null,
  "conditions": [
    {
      "causeOfDeath": null,
      "codes": {
        "ICD-10-CM": [
          "J00"
        ],
        "SNOMED-CT": [
          "54150009"
        ],
        "ICD-9-CM": [
          "460"
        ]
      },
      "description": "Diagnosis, Active: Upper Respiratory Infection (Code List: 2.16.840.1.113883.3.464.1003.102.12.1022)",
      "end_time": 1270094400,
      "free_text": null,
      "mood_code": "EVN",
      "name": null,
      "negationInd": null,
      "negationReason": null,
      "oid": "2.16.840.1.113883.3.560.1.2",
      "ordinality": null,
      "ordinality_code": null,
      "priority": null,
      "severity": null,
      "specifics": null,
      "start_time": 1270094400,
      "status_code": {
        "SNOMED-CT": [
          "55561003"
        ],
        "HL7 ActStatus": [
          "active"
        ]
      },
      "time": null,
      "type": null
    }
  ],
  "deathdate": null,
  "description": "",
  "description_category": "NUMER",
  "effective_time": null,
  "elimination_population": null,
  "elimination_reason": null,
  "encounters": [
    {
      "admitType": null,
      "admit_time": null,
      "codes": {
        "CPT": [
          "99201"
        ]
      },
      "description": "Encounter, Performed: Office Visit (Code List: 2.16.840.1.113883.3.464.1003.101.12.1001)",
      "dischargeDisposition": null,
      "discharge_time": null,
      "end_time": 1220241600,
      "free_text": null,
      "mood_code": "EVN",
      "negationInd": null,
      "negationReason": null,
      "oid": "2.16.840.1.113883.3.560.1.79",
      "performer_id": null,
      "specifics": null,
      "start_time": 1220241600,
      "status_code": null,
      "time": null
    },
    {
      "admitType": null,
      "admit_time": null,
      "codes": {
        "CPT": [
          "99201"
        ]
      },
      "description": "Encounter, Performed: Office Visit (Code List: 2.16.840.1.113883.3.464.1003.101.12.1001)",
      "dischargeDisposition": null,
      "discharge_time": null,
      "end_time": 1235883600,
      "free_text": null,
      "mood_code": "EVN",
      "negationInd": null,
      "negationReason": null,
      "oid": "2.16.840.1.113883.3.560.1.79",
      "performer_id": null,
      "specifics": null,
      "start_time": 1235883600,
      "status_code": null,
      "time": null
    },
    {
      "admitType": null,
      "admit_time": null,
      "codes": {
        "CPT": [
          "99201"
        ]
      },
      "description": "Encounter, Performed: Office Visit (Code List: 2.16.840.1.113883.3.464.1003.101.12.1001)",
      "dischargeDisposition": null,
      "discharge_time": null,
      "end_time": 1259643600,
      "free_text": null,
      "mood_code": "EVN",
      "negationInd": null,
      "negationReason": null,
      "oid": "2.16.840.1.113883.3.560.1.79",
      "performer_id": null,
      "specifics": null,
      "start_time": 1259643600,
      "status_code": null,
      "time": null
    },
    {
      "admitType": null,
      "admit_time": null,
      "codes": {
        "CPT": [
          "99201"
        ]
      },
      "description": "Encounter, Performed: Office Visit (Code List: 2.16.840.1.113883.3.464.1003.101.12.1001)",
      "dischargeDisposition": null,
      "discharge_time": null,
      "end_time": 1270094400,
      "free_text": null,
      "mood_code": "EVN",
      "negationInd": null,
      "negationReason": null,
      "oid": "2.16.840.1.113883.3.560.1.79",
      "performer_id": null,
      "specifics": null,
      "start_time": 1270094400,
      "status_code": null,
      "time": null
    }
  ],
  "ethnicity": {
    "code": "2186-5",
    "name": "Not Hispanic or Latino",
    "codeSystem": "CDC Race"
  },
  "expired": false,
  "first": "10_11_12_GP_Peds_Immuninzations_NUM",
  "gender": "M",
  "insurance_providers": [
    {
      "end_time": null,
      "financial_responsibility_type": {
        "code": "SELF",
        "codeSystem": "HL7 Relationship Code"
      },
      "member_id": "1234567890",
      "name": "Other",
      "payer": {
        "name": "Other"
      },
      "relationship": null,
      "start_time": 1199163600,
      "time": null,
      "type": "OT"
    }
  ],
  "languages": null,
  "last": "0038",
  "marital_status": null,
  "measure_ids": [
    "0038",
    "0069",
    "0022",
    "0002",
    "0036",
    "0004",
    "0384"
  ],
  "measure_period_end": 1293771600000,
  "measure_period_start": 1262322000000,
  "medical_record_number": "ce83c561f62e245ad4e0ca648e9de0dd",
  "medications": [
    {
      "administrationTiming": null,
      "codes": {
        "CVX": [
          "20"
        ]
      },
      "cumulativeMedicationDuration": null,
      "deliveryMethod": null,
      "description": "Medication, Administered: DTaP Vaccine (Code List: 2.16.840.1.113883.3.464.1003.196.12.1214)",
      "dose": null,
      "doseIndicator": null,
      "doseRestriction": null,
      "end_time": 1259643600,
      "freeTextSig": null,
      "free_text": null,
      "fulfillmentInstructions": null,
      "indication": null,
      "mood_code": "EVN",
      "negationInd": null,
      "negationReason": null,
      "oid": "2.16.840.1.113883.3.560.1.14",
      "patientInstructions": null,
      "productForm": null,
      "reaction": null,
      "route": null,
      "site": null,
      "specifics": null,
      "start_time": 1259643600,
      "statusOfMedication": null,
      "status_code": null,
      "time": null,
      "typeOfMedication": null,
      "vehicle": null
    },
    {
      "administrationTiming": null,
      "codes": {
        "CVX": [
          "48"
        ]
      },
      "cumulativeMedicationDuration": null,
      "deliveryMethod": null,
      "description": "Medication, Administered: Hemophilus Influenze B (HiB) Vaccine (Code List: 2.16.840.1.113883.3.464.1003.196.12.1217)",
      "dose": null,
      "doseIndicator": null,
      "doseRestriction": null,
      "end_time": 1259643600,
      "freeTextSig": null,
      "free_text": null,
      "fulfillmentInstructions": null,
      "indication": null,
      "mood_code": "EVN",
      "negationInd": null,
      "negationReason": null,
      "oid": "2.16.840.1.113883.3.560.1.14",
      "patientInstructions": null,
      "productForm": null,
      "reaction": null,
      "route": null,
      "site": null,
      "specifics": null,
      "start_time": 1259643600,
      "statusOfMedication": null,
      "status_code": null,
      "time": null,
      "typeOfMedication": null,
      "vehicle": null
    },
    {
      "administrationTiming": null,
      "codes": {
        "CVX": [
          "33"
        ]
      },
      "cumulativeMedicationDuration": null,
      "deliveryMethod": null,
      "description": "Medication, Administered: Pneumococcal Conjugate Vaccine (Code List: 2.16.840.1.113883.3.464.1003.196.12.1221)",
      "dose": null,
      "doseIndicator": null,
      "doseRestriction": null,
      "end_time": 1220241600,
      "freeTextSig": null,
      "free_text": null,
      "fulfillmentInstructions": null,
      "indication": null,
      "mood_code": "EVN",
      "negationInd": null,
      "negationReason": null,
      "oid": "2.16.840.1.113883.3.560.1.14",
      "patientInstructions": null,
      "productForm": null,
      "reaction": null,
      "route": null,
      "site": null,
      "specifics": null,
      "start_time": 1220241600,
      "statusOfMedication": null,
      "status_code": null,
      "time": null,
      "typeOfMedication": null,
      "vehicle": null
    },
    {
      "administrationTiming": null,
      "codes": {
        "CVX": [
          "08"
        ]
      },
      "cumulativeMedicationDuration": null,
      "deliveryMethod": null,
      "description": "Medication, Administered: Hepatitis B Vaccine (Code List: 2.16.840.1.113883.3.464.1003.196.12.1216)",
      "dose": null,
      "doseIndicator": null,
      "doseRestriction": null,
      "end_time": 1220241600,
      "freeTextSig": null,
      "free_text": null,
      "fulfillmentInstructions": null,
      "indication": null,
      "mood_code": "EVN",
      "negationInd": null,
      "negationReason": null,
      "oid": "2.16.840.1.113883.3.560.1.14",
      "patientInstructions": null,
      "productForm": null,
      "reaction": null,
      "route": null,
      "site": null,
      "specifics": null,
      "start_time": 1220241600,
      "statusOfMedication": null,
      "status_code": null,
      "time": null,
      "typeOfMedication": null,
      "vehicle": null
    },
    {
      "administrationTiming": null,
      "codes": {
        "CVX": [
          "10"
        ]
      },
      "cumulativeMedicationDuration": null,
      "deliveryMethod": null,
      "description": "Medication, Administered: Inactivated Polio Vaccine (IPV) (Code List: 2.16.840.1.113883.3.464.1003.196.12.1219)",
      "dose": null,
      "doseIndicator": null,
      "doseRestriction": null,
      "end_time": 1220241600,
      "freeTextSig": null,
      "free_text": null,
      "fulfillmentInstructions": null,
      "indication": null,
      "mood_code": "EVN",
      "negationInd": null,
      "negationReason": null,
      "oid": "2.16.840.1.113883.3.560.1.14",
      "patientInstructions": null,
      "productForm": null,
      "reaction": null,
      "route": null,
      "site": null,
      "specifics": null,
      "start_time": 1220241600,
      "statusOfMedication": null,
      "status_code": null,
      "time": null,
      "typeOfMedication": null,
      "vehicle": null
    },
    {
      "administrationTiming": null,
      "codes": {
        "CVX": [
          "20"
        ]
      },
      "cumulativeMedicationDuration": null,
      "deliveryMethod": null,
      "description": "Medication, Administered: DTaP Vaccine (Code List: 2.16.840.1.113883.3.464.1003.196.12.1214)",
      "dose": null,
      "doseIndicator": null,
      "doseRestriction": null,
      "end_time": 1220241600,
      "freeTextSig": null,
      "free_text": null,
      "fulfillmentInstructions": null,
      "indication": null,
      "mood_code": "EVN",
      "negationInd": null,
      "negationReason": null,
      "oid": "2.16.840.1.113883.3.560.1.14",
      "patientInstructions": null,
      "productForm": null,
      "reaction": null,
      "route": null,
      "site": null,
      "specifics": null,
      "start_time": 1220241600,
      "statusOfMedication": null,
      "status_code": null,
      "time": null,
      "typeOfMedication": null,
      "vehicle": null
    },
    {
      "administrationTiming": null,
      "codes": {
        "CVX": [
          "48"
        ]
      },
      "cumulativeMedicationDuration": null,
      "deliveryMethod": null,
      "description": "Medication, Administered: Hemophilus Influenze B (HiB) Vaccine (Code List: 2.16.840.1.113883.3.464.1003.196.12.1217)",
      "dose": null,
      "doseIndicator": null,
      "doseRestriction": null,
      "end_time": 1220241600,
      "freeTextSig": null,
      "free_text": null,
      "fulfillmentInstructions": null,
      "indication": null,
      "mood_code": "EVN",
      "negationInd": null,
      "negationReason": null,
      "oid": "2.16.840.1.113883.3.560.1.14",
      "patientInstructions": null,
      "productForm": null,
      "reaction": null,
      "route": null,
      "site": null,
      "specifics": null,
      "start_time": 1220241600,
      "statusOfMedication": null,
      "status_code": null,
      "time": null,
      "typeOfMedication": null,
      "vehicle": null
    },
    {
      "administrationTiming": null,
      "codes": {
        "CVX": [
          "33"
        ]
      },
      "cumulativeMedicationDuration": null,
      "deliveryMethod": null,
      "description": "Medication, Administered: Pneumococcal Conjugate Vaccine (Code List: 2.16.840.1.113883.3.464.1003.196.12.1221)",
      "dose": null,
      "doseIndicator": null,
      "doseRestriction": null,
      "end_time": 1235883600,
      "freeTextSig": null,
      "free_text": null,
      "fulfillmentInstructions": null,
      "indication": null,
      "mood_code": "EVN",
      "negationInd": null,
      "negationReason": null,
      "oid": "2.16.840.1.113883.3.560.1.14",
      "patientInstructions": null,
      "productForm": null,
      "reaction": null,
      "route": null,
      "site": null,
      "specifics": null,
      "start_time": 1235883600,
      "statusOfMedication": null,
      "status_code": null,
      "time": null,
      "typeOfMedication": null,
      "vehicle": null
    },
    {
      "administrationTiming": null,
      "codes": {
        "CVX": [
          "48"
        ]
      },
      "cumulativeMedicationDuration": null,
      "deliveryMethod": null,
      "description": "Medication, Administered: Hemophilus Influenze B (HiB) Vaccine (Code List: 2.16.840.1.113883.3.464.1003.196.12.1217)",
      "dose": null,
      "doseIndicator": null,
      "doseRestriction": null,
      "end_time": 1235883600,
      "freeTextSig": null,
      "free_text": null,
      "fulfillmentInstructions": null,
      "indication": null,
      "mood_code": "EVN",
      "negationInd": null,
      "negationReason": null,
      "oid": "2.16.840.1.113883.3.560.1.14",
      "patientInstructions": null,
      "productForm": null,
      "reaction": null,
      "route": null,
      "site": null,
      "specifics": null,
      "start_time": 1235883600,
      "statusOfMedication": null,
      "status_code": null,
      "time": null,
      "typeOfMedication": null,
      "vehicle": null
    },
    {
      "administrationTiming": null,
      "codes": {
        "CVX": [
          "08"
        ]
      },
      "cumulativeMedicationDuration": null,
      "deliveryMethod": null,
      "description": "Medication, Administered: Hepatitis B Vaccine (Code List: 2.16.840.1.113883.3.464.1003.196.12.1216)",
      "dose": null,
      "doseIndicator": null,
      "doseRestriction": null,
      "end_time": 1235883600,
      "freeTextSig": null,
      "free_text": null,
      "fulfillmentInstructions": null,
      "indication": null,
      "mood_code": "EVN",
      "negationInd": null,
      "negationReason": null,
      "oid": "2.16.840.1.113883.3.560.1.14",
      "patientInstructions": null,
      "productForm": null,
      "reaction": null,
      "route": null,
      "site": null,
      "specifics": null,
      "start_time": 1235883600,
      "statusOfMedication": null,
      "status_code": null,
      "time": null,
      "typeOfMedication": null,
      "vehicle": null
    },
    {
      "administrationTiming": null,
      "codes": {
        "CVX": [
          "10"
        ]
      },
      "cumulativeMedicationDuration": null,
      "deliveryMethod": null,
      "description": "Medication, Administered: Inactivated Polio Vaccine (IPV) (Code List: 2.16.840.1.113883.3.464.1003.196.12.1219)",
      "dose": null,
      "doseIndicator": null,
      "doseRestriction": null,
      "end_time": 1235883600,
      "freeTextSig": null,
      "free_text": null,
      "fulfillmentInstructions": null,
      "indication": null,
      "mood_code": "EVN",
      "negationInd": null,
      "negationReason": null,
      "oid": "2.16.840.1.113883.3.560.1.14",
      "patientInstructions": null,
      "productForm": null,
      "reaction": null,
      "route": null,
      "site": null,
      "specifics": null,
      "start_time": 1235883600,
      "statusOfMedication": null,
      "status_code": null,
      "time": null,
      "typeOfMedication": null,
      "vehicle": null
    },
    {
      "administrationTiming": null,
      "codes": {
        "CVX": [
          "116"
        ]
      },
      "cumulativeMedicationDuration": null,
      "deliveryMethod": null,
      "description": "Medication, Administered: Rotavirus Vaccine (3 dose schedule) (Code List: 2.16.840.1.113883.3.464.1003.196.12.1223)",
      "dose": null,
      "doseIndicator": null,
      "doseRestriction": null,
      "end_time": 1235883600,
      "freeTextSig": null,
      "free_text": null,
      "fulfillmentInstructions": null,
      "indication": null,
      "mood_code": "EVN",
      "negationInd": null,
      "negationReason": null,
      "oid": "2.16.840.1.113883.3.560.1.14",
      "patientInstructions": null,
      "productForm": null,
      "reaction": null,
      "route": null,
      "site": null,
      "specifics": null,
      "start_time": 1235883600,
      "statusOfMedication": null,
      "status_code": null,
      "time": null,
      "typeOfMedication": null,
      "vehicle": null
    },
    {
      "administrationTiming": null,
      "codes": {
        "CVX": [
          "20"
        ]
      },
      "cumulativeMedicationDuration": null,
      "deliveryMethod": null,
      "description": "Medication, Administered: DTaP Vaccine (Code List: 2.16.840.1.113883.3.464.1003.196.12.1214)",
      "dose": null,
      "doseIndicator": null,
      "doseRestriction": null,
      "end_time": 1235883600,
      "freeTextSig": null,
      "free_text": null,
      "fulfillmentInstructions": null,
      "indication": null,
      "mood_code": "EVN",
      "negationInd": null,
      "negationReason": null,
      "oid": "2.16.840.1.113883.3.560.1.14",
      "patientInstructions": null,
      "productForm": null,
      "reaction": null,
      "route": null,
      "site": null,
      "specifics": null,
      "start_time": 1235883600,
      "statusOfMedication": null,
      "status_code": null,
      "time": null,
      "typeOfMedication": null,
      "vehicle": null
    },
    {
      "administrationTiming": null,
      "codes": {
        "CVX": [
          "111"
        ]
      },
      "cumulativeMedicationDuration": null,
      "deliveryMethod": null,
      "description": "Medication, Administered: Influenza Vaccine (Code List: 2.16.840.1.113883.3.464.1003.196.12.1218)",
      "dose": null,
      "doseIndicator": null,
      "doseRestriction": null,
      "end_time": 1235883600,
      "freeTextSig": null,
      "free_text": null,
      "fulfillmentInstructions": null,
      "indication": null,
      "mood_code": "EVN",
      "negationInd": null,
      "negationReason": null,
      "oid": "2.16.840.1.113883.3.560.1.14",
      "patientInstructions": null,
      "productForm": null,
      "reaction": null,
      "route": null,
      "site": null,
      "specifics": null,
      "start_time": 1235883600,
      "statusOfMedication": null,
      "status_code": null,
      "time": null,
      "typeOfMedication": null,
      "vehicle": null
    },
    {
      "administrationTiming": null,
      "codes": {
        "CVX": [
          "08"
        ]
      },
      "cumulativeMedicationDuration": null,
      "deliveryMethod": null,
      "description": "Medication, Administered: Hepatitis B Vaccine (Code List: 2.16.840.1.113883.3.464.1003.196.12.1216)",
      "dose": null,
      "doseIndicator": null,
      "doseRestriction": null,
      "end_time": 1259643600,
      "freeTextSig": null,
      "free_text": null,
      "fulfillmentInstructions": null,
      "indication": null,
      "mood_code": "EVN",
      "negationInd": null,
      "negationReason": null,
      "oid": "2.16.840.1.113883.3.560.1.14",
      "patientInstructions": null,
      "productForm": null,
      "reaction": null,
      "route": null,
      "site": null,
      "specifics": null,
      "start_time": 1259643600,
      "statusOfMedication": null,
      "status_code": null,
      "time": null,
      "typeOfMedication": null,
      "vehicle": null
    },
    {
      "administrationTiming": null,
      "codes": {
        "CVX": [
          "10"
        ]
      },
      "cumulativeMedicationDuration": null,
      "deliveryMethod": null,
      "description": "Medication, Administered: Inactivated Polio Vaccine (IPV) (Code List: 2.16.840.1.113883.3.464.1003.196.12.1219)",
      "dose": null,
      "doseIndicator": null,
      "doseRestriction": null,
      "end_time": 1259643600,
      "freeTextSig": null,
      "free_text": null,
      "fulfillmentInstructions": null,
      "indication": null,
      "mood_code": "EVN",
      "negationInd": null,
      "negationReason": null,
      "oid": "2.16.840.1.113883.3.560.1.14",
      "patientInstructions": null,
      "productForm": null,
      "reaction": null,
      "route": null,
      "site": null,
      "specifics": null,
      "start_time": 1259643600,
      "statusOfMedication": null,
      "status_code": null,
      "time": null,
      "typeOfMedication": null,
      "vehicle": null
    },
    {
      "administrationTiming": null,
      "codes": {
        "CVX": [
          "116"
        ]
      },
      "cumulativeMedicationDuration": null,
      "deliveryMethod": null,
      "description": "Medication, Administered: Rotavirus Vaccine (3 dose schedule) (Code List: 2.16.840.1.113883.3.464.1003.196.12.1223)",
      "dose": null,
      "doseIndicator": null,
      "doseRestriction": null,
      "end_time": 1259643600,
      "freeTextSig": null,
      "free_text": null,
      "fulfillmentInstructions": null,
      "indication": null,
      "mood_code": "EVN",
      "negationInd": null,
      "negationReason": null,
      "oid": "2.16.840.1.113883.3.560.1.14",
      "patientInstructions": null,
      "productForm": null,
      "reaction": null,
      "route": null,
      "site": null,
      "specifics": null,
      "start_time": 1259643600,
      "statusOfMedication": null,
      "status_code": null,
      "time": null,
      "typeOfMedication": null,
      "vehicle": null
    },
    {
      "administrationTiming": null,
      "codes": {
        "CVX": [
          "111"
        ]
      },
      "cumulativeMedicationDuration": null,
      "deliveryMethod": null,
      "description": "Medication, Administered: Influenza Vaccine (Code List: 2.16.840.1.113883.3.464.1003.196.12.1218)",
      "dose": null,
      "doseIndicator": null,
      "doseRestriction": null,
      "end_time": 1259643600,
      "freeTextSig": null,
      "free_text": null,
      "fulfillmentInstructions": null,
      "indication": null,
      "mood_code": "EVN",
      "negationInd": null,
      "negationReason": null,
      "oid": "2.16.840.1.113883.3.560.1.14",
      "patientInstructions": null,
      "productForm": null,
      "reaction": null,
      "route": null,
      "site": null,
      "specifics": null,
      "start_time": 1259643600,
      "statusOfMedication": null,
      "status_code": null,
      "time": null,
      "typeOfMedication": null,
      "vehicle": null
    },
    {
      "administrationTiming": null,
      "codes": {
        "CVX": [
          "33"
        ]
      },
      "cumulativeMedicationDuration": null,
      "deliveryMethod": null,
      "description": "Medication, Administered: Pneumococcal Conjugate Vaccine (Code List: 2.16.840.1.113883.3.464.1003.196.12.1221)",
      "dose": null,
      "doseIndicator": null,
      "doseRestriction": null,
      "end_time": 1259643600,
      "freeTextSig": null,
      "free_text": null,
      "fulfillmentInstructions": null,
      "indication": null,
      "mood_code": "EVN",
      "negationInd": null,
      "negationReason": null,
      "oid": "2.16.840.1.113883.3.560.1.14",
      "patientInstructions": null,
      "productForm": null,
      "reaction": null,
      "route": null,
      "site": null,
      "specifics": null,
      "start_time": 1259643600,
      "statusOfMedication": null,
      "status_code": null,
      "time": null,
      "typeOfMedication": null,
      "vehicle": null
    },
    {
      "administrationTiming": null,
      "codes": {
        "CVX": [
          "10"
        ]
      },
      "cumulativeMedicationDuration": null,
      "deliveryMethod": null,
      "description": "Medication, Administered: Inactivated Polio Vaccine (IPV) (Code List: 2.16.840.1.113883.3.464.1003.196.12.1219)",
      "dose": null,
      "doseIndicator": null,
      "doseRestriction": null,
      "end_time": 1267419600,
      "freeTextSig": null,
      "free_text": null,
      "fulfillmentInstructions": null,
      "indication": null,
      "mood_code": "EVN",
      "negationInd": null,
      "negationReason": null,
      "oid": "2.16.840.1.113883.3.560.1.14",
      "patientInstructions": null,
      "productForm": null,
      "reaction": null,
      "route": null,
      "site": null,
      "specifics": null,
      "start_time": 1267419600,
      "statusOfMedication": null,
      "status_code": null,
      "time": null,
      "typeOfMedication": null,
      "vehicle": null
    },
    {
      "administrationTiming": null,
      "codes": {
        "CVX": [
          "111"
        ]
      },
      "cumulativeMedicationDuration": null,
      "deliveryMethod": null,
      "description": "Medication, Administered: Influenza Vaccine (Code List: 2.16.840.1.113883.3.464.1003.196.12.1218)",
      "dose": null,
      "doseIndicator": null,
      "doseRestriction": null,
      "end_time": 1270094400,
      "freeTextSig": null,
      "free_text": null,
      "fulfillmentInstructions": null,
      "indication": null,
      "mood_code": "EVN",
      "negationInd": null,
      "negationReason": null,
      "oid": "2.16.840.1.113883.3.560.1.14",
      "patientInstructions": null,
      "productForm": null,
      "reaction": null,
      "route": null,
      "site": null,
      "specifics": null,
      "start_time": 1270094400,
      "statusOfMedication": null,
      "status_code": null,
      "time": null,
      "typeOfMedication": null,
      "vehicle": null
    },
    {
      "administrationTiming": null,
      "codes": {
        "CVX": [
          "83"
        ]
      },
      "cumulativeMedicationDuration": null,
      "deliveryMethod": null,
      "description": "Medication, Administered: Hepatitis A Vaccine (Code List: 2.16.840.1.113883.3.464.1003.196.12.1215)",
      "dose": null,
      "doseIndicator": null,
      "doseRestriction": null,
      "end_time": 1270094400,
      "freeTextSig": null,
      "free_text": null,
      "fulfillmentInstructions": null,
      "indication": null,
      "mood_code": "EVN",
      "negationInd": null,
      "negationReason": null,
      "oid": "2.16.840.1.113883.3.560.1.14",
      "patientInstructions": null,
      "productForm": null,
      "reaction": null,
      "route": null,
      "site": null,
      "specifics": null,
      "start_time": 1270094400,
      "statusOfMedication": null,
      "status_code": null,
      "time": null,
      "typeOfMedication": null,
      "vehicle": null
    },
    {
      "administrationTiming": null,
      "codes": {
        "CVX": [
          "03"
        ]
      },
      "cumulativeMedicationDuration": null,
      "deliveryMethod": null,
      "description": "Medication, Administered: Measles, Mumps and Rubella (MMR) Vaccine (Code List: 2.16.840.1.113883.3.464.1003.196.12.1224)",
      "dose": null,
      "doseIndicator": null,
      "doseRestriction": null,
      "end_time": 1270094400,
      "freeTextSig": null,
      "free_text": null,
      "fulfillmentInstructions": null,
      "indication": null,
      "mood_code": "EVN",
      "negationInd": null,
      "negationReason": null,
      "oid": "2.16.840.1.113883.3.560.1.14",
      "patientInstructions": null,
      "productForm": null,
      "reaction": null,
      "route": null,
      "site": null,
      "specifics": null,
      "start_time": 1270094400,
      "statusOfMedication": null,
      "status_code": null,
      "time": null,
      "typeOfMedication": null,
      "vehicle": null
    },
    {
      "administrationTiming": null,
      "codes": {
        "CVX": [
          "33"
        ]
      },
      "cumulativeMedicationDuration": null,
      "deliveryMethod": null,
      "description": "Medication, Administered: Pneumococcal Conjugate Vaccine (Code List: 2.16.840.1.113883.3.464.1003.196.12.1221)",
      "dose": null,
      "doseIndicator": null,
      "doseRestriction": null,
      "end_time": 1270094400,
      "freeTextSig": null,
      "free_text": null,
      "fulfillmentInstructions": null,
      "indication": null,
      "mood_code": "EVN",
      "negationInd": null,
      "negationReason": null,
      "oid": "2.16.840.1.113883.3.560.1.14",
      "patientInstructions": null,
      "productForm": null,
      "reaction": null,
      "route": null,
      "site": null,
      "specifics": null,
      "start_time": 1270094400,
      "statusOfMedication": null,
      "status_code": null,
      "time": null,
      "typeOfMedication": null,
      "vehicle": null
    },
    {
      "administrationTiming": null,
      "codes": {
        "CVX": [
          "21"
        ]
      },
      "cumulativeMedicationDuration": null,
      "deliveryMethod": null,
      "description": "Medication, Administered: Varicella Zoster Vaccine (VZV) (Code List: 2.16.840.1.113883.3.464.1003.196.12.1170)",
      "dose": null,
      "doseIndicator": null,
      "doseRestriction": null,
      "end_time": 1270094400,
      "freeTextSig": null,
      "free_text": null,
      "fulfillmentInstructions": null,
      "indication": null,
      "mood_code": "EVN",
      "negationInd": null,
      "negationReason": null,
      "oid": "2.16.840.1.113883.3.560.1.14",
      "patientInstructions": null,
      "productForm": null,
      "reaction": null,
      "route": null,
      "site": null,
      "specifics": null,
      "start_time": 1270094400,
      "statusOfMedication": null,
      "status_code": null,
      "time": null,
      "typeOfMedication": null,
      "vehicle": null
    },
    {
      "administrationTiming": null,
      "codes": {
        "CVX": [
          "48"
        ]
      },
      "cumulativeMedicationDuration": null,
      "deliveryMethod": null,
      "description": "Medication, Administered: Hemophilus Influenze B (HiB) Vaccine (Code List: 2.16.840.1.113883.3.464.1003.196.12.1217)",
      "dose": null,
      "doseIndicator": null,
      "doseRestriction": null,
      "end_time": 1262322000,
      "freeTextSig": null,
      "free_text": null,
      "fulfillmentInstructions": null,
      "indication": null,
      "mood_code": "EVN",
      "negationInd": null,
      "negationReason": null,
      "oid": "2.16.840.1.113883.3.560.1.14",
      "patientInstructions": null,
      "productForm": null,
      "reaction": null,
      "route": null,
      "site": null,
      "specifics": null,
      "start_time": 1270094400,
      "statusOfMedication": null,
      "status_code": null,
      "time": null,
      "typeOfMedication": null,
      "vehicle": null
    },
    {
      "administrationTiming": null,
      "codes": {
        "CVX": [
          "20"
        ]
      },
      "cumulativeMedicationDuration": null,
      "deliveryMethod": null,
      "description": "Medication, Administered: DTaP Vaccine (Code List: 2.16.840.1.113883.3.464.1003.196.12.1214)",
      "dose": null,
      "doseIndicator": null,
      "doseRestriction": null,
      "end_time": 1270094400,
      "freeTextSig": null,
      "free_text": null,
      "fulfillmentInstructions": null,
      "indication": null,
      "mood_code": "EVN",
      "negationInd": null,
      "negationReason": null,
      "oid": "2.16.840.1.113883.3.560.1.14",
      "patientInstructions": null,
      "productForm": null,
      "reaction": null,
      "route": null,
      "site": null,
      "specifics": null,
      "start_time": 1270094400,
      "statusOfMedication": null,
      "status_code": null,
      "time": null,
      "typeOfMedication": null,
      "vehicle": null
    },
    {
      "administrationTiming": null,
      "codes": {
        "CVX": [
          "116"
        ]
      },
      "cumulativeMedicationDuration": null,
      "deliveryMethod": null,
      "description": "Medication, Administered: Rotavirus Vaccine (3 dose schedule) (Code List: 2.16.840.1.113883.3.464.1003.196.12.1223)",
      "dose": null,
      "doseIndicator": null,
      "doseRestriction": null,
      "end_time": 1270094400,
      "freeTextSig": null,
      "free_text": null,
      "fulfillmentInstructions": null,
      "indication": null,
      "mood_code": "EVN",
      "negationInd": null,
      "negationReason": null,
      "oid": "2.16.840.1.113883.3.560.1.14",
      "patientInstructions": null,
      "productForm": null,
      "reaction": null,
      "route": null,
      "site": null,
      "specifics": null,
      "start_time": 1270094400,
      "statusOfMedication": null,
      "status_code": null,
      "time": null,
      "typeOfMedication": null,
      "vehicle": null
    },
    {
      "administrationTiming": null,
      "codes": {
        "CVX": [
          "08"
        ]
      },
      "cumulativeMedicationDuration": null,
      "deliveryMethod": null,
      "description": "Medication, Administered: Hepatitis B Vaccine (Code List: 2.16.840.1.113883.3.464.1003.196.12.1216)",
      "dose": null,
      "doseIndicator": null,
      "doseRestriction": null,
      "end_time": 1270094400,
      "freeTextSig": null,
      "free_text": null,
      "fulfillmentInstructions": null,
      "indication": null,
      "mood_code": "EVN",
      "negationInd": null,
      "negationReason": null,
      "oid": "2.16.840.1.113883.3.560.1.14",
      "patientInstructions": null,
      "productForm": null,
      "reaction": null,
      "route": null,
      "site": null,
      "specifics": null,
      "start_time": 1270094400,
      "statusOfMedication": null,
      "status_code": null,
      "time": null,
      "typeOfMedication": null,
      "vehicle": null
    }
  ],
  "race": {
    "code": "1002-5",
    "name": "American Indian or Alaska Native",
    "codeSystem": "CDC Race"
  },
  "religious_affilication": null,
  "source_data_criteria": [
    {
      "id": "MedicationAdministeredDtapVaccine",
      "start_date": 1259643600000,
      "end_date": 1259643600000,
      "negation": "",
      "negation_code_list_id": null,
      "field_values": {
      },
      "oid": "2.16.840.1.113883.3.464.1003.196.12.1214"
    },
    {
      "id": "MedicationAdministeredHemophilusInfluenzeBHibVaccine",
      "start_date": 1259643600000,
      "end_date": 1259643600000,
      "negation": "",
      "negation_code_list_id": null,
      "field_values": {
      },
      "oid": "2.16.840.1.113883.3.464.1003.196.12.1217"
    },
    {
      "id": "MedicationAdministeredPneumococcalConjugateVaccine",
      "start_date": 1220241600000,
      "end_date": 1220241600000,
      "negation": "",
      "negation_code_list_id": null,
      "field_values": {
      },
      "oid": "2.16.840.1.113883.3.464.1003.196.12.1221"
    },
    {
      "id": "MedicationAdministeredHepatitisBVaccine",
      "start_date": 1220241600000,
      "end_date": 1220241600000,
      "negation": "",
      "negation_code_list_id": null,
      "field_values": {
      },
      "oid": "2.16.840.1.113883.3.464.1003.196.12.1216"
    },
    {
      "id": "MedicationAdministeredInactivatedPolioVaccineIpv",
      "start_date": 1220241600000,
      "end_date": 1220241600000,
      "negation": "",
      "negation_code_list_id": null,
      "field_values": {
      },
      "oid": "2.16.840.1.113883.3.464.1003.196.12.1219"
    },
    {
      "id": "EncounterPerformedOfficeVisit",
      "start_date": 1220241600000,
      "end_date": 1220241600000,
      "negation": "",
      "negation_code_list_id": null,
      "field_values": {
      },
      "oid": "2.16.840.1.113883.3.464.1003.101.12.1001"
    },
    {
      "id": "MedicationAdministeredDtapVaccine",
      "start_date": 1220241600000,
      "end_date": 1220241600000,
      "negation": "",
      "negation_code_list_id": null,
      "field_values": {
      },
      "oid": "2.16.840.1.113883.3.464.1003.196.12.1214"
    },
    {
      "id": "MedicationAdministeredHemophilusInfluenzeBHibVaccine",
      "start_date": 1220241600000,
      "end_date": 1220241600000,
      "negation": "",
      "negation_code_list_id": null,
      "field_values": {
      },
      "oid": "2.16.840.1.113883.3.464.1003.196.12.1217"
    },
    {
      "id": "MedicationAdministeredPneumococcalConjugateVaccine",
      "start_date": 1235883600000,
      "end_date": 1235883600000,
      "negation": "",
      "negation_code_list_id": null,
      "field_values": {
      },
      "oid": "2.16.840.1.113883.3.464.1003.196.12.1221"
    },
    {
      "id": "MedicationAdministeredHemophilusInfluenzeBHibVaccine",
      "start_date": 1235883600000,
      "end_date": 1235883600000,
      "negation": "",
      "negation_code_list_id": null,
      "field_values": {
      },
      "oid": "2.16.840.1.113883.3.464.1003.196.12.1217"
    },
    {
      "id": "MedicationAdministeredHepatitisBVaccine",
      "start_date": 1235883600000,
      "end_date": 1235883600000,
      "negation": "",
      "negation_code_list_id": null,
      "field_values": {
      },
      "oid": "2.16.840.1.113883.3.464.1003.196.12.1216"
    },
    {
      "id": "MedicationAdministeredInactivatedPolioVaccineIpv",
      "start_date": 1235883600000,
      "end_date": 1235883600000,
      "negation": "",
      "negation_code_list_id": null,
      "field_values": {
      },
      "oid": "2.16.840.1.113883.3.464.1003.196.12.1219"
    },
    {
      "id": "EncounterPerformedOfficeVisit",
      "start_date": 1235883600000,
      "end_date": 1235883600000,
      "negation": "",
      "negation_code_list_id": null,
      "field_values": {
      },
      "oid": "2.16.840.1.113883.3.464.1003.101.12.1001"
    },
    {
      "id": "MedicationAdministeredRotavirusVaccine3DoseSchedule",
      "start_date": 1235883600000,
      "end_date": 1235883600000,
      "negation": "",
      "negation_code_list_id": null,
      "field_values": {
      },
      "oid": "2.16.840.1.113883.3.464.1003.196.12.1223"
    },
    {
      "id": "MedicationAdministeredDtapVaccine",
      "start_date": 1235883600000,
      "end_date": 1235883600000,
      "negation": "",
      "negation_code_list_id": null,
      "field_values": {
      },
      "oid": "2.16.840.1.113883.3.464.1003.196.12.1214"
    },
    {
      "id": "MedicationAdministeredInfluenzaVaccine",
      "start_date": 1235883600000,
      "end_date": 1235883600000,
      "negation": "",
      "negation_code_list_id": null,
      "field_values": {
      },
      "oid": "2.16.840.1.113883.3.464.1003.196.12.1218"
    },
    {
      "id": "EncounterPerformedOfficeVisit",
      "start_date": 1259643600000,
      "end_date": 1259643600000,
      "negation": "",
      "negation_code_list_id": null,
      "field_values": {
      },
      "oid": "2.16.840.1.113883.3.464.1003.101.12.1001"
    },
    {
      "id": "MedicationAdministeredHepatitisBVaccine",
      "start_date": 1259643600000,
      "end_date": 1259643600000,
      "negation": "",
      "negation_code_list_id": null,
      "field_values": {
      },
      "oid": "2.16.840.1.113883.3.464.1003.196.12.1216"
    },
    {
      "id": "MedicationAdministeredInactivatedPolioVaccineIpv",
      "start_date": 1259643600000,
      "end_date": 1259643600000,
      "negation": "",
      "negation_code_list_id": null,
      "field_values": {
      },
      "oid": "2.16.840.1.113883.3.464.1003.196.12.1219"
    },
    {
      "id": "MedicationAdministeredRotavirusVaccine3DoseSchedule",
      "start_date": 1259643600000,
      "end_date": 1259643600000,
      "negation": "",
      "negation_code_list_id": null,
      "field_values": {
      },
      "oid": "2.16.840.1.113883.3.464.1003.196.12.1223"
    },
    {
      "id": "MedicationAdministeredInfluenzaVaccine",
      "start_date": 1259643600000,
      "end_date": 1259643600000,
      "negation": "",
      "negation_code_list_id": null,
      "field_values": {
      },
      "oid": "2.16.840.1.113883.3.464.1003.196.12.1218"
    },
    {
      "id": "MedicationAdministeredPneumococcalConjugateVaccine",
      "start_date": 1259643600000,
      "end_date": 1259643600000,
      "negation": "",
      "negation_code_list_id": null,
      "field_values": {
      },
      "oid": "2.16.840.1.113883.3.464.1003.196.12.1221"
    },
    {
      "id": "MedicationAdministeredInactivatedPolioVaccineIpv",
      "start_date": 1267419600000,
      "end_date": 1267419600000,
      "negation": "",
      "negation_code_list_id": null,
      "field_values": {
      },
      "oid": "2.16.840.1.113883.3.464.1003.196.12.1219"
    },
    {
      "id": "MedicationAdministeredInfluenzaVaccine",
      "start_date": 1270094400000,
      "end_date": 1270094400000,
      "negation": "",
      "negation_code_list_id": null,
      "field_values": {
      },
      "oid": "2.16.840.1.113883.3.464.1003.196.12.1218"
    },
    {
      "id": "MedicationAdministeredHepatitisAVaccine",
      "start_date": 1270094400000,
      "end_date": 1270094400000,
      "negation": "",
      "negation_code_list_id": null,
      "field_values": {
      },
      "oid": "2.16.840.1.113883.3.464.1003.196.12.1215"
    },
    {
      "id": "MedicationAdministeredMeaslesMumpsAndRubellaMmrVaccine",
      "start_date": 1270094400000,
      "end_date": 1270094400000,
      "negation": "",
      "negation_code_list_id": null,
      "field_values": {
      },
      "oid": "2.16.840.1.113883.3.464.1003.196.12.1224"
    },
    {
      "id": "MedicationAdministeredPneumococcalConjugateVaccine",
      "start_date": 1270094400000,
      "end_date": 1270094400000,
      "negation": "",
      "negation_code_list_id": null,
      "field_values": {
      },
      "oid": "2.16.840.1.113883.3.464.1003.196.12.1221"
    },
    {
      "id": "EncounterPerformedOfficeVisit",
      "start_date": 1270094400000,
      "end_date": 1270094400000,
      "oid": "2.16.840.1.113883.3.464.1003.101.12.1001"
    },
    {
      "id": "MedicationAdministeredVaricellaZosterVaccineVzv",
      "start_date": 1270094400000,
      "end_date": 1270094400000,
      "negation": "",
      "negation_code_list_id": null,
      "field_values": {
      },
      "oid": "2.16.840.1.113883.3.464.1003.196.12.1170"
    },
    {
      "id": "MedicationAdministeredHemophilusInfluenzeBHibVaccine",
      "start_date": 1270094400000,
      "end_date": 1262322000000,
      "negation": "",
      "negation_code_list_id": null,
      "field_values": {
      },
      "oid": "2.16.840.1.113883.3.464.1003.196.12.1217"
    },
    {
      "id": "MedicationAdministeredDtapVaccine",
      "start_date": 1270094400000,
      "end_date": 1270094400000,
      "negation": "",
      "negation_code_list_id": null,
      "field_values": {
      },
      "oid": "2.16.840.1.113883.3.464.1003.196.12.1214"
    },
    {
      "id": "DiagnosisActiveUpperRespiratoryInfection",
      "start_date": 1270094400000,
      "end_date": 1270094400000,
      "oid": "2.16.840.1.113883.3.464.1003.102.12.1022"
    },
    {
      "id": "MedicationAdministeredRotavirusVaccine3DoseSchedule",
      "start_date": 1270094400000,
      "end_date": 1270094400000,
      "negation": "",
      "negation_code_list_id": null,
      "field_values": {
      },
      "oid": "2.16.840.1.113883.3.464.1003.196.12.1223"
    },
    {
      "id": "MedicationAdministeredHepatitisBVaccine",
      "start_date": 1270094400000,
      "end_date": 1270094400000,
      "negation": "",
      "negation_code_list_id": null,
      "field_values": {
      },
      "oid": "2.16.840.1.113883.3.464.1003.196.12.1216"
    },
    {
      "id": "MeasurePeriod",
      "start_date": 1262322000000,
      "end_date": 1293771600000
    }
  ],
  "test_id": null,
  "title": null,
  "type": "ep"
}