{
  "birthdate": 533809800,
  "clinicalTrialParticipant": null,
  "conditions": [
    {
      "causeOfDeath": null,
      "codes": {
        "ICD-10-CM": [
          "F53"
        ],
        "SNOMED-CT": [
          "4787007"
        ],
        "ICD-9-CM": [
          "642.01"
        ]
      },
      "description": "Diagnosis, Active: Full Term Delivery (Code List: 2.16.840.1.113883.3.67.1.101.1.273)",
      "end_time": 1287547200,
      "free_text": null,
      "mood_code": "EVN",
      "name": null,
      "negationInd": null,
      "negationReason": null,
      "oid": "2.16.840.1.113883.3.560.1.2",
      "ordinality": null,
      "ordinality_code": null,
      "priority": null,
      "severity": null,
      "specifics": null,
      "start_time": 1265000400,
      "status_code": {
        "SNOMED-CT": [
          "55561003"
        ],
        "HL7 ActStatus": [
          "active"
        ]
      },
      "time": null,
      "type": null
    }
  ],
  "deathdate": null,
  "description": "",
  "description_category": "DENOM",
  "effective_time": null,
  "elimination_population": null,
  "elimination_reason": null,
  "encounters": [

  ],
  "ethnicity": {
    "code": "2186-5",
    "name": "Not Hispanic or Latino",
    "codeSystem": "CDC Race"
  },
  "expired": false,
  "first": "10_11_12_Pregnancy_Adult_DEN",
  "gender": "F",
  "insurance_providers": [
    {
      "end_time": null,
      "financial_responsibility_type": {
        "code": "SELF",
        "codeSystem": "HL7 Relationship Code"
      },
      "member_id": "1234567890",
      "name": "Other",
      "payer": {
        "name": "Other"
      },
      "relationship": null,
      "start_time": 1199163600,
      "time": null,
      "type": "OT"
    }
  ],
  "languages": null,
  "last": "0608",
  "marital_status": null,
  "measure_ids": [
    "0608",
    "0403",
    "0033",
    "0407",
    "0405",
    "0002",
    "0041",
    "0004",
    "0419",
    "0384"
  ],
  "measure_period_end": 1293771600000,
  "measure_period_start": 1262322000000,
  "medical_record_number": "61aa020431420dce8f53b74352a990fe",
  "procedures": [
    {
      "codes": {
        "SNOMED-CT": [
          "5556001"
        ],
        "ICD-9-CM": [
          "72.0"
        ],
        "CPT": [
          "59400"
        ]
      },
      "description": "Procedure, Performed: Delivery (Code List: 2.16.840.1.113883.3.67.1.101.1.278)",
      "end_time": 1287547200,
      "free_text": null,
      "incisionDateTime": null,
      "mood_code": "EVN",
      "negationInd": null,
      "negationReason": null,
      "oid": "2.16.840.1.113883.3.560.1.6",
      "performer_id": null,
      "site": null,
      "specifics": null,
      "start_time": 1287547200,
      "status_code": null,
      "time": null
    }
  ],
  "race": {
    "code": "1002-5",
    "name": "American Indian or Alaska Native",
    "codeSystem": "CDC Race"
  },
  "religious_affilication": null,
  "source_data_criteria": [
    {
      "id": "DiagnosisActiveFullTermDelivery",
      "start_date": 1265000400000,
      "end_date": 1287547200000,
      "negation": "",
      "negation_code_list_id": null,
      "field_values": {
      },
      "oid": "2.16.840.1.113883.3.67.1.101.1.273"
    },
    {
      "id": "ProcedurePerformedDelivery",
      "start_date": 1287547200000,
      "end_date": 1287547200000,
      "negation": "",
      "negation_code_list_id": null,
      "field_values": {
      },
      "oid": "2.16.840.1.113883.3.67.1.101.1.278"
    },
    {
      "id": "MeasurePeriod",
      "start_date": 1262322000000,
      "end_date": 1293771600000
    }
  ],
  "test_id": null,
  "title": null,
  "type": "ep",
  "vital_signs": [

  ]
}