{
  "birthdate": 599646600,
  "clinicalTrialParticipant": null,
  "conditions": [
    {
      "causeOfDeath": null,
      "codes": {
        "SNOMED-CT": [
          "832007"
        ],
        "ICD-9-CM": [
          "296.20"
        ],
        "ICD-10-CM": [
          "F32.0"
        ]
      },
      "description": "Diagnosis, Active: Major Depression (Code List: 2.16.840.1.113883.3.464.1003.105.12.1007)",
      "end_time": 1285949100,
      "free_text": null,
      "mood_code": "EVN",
      "name": null,
      "negationInd": null,
      "negationReason": null,
      "oid": "2.16.840.1.113883.3.560.1.2",
      "ordinality": null,
      "ordinality_code": null,
      "priority": null,
      "severity": null,
      "specifics": null,
      "start_time": 1285949100,
      "status_code": {
        "SNOMED-CT": [
          "55561003"
        ],
        "HL7 ActStatus": [
          "active"
        ]
      },
      "time": null,
      "type": null
    },
    {
      "causeOfDeath": null,
      "codes": {
        "SNOMED-CT": [
          "281004"
        ],
        "ICD-9-CM": [
          "291.0"
        ],
        "ICD-10-CM": [
          "F10"
        ]
      },
      "description": "Diagnosis, Active: Alcohol and Drug Dependence (Code List: 2.16.840.1.113883.3.464.1003.106.12.1001)",
      "end_time": 1288584000,
      "free_text": null,
      "mood_code": "EVN",
      "name": null,
      "negationInd": null,
      "negationReason": null,
      "oid": "2.16.840.1.113883.3.560.1.2",
      "ordinality": null,
      "ordinality_code": null,
      "priority": null,
      "severity": null,
      "specifics": null,
      "start_time": 1288584000,
      "status_code": {
        "SNOMED-CT": [
          "55561003"
        ],
        "HL7 ActStatus": [
          "active"
        ]
      },
      "time": null,
      "type": null
    }
  ],
  "deathdate": null,
  "description": "",
  "description_category": "DENOM",
  "effective_time": null,
  "elimination_population": null,
  "elimination_reason": null,
  "encounters": [
    {
      "admitType": null,
      "admit_time": null,
      "codes": {
        "CPT": [
          "99201"
        ]
      },
      "description": "Encounter, Performed: Office Visit (Code List: 2.16.840.1.113883.3.464.1003.101.12.1001)",
      "dischargeDisposition": null,
      "discharge_time": null,
      "end_time": 1257048000,
      "free_text": null,
      "mood_code": "EVN",
      "negationInd": null,
      "negationReason": null,
      "oid": "2.16.840.1.113883.3.560.1.79",
      "performer_id": null,
      "specifics": null,
      "start_time": 1257048000,
      "status_code": null,
      "time": null
    },
    {
      "admitType": null,
      "admit_time": null,
      "codes": {
        "CPT": [
          "99201"
        ]
      },
      "description": "Encounter, Performed: Office Visit (Code List: 2.16.840.1.113883.3.464.1003.101.12.1001)",
      "dischargeDisposition": null,
      "discharge_time": null,
      "end_time": 1285952400,
      "free_text": null,
      "mood_code": "EVN",
      "negationInd": null,
      "negationReason": null,
      "oid": "2.16.840.1.113883.3.560.1.79",
      "performer_id": null,
      "specifics": null,
      "start_time": 1285948800,
      "status_code": null,
      "time": null
    },
    {
      "admitType": null,
      "admit_time": null,
      "codes": {
        "CPT": [
          "90804"
        ],
        "ICD-9-CM": [
          "94.31"
        ],
        "SNOMED-CT": [
          "75516001"
        ],
        "ICD-10-CM": [
          "GZ50ZZZ"
        ]
      },
      "description": "Encounter, Performed: BH Outpatient psychotherapy (Code List: 2.16.840.1.113883.3.1257.1.973)",
      "dischargeDisposition": null,
      "discharge_time": null,
      "end_time": 1288584000,
      "free_text": null,
      "mood_code": "EVN",
      "negationInd": null,
      "negationReason": null,
      "oid": "2.16.840.1.113883.3.560.1.79",
      "performer_id": null,
      "specifics": null,
      "start_time": 1288584000,
      "status_code": null,
      "time": null
    },
    {
      "admitType": null,
      "admit_time": null,
      "codes": {
        "CPT": [
          "99201"
        ]
      },
      "description": "Encounter, Performed: Office Visit (Code List: 2.16.840.1.113883.3.464.1003.101.12.1001)",
      "dischargeDisposition": null,
      "discharge_time": null,
      "end_time": 1288584000,
      "free_text": null,
      "mood_code": "EVN",
      "negationInd": null,
      "negationReason": null,
      "oid": "2.16.840.1.113883.3.560.1.79",
      "performer_id": null,
      "specifics": null,
      "start_time": 1288584000,
      "status_code": null,
      "time": null
    },
    {
      "admitType": null,
      "admit_time": null,
      "codes": {
        "SNOMED-CT": [
          "24165007"
        ]
      },
      "description": "Encounter, Performed: Alcohol and Drug Dependence Treatment (Code List: 2.16.840.1.113883.3.464.1003.106.12.1005)",
      "dischargeDisposition": null,
      "discharge_time": null,
      "end_time": 1288843200,
      "free_text": null,
      "mood_code": "EVN",
      "negationInd": null,
      "negationReason": null,
      "oid": "2.16.840.1.113883.3.560.1.79",
      "performer_id": null,
      "specifics": null,
      "start_time": 1288843200,
      "status_code": null,
      "time": null
    }
  ],
  "ethnicity": {
    "code": "2186-5",
    "name": "Not Hispanic or Latino",
    "codeSystem": "CDC Race"
  },
  "expired": false,
  "first": "10_30_12_BH_Adult_1_NUM",
  "gender": "M",
  "insurance_providers": [
    {
      "end_time": null,
      "financial_responsibility_type": {
        "code": "SELF",
        "codeSystem": "HL7 Relationship Code"
      },
      "member_id": "1234567890",
      "name": "Other",
      "payer": {
        "name": "Other"
      },
      "relationship": null,
      "start_time": 1199163600,
      "time": null,
      "type": "OT"
    }
  ],
  "languages": null,
  "last": "0712_0104_0004_0110",
  "marital_status": null,
  "measure_ids": [
    "0710",
    "0105",
    "0108",
    "0036",
    "0712",
    "0004",
    "0104",
    "0002",
    "0110",
    "0384",
    "CholesterolScreeningRisk",
    "0418",
    "0419"
  ],
  "measure_period_end": 1293771600000,
  "measure_period_start": 1262322000000,
  "medical_record_number": "7a86cc6d87cb84461ea190e7c706d81b",
  "medications": [
    {
      "administrationTiming": null,
      "codes": {
        "RxNorm": [
          "197363"
        ]
      },
      "cumulativeMedicationDuration": null,
      "deliveryMethod": null,
      "description": "Medication, Active: Antidepressant Medication (Code List: 2.16.840.1.113883.3.464.1003.196.12.1213)",
      "dose": null,
      "doseIndicator": null,
      "doseRestriction": null,
      "end_time": 1286164800,
      "freeTextSig": null,
      "free_text": null,
      "fulfillmentInstructions": null,
      "indication": null,
      "mood_code": "EVN",
      "negationInd": null,
      "negationReason": null,
      "oid": "2.16.840.1.113883.3.560.1.13",
      "patientInstructions": null,
      "productForm": null,
      "reaction": null,
      "route": null,
      "site": null,
      "specifics": null,
      "start_time": 1286164800,
      "statusOfMedication": null,
      "status_code": {
        "SNOMED-CT": [
          "55561003"
        ],
        "HL7 ActStatus": [
          "active"
        ]
      },
      "time": null,
      "typeOfMedication": null,
      "vehicle": null
    }
  ],
  "procedures": [
    {
      "codes": {
        "SNOMED-CT": [
          "105355005"
        ],
        "HCPCS": [
          "H0001"
        ],
        "CPT": [
          "99408"
        ]
      },
      "description": "Procedure, Performed: BH Assessment for alcohol or other drugs (Code List: 2.16.840.1.113883.3.1257.1.1604)",
      "end_time": 1285949100,
      "free_text": null,
      "incisionDateTime": null,
      "mood_code": "EVN",
      "negationInd": null,
      "negationReason": null,
      "oid": "2.16.840.1.113883.3.560.1.6",
      "performer_id": null,
      "site": null,
      "specifics": null,
      "start_time": 1285949100,
      "status_code": null,
      "time": null
    },
    {
      "codes": {
        "SNOMED-CT": [
          "225337009"
        ]
      },
      "description": "Intervention, Performed: Suicide Risk Assessment (Code List: 2.16.840.1.113883.3.526.3.1484)",
      "end_time": 1285949100,
      "free_text": null,
      "incisionDateTime": null,
      "mood_code": "EVN",
      "negationInd": null,
      "negationReason": null,
      "oid": "2.16.840.1.113883.3.560.1.46",
      "performer_id": null,
      "site": null,
      "specifics": null,
      "start_time": 1285949100,
      "status_code": null,
      "time": null
    },
    {
      "codes": {
        "LOINC": [
          "44249-1"
        ]
      },
      "description": "Risk Category Assessment: PHQ-9 Tool (Code List: 2.16.840.1.113883.3.67.1.101.11.723)",
      "end_time": 1288584000,
      "free_text": null,
      "incisionDateTime": null,
      "mood_code": "EVN",
      "negationInd": null,
      "negationReason": null,
      "oid": "2.16.840.1.113883.3.560.1.21",
      "performer_id": null,
      "site": null,
      "specifics": null,
      "start_time": 1288584000,
      "status_code": null,
      "time": null,
      "values": [
        {
          "codes": {
            "LOINC": [
              "44249-1"
            ]
          },
          "description": "PHQ-9 total score"
        }
      ]
    }
  ],
  "race": {
    "code": "1002-5",
    "name": "American Indian or Alaska Native",
    "codeSystem": "CDC Race"
  },
  "religious_affilication": null,
  "source_data_criteria": [
    {
      "id": "EncounterPerformedOfficeVisit",
      "start_date": 1257048000000,
      "end_date": 1257048000000,
      "oid": "2.16.840.1.113883.3.464.1003.101.12.1001"
    },
    {
      "id": "ProcedurePerformedBhAssessmentForAlcoholOrOtherDrugs",
      "start_date": 1285949100000,
      "end_date": 1285949100000,
      "negation": "",
      "negation_code_list_id": null,
      "field_values": {
      },
      "oid": "2.16.840.1.113883.3.1257.1.1604"
    },
    {
      "id": "EncounterPerformedOfficeVisit",
      "start_date": 1285948800000,
      "end_date": 1285952400000,
      "negation": "",
      "negation_code_list_id": null,
      "field_values": {
      },
      "oid": "2.16.840.1.113883.3.464.1003.101.12.1001"
    },
    {
      "id": "InterventionPerformedSuicideRiskAssessment",
      "start_date": 1285949100000,
      "end_date": 1285949100000,
      "negation": "",
      "negation_code_list_id": null,
      "field_values": {
      },
      "oid": "2.16.840.1.113883.3.526.3.1484"
    },
    {
      "id": "DiagnosisActiveMajorDepression",
      "start_date": 1285949100000,
      "end_date": 1285949100000,
      "value": [

      ],
      "negation": "",
      "negation_code_list_id": null,
      "field_values": {
      },
      "oid": "2.16.840.1.113883.3.464.1003.105.12.1007"
    },
    {
      "id": "MedicationActiveAntidepressantMedication",
      "start_date": 1286164800000,
      "end_date": 1286164800000,
      "negation": "",
      "negation_code_list_id": null,
      "field_values": {
      },
      "oid": "2.16.840.1.113883.3.464.1003.196.12.1213"
    },
    {
      "id": "OccurrenceAPhq9Tool85",
      "start_date": 1288584000000,
      "end_date": 1288584000000,
      "value": [
        {
          "type": "CD",
          "code_list_id": "2.16.840.1.113883.3.67.1.101.1.263",
          "title": "phq_9_tool (8A4D92B2-397A-48D2-0139-B0DC53B034A7)"
        }
      ],
      "negation": "",
      "negation_code_list_id": null,
      "field_values": {
      },
      "oid": "2.16.840.1.113883.3.67.1.101.11.723"
    },
    {
      "id": "EncounterPerformedBhOutpatientPsychotherapy",
      "start_date": 1288584000000,
      "end_date": 1288584000000,
      "negation": "",
      "negation_code_list_id": null,
      "field_values": {
      },
      "oid": "2.16.840.1.113883.3.1257.1.973"
    },
    {
      "id": "EncounterPerformedOfficeVisit",
      "start_date": 1288584000000,
      "end_date": 1288584000000,
      "oid": "2.16.840.1.113883.3.464.1003.101.12.1001"
    },
    {
      "id": "DiagnosisActiveAlcoholAndDrugDependence",
      "start_date": 1288584000000,
      "end_date": 1288584000000,
      "oid": "2.16.840.1.113883.3.464.1003.106.12.1001"
    },
    {
      "id": "EncounterPerformedAlcoholAndDrugDependenceTreatment",
      "start_date": 1288843200000,
      "end_date": 1288843200000,
      "negation": "",
      "negation_code_list_id": null,
      "field_values": {
      },
      "oid": "2.16.840.1.113883.3.464.1003.106.12.1005"
    },
    {
      "id": "MeasurePeriod",
      "start_date": 1262322000000,
      "end_date": 1293771600000
    }
  ],
  "test_id": null,
  "title": null,
  "type": "ep"
}