{
  "birthdate": 815193000,
  "clinicalTrialParticipant": null,
  "conditions": [
    {
      "causeOfDeath": null,
      "codes": {
        "SNOMED-CT": [
          "5810003"
        ],
        "ICD-9-CM": [
          "042"
        ],
        "ICD-10-CM": [
          "B20"
        ]
      },
      "description": "Diagnosis, Active: HIV (Code List: 2.16.840.1.113883.3.464.1003.120.12.1003)",
      "end_time": null,
      "free_text": null,
      "mood_code": "EVN",
      "name": null,
      "negationInd": null,
      "negationReason": null,
      "oid": "2.16.840.1.113883.3.560.1.2",
      "ordinality": null,
      "ordinality_code": null,
      "priority": null,
      "severity": null,
      "specifics": null,
      "start_time": 1267419600,
      "status_code": {
        "SNOMED-CT": [
          "55561003"
        ],
        "HL7 ActStatus": [
          "active"
        ]
      },
      "time": null,
      "type": null
    }
  ],
  "deathdate": null,
  "description": "",
  "description_category": "NUMER",
  "effective_time": null,
  "elimination_population": null,
  "elimination_reason": null,
  "encounters": [
    {
      "admitType": null,
      "admit_time": null,
      "codes": {
        "CPT": [
          "99395"
        ],
        "SNOMED-CT": [
          "4525004"
        ]
      },
      "description": "Encounter, Performed: HIV Visit (Code List: 2.16.840.1.113883.3.464.1003.101.12.1047)",
      "dischargeDisposition": null,
      "discharge_time": null,
      "end_time": 1267419600,
      "free_text": null,
      "mood_code": "EVN",
      "negationInd": null,
      "negationReason": null,
      "oid": "2.16.840.1.113883.3.560.1.79",
      "performer_id": null,
      "specifics": null,
      "start_time": 1267419600,
      "status_code": null,
      "time": null
    },
    {
      "admitType": null,
      "admit_time": null,
      "codes": {
        "CPT": [
          "99395"
        ],
        "SNOMED-CT": [
          "4525004"
        ]
      },
      "description": "Encounter, Performed: HIV Visit (Code List: 2.16.840.1.113883.3.464.1003.101.12.1047)",
      "dischargeDisposition": null,
      "discharge_time": null,
      "end_time": 1277956800,
      "free_text": null,
      "mood_code": "EVN",
      "negationInd": null,
      "negationReason": null,
      "oid": "2.16.840.1.113883.3.560.1.79",
      "performer_id": null,
      "specifics": null,
      "start_time": 1277956800,
      "status_code": null,
      "time": null
    }
  ],
  "ethnicity": {
    "code": "2186-5",
    "name": "Not Hispanic or Latino",
    "codeSystem": "CDC Race"
  },
  "expired": false,
  "first": "11_06_12_HIV_Peds_NUM",
  "gender": "F",
  "insurance_providers": [
    {
      "end_time": null,
      "financial_responsibility_type": {
        "code": "SELF",
        "codeSystem": "HL7 Relationship Code"
      },
      "member_id": "1234567890",
      "name": "Other",
      "payer": {
        "name": "Other"
      },
      "relationship": null,
      "start_time": 1199163600,
      "time": null,
      "type": "OT"
    }
  ],
  "languages": null,
  "last": "0403_0405_0407",
  "marital_status": null,
  "measure_ids": [
    "0405",
    "0038",
    "0407",
    "0036",
    "0002",
    "0041",
    "0004",
    "0024",
    "0403",
    "0384",
    "HIVRNAControl"
  ],
  "measure_period_end": 1293771600000,
  "measure_period_start": 1262322000000,
  "medical_record_number": "29cecb1da08efd331fce823e12b607d5",
  "medications": [
    {
      "administrationTiming": null,
      "codes": {
        "RxNorm": [
          "105297"
        ]
      },
      "cumulativeMedicationDuration": null,
      "deliveryMethod": null,
      "description": "Medication, Order: Pneumocystis Jiroveci Pneumonia (PCP) Prophylaxis (Code List: 2.16.840.1.113883.3.464.1003.196.12.1076)",
      "dose": null,
      "doseIndicator": null,
      "doseRestriction": null,
      "end_time": 1283313600,
      "freeTextSig": null,
      "free_text": null,
      "fulfillmentInstructions": null,
      "indication": null,
      "mood_code": "EVN",
      "negationInd": null,
      "negationReason": null,
      "oid": "2.16.840.1.113883.3.560.1.17",
      "patientInstructions": null,
      "productForm": null,
      "reaction": null,
      "route": null,
      "site": null,
      "specifics": null,
      "start_time": 1283313600,
      "statusOfMedication": null,
      "status_code": null,
      "time": null,
      "typeOfMedication": null,
      "vehicle": null
    }
  ],
  "race": {
    "code": "1002-5",
    "name": "American Indian or Alaska Native",
    "codeSystem": "CDC Race"
  },
  "religious_affilication": null,
  "source_data_criteria": [
    {
      "id": "EncounterPerformedHivVisit",
      "start_date": 1267419600000,
      "end_date": 1267419600000,
      "oid": "2.16.840.1.113883.3.464.1003.101.12.1047"
    },
    {
      "id": "DiagnosisActiveHiv",
      "start_date": 1267419600000,
      "end_date": 32503698000000,
      "value": [

      ],
      "negation": "",
      "negation_code_list_id": null,
      "field_values": {
      },
      "oid": "2.16.840.1.113883.3.464.1003.120.12.1003"
    },
    {
      "id": "OccurrenceAHivViralLoad271",
      "start_date": 1277956800000,
      "end_date": 1277956800000,
      "value": [
        {
          "type": "PQ",
          "value": "150",
          "unit": "mL"
        }
      ],
      "negation": "",
      "negation_code_list_id": null,
      "field_values": {
      },
      "oid": "2.16.840.1.113883.3.464.1003.120.12.1002"
    },
    {
      "id": "EncounterPerformedHivVisit",
      "start_date": 1277956800000,
      "end_date": 1277956800000,
      "oid": "2.16.840.1.113883.3.464.1003.101.12.1047"
    },
    {
      "id": "LaboratoryTestResultCd4Count",
      "start_date": 1280635200000,
      "end_date": 1280635200000,
      "value": [
        {
          "type": "PQ",
          "value": "150",
          "unit": ""
        }
      ],
      "oid": "2.16.840.1.113883.3.464.1003.121.12.1004"
    },
    {
      "id": "MedicationOrderPneumocystisJiroveciPneumoniaPcpProphylaxis",
      "start_date": 1283313600000,
      "end_date": 1283313600000,
      "negation": "",
      "negation_code_list_id": null,
      "field_values": {
      },
      "oid": "2.16.840.1.113883.3.464.1003.196.12.1076"
    },
    {
      "id": "MeasurePeriod",
      "start_date": 1262322000000,
      "end_date": 1293771600000
    }
  ],
  "test_id": null,
  "title": null,
  "type": "ep",
  "vital_signs": [
    {
      "codes": {
        "LOINC": [
          "20447-9"
        ]
      },
      "description": "Laboratory Test: HIV Viral Load (Code List: 2.16.840.1.113883.3.464.1003.120.12.1002)",
      "end_time": 1277956800,
      "free_text": null,
      "interpretation": null,
      "mood_code": "EVN",
      "negationInd": null,
      "negationReason": null,
      "oid": "2.16.840.1.113883.3.560.1.12",
      "referenceRange": null,
      "specifics": null,
      "start_time": 1277956800,
      "status_code": null,
      "time": null,
      "values": [
        {
          "scalar": "150",
          "units": "mL"
        }
      ]
    },
    {
      "codes": {
        "LOINC": [
          "24467-3"
        ]
      },
      "description": "Laboratory Test, Result: CD4+ Count (Code List: 2.16.840.1.113883.3.464.1003.121.12.1004)",
      "end_time": 1280635200,
      "free_text": null,
      "interpretation": null,
      "mood_code": "EVN",
      "negationInd": null,
      "negationReason": null,
      "oid": "2.16.840.1.113883.3.560.1.12",
      "referenceRange": null,
      "specifics": null,
      "start_time": 1280635200,
      "status_code": null,
      "time": null,
      "values": [
        {
          "scalar": "150",
          "units": ""
        }
      ]
    }
  ]
}