{
  "birthdate": -788794200,
  "clinicalTrialParticipant": null,
  "conditions": [
    {
      "causeOfDeath": null,
      "codes": {
        "SNOMED-CT": [
          "91855006"
        ],
        "ICD-9-CM": [
          "200.08"
        ],
        "ICD-10-CM": [
          "C83.30"
        ]
      },
      "description": "Diagnosis, Active: All Cancer (Code List: 2.16.840.1.113883.3.464.1003.108.12.1011)",
      "end_time": 1267463100,
      "free_text": null,
      "mood_code": "EVN",
      "name": null,
      "negationInd": null,
      "negationReason": null,
      "oid": "2.16.840.1.113883.3.560.1.2",
      "ordinality": null,
      "ordinality_code": null,
      "priority": null,
      "severity": null,
      "specifics": null,
      "start_time": 1267463100,
      "status_code": {
        "SNOMED-CT": [
          "55561003"
        ],
        "HL7 ActStatus": [
          "active"
        ]
      },
      "time": null,
      "type": null
    },
    {
      "causeOfDeath": null,
      "codes": {
        "ICD-9-CM": [
          "402.01"
        ],
        "ICD-10-CM": [
          "I11.0"
        ],
        "SNOMED-CT": [
          "364006"
        ]
      },
      "description": "Diagnosis, Active: Heart Failure (Code List: 2.16.840.1.113883.3.526.3.376)",
      "end_time": 1267463100,
      "free_text": null,
      "mood_code": "EVN",
      "name": null,
      "negationInd": null,
      "negationReason": null,
      "oid": "2.16.840.1.113883.3.560.1.2",
      "ordinality": null,
      "ordinality_code": null,
      "priority": null,
      "severity": null,
      "specifics": null,
      "start_time": 1267463100,
      "status_code": {
        "SNOMED-CT": [
          "55561003"
        ],
        "HL7 ActStatus": [
          "active"
        ]
      },
      "time": null,
      "type": null
    },
    {
      "causeOfDeath": null,
      "codes": {
        "SNOMED-CT": [
          "1201005"
        ],
        "ICD-9-CM": [
          "401.0"
        ],
        "ICD-10-CM": [
          "I10"
        ]
      },
      "description": "Diagnosis, Active: Essential Hypertension (Code List: 2.16.840.1.113883.3.464.1003.104.12.1011)",
      "end_time": 1275019200,
      "free_text": null,
      "mood_code": "EVN",
      "name": null,
      "negationInd": null,
      "negationReason": null,
      "oid": "2.16.840.1.113883.3.560.1.2",
      "ordinality": null,
      "ordinality_code": null,
      "priority": null,
      "severity": null,
      "specifics": null,
      "start_time": 1275019200,
      "status_code": {
        "SNOMED-CT": [
          "55561003"
        ],
        "HL7 ActStatus": [
          "active"
        ]
      },
      "time": null,
      "type": null
    }
  ],
  "deathdate": null,
  "description": "",
  "description_category": "NUMER",
  "effective_time": null,
  "elimination_population": null,
  "elimination_reason": null,
  "encounters": [
    {
      "admitType": null,
      "admit_time": null,
      "codes": {
        "CPT": [
          "99201"
        ]
      },
      "description": "Encounter, Performed: Office Visit (Code List: 2.16.840.1.113883.3.464.1003.101.12.1001)",
      "dischargeDisposition": null,
      "discharge_time": null,
      "end_time": 1267466400,
      "free_text": null,
      "mood_code": "EVN",
      "negationInd": null,
      "negationReason": null,
      "oid": "2.16.840.1.113883.3.560.1.79",
      "performer_id": null,
      "specifics": null,
      "start_time": 1267462800,
      "status_code": null,
      "time": null
    },
    {
      "admitType": null,
      "admit_time": null,
      "codes": {
        "CPT": [
          "99201"
        ]
      },
      "description": "Encounter, Performed: Office Visit (Code List: 2.16.840.1.113883.3.464.1003.101.12.1001)",
      "dischargeDisposition": null,
      "discharge_time": null,
      "end_time": 1277956800,
      "free_text": null,
      "mood_code": "EVN",
      "negationInd": null,
      "negationReason": null,
      "oid": "2.16.840.1.113883.3.560.1.79",
      "performer_id": null,
      "specifics": null,
      "start_time": 1277956800,
      "status_code": null,
      "time": null
    }
  ],
  "ethnicity": {
    "code": "2186-5",
    "name": "Not Hispanic or Latino",
    "codeSystem": "CDC Race"
  },
  "expired": false,
  "first": "11_01_12_GP_Adult_EXCL",
  "gender": "F",
  "insurance_providers": [
    {
      "end_time": null,
      "financial_responsibility_type": {
        "code": "SELF",
        "codeSystem": "HL7 Relationship Code"
      },
      "member_id": "1234567890",
      "name": "Other",
      "payer": {
        "name": "Other"
      },
      "relationship": null,
      "start_time": 1199163600,
      "time": null,
      "type": "OT"
    }
  ],
  "languages": null,
  "last": "18_FSAHF",
  "marital_status": null,
  "measure_ids": [
    "CholesterolScreeningTest",
    "BPScreening",
    "0421",
    "0419",
    "ClosingReferralLoop",
    "0710",
    "0052",
    "0041",
    "0038",
    "0110",
    "0418",
    "0028",
    "CholesterolScreeningRisk",
    "0104",
    "0031",
    "0032",
    "0002",
    "0018",
    "FSACHF",
    "0033",
    "0004",
    "0384",
    "BPScreen",
    "FastingLDLTest"
  ],
  "measure_period_end": 1293771600000,
  "measure_period_start": 1262322000000,
  "medical_record_number": "d156a6d38e10efc30eda3cace7456537",
  "medications": [

  ],
  "procedures": [
    {
      "codes": {
        "CPT": [
          "90920"
        ],
        "HCPCS": [
          "G0257"
        ],
        "SNOMED-CT": [
          "676002"
        ]
      },
      "description": "Procedure, Performed: Dialysis Services (Code List: 2.16.840.1.113883.3.464.1003.109.12.1013)",
      "end_time": 1282881600,
      "free_text": null,
      "incisionDateTime": null,
      "mood_code": "EVN",
      "negationInd": null,
      "negationReason": null,
      "oid": "2.16.840.1.113883.3.560.1.6",
      "performer_id": null,
      "site": null,
      "specifics": null,
      "start_time": 1282881600,
      "status_code": null,
      "time": null
    }
  ],
  "race": {
    "code": "1002-5",
    "name": "American Indian or Alaska Native",
    "codeSystem": "CDC Race"
  },
  "religious_affilication": null,
  "results": [

  ],
  "source_data_criteria": [
    {
      "id": "EncounterPerformedOfficeVisit",
      "start_date": 1267462800000,
      "end_date": 1267466400000,
      "value": [

      ],
      "negation": "",
      "negation_code_list_id": null,
      "field_values": {
      },
      "oid": "2.16.840.1.113883.3.464.1003.101.12.1001"
    },
    {
      "id": "DiagnosisActiveAllCancer",
      "start_date": 1267463100000,
      "end_date": 1267463100000,
      "value": [

      ],
      "negation": "",
      "negation_code_list_id": null,
      "field_values": {
      },
      "oid": "2.16.840.1.113883.3.464.1003.108.12.1011"
    },
    {
      "id": "DiagnosisActiveHeartFailure",
      "start_date": 1267463100000,
      "end_date": 1267463100000,
      "value": [

      ],
      "negation": "",
      "negation_code_list_id": null,
      "field_values": {
      },
      "oid": "2.16.840.1.113883.3.526.3.376"
    },
    {
      "id": "DiagnosisActiveEssentialHypertension",
      "start_date": 1275019200000,
      "end_date": 1275019200000,
      "negation": "",
      "negation_code_list_id": null,
      "field_values": {
      },
      "oid": "2.16.840.1.113883.3.464.1003.104.12.1011"
    },
    {
      "id": "EncounterPerformedOfficeVisit",
      "start_date": 1277956800000,
      "end_date": 1277956800000,
      "negation": "",
      "negation_code_list_id": null,
      "field_values": {
      },
      "oid": "2.16.840.1.113883.3.464.1003.101.12.1001"
    },
    {
      "id": "ProcedurePerformedDialysisServices",
      "start_date": 1282881600000,
      "end_date": 1282881600000,
      "negation": "",
      "negation_code_list_id": null,
      "field_values": {
      },
      "oid": "2.16.840.1.113883.3.464.1003.109.12.1013"
    },
    {
      "id": "MeasurePeriod",
      "start_date": 1262322000000,
      "end_date": 1293771600000
    }
  ],
  "test_id": null,
  "title": null,
  "type": "ep",
  "vital_signs": [

  ]
}