{
  "birthdate": 725877000,
  "clinicalTrialParticipant": null,
  "conditions": [
    {
      "causeOfDeath": null,
      "codes": {
        "ICD-10-CM": [
          "J00"
        ],
        "SNOMED-CT": [
          "54150009"
        ],
        "ICD-9-CM": [
          "460"
        ]
      },
      "description": "Diagnosis, Active: Upper Respiratory Infection (Code List: 2.16.840.1.113883.3.464.1003.102.12.1022)",
      "end_time": 1264741200,
      "free_text": null,
      "mood_code": "EVN",
      "name": null,
      "negationInd": null,
      "negationReason": null,
      "oid": "2.16.840.1.113883.3.560.1.2",
      "ordinality": null,
      "ordinality_code": null,
      "priority": null,
      "severity": null,
      "specifics": null,
      "start_time": 1264741200,
      "status_code": {
        "SNOMED-CT": [
          "55561003"
        ],
        "HL7 ActStatus": [
          "active"
        ]
      },
      "time": null,
      "type": null
    },
    {
      "causeOfDeath": null,
      "codes": {
        "SNOMED-CT": [
          "832007"
        ],
        "ICD-9-CM": [
          "290.13"
        ],
        "ICD-10-CM": [
          "F01.51"
        ]
      },
      "description": "Diagnosis, Active: Depression diagnosis (Code List: 2.16.840.1.113883.3.600.145)",
      "end_time": 1265391000,
      "free_text": null,
      "mood_code": "EVN",
      "name": null,
      "negationInd": null,
      "negationReason": null,
      "oid": "2.16.840.1.113883.3.560.1.2",
      "ordinality": null,
      "ordinality_code": null,
      "priority": null,
      "severity": null,
      "specifics": null,
      "start_time": 1265391000,
      "status_code": {
        "SNOMED-CT": [
          "55561003"
        ],
        "HL7 ActStatus": [
          "active"
        ]
      },
      "time": null,
      "type": null
    },
    {
      "causeOfDeath": null,
      "codes": {
        "ICD-10-CM": [
          "J45.30"
        ],
        "SNOMED-CT": [
          "426656000"
        ]
      },
      "description": "Diagnosis, Active: Persistent Asthma (Code List: 2.16.840.1.113883.3.464.1003.102.12.1023)",
      "end_time": null,
      "free_text": null,
      "mood_code": "EVN",
      "name": null,
      "negationInd": null,
      "negationReason": null,
      "oid": "2.16.840.1.113883.3.560.1.2",
      "ordinality": null,
      "ordinality_code": null,
      "priority": null,
      "severity": null,
      "specifics": null,
      "start_time": 1272643500,
      "status_code": {
        "SNOMED-CT": [
          "55561003"
        ],
        "HL7 ActStatus": [
          "active"
        ]
      },
      "time": null,
      "type": null
    },
    {
      "causeOfDeath": null,
      "codes": {
        "SNOMED-CT": [
          "1532007"
        ],
        "ICD-9-CM": [
          "034.0"
        ],
        "ICD-10-CM": [
          "J02.8"
        ]
      },
      "description": "Diagnosis, Active: Acute Pharyngitis (Code List: 2.16.840.1.113883.3.464.1003.102.12.1011)",
      "end_time": 1272645000,
      "free_text": null,
      "mood_code": "EVN",
      "name": null,
      "negationInd": null,
      "negationReason": null,
      "oid": "2.16.840.1.113883.3.560.1.2",
      "ordinality": null,
      "ordinality_code": null,
      "priority": null,
      "severity": null,
      "specifics": null,
      "start_time": 1272645000,
      "status_code": {
        "SNOMED-CT": [
          "55561003"
        ],
        "HL7 ActStatus": [
          "active"
        ]
      },
      "time": null,
      "type": null
    }
  ],
  "deathdate": null,
  "description": "",
  "description_category": "DENOM",
  "effective_time": null,
  "elimination_population": null,
  "elimination_reason": null,
  "encounters": [
    {
      "admitType": null,
      "admit_time": null,
      "codes": {
        "CPT": [
          "99420"
        ],
        "SNOMED-CT": [
          "4525004"
        ],
        "HCPCS": [
          "G0438"
        ]
      },
      "description": "Encounter, Performed: Encounter-Influenza (Code List: 2.16.840.1.113883.3.526.3.1252)",
      "dischargeDisposition": null,
      "discharge_time": null,
      "end_time": 1264741200,
      "free_text": null,
      "mood_code": "EVN",
      "negationInd": null,
      "negationReason": null,
      "oid": "2.16.840.1.113883.3.560.1.79",
      "performer_id": null,
      "specifics": null,
      "start_time": 1264741200,
      "status_code": null,
      "time": null
    },
    {
      "admitType": null,
      "admit_time": null,
      "codes": {
        "CPT": [
          "99201"
        ]
      },
      "description": "Encounter, Performed: Office Visit (Code List: 2.16.840.1.113883.3.464.1003.101.12.1001)",
      "dischargeDisposition": null,
      "discharge_time": null,
      "end_time": 1265392800,
      "free_text": null,
      "mood_code": "EVN",
      "negationInd": null,
      "negationReason": null,
      "oid": "2.16.840.1.113883.3.560.1.79",
      "performer_id": null,
      "specifics": null,
      "start_time": 1265389200,
      "status_code": null,
      "time": null
    },
    {
      "admitType": null,
      "admit_time": null,
      "codes": {
        "CPT": [
          "99201"
        ]
      },
      "description": "Encounter, Performed: Office Visit (Code List: 2.16.840.1.113883.3.464.1003.101.12.1001)",
      "dischargeDisposition": null,
      "discharge_time": null,
      "end_time": 1267160400,
      "free_text": null,
      "mood_code": "EVN",
      "negationInd": null,
      "negationReason": null,
      "oid": "2.16.840.1.113883.3.560.1.79",
      "performer_id": null,
      "specifics": null,
      "start_time": 1267160400,
      "status_code": null,
      "time": null
    },
    {
      "admitType": null,
      "admit_time": null,
      "codes": {
        "CPT": [
          "99201"
        ]
      },
      "description": "Encounter, Performed: Office Visit (Code List: 2.16.840.1.113883.3.464.1003.101.12.1001)",
      "dischargeDisposition": null,
      "discharge_time": null,
      "end_time": 1272646800,
      "free_text": null,
      "mood_code": "EVN",
      "negationInd": null,
      "negationReason": null,
      "oid": "2.16.840.1.113883.3.560.1.79",
      "performer_id": null,
      "specifics": null,
      "start_time": 1272643200,
      "status_code": null,
      "time": null
    }
  ],
  "ethnicity": {
    "code": "2186-5",
    "name": "Not Hispanic or Latino",
    "codeSystem": "CDC Race"
  },
  "expired": false,
  "first": "11_06_12_GP_Peds_NUM",
  "gender": "F",
  "insurance_providers": [
    {
      "end_time": null,
      "financial_responsibility_type": {
        "code": "SELF",
        "codeSystem": "HL7 Relationship Code"
      },
      "member_id": "1234567890",
      "name": "Other",
      "payer": {
        "name": "Other"
      },
      "relationship": null,
      "start_time": 1199163600,
      "time": null,
      "type": "OT"
    }
  ],
  "languages": null,
  "last": "0002_0024_0033_0036_0041_0069_0418",
  "marital_status": null,
  "measure_ids": [
    "0033",
    "0041",
    "0002",
    "0418",
    "0060",
    "0024",
    "0069",
    "0038",
    "0036",
    "0018",
    "0034",
    "0004",
    "0031",
    "1365",
    "0384",
    "DementiaCognitive"
  ],
  "measure_period_end": 1293771600000,
  "measure_period_start": 1262322000000,
  "medical_record_number": "0dbaf9336f7aa1590265250a0eebe548",
  "medications": [
    {
      "administrationTiming": null,
      "codes": {
        "RxNorm": [
          "197354"
        ]
      },
      "cumulativeMedicationDuration": null,
      "deliveryMethod": null,
      "description": "Medication, Dispensed: Preferred Asthma Therapy (Code List: 2.16.840.1.113883.3.464.1003.196.12.1212)",
      "dose": null,
      "doseIndicator": null,
      "doseRestriction": null,
      "end_time": 1272643500,
      "freeTextSig": null,
      "free_text": null,
      "fulfillmentInstructions": null,
      "indication": null,
      "mood_code": "EVN",
      "negationInd": null,
      "negationReason": null,
      "oid": "2.16.840.1.113883.3.560.1.8",
      "patientInstructions": null,
      "productForm": null,
      "reaction": null,
      "route": null,
      "site": null,
      "specifics": null,
      "start_time": 1272643500,
      "statusOfMedication": null,
      "status_code": null,
      "time": null,
      "typeOfMedication": null,
      "vehicle": null
    },
    {
      "administrationTiming": null,
      "codes": {
        "RxNorm": [
          "102769"
        ]
      },
      "cumulativeMedicationDuration": null,
      "deliveryMethod": null,
      "description": "Medication, Order: Antibiotic Medications (Code List: 2.16.840.1.113883.3.464.1003.196.12.1001)",
      "dose": null,
      "doseIndicator": null,
      "doseRestriction": null,
      "end_time": 1272645600,
      "freeTextSig": null,
      "free_text": null,
      "fulfillmentInstructions": null,
      "indication": null,
      "mood_code": "EVN",
      "negationInd": null,
      "negationReason": null,
      "oid": "2.16.840.1.113883.3.560.1.17",
      "patientInstructions": null,
      "productForm": null,
      "reaction": null,
      "route": null,
      "site": null,
      "specifics": null,
      "start_time": 1272645600,
      "statusOfMedication": null,
      "status_code": null,
      "time": null,
      "typeOfMedication": null,
      "vehicle": null
    },
    {
      "administrationTiming": null,
      "codes": {
        "RxNorm": [
          "102769"
        ]
      },
      "cumulativeMedicationDuration": null,
      "deliveryMethod": null,
      "description": "Medication, Active: Antibiotic Medications (Code List: 2.16.840.1.113883.3.464.1003.196.12.1001)",
      "dose": null,
      "doseIndicator": null,
      "doseRestriction": null,
      "end_time": 1272732000,
      "freeTextSig": null,
      "free_text": null,
      "fulfillmentInstructions": null,
      "indication": null,
      "mood_code": "EVN",
      "negationInd": null,
      "negationReason": null,
      "oid": "2.16.840.1.113883.3.560.1.13",
      "patientInstructions": null,
      "productForm": null,
      "reaction": null,
      "route": null,
      "site": null,
      "specifics": null,
      "start_time": 1272732000,
      "statusOfMedication": null,
      "status_code": {
        "SNOMED-CT": [
          "55561003"
        ],
        "HL7 ActStatus": [
          "active"
        ]
      },
      "time": null,
      "typeOfMedication": null,
      "vehicle": null
    }
  ],
  "procedures": [
    {
      "codes": {
        "SNOMED-CT": [
          "428161000124109"
        ],
        "HCPCS": [
          "S3005"
        ],
        "ICD-9-CM": [
          "V79.0"
        ],
        "ICD-10-CM": [
          "Z13.89"
        ]
      },
      "description": "Intervention, Performed: Adolescent Depression Screening (Code List: 2.16.840.1.113883.3.600.426)",
      "end_time": 1265389200,
      "free_text": null,
      "incisionDateTime": null,
      "mood_code": "EVN",
      "negationInd": null,
      "negationReason": null,
      "oid": "2.16.840.1.113883.3.560.1.46",
      "performer_id": null,
      "site": null,
      "specifics": null,
      "start_time": 1265389200,
      "status_code": null,
      "time": null
    },
    {
      "codes": {
        "SNOMED-CT": [
          "10197000"
        ]
      },
      "description": "Intervention, Performed: Additional evaluation for depression - adolescent (Code List: 2.16.840.1.113883.3.600.1542)",
      "end_time": 1265390400,
      "free_text": null,
      "incisionDateTime": null,
      "mood_code": "EVN",
      "negationInd": null,
      "negationReason": null,
      "oid": "2.16.840.1.113883.3.560.1.46",
      "performer_id": null,
      "site": null,
      "specifics": null,
      "start_time": 1265390400,
      "status_code": null,
      "time": null
    },
    {
      "codes": {
        "CPT": [
          "90656"
        ],
        "SNOMED-CT": [
          "86198006"
        ]
      },
      "description": "Procedure, Performed: Influenza Vaccination (Code List: 2.16.840.1.113883.3.526.3.402)",
      "end_time": 1264741200,
      "free_text": null,
      "incisionDateTime": null,
      "mood_code": "EVN",
      "negationInd": null,
      "negationReason": null,
      "oid": "2.16.840.1.113883.3.560.1.6",
      "performer_id": null,
      "site": null,
      "specifics": null,
      "start_time": 1264741200,
      "status_code": null,
      "time": null
    }
  ],
  "race": {
    "code": "1002-5",
    "name": "American Indian or Alaska Native",
    "codeSystem": "CDC Race"
  },
  "religious_affilication": null,
  "results": [
    {
      "codes": {
        "LOINC": [
          "3137-7"
        ]
      },
      "description": "Physical Exam, Finding: Height (Code List: 2.16.840.1.113883.3.464.1003.121.12.1014)",
      "end_time": 1272643500,
      "free_text": null,
      "interpretation": null,
      "mood_code": "EVN",
      "negationInd": null,
      "negationReason": null,
      "oid": "2.16.840.1.113883.3.560.1.19",
      "referenceRange": null,
      "specifics": null,
      "start_time": 1272643500,
      "status_code": null,
      "time": null,
      "values": [
        {
          "scalar": "60",
          "units": "in"
        }
      ]
    },
    {
      "codes": {
        "LOINC": [
          "59574-4"
        ]
      },
      "description": "Physical Exam, Finding: BMI percentile (Code List: 2.16.840.1.113883.3.464.1003.121.12.1012)",
      "end_time": 1272643500,
      "free_text": null,
      "interpretation": null,
      "mood_code": "EVN",
      "negationInd": null,
      "negationReason": null,
      "oid": "2.16.840.1.113883.3.560.1.19",
      "referenceRange": null,
      "specifics": null,
      "start_time": 1272643500,
      "status_code": null,
      "time": null,
      "values": [
        {
          "scalar": "19.5",
          "units": ""
        }
      ]
    },
    {
      "codes": {
        "LOINC": [
          "18833-4"
        ]
      },
      "description": "Physical Exam, Finding: Weight (Code List: 2.16.840.1.113883.3.464.1003.121.12.1015)",
      "end_time": 1272643500,
      "free_text": null,
      "interpretation": null,
      "mood_code": "EVN",
      "negationInd": null,
      "negationReason": null,
      "oid": "2.16.840.1.113883.3.560.1.19",
      "referenceRange": null,
      "specifics": null,
      "start_time": 1272643500,
      "status_code": null,
      "time": null,
      "values": [
        {
          "scalar": "100",
          "units": "lbs"
        }
      ]
    }
  ],
  "source_data_criteria": [
    {
      "id": "LaboratoryTestOrderPapTest",
      "start_date": 1270008000000,
      "end_date": 1270008000000,
      "value": [
        {
          "type": "PQ",
          "value": "performed",
          "unit": ""
        }
      ],
      "negation": "",
      "negation_code_list_id": null,
      "field_values": {
      },
      "oid": "2.16.840.1.113883.3.464.1003.108.12.1017"
    },
    {
      "id": "LaboratoryTestResultGroupAStreptococcusTest",
      "start_date": 1272556800000,
      "end_date": 1272556800000,
      "value": [
        {
          "type": "PQ",
          "value": "positive",
          "unit": ""
        }
      ],
      "negation": "",
      "negation_code_list_id": null,
      "field_values": {
      },
      "oid": "2.16.840.1.113883.3.464.1003.198.12.1012"
    },
    {
      "id": "DiagnosisActiveUpperRespiratoryInfection",
      "start_date": 1264741200000,
      "end_date": 1264741200000,
      "negation": "",
      "negation_code_list_id": null,
      "field_values": {
      },
      "oid": "2.16.840.1.113883.3.464.1003.102.12.1022"
    },
    {
      "id": "EncounterPerformedEncounterInfluenza",
      "start_date": 1264741200000,
      "end_date": 1264741200000,
      "negation": "",
      "negation_code_list_id": null,
      "field_values": {
      },
      "oid": "2.16.840.1.113883.3.526.3.1252"
    },
    {
      "id": "InterventionPerformedAdolescentDepressionScreening",
      "start_date": 1265389200000,
      "end_date": 1265389200000,
      "value": [

      ],
      "negation": "",
      "negation_code_list_id": null,
      "field_values": {
      },
      "oid": "2.16.840.1.113883.3.600.426"
    },
    {
      "id": "EncounterPerformedOfficeVisit",
      "start_date": 1265389200000,
      "end_date": 1265392800000,
      "value": [

      ],
      "negation": "",
      "negation_code_list_id": null,
      "field_values": {
      },
      "oid": "2.16.840.1.113883.3.464.1003.101.12.1001"
    },
    {
      "id": "InterventionPerformedAdditionalEvaluationForDepressionAdolescent",
      "start_date": 1265390400000,
      "end_date": 1265390400000,
      "value": [

      ],
      "negation": "",
      "negation_code_list_id": null,
      "field_values": {
      },
      "oid": "2.16.840.1.113883.3.600.1542"
    },
    {
      "id": "ProcedurePerformedInfluenzaVaccination",
      "start_date": 1264741200000,
      "end_date": 1264741200000,
      "negation": "",
      "negation_code_list_id": null,
      "field_values": {
      },
      "oid": "2.16.840.1.113883.3.526.3.402"
    },
    {
      "id": "DiagnosisActiveDepressionDiagnosis",
      "start_date": 1265391000000,
      "end_date": 1265391000000,
      "value": [

      ],
      "negation": "",
      "negation_code_list_id": null,
      "field_values": {
      },
      "oid": "2.16.840.1.113883.3.600.145"
    },
    {
      "id": "EncounterPerformedOfficeVisit",
      "start_date": 1267160400000,
      "end_date": 1267160400000,
      "negation": "",
      "negation_code_list_id": null,
      "field_values": {
      },
      "oid": "2.16.840.1.113883.3.464.1003.101.12.1001"
    },
    {
      "id": "EncounterPerformedOfficeVisit",
      "start_date": 1272643200000,
      "end_date": 1272646800000,
      "value": [

      ],
      "negation": "",
      "negation_code_list_id": null,
      "field_values": {
      },
      "oid": "2.16.840.1.113883.3.464.1003.101.12.1001"
    },
    {
      "id": "MedicationDispensedPreferredAsthmaTherapy",
      "start_date": 1272643500000,
      "end_date": 1272643500000,
      "value": [

      ],
      "negation": "",
      "negation_code_list_id": null,
      "field_values": {
      },
      "oid": "2.16.840.1.113883.3.464.1003.196.12.1212"
    },
    {
      "id": "PhysicalExamFindingHeight",
      "start_date": 1272643500000,
      "end_date": 1272643500000,
      "value": [
        {
          "type": "PQ",
          "value": "60",
          "unit": "in"
        }
      ],
      "negation": "",
      "negation_code_list_id": null,
      "field_values": {
      },
      "oid": "2.16.840.1.113883.3.464.1003.121.12.1014"
    },
    {
      "id": "PhysicalExamFindingBmiPercentile",
      "start_date": 1272643500000,
      "end_date": 1272643500000,
      "value": [
        {
          "type": "PQ",
          "value": "19.5",
          "unit": ""
        }
      ],
      "negation": "",
      "negation_code_list_id": null,
      "field_values": {
      },
      "oid": "2.16.840.1.113883.3.464.1003.121.12.1012"
    },
    {
      "id": "LaboratoryTestResultChlamydiaScreening",
      "start_date": 1272643500000,
      "end_date": 1272643500000,
      "value": [
        {
          "type": "CD",
          "code_list_id": "2.16.840.1.113883.3.464.1003.110.11.1129",
          "title": "chlamydia_screening (8A4D92B2-397A-48D2-0139-B0CC617E335D)"
        }
      ],
      "negation": "",
      "negation_code_list_id": null,
      "field_values": {
      },
      "oid": "2.16.840.1.113883.3.464.1003.110.12.1052"
    },
    {
      "id": "PhysicalExamFindingWeight",
      "start_date": 1272643500000,
      "end_date": 1272643500000,
      "value": [
        {
          "type": "PQ",
          "value": "100",
          "unit": "lbs"
        }
      ],
      "negation": "",
      "negation_code_list_id": null,
      "field_values": {
      },
      "oid": "2.16.840.1.113883.3.464.1003.121.12.1015"
    },
    {
      "id": "DiagnosisActivePersistentAsthma",
      "start_date": 1272643500000,
      "end_date": 32503698000000,
      "value": [

      ],
      "negation": "",
      "negation_code_list_id": null,
      "field_values": {
      },
      "oid": "2.16.840.1.113883.3.464.1003.102.12.1023"
    },
    {
      "id": "DiagnosisActiveAcutePharyngitis",
      "start_date": 1272645000000,
      "end_date": 1272645000000,
      "value": [

      ],
      "negation": "",
      "negation_code_list_id": null,
      "field_values": {
      },
      "oid": "2.16.840.1.113883.3.464.1003.102.12.1011"
    },
    {
      "id": "MedicationOrderAntibioticMedications",
      "start_date": 1272645600000,
      "end_date": 1272645600000,
      "value": [

      ],
      "negation": "",
      "negation_code_list_id": null,
      "field_values": {
      },
      "oid": "2.16.840.1.113883.3.464.1003.196.12.1001"
    },
    {
      "id": "MedicationActiveAntibioticMedications",
      "start_date": 1272732000000,
      "end_date": 1272732000000,
      "value": [

      ],
      "negation": "",
      "negation_code_list_id": null,
      "field_values": {
      },
      "oid": "2.16.840.1.113883.3.464.1003.196.12.1001"
    },
    {
      "id": "MeasurePeriod",
      "start_date": 1262322000000,
      "end_date": 1293771600000
    }
  ],
  "test_id": null,
  "title": null,
  "type": "ep",
  "vital_signs": [
    {
      "codes": {
        "LOINC": [
          "10524-7"
        ]
      },
      "description": "Laboratory Test, Order: Pap Test (Code List: 2.16.840.1.113883.3.464.1003.108.12.1017)",
      "end_time": 1270008000,
      "free_text": null,
      "interpretation": null,
      "mood_code": "EVN",
      "negationInd": null,
      "negationReason": null,
      "oid": "2.16.840.1.113883.3.560.1.50",
      "referenceRange": null,
      "specifics": null,
      "start_time": 1270008000,
      "status_code": null,
      "time": null,
      "values": [
        {
          "scalar": "performed",
          "units": ""
        }
      ]
    },
    {
      "codes": {
        "LOINC": [
          "11268-0"
        ]
      },
      "description": "Laboratory Test, Result: Group A Streptococcus Test (Code List: 2.16.840.1.113883.3.464.1003.198.12.1012)",
      "end_time": 1272556800,
      "free_text": null,
      "interpretation": null,
      "mood_code": "EVN",
      "negationInd": null,
      "negationReason": null,
      "oid": "2.16.840.1.113883.3.560.1.12",
      "referenceRange": null,
      "specifics": null,
      "start_time": 1272556800,
      "status_code": null,
      "time": null,
      "values": [
        {
          "scalar": "positive",
          "units": ""
        }
      ]
    },
    {
      "codes": {
        "LOINC": [
          "13217-5"
        ]
      },
      "description": "Laboratory Test, Result: Chlamydia Screening (Code List: 2.16.840.1.113883.3.464.1003.110.12.1052)",
      "end_time": 1272643500,
      "free_text": null,
      "interpretation": null,
      "mood_code": "EVN",
      "negationInd": null,
      "negationReason": null,
      "oid": "2.16.840.1.113883.3.560.1.12",
      "referenceRange": null,
      "specifics": null,
      "start_time": 1272643500,
      "status_code": null,
      "time": null,
      "values": [
        {
          "codes": {
            "LOINC": [
              "13217-5"
            ]
          },
          "description": "Chlamydia trachomatis B Ab [Units/volume] in Serum"
        }
      ]
    }
  ]
}