{
  "birthdate": -157735800,
  "clinicalTrialParticipant": null,
  "conditions": [
    {
      "causeOfDeath": null,
      "codes": {
        "SNOMED-CT": [
          "161894002"
        ],
        "ICD-9-CM": [
          "721.3"
        ],
        "ICD-10-CM": [
          "M43.27"
        ]
      },
      "description": "Diagnosis, Active: Low Back Pain (Code List: 2.16.840.1.113883.3.464.1003.113.12.1001)",
      "end_time": null,
      "free_text": null,
      "mood_code": "EVN",
      "name": null,
      "negationInd": null,
      "negationReason": null,
      "oid": "2.16.840.1.113883.3.560.1.2",
      "ordinality": null,
      "ordinality_code": null,
      "priority": null,
      "severity": null,
      "specifics": null,
      "start_time": 1270008000,
      "status_code": {
        "SNOMED-CT": [
          "55561003"
        ],
        "HL7 ActStatus": [
          "active"
        ]
      },
      "time": null,
      "type": null
    },
    {
      "causeOfDeath": null,
      "codes": {
        "ICD-9-CM": [
          "093.0"
        ],
        "ICD-10-CM": [
          "A52.01"
        ],
        "SNOMED-CT": [
          "2751001"
        ]
      },
      "description": "Diagnosis, Active: CHD or CHD Risk Equivalent (Code List: 2.16.840.1.113883.3.600.863)",
      "end_time": null,
      "free_text": null,
      "mood_code": "EVN",
      "name": null,
      "negationInd": null,
      "negationReason": null,
      "oid": "2.16.840.1.113883.3.560.1.2",
      "ordinality": null,
      "ordinality_code": null,
      "priority": null,
      "severity": null,
      "specifics": null,
      "start_time": 1270008000,
      "status_code": {
        "SNOMED-CT": [
          "55561003"
        ],
        "HL7 ActStatus": [
          "active"
        ]
      },
      "time": null,
      "type": null
    },
    {
      "causeOfDeath": null,
      "codes": {
        "SNOMED-CT": [
          "56578002"
        ]
      },
      "description": "Diagnosis, Active: Smoking (Code List: 2.16.840.1.113883.3.600.1559)",
      "end_time": 1277438400,
      "free_text": null,
      "mood_code": "EVN",
      "name": null,
      "negationInd": null,
      "negationReason": null,
      "oid": "2.16.840.1.113883.3.560.1.2",
      "ordinality": null,
      "ordinality_code": null,
      "priority": null,
      "severity": null,
      "specifics": null,
      "start_time": 1277438400,
      "status_code": {
        "SNOMED-CT": [
          "55561003"
        ],
        "HL7 ActStatus": [
          "active"
        ]
      },
      "time": null,
      "type": null
    },
    {
      "causeOfDeath": null,
      "codes": {
        "SNOMED-CT": [
          "134439009"
        ]
      },
      "description": "Diagnosis, Family History: Family History CHD (Code List: 2.16.840.1.113883.3.600.1557)",
      "end_time": 1277438400,
      "free_text": null,
      "mood_code": "EVN",
      "name": null,
      "negationInd": null,
      "negationReason": null,
      "oid": "2.16.840.1.113883.3.560.1.32",
      "ordinality": null,
      "ordinality_code": null,
      "priority": null,
      "severity": null,
      "specifics": null,
      "start_time": 1277438400,
      "status_code": null,
      "time": null,
      "type": null
    }
  ],
  "deathdate": null,
  "description": "",
  "description_category": "DENOM",
  "effective_time": null,
  "elimination_population": null,
  "elimination_reason": null,
  "encounters": [
    {
      "admitType": null,
      "admit_time": null,
      "codes": {
        "CPT": [
          "99201"
        ]
      },
      "description": "Encounter, Performed: Office Visit (Code List: 2.16.840.1.113883.3.464.1003.101.12.1001)",
      "dischargeDisposition": null,
      "discharge_time": null,
      "end_time": 1277438400,
      "free_text": null,
      "mood_code": "EVN",
      "negationInd": null,
      "negationReason": null,
      "oid": "2.16.840.1.113883.3.560.1.79",
      "performer_id": null,
      "specifics": null,
      "start_time": 1277438400,
      "status_code": null,
      "time": null
    },
    {
      "admitType": null,
      "admit_time": null,
      "codes": {
        "HCPCS": [
          "G0101"
        ],
        "CPT": [
          "90801"
        ],
        "SNOMED-CT": [
          "8411005"
        ]
      },
      "description": "Encounter, Performed: Medications Encounter Code Set (Code List: 2.16.840.1.113883.3.600.1.1834)",
      "dischargeDisposition": null,
      "discharge_time": null,
      "end_time": 1269576000,
      "free_text": null,
      "mood_code": "EVN",
      "negationInd": null,
      "negationReason": null,
      "oid": "2.16.840.1.113883.3.560.1.79",
      "performer_id": null,
      "specifics": null,
      "start_time": 1269576000,
      "status_code": null,
      "time": null
    },
    {
      "admitType": null,
      "admit_time": null,
      "codes": {
        "CPT": [
          "99201"
        ]
      },
      "description": "Encounter, Performed: Office Visit (Code List: 2.16.840.1.113883.3.464.1003.101.12.1001)",
      "dischargeDisposition": null,
      "discharge_time": null,
      "end_time": 1270008000,
      "free_text": null,
      "mood_code": "EVN",
      "negationInd": null,
      "negationReason": null,
      "oid": "2.16.840.1.113883.3.560.1.79",
      "performer_id": null,
      "specifics": null,
      "start_time": 1270008000,
      "status_code": null,
      "time": null
    },
    {
      "admitType": null,
      "admit_time": null,
      "codes": {
        "SNOMED-CT": [
          "13607009"
        ],
        "HCPCS": [
          "G0101"
        ],
        "CPT": [
          "99201"
        ]
      },
      "description": "Encounter, Performed: Cholesterol Measure Encounter Codes (Code List: 2.16.840.1.113883.3.600.1951)",
      "dischargeDisposition": null,
      "discharge_time": null,
      "end_time": 1277438400,
      "free_text": null,
      "mood_code": "EVN",
      "negationInd": null,
      "negationReason": null,
      "oid": "2.16.840.1.113883.3.560.1.79",
      "performer_id": null,
      "specifics": null,
      "start_time": 1277438400,
      "status_code": null,
      "time": null
    }
  ],
  "ethnicity": {
    "code": "2186-5",
    "name": "Not Hispanic or Latino",
    "codeSystem": "CDC Race"
  },
  "expired": false,
  "first": "11_06_12_GP_Adult_DEN",
  "gender": "F",
  "insurance_providers": [
    {
      "end_time": null,
      "financial_responsibility_type": {
        "code": "SELF",
        "codeSystem": "HL7 Relationship Code"
      },
      "member_id": "1234567890",
      "name": "Other",
      "payer": {
        "name": "Other"
      },
      "relationship": null,
      "start_time": 1199163600,
      "time": null,
      "type": "OT"
    }
  ],
  "languages": null,
  "last": "0028_0031_0032_0052_0419_0421_BPScreen_Ref_Chol",
  "marital_status": null,
  "measure_ids": [
    "CholesterolScreeningTest",
    "BPScreening",
    "0421",
    "0419",
    "ClosingReferralLoop",
    "0710",
    "0052",
    "0041",
    "0038",
    "0110",
    "0418",
    "0028",
    "CholesterolScreeningRisk",
    "0104",
    "0002",
    "0004",
    "DementiaCognitive",
    "0384"
  ],
  "measure_period_end": 1293771600000,
  "measure_period_start": 1262322000000,
  "medical_record_number": "b54a4e3ab37de7e5f8094793afb8a699",
  "procedures": [
    {
      "codes": {
        "SNOMED-CT": [
          "428461000124101"
        ]
      },
      "description": "Intervention, Performed: Referral (Code List: 2.16.840.1.113883.3.464.1003.101.12.1046)",
      "end_time": 1267160400,
      "free_text": null,
      "incisionDateTime": null,
      "mood_code": "EVN",
      "negationInd": null,
      "negationReason": null,
      "oid": "2.16.840.1.113883.3.560.1.46",
      "performer_id": null,
      "site": null,
      "specifics": null,
      "start_time": 1267160400,
      "status_code": null,
      "time": null
    }
  ],
  "race": {
    "code": "1002-5",
    "name": "American Indian or Alaska Native",
    "codeSystem": "CDC Race"
  },
  "religious_affilication": null,
  "source_data_criteria": [
    {
      "id": "DiagnosisActiveLowBackPain",
      "start_date": 1270008000000,
      "end_date": 32503698000000,
      "value": [

      ],
      "negation": "",
      "negation_code_list_id": null,
      "field_values": {
      },
      "oid": "2.16.840.1.113883.3.464.1003.113.12.1001"
    },
    {
      "id": "EncounterPerformedOfficeVisit",
      "start_date": 1277438400000,
      "end_date": 1277438400000,
      "oid": "2.16.840.1.113883.3.464.1003.101.12.1001"
    },
    {
      "id": "EncounterPerformedMedicationsEncounterCodeSet",
      "start_date": 1269576000000,
      "end_date": 1269576000000,
      "negation": "",
      "negation_code_list_id": null,
      "field_values": {
      },
      "oid": "2.16.840.1.113883.3.600.1.1834"
    },
    {
      "id": "EncounterPerformedOfficeVisit",
      "start_date": 1270008000000,
      "end_date": 1270008000000,
      "negation": "",
      "negation_code_list_id": null,
      "field_values": {
      },
      "oid": "2.16.840.1.113883.3.464.1003.101.12.1001"
    },
    {
      "id": "DiagnosisActiveChdOrChdRiskEquivalent",
      "start_date": 1270008000000,
      "end_date": 32503698000000,
      "value": [

      ],
      "negation": "",
      "negation_code_list_id": null,
      "field_values": {
      },
      "oid": "2.16.840.1.113883.3.600.863"
    },
    {
      "id": "InterventionPerformedReferral",
      "start_date": 1267160400000,
      "end_date": 1267160400000,
      "negation": "",
      "negation_code_list_id": null,
      "field_values": {
      },
      "oid": "2.16.840.1.113883.3.464.1003.101.12.1046"
    },
    {
      "id": "LaboratoryTestPerformedLdlTest",
      "start_date": 1277438400000,
      "end_date": 1277438400000,
      "value": [
        {
          "type": "PQ",
          "value": "130",
          "unit": "mg/dL"
        }
      ],
      "negation": "",
      "negation_code_list_id": null,
      "field_values": {
      },
      "oid": "2.16.840.1.113883.3.464.1003.198.12.1016"
    },
    {
      "id": "LaboratoryTestResultHighDensityLipoproteinHdl",
      "start_date": 1277438400000,
      "end_date": 1277438400000,
      "value": [
        {
          "type": "PQ",
          "value": "35",
          "unit": "mg/dL"
        }
      ],
      "value_unit": "mg/dL",
      "oid": "2.16.840.1.113883.3.600.875"
    },
    {
      "id": "DiagnosisActiveSmoking",
      "start_date": 1277438400000,
      "end_date": 1277438400000,
      "oid": "2.16.840.1.113883.3.600.1559"
    },
    {
      "id": "EncounterPerformedCholesterolMeasureEncounterCodes",
      "start_date": 1277438400000,
      "end_date": 1277438400000,
      "oid": "2.16.840.1.113883.3.600.1951"
    },
    {
      "id": "DiagnosisFamilyHistoryFamilyHistoryChd",
      "start_date": 1277438400000,
      "end_date": 1277438400000,
      "oid": "2.16.840.1.113883.3.600.1557"
    },
    {
      "id": "MeasurePeriod",
      "start_date": 1262322000000,
      "end_date": 1293771600000
    }
  ],
  "test_id": null,
  "title": null,
  "type": "ep",
  "vital_signs": [
    {
      "codes": {
        "LOINC": [
          "12773-8"
        ]
      },
      "description": "Laboratory Test, Performed: LDL Test (Code List: 2.16.840.1.113883.3.464.1003.198.12.1016)",
      "end_time": 1277438400,
      "free_text": null,
      "interpretation": null,
      "mood_code": "EVN",
      "negationInd": null,
      "negationReason": null,
      "oid": "2.16.840.1.113883.3.560.1.5",
      "referenceRange": null,
      "specifics": null,
      "start_time": 1277438400,
      "status_code": null,
      "time": null,
      "values": [
        {
          "scalar": "130",
          "units": "mg/dL"
        }
      ]
    },
    {
      "codes": {
        "LOINC": [
          "14646-4"
        ],
        "SNOMED-CT": [
          "17888004"
        ]
      },
      "description": "Laboratory Test, Result: High Density Lipoprotein (HDL) (Code List: 2.16.840.1.113883.3.600.875)",
      "end_time": 1277438400,
      "free_text": null,
      "interpretation": null,
      "mood_code": "EVN",
      "negationInd": null,
      "negationReason": null,
      "oid": "2.16.840.1.113883.3.560.1.12",
      "referenceRange": null,
      "specifics": null,
      "start_time": 1277438400,
      "status_code": null,
      "time": null,
      "values": [
        {
          "scalar": "35",
          "units": "mg/dL"
        }
      ]
    }
  ]
}