{
  "birthdate": 946715400,
  "clinicalTrialParticipant": null,
  "conditions": [
    {
      "causeOfDeath": null,
      "codes": {
        "ICD-9-CM": [
          "250.00"
        ],
        "ICD-10-CM": [
          "E10.8"
        ],
        "SNOMED-CT": [
          "4783006"
        ]
      },
      "description": "Diagnosis, Active: Diabetes (Code List: 2.16.840.1.113883.3.464.1003.103.12.1001)",
      "end_time": null,
      "free_text": null,
      "mood_code": "EVN",
      "name": null,
      "negationInd": null,
      "negationReason": null,
      "oid": "2.16.840.1.113883.3.560.1.2",
      "ordinality": null,
      "ordinality_code": null,
      "priority": null,
      "severity": null,
      "specifics": null,
      "start_time": 1230829200,
      "status_code": {
        "SNOMED-CT": [
          "55561003"
        ],
        "HL7 ActStatus": [
          "active"
        ]
      },
      "time": null,
      "type": null
    }
  ],
  "deathdate": null,
  "description": "",
  "description_category": "NUMER",
  "effective_time": null,
  "elimination_population": null,
  "elimination_reason": null,
  "encounters": [
    {
      "admitType": null,
      "admit_time": null,
      "codes": {
        "CPT": [
          "92002"
        ],
        "SNOMED-CT": [
          "4525004"
        ]
      },
      "description": "Encounter, Performed: Diabetes Visit (Code List: 2.16.840.1.113883.3.464.1003.103.12.1012)",
      "dischargeDisposition": null,
      "discharge_time": null,
      "end_time": 1230829200,
      "free_text": null,
      "mood_code": "EVN",
      "negationInd": null,
      "negationReason": null,
      "oid": "2.16.840.1.113883.3.560.1.79",
      "performer_id": null,
      "specifics": null,
      "start_time": 1230829200,
      "status_code": null,
      "time": null
    },
    {
      "admitType": null,
      "admit_time": null,
      "codes": {
        "CPT": [
          "92002"
        ],
        "SNOMED-CT": [
          "4525004"
        ]
      },
      "description": "Encounter, Performed: Diabetes Visit (Code List: 2.16.840.1.113883.3.464.1003.103.12.1012)",
      "dischargeDisposition": null,
      "discharge_time": null,
      "end_time": 1265000400,
      "free_text": null,
      "mood_code": "EVN",
      "negationInd": null,
      "negationReason": null,
      "oid": "2.16.840.1.113883.3.560.1.79",
      "performer_id": null,
      "specifics": null,
      "start_time": 1265000400,
      "status_code": null,
      "time": null
    }
  ],
  "ethnicity": {
    "code": "2186-5",
    "name": "Not Hispanic or Latino",
    "codeSystem": "CDC Race"
  },
  "expired": false,
  "first": "11_06_12_Diabetes_Peds_NUM",
  "gender": "F",
  "insurance_providers": [
    {
      "end_time": null,
      "financial_responsibility_type": {
        "code": "SELF",
        "codeSystem": "HL7 Relationship Code"
      },
      "member_id": "1234567890",
      "name": "Other",
      "payer": {
        "name": "Other"
      },
      "relationship": null,
      "start_time": 1199163600,
      "time": null,
      "type": "OT"
    }
  ],
  "languages": null,
  "last": "0060",
  "marital_status": null,
  "measure_ids": [
    "0060",
    "0041",
    "0062",
    "0002",
    "0036",
    "0033",
    "0004",
    "0384"
  ],
  "measure_period_end": 1293771600000,
  "measure_period_start": 1262322000000,
  "medical_record_number": "eb6af018e11320f5c163624beb83767d",
  "race": {
    "code": "1002-5",
    "name": "American Indian or Alaska Native",
    "codeSystem": "CDC Race"
  },
  "religious_affilication": null,
  "source_data_criteria": [
    {
      "id": "EncounterPerformedDiabetesVisit",
      "start_date": 1230829200000,
      "end_date": 1230829200000,
      "negation": "",
      "negation_code_list_id": null,
      "field_values": {
      },
      "oid": "2.16.840.1.113883.3.464.1003.103.12.1012"
    },
    {
      "id": "DiagnosisActiveDiabetes",
      "start_date": 1230829200000,
      "end_date": 32503698000000,
      "value": [

      ],
      "negation": "",
      "negation_code_list_id": null,
      "field_values": {
      },
      "oid": "2.16.840.1.113883.3.464.1003.103.12.1001"
    },
    {
      "id": "OccurrenceADiabetesVisit55",
      "start_date": 1265000400000,
      "end_date": 1265000400000,
      "value": [

      ],
      "negation": "",
      "negation_code_list_id": null,
      "field_values": {
      },
      "oid": "2.16.840.1.113883.3.464.1003.103.12.1012"
    },
    {
      "id": "LaboratoryTestResultHba1cLaboratoryTest",
      "start_date": 1265000400000,
      "end_date": 1265000400000,
      "value": [
        {
          "type": "PQ",
          "value": "7",
          "unit": "%"
        }
      ],
      "negation": "",
      "negation_code_list_id": null,
      "field_values": {
      },
      "oid": "2.16.840.1.113883.3.464.1003.198.12.1013"
    },
    {
      "id": "MeasurePeriod",
      "start_date": 1262322000000,
      "end_date": 1293771600000
    }
  ],
  "test_id": null,
  "title": null,
  "type": "ep",
  "vital_signs": [
    {
      "codes": {
        "LOINC": [
          "17855-8"
        ]
      },
      "description": "Laboratory Test, Result: HbA1c Laboratory Test (Code List: 2.16.840.1.113883.3.464.1003.198.12.1013)",
      "end_time": 1265000400,
      "free_text": null,
      "interpretation": null,
      "mood_code": "EVN",
      "negationInd": null,
      "negationReason": null,
      "oid": "2.16.840.1.113883.3.560.1.12",
      "referenceRange": null,
      "specifics": null,
      "start_time": 1265000400,
      "status_code": null,
      "time": null,
      "values": [
        {
          "scalar": "7",
          "units": "%"
        }
      ]
    }
  ]
}