{
  "birthdate": 915179400,
  "clinicalTrialParticipant": null,
  "conditions": [
    {
      "causeOfDeath": null,
      "codes": {
        "ICD-9-CM": [
          "296.20"
        ],
        "SNOMED-CT": [
          "832007"
        ],
        "ICD-10-CM": [
          "F32.0"
        ]
      },
      "description": "Diagnosis, Active: Major Depressive Disorder New or Recurrent (Code List: 2.16.840.1.113883.3.526.3.558)",
      "end_time": null,
      "free_text": null,
      "mood_code": "EVN",
      "name": null,
      "negationInd": null,
      "negationReason": null,
      "oid": "2.16.840.1.113883.3.560.1.2",
      "ordinality": null,
      "ordinality_code": null,
      "priority": null,
      "severity": null,
      "specifics": null,
      "start_time": 1265131800,
      "status_code": {
        "SNOMED-CT": [
          "55561003"
        ],
        "HL7 ActStatus": [
          "active"
        ]
      },
      "time": null,
      "type": null
    }
  ],
  "deathdate": null,
  "description": "",
  "description_category": "NUMER",
  "effective_time": null,
  "elimination_population": null,
  "elimination_reason": null,
  "encounters": [
    {
      "admitType": null,
      "admit_time": null,
      "codes": {
        "CPT": [
          "99201"
        ]
      },
      "description": "Encounter, Performed: Office Visit (Code List: 2.16.840.1.113883.3.464.1003.101.12.1001)",
      "dischargeDisposition": null,
      "discharge_time": null,
      "end_time": 1265133600,
      "free_text": null,
      "mood_code": "EVN",
      "negationInd": null,
      "negationReason": null,
      "oid": "2.16.840.1.113883.3.560.1.79",
      "performer_id": null,
      "specifics": null,
      "start_time": 1265130000,
      "status_code": null,
      "time": null
    },
    {
      "admitType": null,
      "admit_time": null,
      "codes": {
        "CPT": [
          "99201"
        ]
      },
      "description": "Encounter, Performed: Office Visit (Code List: 2.16.840.1.113883.3.464.1003.101.12.1001)",
      "dischargeDisposition": null,
      "discharge_time": null,
      "end_time": 1266123600,
      "free_text": null,
      "mood_code": "EVN",
      "negationInd": null,
      "negationReason": null,
      "oid": "2.16.840.1.113883.3.560.1.79",
      "performer_id": null,
      "specifics": null,
      "start_time": 1266123600,
      "status_code": null,
      "time": null
    },
    {
      "admitType": null,
      "admit_time": null,
      "codes": {
        "CPT": [
          "99201"
        ]
      },
      "description": "Encounter, Performed: Office Visit (Code List: 2.16.840.1.113883.3.464.1003.101.12.1001)",
      "dischargeDisposition": null,
      "discharge_time": null,
      "end_time": 1285905600,
      "free_text": null,
      "mood_code": "EVN",
      "negationInd": null,
      "negationReason": null,
      "oid": "2.16.840.1.113883.3.560.1.79",
      "performer_id": null,
      "specifics": null,
      "start_time": 1285905600,
      "status_code": null,
      "time": null
    },
    {
      "admitType": null,
      "admit_time": null,
      "codes": {
        "CPT": [
          "99201"
        ]
      },
      "description": "Encounter, Performed: Office Visit (Code List: 2.16.840.1.113883.3.464.1003.101.12.1001)",
      "dischargeDisposition": null,
      "discharge_time": null,
      "end_time": 1289710800,
      "free_text": null,
      "mood_code": "EVN",
      "negationInd": null,
      "negationReason": null,
      "oid": "2.16.840.1.113883.3.560.1.79",
      "performer_id": null,
      "specifics": null,
      "start_time": 1289710800,
      "status_code": null,
      "time": null
    }
  ],
  "ethnicity": {
    "code": "2186-5",
    "name": "Not Hispanic or Latino",
    "codeSystem": "CDC Race"
  },
  "expired": false,
  "first": "11_06_12_BH_Peds_NUM",
  "gender": "M",
  "insurance_providers": [
    {
      "end_time": null,
      "financial_responsibility_type": {
        "code": "SELF",
        "codeSystem": "HL7 Relationship Code"
      },
      "member_id": "1234567890",
      "name": "Other",
      "payer": {
        "name": "Other"
      },
      "relationship": null,
      "start_time": 1199163600,
      "time": null,
      "type": "OT"
    }
  ],
  "languages": null,
  "last": "1365_0108",
  "marital_status": null,
  "measure_ids": [
    "0108",
    "0036",
    "1365",
    "0002",
    "0028",
    "0004",
    "0384"
  ],
  "measure_period_end": 1293771600000,
  "measure_period_start": 1262322000000,
  "medical_record_number": "91bd37f9cebf7b6ef9f72d7fd6148a81",
  "medications": [
    {
      "administrationTiming": null,
      "codes": {
        "RxNorm": [
          "349591"
        ]
      },
      "cumulativeMedicationDuration": null,
      "deliveryMethod": null,
      "description": "Medication, Dispensed: ADHD Medications (Code List: 2.16.840.1.113883.3.464.1003.196.12.1171)",
      "dose": null,
      "doseIndicator": null,
      "doseRestriction": null,
      "end_time": 1265086800,
      "freeTextSig": null,
      "free_text": null,
      "fulfillmentInstructions": null,
      "indication": null,
      "mood_code": "EVN",
      "negationInd": null,
      "negationReason": null,
      "oid": "2.16.840.1.113883.3.560.1.8",
      "patientInstructions": null,
      "productForm": null,
      "reaction": null,
      "route": null,
      "site": null,
      "specifics": null,
      "start_time": 1265086800,
      "statusOfMedication": null,
      "status_code": null,
      "time": null,
      "typeOfMedication": null,
      "vehicle": null
    },
    {
      "administrationTiming": null,
      "codes": {
        "RxNorm": [
          "349591"
        ]
      },
      "cumulativeMedicationDuration": null,
      "deliveryMethod": null,
      "description": "Medication, Active: ADHD Medications (Code List: 2.16.840.1.113883.3.464.1003.196.12.1171)",
      "dose": null,
      "doseIndicator": null,
      "doseRestriction": null,
      "end_time": 1265086800,
      "freeTextSig": null,
      "free_text": null,
      "fulfillmentInstructions": null,
      "indication": null,
      "mood_code": "EVN",
      "negationInd": null,
      "negationReason": null,
      "oid": "2.16.840.1.113883.3.560.1.13",
      "patientInstructions": null,
      "productForm": null,
      "reaction": null,
      "route": null,
      "site": null,
      "specifics": null,
      "start_time": 1265086800,
      "statusOfMedication": null,
      "status_code": {
        "SNOMED-CT": [
          "55561003"
        ],
        "HL7 ActStatus": [
          "active"
        ]
      },
      "time": null,
      "typeOfMedication": null,
      "vehicle": null
    }
  ],
  "procedures": [
    {
      "codes": {
        "SNOMED-CT": [
          "225337009"
        ]
      },
      "description": "Intervention, Performed: Suicide Risk Assessment (Code List: 2.16.840.1.113883.3.526.3.1484)",
      "end_time": 1265133000,
      "free_text": null,
      "incisionDateTime": null,
      "mood_code": "EVN",
      "negationInd": null,
      "negationReason": null,
      "oid": "2.16.840.1.113883.3.560.1.46",
      "performer_id": null,
      "site": null,
      "specifics": null,
      "start_time": 1265133000,
      "status_code": null,
      "time": null
    }
  ],
  "race": {
    "code": "1002-5",
    "name": "American Indian or Alaska Native",
    "codeSystem": "CDC Race"
  },
  "religious_affilication": null,
  "source_data_criteria": [
    {
      "id": "OccurrenceAAdhdMedications200",
      "start_date": 1265086800000,
      "end_date": 1265086800000,
      "negation": "",
      "negation_code_list_id": null,
      "field_values": {
      },
      "oid": "2.16.840.1.113883.3.464.1003.196.12.1171"
    },
    {
      "id": "MedicationActiveAdhdMedications",
      "start_date": 1265086800000,
      "end_date": 1265086800000,
      "negation": "",
      "negation_code_list_id": null,
      "field_values": {
      },
      "oid": "2.16.840.1.113883.3.464.1003.196.12.1171"
    },
    {
      "id": "EncounterPerformedOfficeVisit",
      "start_date": 1265130000000,
      "end_date": 1265133600000,
      "negation": "",
      "negation_code_list_id": null,
      "field_values": {
      },
      "oid": "2.16.840.1.113883.3.464.1003.101.12.1001"
    },
    {
      "id": "DiagnosisActiveMajorDepressiveDisorderNewOrRecurrent",
      "start_date": 1265131800000,
      "end_date": 32503698000000,
      "value": [

      ],
      "negation": "",
      "negation_code_list_id": null,
      "field_values": {
      },
      "oid": "2.16.840.1.113883.3.526.3.558"
    },
    {
      "id": "InterventionPerformedSuicideRiskAssessment",
      "start_date": 1265133000000,
      "end_date": 1265133000000,
      "negation": "",
      "negation_code_list_id": null,
      "field_values": {
      },
      "oid": "2.16.840.1.113883.3.526.3.1484"
    },
    {
      "id": "EncounterPerformedOfficeVisit",
      "start_date": 1266123600000,
      "end_date": 1266123600000,
      "negation": "",
      "negation_code_list_id": null,
      "field_values": {
      },
      "oid": "2.16.840.1.113883.3.464.1003.101.12.1001"
    },
    {
      "id": "EncounterPerformedOfficeVisit",
      "start_date": 1285905600000,
      "end_date": 1285905600000,
      "negation": "",
      "negation_code_list_id": null,
      "field_values": {
      },
      "oid": "2.16.840.1.113883.3.464.1003.101.12.1001"
    },
    {
      "id": "EncounterPerformedOfficeVisit",
      "start_date": 1289710800000,
      "end_date": 1289710800000,
      "negation": "",
      "negation_code_list_id": null,
      "field_values": {
      },
      "oid": "2.16.840.1.113883.3.464.1003.101.12.1001"
    },
    {
      "id": "MeasurePeriod",
      "start_date": 1262322000000,
      "end_date": 1293771600000
    }
  ],
  "test_id": null,
  "title": null,
  "type": "ep"
}