{
  "allergies": [

  ],
  "birthdate": 491729400,
  "clinicalTrialParticipant": null,
  "conditions": [
    {
      "causeOfDeath": null,
      "codes": {
        "ICD-9-CM": [
          "185"
        ],
        "ICD-10-CM": [
          "C61"
        ],
        "SNOMED-CT": [
          "93974005"
        ]
      },
      "description": "Diagnosis, Active: Prostate Cancer (Code List: 2.16.840.1.113883.3.526.3.319)",
      "end_time": null,
      "free_text": null,
      "mood_code": "EVN",
      "name": null,
      "negationInd": null,
      "negationReason": null,
      "oid": "2.16.840.1.113883.3.560.1.2",
      "ordinality": null,
      "ordinality_code": null,
      "priority": null,
      "severity": null,
      "specifics": null,
      "start_time": 1269619200,
      "status_code": {
        "SNOMED-CT": [
          "55561003"
        ],
        "HL7 ActStatus": [
          "active"
        ]
      },
      "time": null,
      "type": null
    },
    {
      "causeOfDeath": null,
      "codes": {
        "SNOMED-CT": [
          "93683002"
        ],
        "ICD-9-CM": [
          "153.0"
        ],
        "ICD-10-CM": [
          "C18.0"
        ]
      },
      "description": "Diagnosis, Active: Colon Cancer (Code List: 2.16.840.1.113883.3.526.3.391)",
      "end_time": null,
      "free_text": null,
      "mood_code": "EVN",
      "name": null,
      "negationInd": null,
      "negationReason": null,
      "oid": "2.16.840.1.113883.3.560.1.2",
      "ordinality": null,
      "ordinality_code": null,
      "priority": null,
      "severity": null,
      "specifics": null,
      "start_time": 1269619200,
      "status_code": {
        "SNOMED-CT": [
          "55561003"
        ],
        "HL7 ActStatus": [
          "active"
        ]
      },
      "time": null,
      "type": null
    }
  ],
  "deathdate": null,
  "description": "",
  "description_category": "NUMER",
  "effective_time": null,
  "elimination_population": null,
  "elimination_reason": null,
  "encounters": [
    {
      "admitType": null,
      "admit_time": null,
      "codes": {
        "CPT": [
          "99201"
        ]
      },
      "description": "Encounter, Performed: Office Visit (Code List: 2.16.840.1.113883.3.464.1003.101.12.1001)",
      "dischargeDisposition": null,
      "discharge_time": null,
      "end_time": 1269622800,
      "free_text": null,
      "mood_code": "EVN",
      "negationInd": null,
      "negationReason": null,
      "oid": "2.16.840.1.113883.3.560.1.79",
      "performer_id": null,
      "specifics": null,
      "start_time": 1269619200,
      "status_code": null,
      "time": null
    },
    {
      "admitType": null,
      "admit_time": null,
      "codes": {
        "CPT": [
          "99201"
        ]
      },
      "description": "Encounter, Performed: Office Visit (Code List: 2.16.840.1.113883.3.464.1003.101.12.1001)",
      "dischargeDisposition": null,
      "discharge_time": null,
      "end_time": 1272042000,
      "free_text": null,
      "mood_code": "EVN",
      "negationInd": null,
      "negationReason": null,
      "oid": "2.16.840.1.113883.3.560.1.79",
      "performer_id": null,
      "specifics": null,
      "start_time": 1272038400,
      "status_code": null,
      "time": null
    }
  ],
  "ethnicity": {
    "code": "2186-5",
    "name": "Not Hispanic or Latino",
    "codeSystem": "CDC Race"
  },
  "expired": false,
  "first": "11_06_12_Cancer_Adult_Male_NUM",
  "gender": "M",
  "insurance_providers": [
    {
      "end_time": null,
      "financial_responsibility_type": {
        "code": "SELF",
        "codeSystem": "HL7 Relationship Code"
      },
      "member_id": "1234567890",
      "name": "Other",
      "payer": {
        "name": "Other"
      },
      "relationship": null,
      "start_time": 1199163600,
      "time": null,
      "type": "OT"
    }
  ],
  "languages": null,
  "last": "0385_0389_0384",
  "marital_status": null,
  "measure_ids": [
    "0385",
    "0389",
    "0421",
    "0384",
    "0028",
    "0034",
    "0038",
    "0002",
    "0004"
  ],
  "measure_period_end": 1293771600000,
  "measure_period_start": 1262322000000,
  "medical_record_number": "0085074bb549ffefffa6e16ff34df140",
  "medications": [
    {
      "administrationTiming": null,
      "codes": {
        "RxNorm": [
          "200327"
        ]
      },
      "cumulativeMedicationDuration": null,
      "deliveryMethod": null,
      "description": "Medication, Administered: Chemotherapy for Colon Cancer - capecitabine (Code List: 2.16.840.1.113883.3.526.3.1288)",
      "dose": null,
      "doseIndicator": null,
      "doseRestriction": null,
      "end_time": 1269621000,
      "freeTextSig": null,
      "free_text": null,
      "fulfillmentInstructions": null,
      "indication": null,
      "mood_code": "EVN",
      "negationInd": null,
      "negationReason": null,
      "oid": "2.16.840.1.113883.3.560.1.14",
      "patientInstructions": null,
      "productForm": null,
      "reaction": null,
      "route": null,
      "site": null,
      "specifics": null,
      "start_time": 1269621000,
      "statusOfMedication": null,
      "status_code": null,
      "time": null,
      "typeOfMedication": null,
      "vehicle": null
    }
  ],
  "procedures": [
    {
      "codes": {
        "SNOMED-CT": [
          "116783008"
        ]
      },
      "description": "Procedure, Performed: Clinical Staging Procedure (Code List: 2.16.840.1.113883.3.526.3.1098)",
      "end_time": 1269619200,
      "free_text": null,
      "incisionDateTime": null,
      "mood_code": "EVN",
      "negationInd": null,
      "negationReason": null,
      "oid": "2.16.840.1.113883.3.560.1.6",
      "performer_id": null,
      "site": null,
      "specifics": null,
      "start_time": 1269619200,
      "status_code": null,
      "time": null,
      "values": [
        {
          "codes": {
            "SNOMED-CT": [
              "433581000124101"
            ]
          },
          "description": "Neoplasm of colon distant metastasis staging category M0: No distant metastasis (finding)"
        },
        {
          "codes": {
            "SNOMED-CT": [
              "433491000124102"
            ]
          },
          "description": "Neoplasm of colon primary tumor staging category T4a: Tumor penetrates to surface of visceral peritoneum (finding)"
        },
        {
          "codes": {
            "SNOMED-CT": [
              "433571000124104"
            ]
          },
          "description": "\"Colon Cancer Regional Lymph Node Status N2b\" SNOMED-CT value set\n"
        }
      ]
    },
    {
      "codes": {
        "SNOMED-CT": [
          "116783008"
        ]
      },
      "description": "Procedure, Performed: Clinical Staging Procedure (Code List: 2.16.840.1.113883.3.526.3.1098)",
      "end_time": 1272038400,
      "free_text": null,
      "incisionDateTime": null,
      "mood_code": "EVN",
      "negationInd": null,
      "negationReason": null,
      "oid": "2.16.840.1.113883.3.560.1.6",
      "performer_id": null,
      "site": null,
      "specifics": null,
      "start_time": 1272038400,
      "status_code": null,
      "time": null,
      "values": [
        {
          "codes": {
            "SNOMED-CT": [
              "433361000124104"
            ]
          },
          "description": "\"Prostate Cancer Primary Tumor Size T2a\" SNOMED-CT value set\n"
        }
      ]
    },
    {
      "codes": {
        "LOINC": [
          "38208-5"
        ]
      },
      "description": "Risk Category Assessment: Standardized Pain Assessment Tool (Code List: 2.16.840.1.113883.3.526.3.1028)",
      "end_time": 1272038400,
      "free_text": null,
      "incisionDateTime": null,
      "mood_code": "EVN",
      "negationInd": null,
      "negationReason": null,
      "oid": "2.16.840.1.113883.3.560.1.21",
      "performer_id": null,
      "site": null,
      "specifics": null,
      "start_time": 1272038400,
      "status_code": null,
      "time": null,
      "values": [
        {
          "scalar": "performed",
          "units": ""
        }
      ]
    },
    {
      "codes": {
        "CPT": [
          "77427"
        ],
        "SNOMED-CT": [
          "84755001"
        ]
      },
      "description": "Procedure, Performed: Radiation Treatment Management (Code List: 2.16.840.1.113883.3.526.3.1026)",
      "end_time": 1272038400,
      "free_text": null,
      "incisionDateTime": null,
      "mood_code": "EVN",
      "negationInd": null,
      "negationReason": null,
      "oid": "2.16.840.1.113883.3.560.1.6",
      "performer_id": null,
      "site": null,
      "specifics": null,
      "start_time": 1272038400,
      "status_code": null,
      "time": null
    },
    {
      "codes": {
        "CPT": [
          "55810"
        ],
        "SNOMED-CT": [
          "8782006"
        ]
      },
      "description": "Procedure, Performed: Prostate Cancer Treatment (Code List: 2.16.840.1.113883.3.526.3.398)",
      "end_time": 1272042000,
      "free_text": null,
      "incisionDateTime": null,
      "mood_code": "EVN",
      "negationInd": null,
      "negationReason": null,
      "oid": "2.16.840.1.113883.3.560.1.6",
      "performer_id": null,
      "site": null,
      "specifics": null,
      "start_time": 1272040200,
      "status_code": null,
      "time": null
    }
  ],
  "race": {
    "code": "1002-5",
    "name": "American Indian or Alaska Native",
    "codeSystem": "CDC Race"
  },
  "religious_affilication": null,
  "results": [

  ],
  "source_data_criteria": [
    {
      "id": "ProcedurePerformedClinicalStagingProcedure",
      "start_date": 1269619200000,
      "end_date": 1269619200000,
      "value": [
        {
          "type": "CD",
          "code_list_id": "2.16.840.1.113883.3.526.2.1406",
          "title": "colon_distant_metastasis_status_m0 (50730d69044a11ba790010c7)"
        },
        {
          "type": "CD",
          "code_list_id": "2.16.840.1.113883.3.526.2.1005",
          "title": "colon_cancer_primary_tumor_size_t4a (50730d69044a11ba790010c7)"
        },
        {
          "type": "CD",
          "code_list_id": "2.16.840.1.113883.3.526.3.1301",
          "title": "colon_cancer_regional_lymph_node_status_n2b (50730d69044a11ba790010c7)"
        }
      ],
      "negation": "",
      "negation_code_list_id": null,
      "field_values": {
      },
      "oid": "2.16.840.1.113883.3.526.3.1098"
    },
    {
      "id": "OccurrenceAClinicalStagingProcedure235",
      "start_date": 1272038400000,
      "end_date": 1272038400000,
      "value": [
        {
          "type": "CD",
          "code_list_id": "2.16.840.1.113883.3.526.3.1326",
          "title": "prostate_cancer_primary_tumor_size_t2a (50730d66044a11ba79001086)"
        }
      ],
      "negation": "",
      "negation_code_list_id": null,
      "field_values": {
      },
      "oid": "2.16.840.1.113883.3.526.3.1098"
    },
    {
      "id": "EncounterPerformedOfficeVisit",
      "start_date": 1269619200000,
      "end_date": 1269622800000,
      "value": [

      ],
      "negation": "",
      "negation_code_list_id": null,
      "field_values": {
      },
      "oid": "2.16.840.1.113883.3.464.1003.101.12.1001"
    },
    {
      "id": "DiagnosisActiveProstateCancer",
      "start_date": 1269619200000,
      "end_date": 32503698000000,
      "value": [

      ],
      "negation": "",
      "negation_code_list_id": null,
      "field_values": {
      },
      "oid": "2.16.840.1.113883.3.526.3.319"
    },
    {
      "id": "DiagnosisActiveColonCancer",
      "start_date": 1269619200000,
      "end_date": 32503698000000,
      "value": [

      ],
      "negation": "",
      "negation_code_list_id": null,
      "field_values": {
      },
      "oid": "2.16.840.1.113883.3.526.3.391"
    },
    {
      "id": "MedicationAdministeredChemotherapyForColonCancerCapecitabine",
      "start_date": 1269621000000,
      "end_date": 1269621000000,
      "value": [

      ],
      "negation": "",
      "negation_code_list_id": null,
      "field_values": {
      },
      "oid": "2.16.840.1.113883.3.526.3.1288"
    },
    {
      "id": "EncounterPerformedOfficeVisit",
      "start_date": 1272038400000,
      "end_date": 1272042000000,
      "value": [

      ],
      "negation": "",
      "negation_code_list_id": null,
      "field_values": {
      },
      "oid": "2.16.840.1.113883.3.464.1003.101.12.1001"
    },
    {
      "id": "RiskCategoryAssessmentStandardizedPainAssessmentTool",
      "start_date": 1272038400000,
      "end_date": 1272038400000,
      "value": [
        {
          "type": "PQ",
          "value": "performed",
          "unit": ""
        }
      ],
      "negation": "",
      "negation_code_list_id": null,
      "field_values": {
      },
      "oid": "2.16.840.1.113883.3.526.3.1028"
    },
    {
      "id": "LaboratoryTestResultProstateSpecificAntigenTest",
      "start_date": 1272038400000,
      "end_date": 1272038400000,
      "value": [
        {
          "type": "PQ",
          "value": "6",
          "unit": "ng/dL"
        }
      ],
      "value_unit": "ng/dL",
      "negation": "",
      "negation_code_list_id": null,
      "field_values": {
      },
      "oid": "2.16.840.1.113883.3.526.3.401"
    },
    {
      "id": "LaboratoryTestResultGleasonScore",
      "start_date": 1272038400000,
      "end_date": 1272038400000,
      "value": [
        {
          "type": "PQ",
          "value": "4",
          "unit": ""
        }
      ],
      "value_unit": "",
      "negation": "",
      "negation_code_list_id": null,
      "field_values": {
      },
      "oid": "2.16.840.1.113883.3.526.3.397"
    },
    {
      "id": "ProcedurePerformedRadiationTreatmentManagement",
      "start_date": 1272038400000,
      "end_date": 1272038400000,
      "value": [

      ],
      "negation": "",
      "negation_code_list_id": null,
      "field_values": {
      },
      "oid": "2.16.840.1.113883.3.526.3.1026"
    },
    {
      "id": "ProcedurePerformedProstateCancerTreatment",
      "start_date": 1272040200000,
      "end_date": 1272042000000,
      "value": [

      ],
      "negation": "",
      "negation_code_list_id": null,
      "field_values": {
      },
      "oid": "2.16.840.1.113883.3.526.3.398"
    },
    {
      "id": "MeasurePeriod",
      "start_date": 1262322000000,
      "end_date": 1293771600000
    }
  ],
  "test_id": null,
  "title": null,
  "type": "ep",
  "vital_signs": [
    {
      "codes": {
        "LOINC": [
          "10508-0"
        ]
      },
      "description": "Laboratory Test, Result: Prostate Specific Antigen Test (Code List: 2.16.840.1.113883.3.526.3.401)",
      "end_time": 1272038400,
      "free_text": null,
      "interpretation": null,
      "mood_code": "EVN",
      "negationInd": null,
      "negationReason": null,
      "oid": "2.16.840.1.113883.3.560.1.12",
      "referenceRange": null,
      "specifics": null,
      "start_time": 1272038400,
      "status_code": null,
      "time": null,
      "values": [
        {
          "scalar": "6",
          "units": "ng/dL"
        }
      ]
    },
    {
      "codes": {
        "LOINC": [
          "35266-6"
        ]
      },
      "description": "Laboratory Test, Result: Gleason Score (Code List: 2.16.840.1.113883.3.526.3.397)",
      "end_time": 1272038400,
      "free_text": null,
      "interpretation": null,
      "mood_code": "EVN",
      "negationInd": null,
      "negationReason": null,
      "oid": "2.16.840.1.113883.3.560.1.12",
      "referenceRange": null,
      "specifics": null,
      "start_time": 1272038400,
      "status_code": null,
      "time": null,
      "values": [
        {
          "scalar": "4",
          "units": ""
        }
      ]
    }
  ]
}