{
  "birthdate": -946740600,
  "clinicalTrialParticipant": null,
  "conditions": [
    {
      "causeOfDeath": null,
      "codes": {
        "ICD-9-CM": [
          "411.0"
        ],
        "ICD-10-CM": [
          "I20.0"
        ],
        "SNOMED-CT": [
          "1055001"
        ]
      },
      "description": "Diagnosis, Active: Ischemic Vascular Disease (Code List: 2.16.840.1.113883.3.464.1003.104.12.1003)",
      "end_time": null,
      "free_text": null,
      "mood_code": "EVN",
      "name": null,
      "negationInd": null,
      "negationReason": null,
      "oid": "2.16.840.1.113883.3.560.1.2",
      "ordinality": null,
      "ordinality_code": null,
      "priority": null,
      "severity": null,
      "specifics": null,
      "start_time": 1270137900,
      "status_code": {
        "SNOMED-CT": [
          "55561003"
        ],
        "HL7 ActStatus": [
          "active"
        ]
      },
      "time": null,
      "type": null
    },
    {
      "causeOfDeath": null,
      "codes": {
        "ICD-9-CM": [
          "427.31"
        ],
        "ICD-10-CM": [
          "I48.0"
        ],
        "SNOMED-CT": [
          "5370000"
        ]
      },
      "description": "Diagnosis, Active: Atrial Fibrillation/Flutter (Code List: 2.16.840.1.113883.3.117.1.7.1.202)",
      "end_time": 1304481600,
      "free_text": null,
      "mood_code": "EVN",
      "name": null,
      "negationInd": null,
      "negationReason": null,
      "oid": "2.16.840.1.113883.3.560.1.2",
      "ordinality": null,
      "ordinality_code": null,
      "priority": null,
      "severity": null,
      "specifics": null,
      "start_time": 1178251200,
      "status_code": {
        "SNOMED-CT": [
          "55561003"
        ],
        "HL7 ActStatus": [
          "active"
        ]
      },
      "time": null,
      "type": null
    },
    {
      "causeOfDeath": null,
      "codes": {
        "SNOMED-CT": [
          "368009"
        ],
        "ICD-9-CM": [
          "093.20"
        ],
        "ICD-10-CM": [
          "A52.03"
        ]
      },
      "description": "Diagnosis, Active: Valvular Heart Disease (Code List: 2.16.840.1.113883.3.464.1003.104.12.1017)",
      "end_time": null,
      "free_text": null,
      "mood_code": "EVN",
      "name": null,
      "negationInd": null,
      "negationReason": null,
      "oid": "2.16.840.1.113883.3.560.1.2",
      "ordinality": null,
      "ordinality_code": null,
      "priority": null,
      "severity": null,
      "specifics": null,
      "start_time": 1214884800,
      "status_code": {
        "SNOMED-CT": [
          "55561003"
        ],
        "HL7 ActStatus": [
          "active"
        ]
      },
      "time": null,
      "type": null
    },
    {
      "causeOfDeath": null,
      "codes": {
        "ICD-9-CM": [
          "402.01"
        ],
        "ICD-10-CM": [
          "I11.0"
        ],
        "SNOMED-CT": [
          "364006"
        ]
      },
      "description": "Diagnosis, Active: Heart Failure (Code List: 2.16.840.1.113883.3.526.3.376)",
      "end_time": 1270137900,
      "free_text": null,
      "mood_code": "EVN",
      "name": null,
      "negationInd": null,
      "negationReason": null,
      "oid": "2.16.840.1.113883.3.560.1.2",
      "ordinality": null,
      "ordinality_code": null,
      "priority": null,
      "severity": null,
      "specifics": null,
      "start_time": 1270137900,
      "status_code": {
        "SNOMED-CT": [
          "55561003"
        ],
        "HL7 ActStatus": [
          "active"
        ]
      },
      "time": null,
      "type": null
    },
    {
      "causeOfDeath": null,
      "codes": {
        "SNOMED-CT": [
          "981000124106"
        ]
      },
      "description": "Diagnosis, Active: Moderate or Severe LVSD (Code List: 2.16.840.1.113883.3.526.3.1090)",
      "end_time": null,
      "free_text": null,
      "mood_code": "EVN",
      "name": null,
      "negationInd": null,
      "negationReason": null,
      "oid": "2.16.840.1.113883.3.560.1.2",
      "ordinality": null,
      "ordinality_code": null,
      "priority": null,
      "severity": null,
      "specifics": null,
      "start_time": 1270137900,
      "status_code": {
        "SNOMED-CT": [
          "55561003"
        ],
        "HL7 ActStatus": [
          "active"
        ]
      },
      "time": null,
      "type": null
    },
    {
      "causeOfDeath": null,
      "codes": {
        "ICD-9-CM": [
          "411.0"
        ],
        "ICD-10-CM": [
          "I20.0"
        ],
        "SNOMED-CT": [
          "4557003"
        ]
      },
      "description": "Diagnosis, Active: Coronary Artery Disease No MI (Code List: 2.16.840.1.113883.3.526.3.369)",
      "end_time": null,
      "free_text": null,
      "mood_code": "EVN",
      "name": null,
      "negationInd": null,
      "negationReason": null,
      "oid": "2.16.840.1.113883.3.560.1.2",
      "ordinality": null,
      "ordinality_code": null,
      "priority": null,
      "severity": null,
      "specifics": null,
      "start_time": 1270137900,
      "status_code": {
        "SNOMED-CT": [
          "55561003"
        ],
        "HL7 ActStatus": [
          "active"
        ]
      },
      "time": null,
      "type": null
    },
    {
      "causeOfDeath": null,
      "codes": {
        "SNOMED-CT": [
          "193003"
        ],
        "ICD-9-CM": [
          "401.0"
        ],
        "ICD-10-CM": [
          "I10"
        ]
      },
      "description": "Diagnosis, Active: Hypertension (Code List: 2.16.840.1.113883.3.464.1003.104.12.1016)",
      "end_time": null,
      "free_text": null,
      "mood_code": "EVN",
      "name": null,
      "negationInd": null,
      "negationReason": null,
      "oid": "2.16.840.1.113883.3.560.1.2",
      "ordinality": null,
      "ordinality_code": null,
      "priority": null,
      "severity": null,
      "specifics": null,
      "start_time": 1270137900,
      "status_code": {
        "SNOMED-CT": [
          "55561003"
        ],
        "HL7 ActStatus": [
          "active"
        ]
      },
      "time": null,
      "type": null
    }
  ],
  "deathdate": null,
  "description": "",
  "description_category": "DENOM",
  "effective_time": null,
  "elimination_population": null,
  "elimination_reason": null,
  "encounters": [
    {
      "admitType": null,
      "admit_time": null,
      "codes": {
        "CPT": [
          "99201"
        ]
      },
      "description": "Encounter, Performed: Office Visit (Code List: 2.16.840.1.113883.3.464.1003.101.12.1001)",
      "dischargeDisposition": null,
      "discharge_time": null,
      "end_time": 1270141200,
      "free_text": null,
      "mood_code": "EVN",
      "negationInd": null,
      "negationReason": null,
      "oid": "2.16.840.1.113883.3.560.1.79",
      "performer_id": null,
      "specifics": null,
      "start_time": 1270137600,
      "status_code": null,
      "time": null
    },
    {
      "admitType": null,
      "admit_time": null,
      "codes": {
        "CPT": [
          "99395"
        ],
        "SNOMED-CT": [
          "4525004"
        ]
      },
      "description": "Encounter, Performed: Blood Pressure Visit (Code List: 2.16.840.1.113883.3.464.1003.101.12.1056)",
      "dischargeDisposition": null,
      "discharge_time": null,
      "end_time": 1270139400,
      "free_text": null,
      "mood_code": "EVN",
      "negationInd": null,
      "negationReason": null,
      "oid": "2.16.840.1.113883.3.560.1.79",
      "performer_id": null,
      "specifics": null,
      "start_time": 1270139400,
      "status_code": null,
      "time": null
    },
    {
      "admitType": null,
      "admit_time": null,
      "codes": {
        "CPT": [
          "99201"
        ]
      },
      "description": "Encounter, Performed: Office Visit (Code List: 2.16.840.1.113883.3.464.1003.101.12.1001)",
      "dischargeDisposition": null,
      "discharge_time": null,
      "end_time": 1277956800,
      "free_text": null,
      "mood_code": "EVN",
      "negationInd": null,
      "negationReason": null,
      "oid": "2.16.840.1.113883.3.560.1.79",
      "performer_id": null,
      "specifics": null,
      "start_time": 1277956800,
      "status_code": null,
      "time": null
    }
  ],
  "ethnicity": {
    "code": "2186-5",
    "name": "Not Hispanic or Latino",
    "codeSystem": "CDC Race"
  },
  "expired": false,
  "first": "11_06_12_Heart_Adult_DEN",
  "gender": "M",
  "insurance_providers": [
    {
      "end_time": null,
      "financial_responsibility_type": {
        "code": "SELF",
        "codeSystem": "HL7 Relationship Code"
      },
      "member_id": "1234567890",
      "name": "Other",
      "payer": {
        "name": "Other"
      },
      "relationship": null,
      "start_time": 1199163600,
      "time": null,
      "type": "OT"
    }
  ],
  "languages": null,
  "last": "0018_0068_0070_0081_0083_0075_HTN_FSAChf",
  "marital_status": null,
  "measure_ids": [
    "0070",
    "0081",
    "CholesterolScreeningTest",
    "CholesterolScreeningRisk",
    "HypertensionImprovement",
    "FSACHF",
    "0075",
    "0083",
    "0387",
    "0018",
    "0032",
    "0002",
    "0041",
    "0004",
    "ADE_TTR",
    "0068",
    "0384",
    "0062"
  ],
  "measure_period_end": 1293771600000,
  "measure_period_start": 1262322000000,
  "medical_record_number": "cbdb18379e52144f90b4756875934f6f",
  "medications": [
    {
      "administrationTiming": null,
      "codes": {
        "RxNorm": [
          "855288"
        ]
      },
      "cumulativeMedicationDuration": {
        "scalar": "566",
        "units": "days"
      },
      "deliveryMethod": null,
      "description": "Medication, Active: Warfarin (Code List: 2.16.840.1.113883.3.117.1.7.1.232)",
      "dose": null,
      "doseIndicator": null,
      "doseRestriction": null,
      "end_time": 1293858000,
      "freeTextSig": null,
      "free_text": null,
      "fulfillmentInstructions": null,
      "indication": null,
      "mood_code": "EVN",
      "negationInd": null,
      "negationReason": null,
      "oid": "2.16.840.1.113883.3.560.1.13",
      "patientInstructions": null,
      "productForm": null,
      "reaction": null,
      "route": null,
      "site": null,
      "specifics": null,
      "start_time": 1241928000,
      "statusOfMedication": null,
      "status_code": {
        "SNOMED-CT": [
          "55561003"
        ],
        "HL7 ActStatus": [
          "active"
        ]
      },
      "time": null,
      "typeOfMedication": null,
      "vehicle": null
    }
  ],
  "procedures": [

  ],
  "race": {
    "code": "1002-5",
    "name": "American Indian or Alaska Native",
    "codeSystem": "CDC Race"
  },
  "religious_affilication": null,
  "results": [
    {
      "codes": {
        "LOINC": [
          "8480-6"
        ]
      },
      "description": "Physical Exam, Finding: Systolic Blood Pressure (Code List: 2.16.840.1.113883.3.526.3.1032)",
      "end_time": 1270139400,
      "free_text": null,
      "interpretation": null,
      "mood_code": "EVN",
      "negationInd": null,
      "negationReason": null,
      "oid": "2.16.840.1.113883.3.560.1.19",
      "referenceRange": null,
      "specifics": null,
      "start_time": 1270139400,
      "status_code": null,
      "time": null,
      "values": [
        {
          "scalar": "150",
          "units": "mmHg"
        }
      ]
    }
  ],
  "source_data_criteria": [
    {
      "id": "EncounterPerformedOfficeVisit",
      "start_date": 1270137600000,
      "end_date": 1270141200000,
      "value": [

      ],
      "negation": "",
      "negation_code_list_id": null,
      "field_values": {
      },
      "oid": "2.16.840.1.113883.3.464.1003.101.12.1001"
    },
    {
      "id": "DiagnosisActiveIschemicVascularDisease",
      "start_date": 1270137900000,
      "end_date": 32503698000000,
      "value": [

      ],
      "negation": "",
      "negation_code_list_id": null,
      "field_values": {
      },
      "oid": "2.16.840.1.113883.3.464.1003.104.12.1003"
    },
    {
      "id": "DiagnosisActiveAtrialFibrillationFlutter",
      "start_date": 1178251200000,
      "end_date": 1304481600000,
      "value": [

      ],
      "negation": "",
      "negation_code_list_id": null,
      "field_values": {
      },
      "oid": "2.16.840.1.113883.3.117.1.7.1.202"
    },
    {
      "id": "DiagnosisActiveValvularHeartDisease",
      "start_date": 1214884800000,
      "end_date": 32503698000000,
      "value": [

      ],
      "negation": "",
      "negation_code_list_id": null,
      "field_values": {
      },
      "oid": "2.16.840.1.113883.3.464.1003.104.12.1017"
    },
    {
      "id": "MedicationActiveWarfarin",
      "start_date": 1241928000000,
      "end_date": 1293858000000,
      "value": [

      ],
      "negation": "",
      "negation_code_list_id": null,
      "field_values": {
        "CUMULATIVE_MEDICATION_DURATION": {
          "type": "PQ",
          "value": "566",
          "unit": "days"
        }
      },
      "oid": "2.16.840.1.113883.3.117.1.7.1.232"
    },
    {
      "id": "LaboratoryTestResultHdlCLaboratoryTest",
      "start_date": 1267463100000,
      "end_date": 1267463100000,
      "value": [
        {
          "type": "PQ",
          "value": "37",
          "unit": "mg/dL"
        }
      ],
      "negation": "",
      "negation_code_list_id": null,
      "field_values": {
      },
      "oid": "2.16.840.1.113883.3.464.1003.104.12.1012"
    },
    {
      "id": "LaboratoryTestPerformedLdlTest",
      "start_date": 1267463100000,
      "end_date": 1267463100000,
      "value": [

      ],
      "negation": "",
      "negation_code_list_id": null,
      "field_values": {
      },
      "oid": "2.16.840.1.113883.3.464.1003.198.12.1016"
    },
    {
      "id": "LaboratoryTestResultComputedValueInrPercentTtr",
      "start_date": 1270137900000,
      "end_date": 1270137900000,
      "value": [
        {
          "type": "PQ",
          "value": "2.5",
          "unit": ""
        }
      ],
      "negation": "",
      "negation_code_list_id": null,
      "field_values": {
      },
      "oid": "2.16.840.1.113883.3.464.1003.104.12.1018"
    },
    {
      "id": "DiagnosisActiveHeartFailure",
      "start_date": 1270137900000,
      "end_date": 1270137900000,
      "value": [

      ],
      "negation": "",
      "negation_code_list_id": null,
      "field_values": {
      },
      "oid": "2.16.840.1.113883.3.526.3.376"
    },
    {
      "id": "DiagnosisActiveModerateOrSevereLvsd",
      "start_date": 1270137900000,
      "end_date": 32503698000000,
      "value": [

      ],
      "negation": "",
      "negation_code_list_id": null,
      "field_values": {
      },
      "oid": "2.16.840.1.113883.3.526.3.1090"
    },
    {
      "id": "DiagnosisActiveCoronaryArteryDiseaseNoMi",
      "start_date": 1270137900000,
      "end_date": 32503698000000,
      "value": [

      ],
      "negation": "",
      "negation_code_list_id": null,
      "field_values": {
      },
      "oid": "2.16.840.1.113883.3.526.3.369"
    },
    {
      "id": "DiagnosisActiveHypertension",
      "start_date": 1270137900000,
      "end_date": 32503698000000,
      "value": [

      ],
      "negation": "",
      "negation_code_list_id": null,
      "field_values": {
      },
      "oid": "2.16.840.1.113883.3.464.1003.104.12.1016"
    },
    {
      "id": "EncounterPerformedBloodPressureVisit",
      "start_date": 1270139400000,
      "end_date": 1270139400000,
      "negation": "",
      "negation_code_list_id": null,
      "field_values": {
      },
      "oid": "2.16.840.1.113883.3.464.1003.101.12.1056"
    },
    {
      "id": "PhysicalExamFindingSystolicBloodPressure",
      "start_date": 1270139400000,
      "end_date": 1270139400000,
      "value": [
        {
          "type": "PQ",
          "value": "150",
          "unit": "mmHg"
        }
      ],
      "negation": "",
      "negation_code_list_id": null,
      "field_values": {
      },
      "oid": "2.16.840.1.113883.3.526.3.1032"
    },
    {
      "id": "LaboratoryTestResultComputedValueInrPercentTtr",
      "start_date": 1272686400000,
      "end_date": 1272686400000,
      "value": [
        {
          "type": "PQ",
          "value": "2.5",
          "unit": ""
        }
      ],
      "negation": "",
      "negation_code_list_id": null,
      "field_values": {
      },
      "oid": "2.16.840.1.113883.3.464.1003.104.12.1018"
    },
    {
      "id": "LaboratoryTestResultComputedValueInrPercentTtr",
      "start_date": 1275364800000,
      "end_date": 1275364800000,
      "value": [
        {
          "type": "PQ",
          "value": "2.5",
          "unit": ""
        }
      ],
      "negation": "",
      "negation_code_list_id": null,
      "field_values": {
      },
      "oid": "2.16.840.1.113883.3.464.1003.104.12.1018"
    },
    {
      "id": "EncounterPerformedOfficeVisit",
      "start_date": 1277956800000,
      "end_date": 1277956800000,
      "negation": "",
      "negation_code_list_id": null,
      "field_values": {
      },
      "oid": "2.16.840.1.113883.3.464.1003.101.12.1001"
    },
    {
      "id": "MeasurePeriod",
      "start_date": 1262322000000,
      "end_date": 1293771600000
    }
  ],
  "test_id": null,
  "title": null,
  "type": "ep",
  "vital_signs": [
    {
      "codes": {
        "LOINC": [
          "2085-9"
        ]
      },
      "description": "Laboratory Test, Result: HDL-C Laboratory Test (Code List: 2.16.840.1.113883.3.464.1003.104.12.1012)",
      "end_time": 1267463100,
      "free_text": null,
      "interpretation": null,
      "mood_code": "EVN",
      "negationInd": null,
      "negationReason": null,
      "oid": "2.16.840.1.113883.3.560.1.12",
      "referenceRange": null,
      "specifics": null,
      "start_time": 1267463100,
      "status_code": null,
      "time": null,
      "values": [
        {
          "scalar": "37",
          "units": "mg/dL"
        }
      ]
    },
    {
      "codes": {
        "LOINC": [
          "12773-8"
        ]
      },
      "description": "Laboratory Test, Performed: LDL Test (Code List: 2.16.840.1.113883.3.464.1003.198.12.1016)",
      "end_time": 1267463100,
      "free_text": null,
      "interpretation": null,
      "mood_code": "EVN",
      "negationInd": null,
      "negationReason": null,
      "oid": "2.16.840.1.113883.3.560.1.5",
      "referenceRange": null,
      "specifics": null,
      "start_time": 1267463100,
      "status_code": null,
      "time": null
    },
    {
      "codes": {
        "LOINC": [
          "72281-9"
        ]
      },
      "description": "Laboratory Test, Result: Computed Value INR percent TTR (Code List: 2.16.840.1.113883.3.464.1003.104.12.1018)",
      "end_time": 1270137900,
      "free_text": null,
      "interpretation": null,
      "mood_code": "EVN",
      "negationInd": null,
      "negationReason": null,
      "oid": "2.16.840.1.113883.3.560.1.12",
      "referenceRange": null,
      "specifics": null,
      "start_time": 1270137900,
      "status_code": null,
      "time": null,
      "values": [
        {
          "scalar": "2.5",
          "units": ""
        }
      ]
    },
    {
      "codes": {
        "LOINC": [
          "72281-9"
        ]
      },
      "description": "Laboratory Test, Result: Computed Value INR percent TTR (Code List: 2.16.840.1.113883.3.464.1003.104.12.1018)",
      "end_time": 1272686400,
      "free_text": null,
      "interpretation": null,
      "mood_code": "EVN",
      "negationInd": null,
      "negationReason": null,
      "oid": "2.16.840.1.113883.3.560.1.12",
      "referenceRange": null,
      "specifics": null,
      "start_time": 1272686400,
      "status_code": null,
      "time": null,
      "values": [
        {
          "scalar": "2.5",
          "units": ""
        }
      ]
    },
    {
      "codes": {
        "LOINC": [
          "72281-9"
        ]
      },
      "description": "Laboratory Test, Result: Computed Value INR percent TTR (Code List: 2.16.840.1.113883.3.464.1003.104.12.1018)",
      "end_time": 1275364800,
      "free_text": null,
      "interpretation": null,
      "mood_code": "EVN",
      "negationInd": null,
      "negationReason": null,
      "oid": "2.16.840.1.113883.3.560.1.12",
      "referenceRange": null,
      "specifics": null,
      "start_time": 1275364800,
      "status_code": null,
      "time": null,
      "values": [
        {
          "scalar": "2.5",
          "units": ""
        }
      ]
    }
  ]
}