{
  "birthdate": -294510600,
  "clinicalTrialParticipant": null,
  "conditions": [
    {
      "causeOfDeath": null,
      "codes": {
        "ICD-9-CM": [
          "174.0"
        ],
        "ICD-10-CM": [
          "C50.019"
        ],
        "SNOMED-CT": [
          "93680004"
        ]
      },
      "description": "Diagnosis, Active: Breast Cancer (Code List: 2.16.840.1.113883.3.526.3.389)",
      "end_time": null,
      "free_text": null,
      "mood_code": "EVN",
      "name": null,
      "negationInd": null,
      "negationReason": null,
      "oid": "2.16.840.1.113883.3.560.1.2",
      "ordinality": null,
      "ordinality_code": null,
      "priority": null,
      "severity": null,
      "specifics": null,
      "start_time": 1233550800,
      "status_code": {
        "SNOMED-CT": [
          "55561003"
        ],
        "HL7 ActStatus": [
          "active"
        ]
      },
      "time": null,
      "type": null
    },
    {
      "causeOfDeath": null,
      "codes": {
        "SNOMED-CT": [
          "416053008"
        ]
      },
      "description": "Diagnosis, Active: Breast Cancer ER or PR Positive (Code List: 2.16.840.1.113883.3.526.3.1303)",
      "end_time": 1267506000,
      "free_text": null,
      "mood_code": "EVN",
      "name": null,
      "negationInd": null,
      "negationReason": null,
      "oid": "2.16.840.1.113883.3.560.1.2",
      "ordinality": null,
      "ordinality_code": null,
      "priority": null,
      "severity": null,
      "specifics": null,
      "start_time": 1267506000,
      "status_code": {
        "SNOMED-CT": [
          "55561003"
        ],
        "HL7 ActStatus": [
          "active"
        ]
      },
      "time": null,
      "type": null
    }
  ],
  "deathdate": null,
  "description": "",
  "description_category": "NUMER",
  "effective_time": null,
  "elimination_population": null,
  "elimination_reason": null,
  "encounters": [
    {
      "admitType": null,
      "admit_time": null,
      "codes": {
        "CPT": [
          "99201"
        ]
      },
      "description": "Encounter, Performed: Office Visit (Code List: 2.16.840.1.113883.3.464.1003.101.12.1001)",
      "dischargeDisposition": null,
      "discharge_time": null,
      "end_time": 1265086800,
      "free_text": null,
      "mood_code": "EVN",
      "negationInd": null,
      "negationReason": null,
      "oid": "2.16.840.1.113883.3.560.1.79",
      "performer_id": null,
      "specifics": null,
      "start_time": 1265086800,
      "status_code": null,
      "time": null
    },
    {
      "admitType": null,
      "admit_time": null,
      "codes": {
        "CPT": [
          "99201"
        ]
      },
      "description": "Encounter, Performed: Office Visit (Code List: 2.16.840.1.113883.3.464.1003.101.12.1001)",
      "dischargeDisposition": null,
      "discharge_time": null,
      "end_time": 1267506000,
      "free_text": null,
      "mood_code": "EVN",
      "negationInd": null,
      "negationReason": null,
      "oid": "2.16.840.1.113883.3.560.1.79",
      "performer_id": null,
      "specifics": null,
      "start_time": 1267506000,
      "status_code": null,
      "time": null
    },
    {
      "admitType": null,
      "admit_time": null,
      "codes": {
        "CPT": [
          "99201"
        ]
      },
      "description": "Encounter, Performed: Office Visit (Code List: 2.16.840.1.113883.3.464.1003.101.12.1001)",
      "dischargeDisposition": null,
      "discharge_time": null,
      "end_time": 1273032000,
      "free_text": null,
      "mood_code": "EVN",
      "negationInd": null,
      "negationReason": null,
      "oid": "2.16.840.1.113883.3.560.1.79",
      "performer_id": null,
      "specifics": null,
      "start_time": 1273032000,
      "status_code": null,
      "time": null
    }
  ],
  "ethnicity": {
    "code": "2186-5",
    "name": "Not Hispanic or Latino",
    "codeSystem": "CDC Race"
  },
  "expired": false,
  "first": "11_06_12_Cancer_Adult_Female_NUM",
  "gender": "F",
  "insurance_providers": [
    {
      "end_time": null,
      "financial_responsibility_type": {
        "code": "SELF",
        "codeSystem": "HL7 Relationship Code"
      },
      "member_id": "1234567890",
      "name": "Other",
      "payer": {
        "name": "Other"
      },
      "relationship": null,
      "start_time": 1199163600,
      "time": null,
      "type": "OT"
    }
  ],
  "languages": null,
  "last": "0387",
  "marital_status": null,
  "measure_ids": [
    "0387",
    "0384",
    "0028",
    "0002",
    "0041",
    "0004"
  ],
  "measure_period_end": 1293771600000,
  "measure_period_start": 1262322000000,
  "medical_record_number": "1be81ce59da982792026cc82d95bc10e",
  "medications": [
    {
      "administrationTiming": null,
      "codes": {
        "RxNorm": [
          "198240"
        ]
      },
      "cumulativeMedicationDuration": null,
      "deliveryMethod": null,
      "description": "Medication, Order: Tamoxifen or Aromatase Inhibitor Therapy (Code List: 2.16.840.1.113883.3.526.3.1315)",
      "dose": null,
      "doseIndicator": null,
      "doseRestriction": null,
      "end_time": 1265086800,
      "freeTextSig": null,
      "free_text": null,
      "fulfillmentInstructions": null,
      "indication": null,
      "mood_code": "EVN",
      "negationInd": null,
      "negationReason": null,
      "oid": "2.16.840.1.113883.3.560.1.17",
      "patientInstructions": null,
      "productForm": null,
      "reaction": null,
      "route": null,
      "site": null,
      "specifics": null,
      "start_time": 1265086800,
      "statusOfMedication": null,
      "status_code": null,
      "time": null,
      "typeOfMedication": null,
      "vehicle": null
    },
    {
      "administrationTiming": null,
      "codes": {
        "RxNorm": [
          "198240"
        ]
      },
      "cumulativeMedicationDuration": null,
      "deliveryMethod": null,
      "description": "Medication, Active: Tamoxifen or Aromatase Inhibitor Therapy (Code List: 2.16.840.1.113883.3.526.3.1315)",
      "dose": null,
      "doseIndicator": null,
      "doseRestriction": null,
      "end_time": 1265086800,
      "freeTextSig": null,
      "free_text": null,
      "fulfillmentInstructions": null,
      "indication": null,
      "mood_code": "EVN",
      "negationInd": null,
      "negationReason": null,
      "oid": "2.16.840.1.113883.3.560.1.13",
      "patientInstructions": null,
      "productForm": null,
      "reaction": null,
      "route": null,
      "site": null,
      "specifics": null,
      "start_time": 1265086800,
      "statusOfMedication": null,
      "status_code": {
        "SNOMED-CT": [
          "55561003"
        ],
        "HL7 ActStatus": [
          "active"
        ]
      },
      "time": null,
      "typeOfMedication": null,
      "vehicle": null
    }
  ],
  "procedures": [
    {
      "codes": {
        "SNOMED-CT": [
          "116783008"
        ]
      },
      "description": "Procedure, Performed: Clinical Staging Procedure (Code List: 2.16.840.1.113883.3.526.3.1098)",
      "end_time": 1267506000,
      "free_text": null,
      "incisionDateTime": null,
      "mood_code": "EVN",
      "negationInd": null,
      "negationReason": null,
      "oid": "2.16.840.1.113883.3.560.1.6",
      "performer_id": null,
      "site": null,
      "specifics": null,
      "start_time": 1267506000,
      "status_code": null,
      "time": null,
      "values": [
        {
          "codes": {
            "SNOMED-CT": [
              "433431000124101"
            ]
          },
          "description": "\"Breast Cancer Regional Lymph Node Status N3\" SNOMED value set\n"
        },
        {
          "codes": {
            "SNOMED-CT": [
              "433411000124107"
            ]
          },
          "description": "Neoplasm of breast distant metastasis staging category M0: No clinical or radiographic evidence of distant metastasis (finding)"
        }
      ]
    },
    {
      "codes": {
        "SNOMED-CT": [
          "116783008"
        ]
      },
      "description": "Procedure, Performed: Clinical Staging Procedure (Code List: 2.16.840.1.113883.3.526.3.1098)",
      "end_time": 1267506000,
      "free_text": null,
      "incisionDateTime": null,
      "mood_code": "EVN",
      "negationInd": null,
      "negationReason": null,
      "oid": "2.16.840.1.113883.3.560.1.6",
      "performer_id": null,
      "site": null,
      "specifics": null,
      "start_time": 1267506000,
      "status_code": null,
      "time": null,
      "values": [
        {
          "codes": {
          },
          "description": null
        }
      ]
    }
  ],
  "race": {
    "code": "1002-5",
    "name": "American Indian or Alaska Native",
    "codeSystem": "CDC Race"
  },
  "religious_affilication": null,
  "source_data_criteria": [
    {
      "id": "DiagnosisActiveBreastCancer",
      "start_date": 1233550800000,
      "end_date": 32503698000000,
      "value": [

      ],
      "negation": "",
      "negation_code_list_id": null,
      "field_values": {
      },
      "oid": "2.16.840.1.113883.3.526.3.389"
    },
    {
      "id": "MedicationOrderTamoxifenOrAromataseInhibitorTherapy",
      "start_date": 1265086800000,
      "end_date": 1265086800000,
      "value": [

      ],
      "negation": "",
      "negation_code_list_id": null,
      "field_values": {
      },
      "oid": "2.16.840.1.113883.3.526.3.1315"
    },
    {
      "id": "EncounterPerformedOfficeVisit",
      "start_date": 1265086800000,
      "end_date": 1265086800000,
      "oid": "2.16.840.1.113883.3.464.1003.101.12.1001"
    },
    {
      "id": "MedicationActiveTamoxifenOrAromataseInhibitorTherapy",
      "start_date": 1265086800000,
      "end_date": 1265086800000,
      "oid": "2.16.840.1.113883.3.526.3.1315"
    },
    {
      "id": "DiagnosisActiveBreastCancerErOrPrPositive",
      "start_date": 1267506000000,
      "end_date": 1267506000000,
      "oid": "2.16.840.1.113883.3.526.3.1303"
    },
    {
      "id": "EncounterPerformedOfficeVisit",
      "start_date": 1267506000000,
      "end_date": 1267506000000,
      "oid": "2.16.840.1.113883.3.464.1003.101.12.1001"
    },
    {
      "id": "ProcedurePerformedClinicalStagingProcedure",
      "start_date": 1267506000000,
      "end_date": 1267506000000,
      "value": [
        {
          "type": "CD",
          "code_list_id": "2.16.840.1.113883.3.526.3.1314",
          "title": "breast_cancer_regional_lymph_node_status_n3 (50730c34044a11ba790002e9)"
        },
        {
          "type": "CD",
          "code_list_id": "2.16.840.1.113883.3.526.2.1012",
          "title": "breast_distant_metastasis_status_m0 (50730c34044a11ba790002e9)"
        }
      ],
      "negation": "",
      "negation_code_list_id": null,
      "field_values": {
      },
      "oid": "2.16.840.1.113883.3.526.3.1098"
    },
    {
      "id": "ProcedurePerformedClinicalStagingProcedure",
      "start_date": 1267506000000,
      "end_date": 1267506000000,
      "value": [
        {
          "type": "CD",
          "code_list_id": "2.16.840.1.113883.3.526.03.1302",
          "title": "breast_distant_metastasis_status_m0"
        }
      ],
      "oid": "2.16.840.1.113883.3.526.3.1098"
    },
    {
      "id": "OccurrenceAOfficeVisit66",
      "start_date": 1273032000000,
      "end_date": 1273032000000,
      "value": [

      ],
      "negation": "",
      "negation_code_list_id": null,
      "field_values": {
      },
      "oid": "2.16.840.1.113883.3.464.1003.101.12.1001"
    },
    {
      "id": "MeasurePeriod",
      "start_date": 1262322000000,
      "end_date": 1293771600000
    }
  ],
  "test_id": null,
  "title": null,
  "type": "ep"
}