{
  "birthdate": 946715400,
  "clinicalTrialParticipant": null,
  "conditions": [
    {
      "causeOfDeath": null,
      "codes": {
        "ICD-9-CM": [
          "250.00"
        ],
        "ICD-10-CM": [
          "E10.8"
        ],
        "SNOMED-CT": [
          "4783006"
        ]
      },
      "description": "Diagnosis, Active: Diabetes (Code List: 2.16.840.1.113883.3.464.1003.103.12.1001)",
      "end_time": null,
      "free_text": null,
      "mood_code": "EVN",
      "name": null,
      "negationInd": null,
      "negationReason": null,
      "oid": "2.16.840.1.113883.3.560.1.2",
      "ordinality": null,
      "ordinality_code": null,
      "priority": null,
      "severity": null,
      "specifics": null,
      "start_time": 1235883600,
      "status_code": {
        "SNOMED-CT": [
          "55561003"
        ],
        "HL7 ActStatus": [
          "active"
        ]
      },
      "time": null,
      "type": null
    }
  ],
  "deathdate": null,
  "description": "",
  "description_category": "DENOM",
  "effective_time": null,
  "elimination_population": null,
  "elimination_reason": null,
  "encounters": [
    {
      "admitType": null,
      "admit_time": null,
      "codes": {
        "CPT": [
          "92002"
        ],
        "SNOMED-CT": [
          "4525004"
        ]
      },
      "description": "Encounter, Performed: Diabetes Visit (Code List: 2.16.840.1.113883.3.464.1003.103.12.1012)",
      "dischargeDisposition": null,
      "discharge_time": null,
      "end_time": 1230786000,
      "free_text": null,
      "mood_code": "EVN",
      "negationInd": null,
      "negationReason": null,
      "oid": "2.16.840.1.113883.3.560.1.79",
      "performer_id": null,
      "specifics": null,
      "start_time": 1230786000,
      "status_code": null,
      "time": null
    },
    {
      "admitType": null,
      "admit_time": null,
      "codes": {
        "CPT": [
          "92002"
        ],
        "SNOMED-CT": [
          "4525004"
        ]
      },
      "description": "Encounter, Performed: Diabetes Visit (Code List: 2.16.840.1.113883.3.464.1003.103.12.1012)",
      "dischargeDisposition": null,
      "discharge_time": null,
      "end_time": 1265043600,
      "free_text": null,
      "mood_code": "EVN",
      "negationInd": null,
      "negationReason": null,
      "oid": "2.16.840.1.113883.3.560.1.79",
      "performer_id": null,
      "specifics": null,
      "start_time": 1265043600,
      "status_code": null,
      "time": null
    }
  ],
  "ethnicity": {
    "code": "2186-5",
    "name": "Not Hispanic or Latino",
    "codeSystem": "CDC Race"
  },
  "expired": false,
  "first": "11_06_12_Diabetes_Peds_DEN",
  "gender": "F",
  "insurance_providers": [
    {
      "end_time": null,
      "financial_responsibility_type": {
        "code": "SELF",
        "codeSystem": "HL7 Relationship Code"
      },
      "member_id": "1234567890",
      "name": "Other",
      "payer": {
        "name": "Other"
      },
      "relationship": null,
      "start_time": 1199163600,
      "time": null,
      "type": "OT"
    }
  ],
  "languages": null,
  "last": "0060",
  "marital_status": null,
  "measure_ids": [
    "0060",
    "ChildDentalDecay",
    "0024",
    "0022",
    "0034",
    "0002",
    "0038",
    "0004",
    "0384"
  ],
  "measure_period_end": 1293771600000,
  "measure_period_start": 1262322000000,
  "medical_record_number": "ee85c89f24946e2ddca12c6edc5181dc",
  "race": {
    "code": "1002-5",
    "name": "American Indian or Alaska Native",
    "codeSystem": "CDC Race"
  },
  "religious_affilication": null,
  "source_data_criteria": [
    {
      "id": "EncounterPerformedDiabetesVisit",
      "start_date": 1230786000000,
      "end_date": 1230786000000,
      "negation": "",
      "negation_code_list_id": null,
      "field_values": {
      },
      "oid": "2.16.840.1.113883.3.464.1003.103.12.1012"
    },
    {
      "id": "DiagnosisActiveDiabetes",
      "start_date": 1235883600000,
      "end_date": 32503698000000,
      "value": [

      ],
      "negation": "",
      "negation_code_list_id": null,
      "field_values": {
      },
      "oid": "2.16.840.1.113883.3.464.1003.103.12.1001"
    },
    {
      "id": "OccurrenceADiabetesVisit55",
      "start_date": 1265043600000,
      "end_date": 1265043600000,
      "negation": "",
      "negation_code_list_id": null,
      "field_values": {
      },
      "oid": "2.16.840.1.113883.3.464.1003.103.12.1012"
    },
    {
      "id": "MeasurePeriod",
      "start_date": 1262322000000,
      "end_date": 1293771600000
    }
  ],
  "test_id": null,
  "title": null,
  "type": "ep"
}