{
  "id": "8A4D92B2-3887-5DF3-0139-013B0C87524A",
  "nqf_id": "0436",
  "hqmf_id": "8A4D92B2-3887-5DF3-0139-013B0C87524A",
  "hqmf_set_id": "03876D69-085B-415C-AE9D-9924171040C2",
  "hqmf_version_number": 1,
  "endorser": null,
  "name": "Anticoagulation Therapy for Atrial Fibrillation/Flutter",
  "description": "Ischemic stroke patients with atrial fibrillation/flutter who are prescribed anticoagulation therapy at hospital discharge.",
  "type": "eh",
  "category": "Stroke",
  "steward": null,
  "population": {
    "conjunction": "and",
    "items": [
      {
        "conjunction": "and",
        "items": [
          {
            "title": "birth date",
            "description": "Patient Characteristic Birthdate: birth date",
            "standard_category": "individual_characteristic",
            "qds_data_type": "individual_characteristic",
            "code_list_id": "2.16.840.1.113883.3.560.100.4",
            "property": "birthtime",
            "type": "characteristic",
            "definition": "patient_characteristic_birthdate",
            "hard_status": false,
            "negation": false,
            "source_data_criteria": "PatientCharacteristicBirthdateBirthDate",
            "inline_code_list": {
              "LOINC": [
                "21112-8"
              ]
            },
            "temporal_references": [
              {
                "type": "SBS",
                "reference": {
                  "title": "Inpatient Encounter",
                  "description": "Encounter, Performed: Inpatient Encounter",
                  "standard_category": "encounter",
                  "qds_data_type": "encounter",
                  "code_list_id": "2.16.840.1.113883.3.117.1.7.1.23",
                  "type": "encounters",
                  "definition": "encounter",
                  "status": "performed",
                  "hard_status": false,
                  "negation": false,
                  "specific_occurrence": "A",
                  "source_data_criteria": "OccurrenceAInpatientEncounter40"
                },
                "range": {
                  "type": "IVL_PQ",
                  "low": {
                    "type": "PQ",
                    "unit": "a",
                    "value": "18",
                    "inclusive?": true,
                    "derived?": false
                  }
                }
              }
            ]
          },
          {
            "title": "Inpatient Encounter",
            "description": "Encounter, Performed: Inpatient Encounter",
            "standard_category": "encounter",
            "qds_data_type": "encounter",
            "code_list_id": "2.16.840.1.113883.3.117.1.7.1.23",
            "type": "encounters",
            "definition": "encounter",
            "status": "performed",
            "hard_status": false,
            "negation": false,
            "specific_occurrence": "A",
            "source_data_criteria": "OccurrenceAInpatientEncounter40",
            "field_values": {
              "LENGTH_OF_STAY": {
                "type": "IVL_PQ",
                "high": {
                  "type": "PQ",
                  "unit": "d",
                  "value": "120",
                  "inclusive?": true,
                  "derived?": false
                }
              }
            }
          },
          {
            "title": "Inpatient Encounter",
            "description": "Encounter, Performed: Inpatient Encounter",
            "standard_category": "encounter",
            "qds_data_type": "encounter",
            "code_list_id": "2.16.840.1.113883.3.117.1.7.1.23",
            "type": "encounters",
            "definition": "encounter",
            "status": "performed",
            "hard_status": false,
            "negation": false,
            "specific_occurrence": "A",
            "source_data_criteria": "OccurrenceAInpatientEncounter40",
            "field_values": {
              "DISCHARGE_DATETIME": {
                "type": "ANYNonNull"
              }
            },
            "temporal_references": [
              {
                "type": "DURING",
                "reference": "MeasurePeriod",
                "title": "MeasurePeriod"
              }
            ]
          },
          {
            "conjunction": "or",
            "items": [
              {
                "title": "Ischemic Stroke",
                "description": "Diagnosis, Active: Ischemic Stroke",
                "standard_category": "diagnosis_condition_problem",
                "qds_data_type": "diagnosis_active",
                "code_list_id": "2.16.840.1.113883.3.117.1.7.1.247",
                "type": "conditions",
                "definition": "diagnosis",
                "status": "active",
                "hard_status": false,
                "negation": false,
                "source_data_criteria": "DiagnosisActiveIschemicStroke",
                "field_values": {
                  "ORDINAL": {
                    "type": "CD",
                    "code_list_id": "2.16.840.1.113883.3.117.2.7.1.14",
                    "title": "Principal Diagnosis"
                  }
                },
                "temporal_references": [
                  {
                    "type": "SDU",
                    "reference": {
                      "title": "Inpatient Encounter",
                      "description": "Encounter, Performed: Inpatient Encounter",
                      "standard_category": "encounter",
                      "qds_data_type": "encounter",
                      "code_list_id": "2.16.840.1.113883.3.117.1.7.1.23",
                      "type": "encounters",
                      "definition": "encounter",
                      "status": "performed",
                      "hard_status": false,
                      "negation": false,
                      "specific_occurrence": "A",
                      "source_data_criteria": "OccurrenceAInpatientEncounter40"
                    }
                  }
                ]
              },
              {
                "title": "Hemorrhagic Stroke",
                "description": "Diagnosis, Active: Hemorrhagic Stroke",
                "standard_category": "diagnosis_condition_problem",
                "qds_data_type": "diagnosis_active",
                "code_list_id": "2.16.840.1.113883.3.117.1.7.1.212",
                "type": "conditions",
                "definition": "diagnosis",
                "status": "active",
                "hard_status": false,
                "negation": false,
                "source_data_criteria": "DiagnosisActiveHemorrhagicStroke",
                "field_values": {
                  "ORDINAL": {
                    "type": "CD",
                    "code_list_id": "2.16.840.1.113883.3.117.2.7.1.14",
                    "title": "Principal Diagnosis"
                  }
                },
                "temporal_references": [
                  {
                    "type": "SDU",
                    "reference": {
                      "title": "Inpatient Encounter",
                      "description": "Encounter, Performed: Inpatient Encounter",
                      "standard_category": "encounter",
                      "qds_data_type": "encounter",
                      "code_list_id": "2.16.840.1.113883.3.117.1.7.1.23",
                      "type": "encounters",
                      "definition": "encounter",
                      "status": "performed",
                      "hard_status": false,
                      "negation": false,
                      "specific_occurrence": "A",
                      "source_data_criteria": "OccurrenceAInpatientEncounter40"
                    }
                  }
                ]
              }
            ],
            "negation": null,
            "precondition_id": 3550
          }
        ],
        "negation": null,
        "precondition_id": 3553
      }
    ]
  },
  "denominator": {
    "conjunction": "and",
    "items": [
      {
        "conjunction": "and",
        "items": [
          {
            "title": "Ischemic Stroke",
            "description": "Diagnosis, Active: Ischemic Stroke",
            "standard_category": "diagnosis_condition_problem",
            "qds_data_type": "diagnosis_active",
            "code_list_id": "2.16.840.1.113883.3.117.1.7.1.247",
            "type": "conditions",
            "definition": "diagnosis",
            "status": "active",
            "hard_status": false,
            "negation": false,
            "source_data_criteria": "DiagnosisActiveIschemicStroke",
            "field_values": {
              "ORDINAL": {
                "type": "CD",
                "code_list_id": "2.16.840.1.113883.3.117.2.7.1.14",
                "title": "Principal Diagnosis"
              }
            },
            "temporal_references": [
              {
                "type": "SDU",
                "reference": {
                  "title": "Inpatient Encounter",
                  "description": "Encounter, Performed: Inpatient Encounter",
                  "standard_category": "encounter",
                  "qds_data_type": "encounter",
                  "code_list_id": "2.16.840.1.113883.3.117.1.7.1.23",
                  "type": "encounters",
                  "definition": "encounter",
                  "status": "performed",
                  "hard_status": false,
                  "negation": false,
                  "specific_occurrence": "A",
                  "source_data_criteria": "OccurrenceAInpatientEncounter40"
                }
              }
            ]
          },
          {
            "conjunction": "or",
            "items": [
              {
                "title": "Atrial Ablation",
                "description": "Procedure, Performed: Atrial Ablation",
                "standard_category": "procedure",
                "qds_data_type": "procedure_performed",
                "code_list_id": "2.16.840.1.113883.3.117.1.7.1.203",
                "type": "procedures",
                "definition": "procedure",
                "status": "performed",
                "hard_status": false,
                "negation": false,
                "source_data_criteria": "ProcedurePerformedAtrialAblation",
                "temporal_references": [
                  {
                    "type": "SBS",
                    "reference": {
                      "title": "Inpatient Encounter",
                      "description": "Encounter, Performed: Inpatient Encounter",
                      "standard_category": "encounter",
                      "qds_data_type": "encounter",
                      "code_list_id": "2.16.840.1.113883.3.117.1.7.1.23",
                      "type": "encounters",
                      "definition": "encounter",
                      "status": "performed",
                      "hard_status": false,
                      "negation": false,
                      "specific_occurrence": "A",
                      "source_data_criteria": "OccurrenceAInpatientEncounter40"
                    }
                  }
                ]
              },
              {
                "title": "Atrial Fibrillation/Flutter",
                "description": "Diagnosis, Active: Atrial Fibrillation/Flutter",
                "standard_category": "diagnosis_condition_problem",
                "qds_data_type": "diagnosis_active",
                "code_list_id": "2.16.840.1.113883.3.117.1.7.1.202",
                "type": "conditions",
                "definition": "diagnosis",
                "status": "active",
                "hard_status": false,
                "negation": false,
                "source_data_criteria": "DiagnosisActiveAtrialFibrillationFlutter",
                "temporal_references": [
                  {
                    "type": "SBE",
                    "reference": {
                      "title": "Inpatient Encounter",
                      "description": "Encounter, Performed: Inpatient Encounter",
                      "standard_category": "encounter",
                      "qds_data_type": "encounter",
                      "code_list_id": "2.16.840.1.113883.3.117.1.7.1.23",
                      "type": "encounters",
                      "definition": "encounter",
                      "status": "performed",
                      "hard_status": false,
                      "negation": false,
                      "specific_occurrence": "A",
                      "source_data_criteria": "OccurrenceAInpatientEncounter40"
                    }
                  }
                ]
              },
              {
                "title": "Atrial Fibrillation/Flutter",
                "description": "Diagnosis, Inactive: Atrial Fibrillation/Flutter",
                "standard_category": "diagnosis_condition_problem",
                "qds_data_type": "diagnosis_inactive",
                "code_list_id": "2.16.840.1.113883.3.117.1.7.1.202",
                "type": "conditions",
                "definition": "diagnosis",
                "status": "inactive",
                "hard_status": true,
                "negation": false,
                "source_data_criteria": "DiagnosisInactiveAtrialFibrillationFlutter",
                "temporal_references": [
                  {
                    "type": "SBS",
                    "reference": {
                      "title": "Inpatient Encounter",
                      "description": "Encounter, Performed: Inpatient Encounter",
                      "standard_category": "encounter",
                      "qds_data_type": "encounter",
                      "code_list_id": "2.16.840.1.113883.3.117.1.7.1.23",
                      "type": "encounters",
                      "definition": "encounter",
                      "status": "performed",
                      "hard_status": false,
                      "negation": false,
                      "specific_occurrence": "A",
                      "source_data_criteria": "OccurrenceAInpatientEncounter40"
                    }
                  }
                ]
              },
              {
                "title": "Atrial Fibrillation/Flutter",
                "description": "Diagnostic Study, Result: Atrial Fibrillation/Flutter",
                "standard_category": "diagnostic_study",
                "qds_data_type": "diagnostic_study_result",
                "code_list_id": "2.16.840.1.113883.3.117.1.7.1.249",
                "type": "diagnostic_studies",
                "definition": "diagnostic_study_result",
                "hard_status": false,
                "negation": false,
                "source_data_criteria": "DiagnosticStudyResultAtrialFibrillationFlutter",
                "temporal_references": [
                  {
                    "type": "SBE",
                    "reference": {
                      "title": "Inpatient Encounter",
                      "description": "Encounter, Performed: Inpatient Encounter",
                      "standard_category": "encounter",
                      "qds_data_type": "encounter",
                      "code_list_id": "2.16.840.1.113883.3.117.1.7.1.23",
                      "type": "encounters",
                      "definition": "encounter",
                      "status": "performed",
                      "hard_status": false,
                      "negation": false,
                      "specific_occurrence": "A",
                      "source_data_criteria": "OccurrenceAInpatientEncounter40"
                    }
                  }
                ]
              }
            ],
            "negation": null,
            "precondition_id": 3537
          }
        ],
        "negation": null,
        "precondition_id": 3539
      }
    ]
  },
  "numerator": {
    "conjunction": "and",
    "items": [
      {
        "conjunction": "and",
        "items": [
          {
            "title": "Anticoagulant Therapy",
            "description": "Medication, Discharge: Anticoagulant Therapy",
            "standard_category": "medication",
            "qds_data_type": "medication_discharge",
            "code_list_id": "2.16.840.1.113883.3.117.1.7.1.200",
            "type": "medications",
            "definition": "medication_discharge",
            "hard_status": false,
            "negation": false,
            "source_data_criteria": "MedicationDischargeAnticoagulantTherapy",
            "temporal_references": [
              {
                "type": "DURING",
                "reference": {
                  "title": "Inpatient Encounter",
                  "description": "Encounter, Performed: Inpatient Encounter",
                  "standard_category": "encounter",
                  "qds_data_type": "encounter",
                  "code_list_id": "2.16.840.1.113883.3.117.1.7.1.23",
                  "type": "encounters",
                  "definition": "encounter",
                  "status": "performed",
                  "hard_status": false,
                  "negation": false,
                  "specific_occurrence": "A",
                  "source_data_criteria": "OccurrenceAInpatientEncounter40"
                }
              }
            ]
          }
        ],
        "negation": null,
        "precondition_id": 3526
      }
    ]
  },
  "exclusions": {
    "conjunction": "and",
    "items": [
      {
        "conjunction": "and",
        "items": [
          {
            "conjunction": "or",
            "items": [
              {
                "title": "Inpatient Encounter",
                "description": "Encounter, Performed: Inpatient Encounter",
                "standard_category": "encounter",
                "qds_data_type": "encounter",
                "code_list_id": "2.16.840.1.113883.3.117.1.7.1.23",
                "type": "encounters",
                "definition": "encounter",
                "status": "performed",
                "hard_status": false,
                "negation": false,
                "specific_occurrence": "A",
                "source_data_criteria": "OccurrenceAInpatientEncounter40",
                "field_values": {
                  "DISCHARGE_STATUS": {
                    "type": "CD",
                    "code_list_id": "2.16.840.1.113883.3.117.1.7.1.309",
                    "title": "Patient Expired"
                  }
                }
              },
              {
                "title": "Inpatient Encounter",
                "description": "Encounter, Performed: Inpatient Encounter",
                "standard_category": "encounter",
                "qds_data_type": "encounter",
                "code_list_id": "2.16.840.1.113883.3.117.1.7.1.23",
                "type": "encounters",
                "definition": "encounter",
                "status": "performed",
                "hard_status": false,
                "negation": false,
                "specific_occurrence": "A",
                "source_data_criteria": "OccurrenceAInpatientEncounter40",
                "field_values": {
                  "DISCHARGE_STATUS": {
                    "type": "CD",
                    "code_list_id": "2.16.840.1.113883.3.117.1.7.1.87",
                    "title": "Discharge To Another Hospital"
                  }
                }
              },
              {
                "title": "Inpatient Encounter",
                "description": "Encounter, Performed: Inpatient Encounter",
                "standard_category": "encounter",
                "qds_data_type": "encounter",
                "code_list_id": "2.16.840.1.113883.3.117.1.7.1.23",
                "type": "encounters",
                "definition": "encounter",
                "status": "performed",
                "hard_status": false,
                "negation": false,
                "specific_occurrence": "A",
                "source_data_criteria": "OccurrenceAInpatientEncounter40",
                "field_values": {
                  "DISCHARGE_STATUS": {
                    "type": "CD",
                    "code_list_id": "2.16.840.1.113883.3.117.1.7.1.207",
                    "title": "Discharged to Health Care Facility for Hospice Care"
                  }
                }
              },
              {
                "title": "Inpatient Encounter",
                "description": "Encounter, Performed: Inpatient Encounter",
                "standard_category": "encounter",
                "qds_data_type": "encounter",
                "code_list_id": "2.16.840.1.113883.3.117.1.7.1.23",
                "type": "encounters",
                "definition": "encounter",
                "status": "performed",
                "hard_status": false,
                "negation": false,
                "specific_occurrence": "A",
                "source_data_criteria": "OccurrenceAInpatientEncounter40",
                "field_values": {
                  "DISCHARGE_STATUS": {
                    "type": "CD",
                    "code_list_id": "2.16.840.1.113883.3.117.1.7.1.209",
                    "title": "Discharged to Home for Hospice Care"
                  }
                }
              },
              {
                "title": "Inpatient Encounter",
                "description": "Encounter, Performed: Inpatient Encounter",
                "standard_category": "encounter",
                "qds_data_type": "encounter",
                "code_list_id": "2.16.840.1.113883.3.117.1.7.1.23",
                "type": "encounters",
                "definition": "encounter",
                "status": "performed",
                "hard_status": false,
                "negation": false,
                "specific_occurrence": "A",
                "source_data_criteria": "OccurrenceAInpatientEncounter40",
                "field_values": {
                  "REASON": {
                    "type": "CD",
                    "code_list_id": "2.16.840.1.113883.3.117.1.7.1.204",
                    "title": "Carotid Intervention"
                  }
                }
              },
              {
                "title": "Inpatient Encounter",
                "description": "Encounter, Performed: Inpatient Encounter",
                "standard_category": "encounter",
                "qds_data_type": "encounter",
                "code_list_id": "2.16.840.1.113883.3.117.1.7.1.23",
                "type": "encounters",
                "definition": "encounter",
                "status": "performed",
                "hard_status": false,
                "negation": false,
                "specific_occurrence": "A",
                "source_data_criteria": "OccurrenceAInpatientEncounter40",
                "field_values": {
                  "DISCHARGE_STATUS": {
                    "type": "CD",
                    "code_list_id": "2.16.840.1.113883.3.117.1.7.1.308",
                    "title": "Left Against Medical Advice"
                  }
                }
              },
              {
                "conjunction": "and",
                "items": [
                  {
                    "title": "Inpatient Encounter",
                    "description": "Encounter, Performed: Inpatient Encounter",
                    "standard_category": "encounter",
                    "qds_data_type": "encounter",
                    "code_list_id": "2.16.840.1.113883.3.117.1.7.1.23",
                    "type": "encounters",
                    "definition": "encounter",
                    "status": "performed",
                    "hard_status": false,
                    "negation": false,
                    "specific_occurrence": "A",
                    "source_data_criteria": "OccurrenceAInpatientEncounter40",
                    "field_values": {
                      "ADMISSION_DATETIME": {
                        "type": "ANYNonNull"
                      }
                    },
                    "temporal_references": [
                      {
                        "type": "SAS",
                        "reference": {
                          "title": "Emergency Department Visit",
                          "description": "Encounter, Performed: Emergency Department Visit",
                          "standard_category": "encounter",
                          "qds_data_type": "encounter",
                          "code_list_id": "2.16.840.1.113883.3.117.1.7.1.293",
                          "type": "encounters",
                          "definition": "encounter",
                          "status": "performed",
                          "hard_status": false,
                          "negation": false,
                          "specific_occurrence": "A",
                          "source_data_criteria": "OccurrenceAEmergencyDepartmentVisit41",
                          "field_values": {
                            "FACILITY_LOCATION_DEPARTURE_DATETIME": null
                          }
                        },
                        "range": {
                          "type": "IVL_PQ",
                          "high": {
                            "type": "PQ",
                            "unit": "h",
                            "value": "1",
                            "inclusive?": true,
                            "derived?": false
                          }
                        }
                      }
                    ]
                  },
                  {
                    "conjunction": "or",
                    "items": [
                      {
                        "conjunction": "and",
                        "items": [
                          {
                            "title": "Palliative Care",
                            "description": "Intervention, Ordered: Palliative Care",
                            "standard_category": "procedure",
                            "qds_data_type": "procedure_performed",
                            "code_list_id": "2.16.840.1.113883.3.526.2.1076",
                            "type": "interventions",
                            "definition": "intervention",
                            "status": "ordered",
                            "hard_status": false,
                            "negation": false,
                            "specific_occurrence": "A",
                            "source_data_criteria": "OccurrenceAPalliativeCare42",
                            "temporal_references": [
                              {
                                "type": "SAS",
                                "reference": {
                                  "title": "Emergency Department Visit",
                                  "description": "Encounter, Performed: Emergency Department Visit",
                                  "standard_category": "encounter",
                                  "qds_data_type": "encounter",
                                  "code_list_id": "2.16.840.1.113883.3.117.1.7.1.293",
                                  "type": "encounters",
                                  "definition": "encounter",
                                  "status": "performed",
                                  "hard_status": false,
                                  "negation": false,
                                  "specific_occurrence": "A",
                                  "source_data_criteria": "OccurrenceAEmergencyDepartmentVisit41",
                                  "field_values": {
                                    "FACILITY_LOCATION_DEPARTURE_DATETIME": null
                                  }
                                }
                              }
                            ]
                          },
                          {
                            "title": "Palliative Care",
                            "description": "Intervention, Ordered: Palliative Care",
                            "standard_category": "procedure",
                            "qds_data_type": "procedure_performed",
                            "code_list_id": "2.16.840.1.113883.3.526.2.1076",
                            "type": "interventions",
                            "definition": "intervention",
                            "status": "ordered",
                            "hard_status": false,
                            "negation": false,
                            "specific_occurrence": "A",
                            "source_data_criteria": "OccurrenceAPalliativeCare42",
                            "temporal_references": [
                              {
                                "type": "SBE",
                                "reference": {
                                  "title": "Inpatient Encounter",
                                  "description": "Encounter, Performed: Inpatient Encounter",
                                  "standard_category": "encounter",
                                  "qds_data_type": "encounter",
                                  "code_list_id": "2.16.840.1.113883.3.117.1.7.1.23",
                                  "type": "encounters",
                                  "definition": "encounter",
                                  "status": "performed",
                                  "hard_status": false,
                                  "negation": false,
                                  "specific_occurrence": "A",
                                  "source_data_criteria": "OccurrenceAInpatientEncounter40"
                                }
                              }
                            ]
                          }
                        ],
                        "negation": null,
                        "precondition_id": 3501
                      },
                      {
                        "conjunction": "and",
                        "items": [
                          {
                            "title": "Palliative Care",
                            "description": "Intervention, Performed: Palliative Care",
                            "standard_category": "procedure",
                            "qds_data_type": "procedure_performed",
                            "code_list_id": "2.16.840.1.113883.3.526.2.1076",
                            "type": "interventions",
                            "definition": "intervention",
                            "status": "performed",
                            "hard_status": false,
                            "negation": false,
                            "specific_occurrence": "A",
                            "source_data_criteria": "OccurrenceAPalliativeCare43",
                            "temporal_references": [
                              {
                                "type": "SAS",
                                "reference": {
                                  "title": "Emergency Department Visit",
                                  "description": "Encounter, Performed: Emergency Department Visit",
                                  "standard_category": "encounter",
                                  "qds_data_type": "encounter",
                                  "code_list_id": "2.16.840.1.113883.3.117.1.7.1.293",
                                  "type": "encounters",
                                  "definition": "encounter",
                                  "status": "performed",
                                  "hard_status": false,
                                  "negation": false,
                                  "specific_occurrence": "A",
                                  "source_data_criteria": "OccurrenceAEmergencyDepartmentVisit41",
                                  "field_values": {
                                    "FACILITY_LOCATION_ARRIVAL_DATETIME": null
                                  }
                                }
                              }
                            ]
                          },
                          {
                            "title": "Palliative Care",
                            "description": "Intervention, Performed: Palliative Care",
                            "standard_category": "procedure",
                            "qds_data_type": "procedure_performed",
                            "code_list_id": "2.16.840.1.113883.3.526.2.1076",
                            "type": "interventions",
                            "definition": "intervention",
                            "status": "performed",
                            "hard_status": false,
                            "negation": false,
                            "specific_occurrence": "A",
                            "source_data_criteria": "OccurrenceAPalliativeCare43",
                            "temporal_references": [
                              {
                                "type": "SBE",
                                "reference": {
                                  "title": "Inpatient Encounter",
                                  "description": "Encounter, Performed: Inpatient Encounter",
                                  "standard_category": "encounter",
                                  "qds_data_type": "encounter",
                                  "code_list_id": "2.16.840.1.113883.3.117.1.7.1.23",
                                  "type": "encounters",
                                  "definition": "encounter",
                                  "status": "performed",
                                  "hard_status": false,
                                  "negation": false,
                                  "specific_occurrence": "A",
                                  "source_data_criteria": "OccurrenceAInpatientEncounter40"
                                }
                              }
                            ]
                          }
                        ],
                        "negation": null,
                        "precondition_id": 3508
                      }
                    ],
                    "negation": null,
                    "precondition_id": 3510
                  }
                ],
                "negation": null,
                "precondition_id": 3512
              },
              {
                "conjunction": "or",
                "items": [
                  {
                    "title": "Palliative Care",
                    "description": "Intervention, Performed: Palliative Care",
                    "standard_category": "procedure",
                    "qds_data_type": "procedure_performed",
                    "code_list_id": "2.16.840.1.113883.3.526.2.1076",
                    "type": "interventions",
                    "definition": "intervention",
                    "status": "performed",
                    "hard_status": false,
                    "negation": false,
                    "source_data_criteria": "InterventionPerformedPalliativeCare",
                    "temporal_references": [
                      {
                        "type": "SDU",
                        "reference": {
                          "title": "Inpatient Encounter",
                          "description": "Encounter, Performed: Inpatient Encounter",
                          "standard_category": "encounter",
                          "qds_data_type": "encounter",
                          "code_list_id": "2.16.840.1.113883.3.117.1.7.1.23",
                          "type": "encounters",
                          "definition": "encounter",
                          "status": "performed",
                          "hard_status": false,
                          "negation": false,
                          "specific_occurrence": "A",
                          "source_data_criteria": "OccurrenceAInpatientEncounter40"
                        }
                      }
                    ]
                  },
                  {
                    "title": "Palliative Care",
                    "description": "Intervention, Order: Palliative Care",
                    "standard_category": "procedure",
                    "qds_data_type": "procedure_performed",
                    "code_list_id": "2.16.840.1.113883.3.526.2.1076",
                    "type": "interventions",
                    "definition": "intervention",
                    "status": "ordered",
                    "hard_status": false,
                    "negation": false,
                    "source_data_criteria": "InterventionOrderPalliativeCare",
                    "temporal_references": [
                      {
                        "type": "SDU",
                        "reference": {
                          "title": "Inpatient Encounter",
                          "description": "Encounter, Performed: Inpatient Encounter",
                          "standard_category": "encounter",
                          "qds_data_type": "encounter",
                          "code_list_id": "2.16.840.1.113883.3.117.1.7.1.23",
                          "type": "encounters",
                          "definition": "encounter",
                          "status": "performed",
                          "hard_status": false,
                          "negation": false,
                          "specific_occurrence": "A",
                          "source_data_criteria": "OccurrenceAInpatientEncounter40"
                        }
                      }
                    ]
                  }
                ],
                "negation": null,
                "precondition_id": 3518
              }
            ],
            "negation": null,
            "precondition_id": 3521
          }
        ],
        "negation": null,
        "precondition_id": 3523
      }
    ]
  },
  "map_fn": "function() {\n        var patient = this;\n        var effective_date = <%= effective_date %>;\n\n        hqmfjs = {}\n        <%= init_js_frameworks %>\n        \n        \n      var patient_api = new hQuery.Patient(patient);\n\n      \n\n      // clear out logger\n      if (typeof Logger != 'undefined') Logger.logger = [];\n      // turn on logging if it is enabled\n      if (Logger.enabled) enableLogging();\n      \n      \n        // #########################\n        // ##### DATA ELEMENTS #####\n        // #########################\n\n        OidDictionary = <%= oid_dictionary %>;\n        \n        // Measure variables\nvar MeasurePeriod = {\n  \"low\": new TS(\"20100101\", null, true),\n  \"high\": new TS(\"20110101\", null, true)\n}\nhqmfjs.MeasurePeriod = function(patient) {\n  return [new hQuery.CodedEntry(\n    {\n      \"start_time\": MeasurePeriod.low.asDate().getTime()/1000,\n      \"end_time\": MeasurePeriod.high.asDate().getTime()/1000,\n      \"codes\": {}\n    }\n  )];\n}\nif (typeof effective_date === 'number') {\n  MeasurePeriod.high.date = new Date(1000*effective_date);\n  MeasurePeriod.low.date = new Date(1000*effective_date);\n  MeasurePeriod.low.date.setFullYear(MeasurePeriod.low.date.getFullYear()-1);\n}\n\n// Data critera\nhqmfjs.OccurrenceAInpatientEncounter40 = function(patient) {\n  var events = patient.encounters();\n  events.specific_occurrence = 'OccurrenceAInpatientEncounter40'\n  events = events.withStatuses([\"performed\"]);\n  events = events.withoutNegation();\n  var codes = getCodes(\"2.16.840.1.113883.3.117.1.7.1.23\");\n  var start = null;\n  var end = null;\n  events = events.match(codes, start, end, true);\n\n  events.specificContext=new Specifics(Row.buildForDataCriteria(events.specific_occurrence, events))\n  return events;\n}\n\nhqmfjs.OccurrenceAEmergencyDepartmentVisit41 = function(patient) {\n  var events = patient.encounters();\n  events.specific_occurrence = 'OccurrenceAEmergencyDepartmentVisit41'\n  events = events.withStatuses([\"performed\"]);\n  events = events.withoutNegation();\n  var codes = getCodes(\"2.16.840.1.113883.3.117.1.7.1.293\");\n  var start = null;\n  var end = null;\n  events = events.match(codes, start, end, true);\n\n  events.specificContext=new Specifics(Row.buildForDataCriteria(events.specific_occurrence, events))\n  return events;\n}\n\nhqmfjs.OccurrenceAPalliativeCare42 = function(patient) {\n  var events = patient.allProcedures();\n  events.specific_occurrence = 'OccurrenceAPalliativeCare42'\n  events = events.withStatuses([\"ordered\"]);\n  events = events.withoutNegation();\n  var codes = getCodes(\"2.16.840.1.113883.3.526.2.1076\");\n  var start = null;\n  var end = null;\n  events = events.match(codes, start, end, true);\n\n  events.specificContext=new Specifics(Row.buildForDataCriteria(events.specific_occurrence, events))\n  return events;\n}\n\nhqmfjs.OccurrenceAPalliativeCare43 = function(patient) {\n  var events = patient.allProcedures();\n  events.specific_occurrence = 'OccurrenceAPalliativeCare43'\n  events = events.withStatuses([\"performed\"]);\n  events = events.withoutNegation();\n  var codes = getCodes(\"2.16.840.1.113883.3.526.2.1076\");\n  var start = null;\n  var end = null;\n  events = events.match(codes, start, end, true);\n\n  events.specificContext=new Specifics(Row.buildForDataCriteria(events.specific_occurrence, events))\n  return events;\n}\n\nhqmfjs.EncounterPerformedInpatientEncounter = function(patient) {\n  var events = patient.encounters();\n  events = events.withStatuses([\"performed\"]);\n  events = events.withoutNegation();\n  var codes = getCodes(\"2.16.840.1.113883.3.117.1.7.1.23\");\n  var start = null;\n  var end = null;\n  events = events.match(codes, start, end, true);\n\n  events.specificContext=Specifics.identity()\n  return events;\n}\n\nhqmfjs.EncounterPerformedEmergencyDepartmentVisit = function(patient) {\n  var events = patient.encounters();\n  events = events.withStatuses([\"performed\"]);\n  events = events.withoutNegation();\n  var codes = getCodes(\"2.16.840.1.113883.3.117.1.7.1.293\");\n  var start = null;\n  var end = null;\n  events = events.match(codes, start, end, true);\n\n  events.specificContext=Specifics.identity()\n  return events;\n}\n\nhqmfjs.MedicationOrderNotDoneMedicalReason = function(patient) {\n  var events = patient.allMedications();\n  events = events.withStatuses([\"ordered\"]);\n  events = events.withNegation();\n  var codes = getCodes(\"2.16.840.1.113883.3.117.1.7.1.473\");\n  var start = null;\n  var end = null;\n  events = events.match(codes, start, end, true);\n\n  events.specificContext=Specifics.identity()\n  return events;\n}\n\nhqmfjs.MedicationOrderNotDonePatientRefusal = function(patient) {\n  var events = patient.allMedications();\n  events = events.withStatuses([\"ordered\"]);\n  events = events.withNegation();\n  var codes = getCodes(\"2.16.840.1.113883.3.117.1.7.1.93\");\n  var start = null;\n  var end = null;\n  events = events.match(codes, start, end, true);\n\n  events.specificContext=Specifics.identity()\n  return events;\n}\n\nhqmfjs.OccurrenceAInpatientEncounter40 = function(patient) {\n  var events = patient.encounters();\n  events.specific_occurrence = 'OccurrenceAInpatientEncounter40'\n  events = events.withStatuses([\"performed\"]);\n  events = events.withoutNegation();\n  var codes = getCodes(\"2.16.840.1.113883.3.117.1.7.1.23\");\n  var start = null;\n  var end = null;\n  events = events.match(codes, start, end, true);\n\n  events.specificContext=new Specifics(Row.buildForDataCriteria(events.specific_occurrence, events))\n  return events;\n}\n\nhqmfjs.MedicationAllergyAnticoagulantTherapy_precondition_3469 = function(patient) {\n  var events = patient.allergies();\n  events = events.withoutNegation();\n  var codes = getCodes(\"2.16.840.1.113883.3.117.1.7.1.200\");\n  var start = null;\n  var end = null;\n  events = events.match(codes, start, end, true);\n\n  events = SBE(events, hqmfjs.OccurrenceAInpatientEncounter40(patient));\n  return events;\n}\n\nhqmfjs.OccurrenceAInpatientEncounter40_precondition_3476 = function(patient) {\n  var events = patient.encounters();\n  events.specific_occurrence = 'OccurrenceAInpatientEncounter40'\n  events = events.withStatuses([\"performed\"]);\n  events = events.withoutNegation();\n  var codes = getCodes(\"2.16.840.1.113883.3.117.1.7.1.23\");\n  var start = null;\n  var end = null;\n  events = events.match(codes, start, end, true);\n\n  events.specificContext=new Specifics(Row.buildForDataCriteria(events.specific_occurrence, events))\n  return events;\n}\n\nhqmfjs.MedicationOrderAnticoagulantTherapy_precondition_3471 = function(patient) {\n  var events = patient.allMedications();\n  events = events.withStatuses([\"ordered\"]);\n  events = events.withNegation(getCodes(\"2.16.840.1.113883.3.117.1.7.1.473\"));\n  var codes = getCodes(\"2.16.840.1.113883.3.117.1.7.1.200\");\n  var start = null;\n  var end = null;\n  events = events.match(codes, start, end, true);\n\n  events = DURING(events, hqmfjs.OccurrenceAInpatientEncounter40_precondition_3476(patient));\n  return events;\n}\n\nhqmfjs.MedicationOrderAnticoagulantTherapy_precondition_3473 = function(patient) {\n  var events = patient.allMedications();\n  events = events.withStatuses([\"ordered\"]);\n  events = events.withNegation(getCodes(\"2.16.840.1.113883.3.117.1.7.1.93\"));\n  var codes = getCodes(\"2.16.840.1.113883.3.117.1.7.1.200\");\n  var start = null;\n  var end = null;\n  events = events.match(codes, start, end, true);\n\n  events = DURING(events, hqmfjs.OccurrenceAInpatientEncounter40_precondition_3476(patient));\n  return events;\n}\n\nhqmfjs.OccurrenceAInpatientEncounter40_precondition_3481 = function(patient) {\n  var events = patient.encounters();\n  events.specific_occurrence = 'OccurrenceAInpatientEncounter40'\n  events = events.withStatuses([\"performed\"]);\n  events = events.withoutNegation();\n  var codes = getCodes(\"2.16.840.1.113883.3.117.1.7.1.23\");\n  var start = null;\n  var end = null;\n  events = events.match(codes, start, end, true);\n\n  events = filterEventsByField(events, \"dischargeStatus\", new CodeList(getCodes(\"2.16.840.1.113883.3.117.1.7.1.309\")));\n  events.specificContext=new Specifics(Row.buildForDataCriteria(events.specific_occurrence, events))\n  return events;\n}\n\nhqmfjs.OccurrenceAInpatientEncounter40_precondition_3483 = function(patient) {\n  var events = patient.encounters();\n  events.specific_occurrence = 'OccurrenceAInpatientEncounter40'\n  events = events.withStatuses([\"performed\"]);\n  events = events.withoutNegation();\n  var codes = getCodes(\"2.16.840.1.113883.3.117.1.7.1.23\");\n  var start = null;\n  var end = null;\n  events = events.match(codes, start, end, true);\n\n  events = filterEventsByField(events, \"dischargeStatus\", new CodeList(getCodes(\"2.16.840.1.113883.3.117.1.7.1.87\")));\n  events.specificContext=new Specifics(Row.buildForDataCriteria(events.specific_occurrence, events))\n  return events;\n}\n\nhqmfjs.OccurrenceAInpatientEncounter40_precondition_3485 = function(patient) {\n  var events = patient.encounters();\n  events.specific_occurrence = 'OccurrenceAInpatientEncounter40'\n  events = events.withStatuses([\"performed\"]);\n  events = events.withoutNegation();\n  var codes = getCodes(\"2.16.840.1.113883.3.117.1.7.1.23\");\n  var start = null;\n  var end = null;\n  events = events.match(codes, start, end, true);\n\n  events = filterEventsByField(events, \"dischargeStatus\", new CodeList(getCodes(\"2.16.840.1.113883.3.117.1.7.1.207\")));\n  events.specificContext=new Specifics(Row.buildForDataCriteria(events.specific_occurrence, events))\n  return events;\n}\n\nhqmfjs.OccurrenceAInpatientEncounter40_precondition_3487 = function(patient) {\n  var events = patient.encounters();\n  events.specific_occurrence = 'OccurrenceAInpatientEncounter40'\n  events = events.withStatuses([\"performed\"]);\n  events = events.withoutNegation();\n  var codes = getCodes(\"2.16.840.1.113883.3.117.1.7.1.23\");\n  var start = null;\n  var end = null;\n  events = events.match(codes, start, end, true);\n\n  events = filterEventsByField(events, \"dischargeStatus\", new CodeList(getCodes(\"2.16.840.1.113883.3.117.1.7.1.209\")));\n  events.specificContext=new Specifics(Row.buildForDataCriteria(events.specific_occurrence, events))\n  return events;\n}\n\nhqmfjs.OccurrenceAInpatientEncounter40_precondition_3489 = function(patient) {\n  var events = patient.encounters();\n  events.specific_occurrence = 'OccurrenceAInpatientEncounter40'\n  events = events.withStatuses([\"performed\"]);\n  events = events.withoutNegation();\n  var codes = getCodes(\"2.16.840.1.113883.3.117.1.7.1.23\");\n  var start = null;\n  var end = null;\n  events = events.match(codes, start, end, true);\n\n  events = filterEventsByField(events, \"reason\", new CodeList(getCodes(\"2.16.840.1.113883.3.117.1.7.1.204\")));\n  events.specificContext=new Specifics(Row.buildForDataCriteria(events.specific_occurrence, events))\n  return events;\n}\n\nhqmfjs.OccurrenceAInpatientEncounter40_precondition_3491 = function(patient) {\n  var events = patient.encounters();\n  events.specific_occurrence = 'OccurrenceAInpatientEncounter40'\n  events = events.withStatuses([\"performed\"]);\n  events = events.withoutNegation();\n  var codes = getCodes(\"2.16.840.1.113883.3.117.1.7.1.23\");\n  var start = null;\n  var end = null;\n  events = events.match(codes, start, end, true);\n\n  events = filterEventsByField(events, \"dischargeStatus\", new CodeList(getCodes(\"2.16.840.1.113883.3.117.1.7.1.308\")));\n  events.specificContext=new Specifics(Row.buildForDataCriteria(events.specific_occurrence, events))\n  return events;\n}\n\nhqmfjs.OccurrenceAEmergencyDepartmentVisit41_precondition_3493 = function(patient) {\n  var events = patient.encounters();\n  events.specific_occurrence = 'OccurrenceAEmergencyDepartmentVisit41'\n  events = events.withStatuses([\"performed\"]);\n  events = events.withoutNegation();\n  var codes = getCodes(\"2.16.840.1.113883.3.117.1.7.1.293\");\n  var start = null;\n  var end = null;\n  events = events.match(codes, start, end, true);\n\n  events = filterEventsByField(events, \"facilityLocationDeparture\", null);\n  events.specificContext=new Specifics(Row.buildForDataCriteria(events.specific_occurrence, events))\n  return events;\n}\n\nhqmfjs.OccurrenceAInpatientEncounter40_precondition_3494 = function(patient) {\n  var events = patient.encounters();\n  events.specific_occurrence = 'OccurrenceAInpatientEncounter40'\n  events = events.withStatuses([\"performed\"]);\n  events = events.withoutNegation();\n  var codes = getCodes(\"2.16.840.1.113883.3.117.1.7.1.23\");\n  var start = null;\n  var end = null;\n  events = events.match(codes, start, end, true);\n\n  events = filterEventsByField(events, \"admissionDatetime\", new ANYNonNull());\n  events = SAS(events, hqmfjs.OccurrenceAEmergencyDepartmentVisit41_precondition_3493(patient), new IVL_PQ(null, new PQ(1, \"h\", true)));\n  return events;\n}\n\nhqmfjs.OccurrenceAEmergencyDepartmentVisit41_precondition_3496 = function(patient) {\n  var events = patient.encounters();\n  events.specific_occurrence = 'OccurrenceAEmergencyDepartmentVisit41'\n  events = events.withStatuses([\"performed\"]);\n  events = events.withoutNegation();\n  var codes = getCodes(\"2.16.840.1.113883.3.117.1.7.1.293\");\n  var start = null;\n  var end = null;\n  events = events.match(codes, start, end, true);\n\n  events = filterEventsByField(events, \"facilityLocationDeparture\", null);\n  events.specificContext=new Specifics(Row.buildForDataCriteria(events.specific_occurrence, events))\n  return events;\n}\n\nhqmfjs.OccurrenceAPalliativeCare42_precondition_3497 = function(patient) {\n  var events = patient.allProcedures();\n  events.specific_occurrence = 'OccurrenceAPalliativeCare42'\n  events = events.withStatuses([\"ordered\"]);\n  events = events.withoutNegation();\n  var codes = getCodes(\"2.16.840.1.113883.3.526.2.1076\");\n  var start = null;\n  var end = null;\n  events = events.match(codes, start, end, true);\n\n  events = SAS(events, hqmfjs.OccurrenceAEmergencyDepartmentVisit41_precondition_3496(patient));\n  return events;\n}\n\nhqmfjs.OccurrenceAPalliativeCare42_precondition_3499 = function(patient) {\n  var events = patient.allProcedures();\n  events.specific_occurrence = 'OccurrenceAPalliativeCare42'\n  events = events.withStatuses([\"ordered\"]);\n  events = events.withoutNegation();\n  var codes = getCodes(\"2.16.840.1.113883.3.526.2.1076\");\n  var start = null;\n  var end = null;\n  events = events.match(codes, start, end, true);\n\n  events = SBE(events, hqmfjs.OccurrenceAInpatientEncounter40(patient));\n  return events;\n}\n\nhqmfjs.OccurrenceAEmergencyDepartmentVisit41_precondition_3503 = function(patient) {\n  var events = patient.encounters();\n  events.specific_occurrence = 'OccurrenceAEmergencyDepartmentVisit41'\n  events = events.withStatuses([\"performed\"]);\n  events = events.withoutNegation();\n  var codes = getCodes(\"2.16.840.1.113883.3.117.1.7.1.293\");\n  var start = null;\n  var end = null;\n  events = events.match(codes, start, end, true);\n\n  events = filterEventsByField(events, \"facilityLocationArrival\", null);\n  events.specificContext=new Specifics(Row.buildForDataCriteria(events.specific_occurrence, events))\n  return events;\n}\n\nhqmfjs.OccurrenceAPalliativeCare43_precondition_3504 = function(patient) {\n  var events = patient.allProcedures();\n  events.specific_occurrence = 'OccurrenceAPalliativeCare43'\n  events = events.withStatuses([\"performed\"]);\n  events = events.withoutNegation();\n  var codes = getCodes(\"2.16.840.1.113883.3.526.2.1076\");\n  var start = null;\n  var end = null;\n  events = events.match(codes, start, end, true);\n\n  events = SAS(events, hqmfjs.OccurrenceAEmergencyDepartmentVisit41_precondition_3503(patient));\n  return events;\n}\n\nhqmfjs.OccurrenceAPalliativeCare43_precondition_3506 = function(patient) {\n  var events = patient.allProcedures();\n  events.specific_occurrence = 'OccurrenceAPalliativeCare43'\n  events = events.withStatuses([\"performed\"]);\n  events = events.withoutNegation();\n  var codes = getCodes(\"2.16.840.1.113883.3.526.2.1076\");\n  var start = null;\n  var end = null;\n  events = events.match(codes, start, end, true);\n\n  events = SBE(events, hqmfjs.OccurrenceAInpatientEncounter40(patient));\n  return events;\n}\n\nhqmfjs.OccurrenceAInpatientEncounter40_precondition_3519 = function(patient) {\n  var events = patient.encounters();\n  events.specific_occurrence = 'OccurrenceAInpatientEncounter40'\n  events = events.withStatuses([\"performed\"]);\n  events = events.withoutNegation();\n  var codes = getCodes(\"2.16.840.1.113883.3.117.1.7.1.23\");\n  var start = null;\n  var end = null;\n  events = events.match(codes, start, end, true);\n\n  events.specificContext=new Specifics(Row.buildForDataCriteria(events.specific_occurrence, events))\n  return events;\n}\n\nhqmfjs.InterventionPerformedPalliativeCare_precondition_3514 = function(patient) {\n  var events = patient.allProcedures();\n  events = events.withStatuses([\"performed\"]);\n  events = events.withoutNegation();\n  var codes = getCodes(\"2.16.840.1.113883.3.526.2.1076\");\n  var start = null;\n  var end = null;\n  events = events.match(codes, start, end, true);\n\n  events = SDU(events, hqmfjs.OccurrenceAInpatientEncounter40_precondition_3519(patient));\n  return events;\n}\n\nhqmfjs.InterventionOrderPalliativeCare_precondition_3516 = function(patient) {\n  var events = patient.allProcedures();\n  events = events.withStatuses([\"ordered\"]);\n  events = events.withoutNegation();\n  var codes = getCodes(\"2.16.840.1.113883.3.526.2.1076\");\n  var start = null;\n  var end = null;\n  events = events.match(codes, start, end, true);\n\n  events = SDU(events, hqmfjs.OccurrenceAInpatientEncounter40_precondition_3519(patient));\n  return events;\n}\n\nhqmfjs.MedicationDischargeAnticoagulantTherapy_precondition_3524 = function(patient) {\n  var events = patient.allMedications();\n  events = events.withoutNegation();\n  var codes = getCodes(\"2.16.840.1.113883.3.117.1.7.1.200\");\n  var start = null;\n  var end = null;\n  events = events.match(codes, start, end, true);\n\n  events = DURING(events, hqmfjs.OccurrenceAInpatientEncounter40(patient));\n  return events;\n}\n\nhqmfjs.DiagnosisActiveIschemicStroke_precondition_3527 = function(patient) {\n  var events = patient.allProblems();\n  events = events.withStatuses([\"active\"]);\n  events = events.withoutNegation();\n  var codes = getCodes(\"2.16.840.1.113883.3.117.1.7.1.247\");\n  var start = null;\n  var end = null;\n  events = events.match(codes, start, end, true);\n\n  events = filterEventsByField(events, \"ordinal\", new CodeList(getCodes(\"2.16.840.1.113883.3.117.2.7.1.14\")));\n  events = SDU(events, hqmfjs.OccurrenceAInpatientEncounter40(patient));\n  return events;\n}\n\nhqmfjs.ProcedurePerformedAtrialAblation_precondition_3529 = function(patient) {\n  var events = patient.allProcedures();\n  events = events.withStatuses([\"performed\"]);\n  events = events.withoutNegation();\n  var codes = getCodes(\"2.16.840.1.113883.3.117.1.7.1.203\");\n  var start = null;\n  var end = null;\n  events = events.match(codes, start, end, true);\n\n  events = SBS(events, hqmfjs.OccurrenceAInpatientEncounter40(patient));\n  return events;\n}\n\nhqmfjs.DiagnosisActiveAtrialFibrillationFlutter_precondition_3531 = function(patient) {\n  var events = patient.allProblems();\n  events = events.withStatuses([\"active\"]);\n  events = events.withoutNegation();\n  var codes = getCodes(\"2.16.840.1.113883.3.117.1.7.1.202\");\n  var start = null;\n  var end = null;\n  events = events.match(codes, start, end, true);\n\n  events = SBE(events, hqmfjs.OccurrenceAInpatientEncounter40(patient));\n  return events;\n}\n\nhqmfjs.DiagnosisInactiveAtrialFibrillationFlutter_precondition_3533 = function(patient) {\n  var events = patient.allProblems();\n  events = events.withStatuses([\"inactive\"], false);\n  events = events.withoutNegation();\n  var codes = getCodes(\"2.16.840.1.113883.3.117.1.7.1.202\");\n  var start = null;\n  var end = null;\n  events = events.match(codes, start, end, true);\n\n  events = SBS(events, hqmfjs.OccurrenceAInpatientEncounter40(patient));\n  return events;\n}\n\nhqmfjs.DiagnosticStudyResultAtrialFibrillationFlutter_precondition_3535 = function(patient) {\n  var events = patient.procedureResults();\n  events = events.withoutNegation();\n  var codes = getCodes(\"2.16.840.1.113883.3.117.1.7.1.249\");\n  var start = null;\n  var end = null;\n  events = events.match(codes, start, end, true);\n\n  events = SBE(events, hqmfjs.OccurrenceAInpatientEncounter40(patient));\n  return events;\n}\n\nhqmfjs.PatientCharacteristicBirthdateBirthDate_precondition_3540 = function(patient) {\nvar value = patient.birthtime();\nvar events = [value];\nevents = SBS(events, hqmfjs.OccurrenceAInpatientEncounter40(patient), new IVL_PQ(new PQ(18, \"a\", true), null));\nevents.specificContext=Specifics.identity();\nreturn events;\n\n}\n\nhqmfjs.OccurrenceAInpatientEncounter40_precondition_3542 = function(patient) {\n  var events = patient.encounters();\n  events.specific_occurrence = 'OccurrenceAInpatientEncounter40'\n  events = events.withStatuses([\"performed\"]);\n  events = events.withoutNegation();\n  var codes = getCodes(\"2.16.840.1.113883.3.117.1.7.1.23\");\n  var start = null;\n  var end = null;\n  events = events.match(codes, start, end, true);\n\n  events = filterEventsByField(events, \"lengthOfStay\", new IVL_PQ(null, new PQ(120, \"d\", true)));\n  events.specificContext=new Specifics(Row.buildForDataCriteria(events.specific_occurrence, events))\n  return events;\n}\n\nhqmfjs.OccurrenceAInpatientEncounter40_precondition_3544 = function(patient) {\n  var events = patient.encounters();\n  events.specific_occurrence = 'OccurrenceAInpatientEncounter40'\n  events = events.withStatuses([\"performed\"]);\n  events = events.withoutNegation();\n  var codes = getCodes(\"2.16.840.1.113883.3.117.1.7.1.23\");\n  var start = null;\n  var end = null;\n  events = events.match(codes, start, end, true);\n\n  events = filterEventsByField(events, \"dischargeDatetime\", new ANYNonNull());\n  events = DURING(events, hqmfjs.MeasurePeriod(patient));\n  return events;\n}\n\nhqmfjs.OccurrenceAInpatientEncounter40_precondition_3551 = function(patient) {\n  var events = patient.encounters();\n  events.specific_occurrence = 'OccurrenceAInpatientEncounter40'\n  events = events.withStatuses([\"performed\"]);\n  events = events.withoutNegation();\n  var codes = getCodes(\"2.16.840.1.113883.3.117.1.7.1.23\");\n  var start = null;\n  var end = null;\n  events = events.match(codes, start, end, true);\n\n  events.specificContext=new Specifics(Row.buildForDataCriteria(events.specific_occurrence, events))\n  return events;\n}\n\nhqmfjs.DiagnosisActiveIschemicStroke_precondition_3546 = function(patient) {\n  var events = patient.allProblems();\n  events = events.withStatuses([\"active\"]);\n  events = events.withoutNegation();\n  var codes = getCodes(\"2.16.840.1.113883.3.117.1.7.1.247\");\n  var start = null;\n  var end = null;\n  events = events.match(codes, start, end, true);\n\n  events = filterEventsByField(events, \"ordinal\", new CodeList(getCodes(\"2.16.840.1.113883.3.117.2.7.1.14\")));\n  events = SDU(events, hqmfjs.OccurrenceAInpatientEncounter40_precondition_3551(patient));\n  return events;\n}\n\nhqmfjs.DiagnosisActiveHemorrhagicStroke_precondition_3548 = function(patient) {\n  var events = patient.allProblems();\n  events = events.withStatuses([\"active\"]);\n  events = events.withoutNegation();\n  var codes = getCodes(\"2.16.840.1.113883.3.117.1.7.1.212\");\n  var start = null;\n  var end = null;\n  events = events.match(codes, start, end, true);\n\n  events = filterEventsByField(events, \"ordinal\", new CodeList(getCodes(\"2.16.840.1.113883.3.117.2.7.1.14\")));\n  events = SDU(events, hqmfjs.OccurrenceAInpatientEncounter40_precondition_3551(patient));\n  return events;\n}\n\n\n\n        // #########################\n        // ##### MEASURE LOGIC #####\n        // #########################\n        \n        hqmfjs.initializeSpecifics = function(patient_api, hqmfjs) { Specifics.initialize(patient_api,hqmfjs,{\"id\":\"OccurrenceAInpatientEncounter40\",\"type\":\"\",\"function\":\"OccurrenceAInpatientEncounter40\"},{\"id\":\"OccurrenceAEmergencyDepartmentVisit41\",\"type\":\"\",\"function\":\"OccurrenceAEmergencyDepartmentVisit41\"},{\"id\":\"OccurrenceAPalliativeCare42\",\"type\":\"\",\"function\":\"OccurrenceAPalliativeCare42\"},{\"id\":\"OccurrenceAPalliativeCare43\",\"type\":\"\",\"function\":\"OccurrenceAPalliativeCare43\"}) }\n\n        // INITIAL PATIENT POPULATION\n        hqmfjs.IPP = function(patient) {\n  return allTrue(  \n    allTrue(    \n      hqmfjs.PatientCharacteristicBirthdateBirthDate_precondition_3540(patient),    \n      hqmfjs.OccurrenceAInpatientEncounter40_precondition_3542(patient),    \n      hqmfjs.OccurrenceAInpatientEncounter40_precondition_3544(patient),    \n      atLeastOneTrue(      \n        hqmfjs.DiagnosisActiveIschemicStroke_precondition_3546(patient),      \n        hqmfjs.DiagnosisActiveHemorrhagicStroke_precondition_3548(patient)\n      )\n    )\n  );\n};\n\n\n        // DENOMINATOR\n        hqmfjs.DENOM = function(patient) {\n  return allTrue(  \n    allTrue(    \n      hqmfjs.DiagnosisActiveIschemicStroke_precondition_3527(patient),    \n      atLeastOneTrue(      \n        hqmfjs.ProcedurePerformedAtrialAblation_precondition_3529(patient),      \n        hqmfjs.DiagnosisActiveAtrialFibrillationFlutter_precondition_3531(patient),      \n        hqmfjs.DiagnosisInactiveAtrialFibrillationFlutter_precondition_3533(patient),      \n        hqmfjs.DiagnosticStudyResultAtrialFibrillationFlutter_precondition_3535(patient)\n      )\n    )\n  );\n};\n\n\n        // NUMERATOR\n        hqmfjs.NUMER = function(patient) {\n  return allTrue(  \n    allTrue(    \n      hqmfjs.MedicationDischargeAnticoagulantTherapy_precondition_3524(patient)\n    )\n  );\n};\n\n\n        hqmfjs.DENEX = function(patient) {\n  return atLeastOneTrue(  \n    allTrue(    \n      atLeastOneTrue(      \n        hqmfjs.OccurrenceAInpatientEncounter40_precondition_3481(patient),      \n        hqmfjs.OccurrenceAInpatientEncounter40_precondition_3483(patient),      \n        hqmfjs.OccurrenceAInpatientEncounter40_precondition_3485(patient),      \n        hqmfjs.OccurrenceAInpatientEncounter40_precondition_3487(patient),      \n        hqmfjs.OccurrenceAInpatientEncounter40_precondition_3489(patient),      \n        hqmfjs.OccurrenceAInpatientEncounter40_precondition_3491(patient),      \n        allTrue(        \n          hqmfjs.OccurrenceAInpatientEncounter40_precondition_3494(patient),        \n          atLeastOneTrue(          \n            allTrue(            \n              hqmfjs.OccurrenceAPalliativeCare42_precondition_3497(patient),            \n              hqmfjs.OccurrenceAPalliativeCare42_precondition_3499(patient)\n            ),          \n            allTrue(            \n              hqmfjs.OccurrenceAPalliativeCare43_precondition_3504(patient),            \n              hqmfjs.OccurrenceAPalliativeCare43_precondition_3506(patient)\n            )\n          )\n        ),      \n        atLeastOneTrue(        \n          hqmfjs.InterventionPerformedPalliativeCare_precondition_3514(patient),        \n          hqmfjs.InterventionOrderPalliativeCare_precondition_3516(patient)\n        )\n      )\n    )\n  );\n};\n\n\n        hqmfjs.DENEXCEP = function(patient) {\n  return atLeastOneTrue(  \n    allTrue(    \n      atLeastOneTrue(      \n        hqmfjs.MedicationAllergyAnticoagulantTherapy_precondition_3469(patient),      \n        atLeastOneTrue(        \n          hqmfjs.MedicationOrderAnticoagulantTherapy_precondition_3471(patient),        \n          hqmfjs.MedicationOrderAnticoagulantTherapy_precondition_3473(patient)\n        )\n      )\n    )\n  );\n};\n\n\n        \n\n      hqmfjs.initializeSpecifics(patient_api, hqmfjs)\n      \n      var population = function() {\n        return executeIfAvailable(hqmfjs.IPP, patient_api);\n      }\n      var denominator = function() {\n        return executeIfAvailable(hqmfjs.DENOM, patient_api);\n      }\n      var numerator = function() {\n        return executeIfAvailable(hqmfjs.NUMER, patient_api);\n      }\n      var exclusion = function() {\n        return executeIfAvailable(hqmfjs.DENEX, patient_api);\n      }\n      var denexcep = function() {\n        return executeIfAvailable(hqmfjs.DENEXCEP, patient_api);\n      }\n      \n      var executeIfAvailable = function(optionalFunction, arg) {\n        if (typeof(optionalFunction)==='function')\n          return optionalFunction(arg);\n        else\n          return false;\n      }\n\n      if (Logger.enabled) enableMeasureLogging(hqmfjs);\n\n      map(patient, population, denominator, numerator, exclusion, denexcep);\n      \n      };\n      ",
  "data_criteria": [
    {
      "MedicationAllergyAnticoagulantTherapy_precondition_3469": {
        "title": "Anticoagulant Therapy",
        "description": "Medication, Allergy: Anticoagulant Therapy",
        "standard_category": "allergy",
        "qds_data_type": "allergy",
        "code_list_id": "2.16.840.1.113883.3.117.1.7.1.200",
        "type": "medications",
        "definition": "medication_allergy",
        "hard_status": false,
        "negation": false,
        "source_data_criteria": "MedicationAllergyAnticoagulantTherapy",
        "temporal_references": [
          {
            "type": "SBE",
            "reference": "OccurrenceAInpatientEncounter40"
          }
        ]
      }
    },
    {
      "OccurrenceAInpatientEncounter40": {
        "title": "Inpatient Encounter",
        "description": "Encounter, Performed: Inpatient Encounter",
        "standard_category": "encounter",
        "qds_data_type": "encounter",
        "code_list_id": "2.16.840.1.113883.3.117.1.7.1.23",
        "type": "encounters",
        "definition": "encounter",
        "status": "performed",
        "hard_status": false,
        "negation": false,
        "specific_occurrence": "A",
        "source_data_criteria": "OccurrenceAInpatientEncounter40"
      }
    },
    {
      "MedicationOrderAnticoagulantTherapy_precondition_3471": {
        "title": "Anticoagulant Therapy",
        "description": "Medication, Order: Anticoagulant Therapy",
        "standard_category": "medication",
        "qds_data_type": "medication_order",
        "code_list_id": "2.16.840.1.113883.3.117.1.7.1.200",
        "type": "medications",
        "definition": "medication",
        "status": "ordered",
        "hard_status": false,
        "negation": true,
        "negation_code_list_id": "2.16.840.1.113883.3.117.1.7.1.473",
        "source_data_criteria": "MedicationOrderAnticoagulantTherapy",
        "temporal_references": [
          {
            "type": "DURING",
            "reference": "OccurrenceAInpatientEncounter40_precondition_3476"
          }
        ]
      }
    },
    {
      "OccurrenceAInpatientEncounter40_precondition_3476": {
        "title": "Inpatient Encounter",
        "description": "Encounter, Performed: Inpatient Encounter",
        "standard_category": "encounter",
        "qds_data_type": "encounter",
        "code_list_id": "2.16.840.1.113883.3.117.1.7.1.23",
        "type": "encounters",
        "definition": "encounter",
        "status": "performed",
        "hard_status": false,
        "negation": false,
        "specific_occurrence": "A",
        "source_data_criteria": "OccurrenceAInpatientEncounter40"
      }
    },
    {
      "MedicationOrderAnticoagulantTherapy_precondition_3473": {
        "title": "Anticoagulant Therapy",
        "description": "Medication, Order: Anticoagulant Therapy",
        "standard_category": "medication",
        "qds_data_type": "medication_order",
        "code_list_id": "2.16.840.1.113883.3.117.1.7.1.200",
        "type": "medications",
        "definition": "medication",
        "status": "ordered",
        "hard_status": false,
        "negation": true,
        "negation_code_list_id": "2.16.840.1.113883.3.117.1.7.1.93",
        "source_data_criteria": "MedicationOrderAnticoagulantTherapy",
        "temporal_references": [
          {
            "type": "DURING",
            "reference": "OccurrenceAInpatientEncounter40_precondition_3476"
          }
        ]
      }
    },
    {
      "OccurrenceAInpatientEncounter40_precondition_3481": {
        "title": "Inpatient Encounter",
        "description": "Encounter, Performed: Inpatient Encounter",
        "standard_category": "encounter",
        "qds_data_type": "encounter",
        "code_list_id": "2.16.840.1.113883.3.117.1.7.1.23",
        "type": "encounters",
        "definition": "encounter",
        "status": "performed",
        "hard_status": false,
        "negation": false,
        "specific_occurrence": "A",
        "source_data_criteria": "OccurrenceAInpatientEncounter40",
        "field_values": {
          "DISCHARGE_STATUS": {
            "type": "CD",
            "code_list_id": "2.16.840.1.113883.3.117.1.7.1.309",
            "title": "Patient Expired"
          }
        }
      }
    },
    {
      "OccurrenceAInpatientEncounter40_precondition_3483": {
        "title": "Inpatient Encounter",
        "description": "Encounter, Performed: Inpatient Encounter",
        "standard_category": "encounter",
        "qds_data_type": "encounter",
        "code_list_id": "2.16.840.1.113883.3.117.1.7.1.23",
        "type": "encounters",
        "definition": "encounter",
        "status": "performed",
        "hard_status": false,
        "negation": false,
        "specific_occurrence": "A",
        "source_data_criteria": "OccurrenceAInpatientEncounter40",
        "field_values": {
          "DISCHARGE_STATUS": {
            "type": "CD",
            "code_list_id": "2.16.840.1.113883.3.117.1.7.1.87",
            "title": "Discharge To Another Hospital"
          }
        }
      }
    },
    {
      "OccurrenceAInpatientEncounter40_precondition_3485": {
        "title": "Inpatient Encounter",
        "description": "Encounter, Performed: Inpatient Encounter",
        "standard_category": "encounter",
        "qds_data_type": "encounter",
        "code_list_id": "2.16.840.1.113883.3.117.1.7.1.23",
        "type": "encounters",
        "definition": "encounter",
        "status": "performed",
        "hard_status": false,
        "negation": false,
        "specific_occurrence": "A",
        "source_data_criteria": "OccurrenceAInpatientEncounter40",
        "field_values": {
          "DISCHARGE_STATUS": {
            "type": "CD",
            "code_list_id": "2.16.840.1.113883.3.117.1.7.1.207",
            "title": "Discharged to Health Care Facility for Hospice Care"
          }
        }
      }
    },
    {
      "OccurrenceAInpatientEncounter40_precondition_3487": {
        "title": "Inpatient Encounter",
        "description": "Encounter, Performed: Inpatient Encounter",
        "standard_category": "encounter",
        "qds_data_type": "encounter",
        "code_list_id": "2.16.840.1.113883.3.117.1.7.1.23",
        "type": "encounters",
        "definition": "encounter",
        "status": "performed",
        "hard_status": false,
        "negation": false,
        "specific_occurrence": "A",
        "source_data_criteria": "OccurrenceAInpatientEncounter40",
        "field_values": {
          "DISCHARGE_STATUS": {
            "type": "CD",
            "code_list_id": "2.16.840.1.113883.3.117.1.7.1.209",
            "title": "Discharged to Home for Hospice Care"
          }
        }
      }
    },
    {
      "OccurrenceAInpatientEncounter40_precondition_3489": {
        "title": "Inpatient Encounter",
        "description": "Encounter, Performed: Inpatient Encounter",
        "standard_category": "encounter",
        "qds_data_type": "encounter",
        "code_list_id": "2.16.840.1.113883.3.117.1.7.1.23",
        "type": "encounters",
        "definition": "encounter",
        "status": "performed",
        "hard_status": false,
        "negation": false,
        "specific_occurrence": "A",
        "source_data_criteria": "OccurrenceAInpatientEncounter40",
        "field_values": {
          "REASON": {
            "type": "CD",
            "code_list_id": "2.16.840.1.113883.3.117.1.7.1.204",
            "title": "Carotid Intervention"
          }
        }
      }
    },
    {
      "OccurrenceAInpatientEncounter40_precondition_3491": {
        "title": "Inpatient Encounter",
        "description": "Encounter, Performed: Inpatient Encounter",
        "standard_category": "encounter",
        "qds_data_type": "encounter",
        "code_list_id": "2.16.840.1.113883.3.117.1.7.1.23",
        "type": "encounters",
        "definition": "encounter",
        "status": "performed",
        "hard_status": false,
        "negation": false,
        "specific_occurrence": "A",
        "source_data_criteria": "OccurrenceAInpatientEncounter40",
        "field_values": {
          "DISCHARGE_STATUS": {
            "type": "CD",
            "code_list_id": "2.16.840.1.113883.3.117.1.7.1.308",
            "title": "Left Against Medical Advice"
          }
        }
      }
    },
    {
      "OccurrenceAInpatientEncounter40_precondition_3494": {
        "title": "Inpatient Encounter",
        "description": "Encounter, Performed: Inpatient Encounter",
        "standard_category": "encounter",
        "qds_data_type": "encounter",
        "code_list_id": "2.16.840.1.113883.3.117.1.7.1.23",
        "type": "encounters",
        "definition": "encounter",
        "status": "performed",
        "hard_status": false,
        "negation": false,
        "specific_occurrence": "A",
        "source_data_criteria": "OccurrenceAInpatientEncounter40",
        "field_values": {
          "ADMISSION_DATETIME": {
            "type": "ANYNonNull"
          }
        },
        "temporal_references": [
          {
            "type": "SAS",
            "reference": "OccurrenceAEmergencyDepartmentVisit41_precondition_3493",
            "range": {
              "type": "IVL_PQ",
              "high": {
                "type": "PQ",
                "unit": "h",
                "value": "1",
                "inclusive?": true,
                "derived?": false
              }
            }
          }
        ]
      }
    },
    {
      "OccurrenceAEmergencyDepartmentVisit41_precondition_3493": {
        "title": "Emergency Department Visit",
        "description": "Encounter, Performed: Emergency Department Visit",
        "standard_category": "encounter",
        "qds_data_type": "encounter",
        "code_list_id": "2.16.840.1.113883.3.117.1.7.1.293",
        "type": "encounters",
        "definition": "encounter",
        "status": "performed",
        "hard_status": false,
        "negation": false,
        "specific_occurrence": "A",
        "source_data_criteria": "OccurrenceAEmergencyDepartmentVisit41",
        "field_values": {
          "FACILITY_LOCATION_DEPARTURE_DATETIME": "null"
        }
      }
    },
    {
      "OccurrenceAPalliativeCare42_precondition_3497": {
        "title": "Palliative Care",
        "description": "Intervention, Ordered: Palliative Care",
        "standard_category": "procedure",
        "qds_data_type": "procedure_performed",
        "code_list_id": "2.16.840.1.113883.3.526.2.1076",
        "type": "interventions",
        "definition": "intervention",
        "status": "ordered",
        "hard_status": false,
        "negation": false,
        "specific_occurrence": "A",
        "source_data_criteria": "OccurrenceAPalliativeCare42",
        "temporal_references": [
          {
            "type": "SAS",
            "reference": "OccurrenceAEmergencyDepartmentVisit41_precondition_3496"
          }
        ]
      }
    },
    {
      "OccurrenceAEmergencyDepartmentVisit41_precondition_3496": {
        "title": "Emergency Department Visit",
        "description": "Encounter, Performed: Emergency Department Visit",
        "standard_category": "encounter",
        "qds_data_type": "encounter",
        "code_list_id": "2.16.840.1.113883.3.117.1.7.1.293",
        "type": "encounters",
        "definition": "encounter",
        "status": "performed",
        "hard_status": false,
        "negation": false,
        "specific_occurrence": "A",
        "source_data_criteria": "OccurrenceAEmergencyDepartmentVisit41",
        "field_values": {
          "FACILITY_LOCATION_DEPARTURE_DATETIME": "null"
        }
      }
    },
    {
      "OccurrenceAPalliativeCare42_precondition_3499": {
        "title": "Palliative Care",
        "description": "Intervention, Ordered: Palliative Care",
        "standard_category": "procedure",
        "qds_data_type": "procedure_performed",
        "code_list_id": "2.16.840.1.113883.3.526.2.1076",
        "type": "interventions",
        "definition": "intervention",
        "status": "ordered",
        "hard_status": false,
        "negation": false,
        "specific_occurrence": "A",
        "source_data_criteria": "OccurrenceAPalliativeCare42",
        "temporal_references": [
          {
            "type": "SBE",
            "reference": "OccurrenceAInpatientEncounter40"
          }
        ]
      }
    },
    {
      "OccurrenceAPalliativeCare43_precondition_3504": {
        "title": "Palliative Care",
        "description": "Intervention, Performed: Palliative Care",
        "standard_category": "procedure",
        "qds_data_type": "procedure_performed",
        "code_list_id": "2.16.840.1.113883.3.526.2.1076",
        "type": "interventions",
        "definition": "intervention",
        "status": "performed",
        "hard_status": false,
        "negation": false,
        "specific_occurrence": "A",
        "source_data_criteria": "OccurrenceAPalliativeCare43",
        "temporal_references": [
          {
            "type": "SAS",
            "reference": "OccurrenceAEmergencyDepartmentVisit41_precondition_3503"
          }
        ]
      }
    },
    {
      "OccurrenceAEmergencyDepartmentVisit41_precondition_3503": {
        "title": "Emergency Department Visit",
        "description": "Encounter, Performed: Emergency Department Visit",
        "standard_category": "encounter",
        "qds_data_type": "encounter",
        "code_list_id": "2.16.840.1.113883.3.117.1.7.1.293",
        "type": "encounters",
        "definition": "encounter",
        "status": "performed",
        "hard_status": false,
        "negation": false,
        "specific_occurrence": "A",
        "source_data_criteria": "OccurrenceAEmergencyDepartmentVisit41",
        "field_values": {
          "FACILITY_LOCATION_ARRIVAL_DATETIME": "null"
        }
      }
    },
    {
      "OccurrenceAPalliativeCare43_precondition_3506": {
        "title": "Palliative Care",
        "description": "Intervention, Performed: Palliative Care",
        "standard_category": "procedure",
        "qds_data_type": "procedure_performed",
        "code_list_id": "2.16.840.1.113883.3.526.2.1076",
        "type": "interventions",
        "definition": "intervention",
        "status": "performed",
        "hard_status": false,
        "negation": false,
        "specific_occurrence": "A",
        "source_data_criteria": "OccurrenceAPalliativeCare43",
        "temporal_references": [
          {
            "type": "SBE",
            "reference": "OccurrenceAInpatientEncounter40"
          }
        ]
      }
    },
    {
      "InterventionPerformedPalliativeCare_precondition_3514": {
        "title": "Palliative Care",
        "description": "Intervention, Performed: Palliative Care",
        "standard_category": "procedure",
        "qds_data_type": "procedure_performed",
        "code_list_id": "2.16.840.1.113883.3.526.2.1076",
        "type": "interventions",
        "definition": "intervention",
        "status": "performed",
        "hard_status": false,
        "negation": false,
        "source_data_criteria": "InterventionPerformedPalliativeCare",
        "temporal_references": [
          {
            "type": "SDU",
            "reference": "OccurrenceAInpatientEncounter40_precondition_3519"
          }
        ]
      }
    },
    {
      "OccurrenceAInpatientEncounter40_precondition_3519": {
        "title": "Inpatient Encounter",
        "description": "Encounter, Performed: Inpatient Encounter",
        "standard_category": "encounter",
        "qds_data_type": "encounter",
        "code_list_id": "2.16.840.1.113883.3.117.1.7.1.23",
        "type": "encounters",
        "definition": "encounter",
        "status": "performed",
        "hard_status": false,
        "negation": false,
        "specific_occurrence": "A",
        "source_data_criteria": "OccurrenceAInpatientEncounter40"
      }
    },
    {
      "InterventionOrderPalliativeCare_precondition_3516": {
        "title": "Palliative Care",
        "description": "Intervention, Order: Palliative Care",
        "standard_category": "procedure",
        "qds_data_type": "procedure_performed",
        "code_list_id": "2.16.840.1.113883.3.526.2.1076",
        "type": "interventions",
        "definition": "intervention",
        "status": "ordered",
        "hard_status": false,
        "negation": false,
        "source_data_criteria": "InterventionOrderPalliativeCare",
        "temporal_references": [
          {
            "type": "SDU",
            "reference": "OccurrenceAInpatientEncounter40_precondition_3519"
          }
        ]
      }
    },
    {
      "MedicationDischargeAnticoagulantTherapy_precondition_3524": {
        "title": "Anticoagulant Therapy",
        "description": "Medication, Discharge: Anticoagulant Therapy",
        "standard_category": "medication",
        "qds_data_type": "medication_discharge",
        "code_list_id": "2.16.840.1.113883.3.117.1.7.1.200",
        "type": "medications",
        "definition": "medication_discharge",
        "hard_status": false,
        "negation": false,
        "source_data_criteria": "MedicationDischargeAnticoagulantTherapy",
        "temporal_references": [
          {
            "type": "DURING",
            "reference": "OccurrenceAInpatientEncounter40"
          }
        ]
      }
    },
    {
      "DiagnosisActiveIschemicStroke_precondition_3527": {
        "title": "Ischemic Stroke",
        "description": "Diagnosis, Active: Ischemic Stroke",
        "standard_category": "diagnosis_condition_problem",
        "qds_data_type": "diagnosis_active",
        "code_list_id": "2.16.840.1.113883.3.117.1.7.1.247",
        "type": "conditions",
        "definition": "diagnosis",
        "status": "active",
        "hard_status": false,
        "negation": false,
        "source_data_criteria": "DiagnosisActiveIschemicStroke",
        "field_values": {
          "ORDINAL": {
            "type": "CD",
            "code_list_id": "2.16.840.1.113883.3.117.2.7.1.14",
            "title": "Principal Diagnosis"
          }
        },
        "temporal_references": [
          {
            "type": "SDU",
            "reference": "OccurrenceAInpatientEncounter40"
          }
        ]
      }
    },
    {
      "ProcedurePerformedAtrialAblation_precondition_3529": {
        "title": "Atrial Ablation",
        "description": "Procedure, Performed: Atrial Ablation",
        "standard_category": "procedure",
        "qds_data_type": "procedure_performed",
        "code_list_id": "2.16.840.1.113883.3.117.1.7.1.203",
        "type": "procedures",
        "definition": "procedure",
        "status": "performed",
        "hard_status": false,
        "negation": false,
        "source_data_criteria": "ProcedurePerformedAtrialAblation",
        "temporal_references": [
          {
            "type": "SBS",
            "reference": "OccurrenceAInpatientEncounter40"
          }
        ]
      }
    },
    {
      "DiagnosisActiveAtrialFibrillationFlutter_precondition_3531": {
        "title": "Atrial Fibrillation/Flutter",
        "description": "Diagnosis, Active: Atrial Fibrillation/Flutter",
        "standard_category": "diagnosis_condition_problem",
        "qds_data_type": "diagnosis_active",
        "code_list_id": "2.16.840.1.113883.3.117.1.7.1.202",
        "type": "conditions",
        "definition": "diagnosis",
        "status": "active",
        "hard_status": false,
        "negation": false,
        "source_data_criteria": "DiagnosisActiveAtrialFibrillationFlutter",
        "temporal_references": [
          {
            "type": "SBE",
            "reference": "OccurrenceAInpatientEncounter40"
          }
        ]
      }
    },
    {
      "DiagnosisInactiveAtrialFibrillationFlutter_precondition_3533": {
        "title": "Atrial Fibrillation/Flutter",
        "description": "Diagnosis, Inactive: Atrial Fibrillation/Flutter",
        "standard_category": "diagnosis_condition_problem",
        "qds_data_type": "diagnosis_inactive",
        "code_list_id": "2.16.840.1.113883.3.117.1.7.1.202",
        "type": "conditions",
        "definition": "diagnosis",
        "status": "inactive",
        "hard_status": true,
        "negation": false,
        "source_data_criteria": "DiagnosisInactiveAtrialFibrillationFlutter",
        "temporal_references": [
          {
            "type": "SBS",
            "reference": "OccurrenceAInpatientEncounter40"
          }
        ]
      }
    },
    {
      "DiagnosticStudyResultAtrialFibrillationFlutter_precondition_3535": {
        "title": "Atrial Fibrillation/Flutter",
        "description": "Diagnostic Study, Result: Atrial Fibrillation/Flutter",
        "standard_category": "diagnostic_study",
        "qds_data_type": "diagnostic_study_result",
        "code_list_id": "2.16.840.1.113883.3.117.1.7.1.249",
        "type": "diagnostic_studies",
        "definition": "diagnostic_study_result",
        "hard_status": false,
        "negation": false,
        "source_data_criteria": "DiagnosticStudyResultAtrialFibrillationFlutter",
        "temporal_references": [
          {
            "type": "SBE",
            "reference": "OccurrenceAInpatientEncounter40"
          }
        ]
      }
    },
    {
      "PatientCharacteristicBirthdateBirthDate_precondition_3540": {
        "title": "birth date",
        "description": "Patient Characteristic Birthdate: birth date",
        "standard_category": "individual_characteristic",
        "qds_data_type": "individual_characteristic",
        "code_list_id": "2.16.840.1.113883.3.560.100.4",
        "property": "birthtime",
        "type": "characteristic",
        "definition": "patient_characteristic_birthdate",
        "hard_status": false,
        "negation": false,
        "source_data_criteria": "PatientCharacteristicBirthdateBirthDate",
        "inline_code_list": {
          "LOINC": [
            "21112-8"
          ]
        },
        "temporal_references": [
          {
            "type": "SBS",
            "reference": "OccurrenceAInpatientEncounter40",
            "range": {
              "type": "IVL_PQ",
              "low": {
                "type": "PQ",
                "unit": "a",
                "value": "18",
                "inclusive?": true,
                "derived?": false
              }
            }
          }
        ]
      }
    },
    {
      "OccurrenceAInpatientEncounter40_precondition_3542": {
        "title": "Inpatient Encounter",
        "description": "Encounter, Performed: Inpatient Encounter",
        "standard_category": "encounter",
        "qds_data_type": "encounter",
        "code_list_id": "2.16.840.1.113883.3.117.1.7.1.23",
        "type": "encounters",
        "definition": "encounter",
        "status": "performed",
        "hard_status": false,
        "negation": false,
        "specific_occurrence": "A",
        "source_data_criteria": "OccurrenceAInpatientEncounter40",
        "field_values": {
          "LENGTH_OF_STAY": {
            "type": "IVL_PQ",
            "high": {
              "type": "PQ",
              "unit": "d",
              "value": "120",
              "inclusive?": true,
              "derived?": false
            }
          }
        }
      }
    },
    {
      "OccurrenceAInpatientEncounter40_precondition_3544": {
        "title": "Inpatient Encounter",
        "description": "Encounter, Performed: Inpatient Encounter",
        "standard_category": "encounter",
        "qds_data_type": "encounter",
        "code_list_id": "2.16.840.1.113883.3.117.1.7.1.23",
        "type": "encounters",
        "definition": "encounter",
        "status": "performed",
        "hard_status": false,
        "negation": false,
        "specific_occurrence": "A",
        "source_data_criteria": "OccurrenceAInpatientEncounter40",
        "field_values": {
          "DISCHARGE_DATETIME": {
            "type": "ANYNonNull"
          }
        },
        "temporal_references": [
          {
            "type": "DURING",
            "reference": "MeasurePeriod"
          }
        ]
      }
    },
    {
      "DiagnosisActiveIschemicStroke_precondition_3546": {
        "title": "Ischemic Stroke",
        "description": "Diagnosis, Active: Ischemic Stroke",
        "standard_category": "diagnosis_condition_problem",
        "qds_data_type": "diagnosis_active",
        "code_list_id": "2.16.840.1.113883.3.117.1.7.1.247",
        "type": "conditions",
        "definition": "diagnosis",
        "status": "active",
        "hard_status": false,
        "negation": false,
        "source_data_criteria": "DiagnosisActiveIschemicStroke",
        "field_values": {
          "ORDINAL": {
            "type": "CD",
            "code_list_id": "2.16.840.1.113883.3.117.2.7.1.14",
            "title": "Principal Diagnosis"
          }
        },
        "temporal_references": [
          {
            "type": "SDU",
            "reference": "OccurrenceAInpatientEncounter40_precondition_3551"
          }
        ]
      }
    },
    {
      "OccurrenceAInpatientEncounter40_precondition_3551": {
        "title": "Inpatient Encounter",
        "description": "Encounter, Performed: Inpatient Encounter",
        "standard_category": "encounter",
        "qds_data_type": "encounter",
        "code_list_id": "2.16.840.1.113883.3.117.1.7.1.23",
        "type": "encounters",
        "definition": "encounter",
        "status": "performed",
        "hard_status": false,
        "negation": false,
        "specific_occurrence": "A",
        "source_data_criteria": "OccurrenceAInpatientEncounter40"
      }
    },
    {
      "DiagnosisActiveHemorrhagicStroke_precondition_3548": {
        "title": "Hemorrhagic Stroke",
        "description": "Diagnosis, Active: Hemorrhagic Stroke",
        "standard_category": "diagnosis_condition_problem",
        "qds_data_type": "diagnosis_active",
        "code_list_id": "2.16.840.1.113883.3.117.1.7.1.212",
        "type": "conditions",
        "definition": "diagnosis",
        "status": "active",
        "hard_status": false,
        "negation": false,
        "source_data_criteria": "DiagnosisActiveHemorrhagicStroke",
        "field_values": {
          "ORDINAL": {
            "type": "CD",
            "code_list_id": "2.16.840.1.113883.3.117.2.7.1.14",
            "title": "Principal Diagnosis"
          }
        },
        "temporal_references": [
          {
            "type": "SDU",
            "reference": "OccurrenceAInpatientEncounter40_precondition_3551"
          }
        ]
      }
    }
  ],
  "oids": [
    "2.16.840.1.113883.3.117.1.7.1.204",
    "2.16.840.1.113883.3.117.1.7.1.247",
    "2.16.840.1.113883.3.117.1.7.1.23",
    "2.16.840.1.113883.3.117.1.7.1.234",
    "2.16.840.1.113883.3.117.1.7.1.235",
    "2.16.840.1.113883.3.117.1.7.1.238",
    "2.16.840.1.113883.3.117.1.7.1.252",
    "2.16.840.1.113883.3.117.1.7.1.202",
    "2.16.840.1.113883.3.117.1.7.1.203",
    "2.16.840.1.113883.3.117.1.7.1.212",
    "2.16.840.1.113883.3.117.1.7.1.293",
    "2.16.840.1.113883.3.117.1.7.1.87",
    "2.16.840.1.113883.3.117.1.7.1.93",
    "2.16.840.1.113883.3.117.1.7.1.200",
    "2.16.840.1.113883.3.117.1.7.1.207",
    "2.16.840.1.113883.3.117.1.7.1.209",
    "2.16.840.1.113883.3.117.1.7.1.233",
    "2.16.840.1.113883.3.117.1.7.1.237",
    "2.16.840.1.113883.3.117.1.7.1.239",
    "2.16.840.1.113883.3.117.1.7.1.242",
    "2.16.840.1.113883.3.117.1.7.1.243",
    "2.16.840.1.113883.3.117.1.7.1.244",
    "2.16.840.1.113883.3.117.1.7.1.245",
    "2.16.840.1.113883.3.117.1.7.1.246",
    "2.16.840.1.113883.3.117.1.7.1.249",
    "2.16.840.1.113883.3.117.1.7.1.250",
    "2.16.840.1.113883.3.117.1.7.1.251",
    "2.16.840.1.113883.3.117.1.7.1.292",
    "2.16.840.1.113883.3.117.1.7.1.308",
    "2.16.840.1.113883.3.117.1.7.1.309",
    "2.16.840.1.113883.3.117.1.7.1.473",
    "2.16.840.1.113883.3.117.2.7.1.14",
    "2.16.840.1.113883.3.526.2.1076",
    "2.16.840.1.113883.3.560.100.4"
  ],
  "population_ids": {
    "IPP": "DCD9DDD4-E051-44A6-9D2B-75685D9D08A4",
    "DENOM": "6C288C0D-8572-434B-AB2A-326CAF648637",
    "NUMER": "17D7EEFE-C12C-4020-BA68-545A3FFC3598",
    "DENEXCEP": "203E8FAC-E86C-477C-B8CC-75D2C0F36058",
    "DENEX": "CA2DBD41-8D79-49DC-81F6-CC1162A9D5EF"
  }
}