{
  "id": "8A4D92B2-3887-5DF3-0139-01954AFC63B2",
  "nqf_id": "0441",
  "hqmf_id": "8A4D92B2-3887-5DF3-0139-01954AFC63B2",
  "hqmf_set_id": "7DC26160-E615-4CC2-879C-75985189EC1A",
  "hqmf_version_number": 1,
  "endorser": null,
  "name": "Assessed for Rehabilitation",
  "description": "Ischemic or hemorrhagic stroke patients who were assessed for rehabilitation services.",
  "type": "eh",
  "category": "Stroke",
  "steward": null,
  "population": {
    "conjunction": "and",
    "items": [
      {
        "conjunction": "and",
        "items": [
          {
            "title": "birth date",
            "description": "Patient Characteristic Birthdate: birth date",
            "standard_category": "individual_characteristic",
            "qds_data_type": "individual_characteristic",
            "code_list_id": "2.16.840.1.113883.3.560.100.4",
            "property": "birthtime",
            "type": "characteristic",
            "definition": "patient_characteristic_birthdate",
            "hard_status": false,
            "negation": false,
            "source_data_criteria": "PatientCharacteristicBirthdateBirthDate",
            "inline_code_list": {
              "LOINC": [
                "21112-8"
              ]
            },
            "temporal_references": [
              {
                "type": "SBS",
                "reference": {
                  "title": "Inpatient Encounter",
                  "description": "Encounter, Performed: Inpatient Encounter",
                  "standard_category": "encounter",
                  "qds_data_type": "encounter",
                  "code_list_id": "2.16.840.1.113883.3.117.1.7.1.23",
                  "type": "encounters",
                  "definition": "encounter",
                  "status": "performed",
                  "hard_status": false,
                  "negation": false,
                  "specific_occurrence": "A",
                  "source_data_criteria": "OccurrenceAInpatientEncounter59"
                },
                "range": {
                  "type": "IVL_PQ",
                  "low": {
                    "type": "PQ",
                    "unit": "a",
                    "value": "18",
                    "inclusive?": true,
                    "derived?": false
                  }
                }
              }
            ]
          },
          {
            "title": "Inpatient Encounter",
            "description": "Encounter, Performed: Inpatient Encounter",
            "standard_category": "encounter",
            "qds_data_type": "encounter",
            "code_list_id": "2.16.840.1.113883.3.117.1.7.1.23",
            "type": "encounters",
            "definition": "encounter",
            "status": "performed",
            "hard_status": false,
            "negation": false,
            "specific_occurrence": "A",
            "source_data_criteria": "OccurrenceAInpatientEncounter59",
            "field_values": {
              "LENGTH_OF_STAY": {
                "type": "IVL_PQ",
                "high": {
                  "type": "PQ",
                  "unit": "d",
                  "value": "120",
                  "inclusive?": true,
                  "derived?": false
                }
              }
            }
          },
          {
            "title": "Inpatient Encounter",
            "description": "Encounter, Performed: Inpatient Encounter",
            "standard_category": "encounter",
            "qds_data_type": "encounter",
            "code_list_id": "2.16.840.1.113883.3.117.1.7.1.23",
            "type": "encounters",
            "definition": "encounter",
            "status": "performed",
            "hard_status": false,
            "negation": false,
            "specific_occurrence": "A",
            "source_data_criteria": "OccurrenceAInpatientEncounter59",
            "field_values": {
              "DISCHARGE_DATETIME": {
                "type": "ANYNonNull"
              }
            },
            "temporal_references": [
              {
                "type": "DURING",
                "reference": "MeasurePeriod",
                "title": "MeasurePeriod"
              }
            ]
          },
          {
            "conjunction": "or",
            "items": [
              {
                "title": "Hemorrhagic Stroke",
                "description": "Diagnosis, Active: Hemorrhagic Stroke",
                "standard_category": "diagnosis_condition_problem",
                "qds_data_type": "diagnosis_active",
                "code_list_id": "2.16.840.1.113883.3.117.1.7.1.212",
                "type": "conditions",
                "definition": "diagnosis",
                "status": "active",
                "hard_status": false,
                "negation": false,
                "source_data_criteria": "DiagnosisActiveHemorrhagicStroke",
                "field_values": {
                  "ORDINAL": {
                    "type": "CD",
                    "code_list_id": "2.16.840.1.113883.3.117.2.7.1.14",
                    "title": "Principal Diagnosis"
                  }
                },
                "temporal_references": [
                  {
                    "type": "SDU",
                    "reference": {
                      "title": "Inpatient Encounter",
                      "description": "Encounter, Performed: Inpatient Encounter",
                      "standard_category": "encounter",
                      "qds_data_type": "encounter",
                      "code_list_id": "2.16.840.1.113883.3.117.1.7.1.23",
                      "type": "encounters",
                      "definition": "encounter",
                      "status": "performed",
                      "hard_status": false,
                      "negation": false,
                      "specific_occurrence": "A",
                      "source_data_criteria": "OccurrenceAInpatientEncounter59"
                    }
                  }
                ]
              },
              {
                "title": "Ischemic Stroke",
                "description": "Diagnosis, Active: Ischemic Stroke",
                "standard_category": "diagnosis_condition_problem",
                "qds_data_type": "diagnosis_active",
                "code_list_id": "2.16.840.1.113883.3.117.1.7.1.247",
                "type": "conditions",
                "definition": "diagnosis",
                "status": "active",
                "hard_status": false,
                "negation": false,
                "source_data_criteria": "DiagnosisActiveIschemicStroke",
                "field_values": {
                  "ORDINAL": {
                    "type": "CD",
                    "code_list_id": "2.16.840.1.113883.3.117.2.7.1.14",
                    "title": "Principal Diagnosis"
                  }
                },
                "temporal_references": [
                  {
                    "type": "SDU",
                    "reference": {
                      "title": "Inpatient Encounter",
                      "description": "Encounter, Performed: Inpatient Encounter",
                      "standard_category": "encounter",
                      "qds_data_type": "encounter",
                      "code_list_id": "2.16.840.1.113883.3.117.1.7.1.23",
                      "type": "encounters",
                      "definition": "encounter",
                      "status": "performed",
                      "hard_status": false,
                      "negation": false,
                      "specific_occurrence": "A",
                      "source_data_criteria": "OccurrenceAInpatientEncounter59"
                    }
                  }
                ]
              }
            ],
            "negation": null,
            "precondition_id": 3972
          }
        ],
        "negation": null,
        "precondition_id": 3975
      }
    ]
  },
  "denominator": {
    "conjunction": "and",
    "items": [

    ]
  },
  "numerator": {
    "conjunction": "and",
    "items": [
      {
        "conjunction": "and",
        "items": [
          {
            "conjunction": "or",
            "items": [
              {
                "title": "Inpatient Encounter",
                "description": "Encounter, Performed: Inpatient Encounter",
                "standard_category": "encounter",
                "qds_data_type": "encounter",
                "code_list_id": "2.16.840.1.113883.3.117.1.7.1.23",
                "type": "encounters",
                "definition": "encounter",
                "status": "performed",
                "hard_status": false,
                "negation": false,
                "specific_occurrence": "A",
                "source_data_criteria": "OccurrenceAInpatientEncounter59",
                "field_values": {
                  "DISCHARGE_STATUS": {
                    "type": "CD",
                    "code_list_id": "2.16.840.1.113883.3.117.1.7.1.132",
                    "title": "Discharged to Rehabilitation Facility"
                  }
                }
              },
              {
                "conjunction": "or",
                "items": [
                  {
                    "title": "Rehabilitation Services",
                    "description": "Procedure, Order: Rehabilitation Services",
                    "standard_category": "procedure",
                    "qds_data_type": "procedure_performed",
                    "code_list_id": "2.16.840.1.113883.3.117.1.7.1.221",
                    "type": "procedures",
                    "definition": "procedure",
                    "status": "ordered",
                    "hard_status": false,
                    "negation": true,
                    "negation_code_list_id": "2.16.840.1.113883.3.117.1.7.1.93",
                    "source_data_criteria": "ProcedureOrderRehabilitationServices",
                    "temporal_references": [
                      {
                        "type": "DURING",
                        "reference": {
                          "title": "Inpatient Encounter",
                          "description": "Encounter, Performed: Inpatient Encounter",
                          "standard_category": "encounter",
                          "qds_data_type": "encounter",
                          "code_list_id": "2.16.840.1.113883.3.117.1.7.1.23",
                          "type": "encounters",
                          "definition": "encounter",
                          "status": "performed",
                          "hard_status": false,
                          "negation": false,
                          "specific_occurrence": "A",
                          "source_data_criteria": "OccurrenceAInpatientEncounter59"
                        }
                      }
                    ]
                  },
                  {
                    "title": "Rehabilitation Services",
                    "description": "Procedure, Order: Rehabilitation Services",
                    "standard_category": "procedure",
                    "qds_data_type": "procedure_performed",
                    "code_list_id": "2.16.840.1.113883.3.117.1.7.1.221",
                    "type": "procedures",
                    "definition": "procedure",
                    "status": "ordered",
                    "hard_status": false,
                    "negation": false,
                    "source_data_criteria": "ProcedureOrderRehabilitationServices",
                    "temporal_references": [
                      {
                        "type": "DURING",
                        "reference": {
                          "title": "Inpatient Encounter",
                          "description": "Encounter, Performed: Inpatient Encounter",
                          "standard_category": "encounter",
                          "qds_data_type": "encounter",
                          "code_list_id": "2.16.840.1.113883.3.117.1.7.1.23",
                          "type": "encounters",
                          "definition": "encounter",
                          "status": "performed",
                          "hard_status": false,
                          "negation": false,
                          "specific_occurrence": "A",
                          "source_data_criteria": "OccurrenceAInpatientEncounter59"
                        }
                      }
                    ]
                  },
                  {
                    "title": "Rehabilitation Services",
                    "description": "Procedure, Order: Rehabilitation Services",
                    "standard_category": "procedure",
                    "qds_data_type": "procedure_performed",
                    "code_list_id": "2.16.840.1.113883.3.117.1.7.1.221",
                    "type": "procedures",
                    "definition": "procedure",
                    "status": "ordered",
                    "hard_status": false,
                    "negation": true,
                    "negation_code_list_id": "2.16.840.1.113883.3.117.1.7.1.473",
                    "source_data_criteria": "ProcedureOrderRehabilitationServices",
                    "temporal_references": [
                      {
                        "type": "DURING",
                        "reference": {
                          "title": "Inpatient Encounter",
                          "description": "Encounter, Performed: Inpatient Encounter",
                          "standard_category": "encounter",
                          "qds_data_type": "encounter",
                          "code_list_id": "2.16.840.1.113883.3.117.1.7.1.23",
                          "type": "encounters",
                          "definition": "encounter",
                          "status": "performed",
                          "hard_status": false,
                          "negation": false,
                          "specific_occurrence": "A",
                          "source_data_criteria": "OccurrenceAInpatientEncounter59"
                        }
                      }
                    ]
                  }
                ],
                "negation": null,
                "precondition_id": 3956
              }
            ],
            "negation": null,
            "precondition_id": 3959
          }
        ],
        "negation": null,
        "precondition_id": 3961
      }
    ]
  },
  "exclusions": {
    "conjunction": "and",
    "items": [
      {
        "conjunction": "and",
        "items": [
          {
            "conjunction": "or",
            "items": [
              {
                "title": "Inpatient Encounter",
                "description": "Encounter, Performed: Inpatient Encounter",
                "standard_category": "encounter",
                "qds_data_type": "encounter",
                "code_list_id": "2.16.840.1.113883.3.117.1.7.1.23",
                "type": "encounters",
                "definition": "encounter",
                "status": "performed",
                "hard_status": false,
                "negation": false,
                "specific_occurrence": "A",
                "source_data_criteria": "OccurrenceAInpatientEncounter59",
                "field_values": {
                  "REASON": {
                    "type": "CD",
                    "code_list_id": "2.16.840.1.113883.3.117.1.7.1.204",
                    "title": "Carotid Intervention"
                  }
                }
              },
              {
                "title": "Inpatient Encounter",
                "description": "Encounter, Performed: Inpatient Encounter",
                "standard_category": "encounter",
                "qds_data_type": "encounter",
                "code_list_id": "2.16.840.1.113883.3.117.1.7.1.23",
                "type": "encounters",
                "definition": "encounter",
                "status": "performed",
                "hard_status": false,
                "negation": false,
                "specific_occurrence": "A",
                "source_data_criteria": "OccurrenceAInpatientEncounter59",
                "field_values": {
                  "DISCHARGE_STATUS": {
                    "type": "CD",
                    "code_list_id": "2.16.840.1.113883.3.117.1.7.1.87",
                    "title": "Discharge To Another Hospital"
                  }
                }
              },
              {
                "title": "Inpatient Encounter",
                "description": "Encounter, Performed: Inpatient Encounter",
                "standard_category": "encounter",
                "qds_data_type": "encounter",
                "code_list_id": "2.16.840.1.113883.3.117.1.7.1.23",
                "type": "encounters",
                "definition": "encounter",
                "status": "performed",
                "hard_status": false,
                "negation": false,
                "specific_occurrence": "A",
                "source_data_criteria": "OccurrenceAInpatientEncounter59",
                "field_values": {
                  "DISCHARGE_STATUS": {
                    "type": "CD",
                    "code_list_id": "2.16.840.1.113883.3.117.1.7.1.308",
                    "title": "Left Against Medical Advice"
                  }
                }
              },
              {
                "title": "Inpatient Encounter",
                "description": "Encounter, Performed: Inpatient Encounter",
                "standard_category": "encounter",
                "qds_data_type": "encounter",
                "code_list_id": "2.16.840.1.113883.3.117.1.7.1.23",
                "type": "encounters",
                "definition": "encounter",
                "status": "performed",
                "hard_status": false,
                "negation": false,
                "specific_occurrence": "A",
                "source_data_criteria": "OccurrenceAInpatientEncounter59",
                "field_values": {
                  "DISCHARGE_STATUS": {
                    "type": "CD",
                    "code_list_id": "2.16.840.1.113883.3.117.1.7.1.309",
                    "title": "Patient Expired"
                  }
                }
              },
              {
                "title": "Inpatient Encounter",
                "description": "Encounter, Performed: Inpatient Encounter",
                "standard_category": "encounter",
                "qds_data_type": "encounter",
                "code_list_id": "2.16.840.1.113883.3.117.1.7.1.23",
                "type": "encounters",
                "definition": "encounter",
                "status": "performed",
                "hard_status": false,
                "negation": false,
                "specific_occurrence": "A",
                "source_data_criteria": "OccurrenceAInpatientEncounter59",
                "field_values": {
                  "DISCHARGE_STATUS": {
                    "type": "CD",
                    "code_list_id": "2.16.840.1.113883.3.117.1.7.1.209",
                    "title": "Discharged to Home for Hospice Care"
                  }
                }
              },
              {
                "title": "Inpatient Encounter",
                "description": "Encounter, Performed: Inpatient Encounter",
                "standard_category": "encounter",
                "qds_data_type": "encounter",
                "code_list_id": "2.16.840.1.113883.3.117.1.7.1.23",
                "type": "encounters",
                "definition": "encounter",
                "status": "performed",
                "hard_status": false,
                "negation": false,
                "specific_occurrence": "A",
                "source_data_criteria": "OccurrenceAInpatientEncounter59",
                "field_values": {
                  "DISCHARGE_STATUS": {
                    "type": "CD",
                    "code_list_id": "2.16.840.1.113883.3.117.1.7.1.207",
                    "title": "Discharged to Health Care Facility for Hospice Care"
                  }
                }
              },
              {
                "conjunction": "and",
                "items": [
                  {
                    "title": "Inpatient Encounter",
                    "description": "Encounter, Performed: Inpatient Encounter",
                    "standard_category": "encounter",
                    "qds_data_type": "encounter",
                    "code_list_id": "2.16.840.1.113883.3.117.1.7.1.23",
                    "type": "encounters",
                    "definition": "encounter",
                    "status": "performed",
                    "hard_status": false,
                    "negation": false,
                    "specific_occurrence": "A",
                    "source_data_criteria": "OccurrenceAInpatientEncounter59",
                    "field_values": {
                      "ADMISSION_DATETIME": {
                        "type": "ANYNonNull"
                      }
                    },
                    "temporal_references": [
                      {
                        "type": "SAE",
                        "reference": {
                          "title": "Emergency Department Visit",
                          "description": "Encounter, Performed: Emergency Department Visit",
                          "standard_category": "encounter",
                          "qds_data_type": "encounter",
                          "code_list_id": "2.16.840.1.113883.3.117.1.7.1.293",
                          "type": "encounters",
                          "definition": "encounter",
                          "status": "performed",
                          "hard_status": false,
                          "negation": false,
                          "specific_occurrence": "A",
                          "source_data_criteria": "OccurrenceAEmergencyDepartmentVisit60",
                          "field_values": {
                            "FACILITY_LOCATION_DEPARTURE_DATETIME": null
                          }
                        },
                        "range": {
                          "type": "IVL_PQ",
                          "high": {
                            "type": "PQ",
                            "unit": "h",
                            "value": "1",
                            "inclusive?": true,
                            "derived?": false
                          }
                        }
                      }
                    ]
                  },
                  {
                    "conjunction": "or",
                    "items": [
                      {
                        "title": "Palliative Care",
                        "description": "Intervention, Order: Palliative Care",
                        "standard_category": "procedure",
                        "qds_data_type": "procedure_performed",
                        "code_list_id": "2.16.840.1.113883.3.526.2.1076",
                        "type": "interventions",
                        "definition": "intervention",
                        "status": "ordered",
                        "hard_status": false,
                        "negation": false,
                        "source_data_criteria": "InterventionOrderPalliativeCare",
                        "temporal_references": [
                          {
                            "type": "SDU",
                            "reference": {
                              "title": "Emergency Department Visit",
                              "description": "Encounter, Performed: Emergency Department Visit",
                              "standard_category": "encounter",
                              "qds_data_type": "encounter",
                              "code_list_id": "2.16.840.1.113883.3.117.1.7.1.293",
                              "type": "encounters",
                              "definition": "encounter",
                              "status": "performed",
                              "hard_status": false,
                              "negation": false,
                              "specific_occurrence": "A",
                              "source_data_criteria": "OccurrenceAEmergencyDepartmentVisit60",
                              "field_values": {
                                "FACILITY_LOCATION_ARRIVAL_DATETIME": null
                              }
                            }
                          }
                        ]
                      },
                      {
                        "title": "Palliative Care",
                        "description": "Intervention, Performed: Palliative Care",
                        "standard_category": "procedure",
                        "qds_data_type": "procedure_performed",
                        "code_list_id": "2.16.840.1.113883.3.526.2.1076",
                        "type": "interventions",
                        "definition": "intervention",
                        "status": "performed",
                        "hard_status": false,
                        "negation": false,
                        "source_data_criteria": "InterventionPerformedPalliativeCare",
                        "temporal_references": [
                          {
                            "type": "SDU",
                            "reference": {
                              "title": "Emergency Department Visit",
                              "description": "Encounter, Performed: Emergency Department Visit",
                              "standard_category": "encounter",
                              "qds_data_type": "encounter",
                              "code_list_id": "2.16.840.1.113883.3.117.1.7.1.293",
                              "type": "encounters",
                              "definition": "encounter",
                              "status": "performed",
                              "hard_status": false,
                              "negation": false,
                              "specific_occurrence": "A",
                              "source_data_criteria": "OccurrenceAEmergencyDepartmentVisit60",
                              "field_values": {
                                "FACILITY_LOCATION_ARRIVAL_DATETIME": null
                              }
                            }
                          }
                        ]
                      }
                    ],
                    "negation": null,
                    "precondition_id": 3933
                  }
                ],
                "negation": null,
                "precondition_id": 3936
              },
              {
                "conjunction": "or",
                "items": [
                  {
                    "title": "Palliative Care",
                    "description": "Intervention, Order: Palliative Care",
                    "standard_category": "procedure",
                    "qds_data_type": "procedure_performed",
                    "code_list_id": "2.16.840.1.113883.3.526.2.1076",
                    "type": "interventions",
                    "definition": "intervention",
                    "status": "ordered",
                    "hard_status": false,
                    "negation": false,
                    "source_data_criteria": "InterventionOrderPalliativeCare",
                    "temporal_references": [
                      {
                        "type": "SDU",
                        "reference": {
                          "title": "Inpatient Encounter",
                          "description": "Encounter, Performed: Inpatient Encounter",
                          "standard_category": "encounter",
                          "qds_data_type": "encounter",
                          "code_list_id": "2.16.840.1.113883.3.117.1.7.1.23",
                          "type": "encounters",
                          "definition": "encounter",
                          "status": "performed",
                          "hard_status": false,
                          "negation": false,
                          "specific_occurrence": "A",
                          "source_data_criteria": "OccurrenceAInpatientEncounter59"
                        }
                      }
                    ]
                  },
                  {
                    "title": "Palliative Care",
                    "description": "Intervention, Performed: Palliative Care",
                    "standard_category": "procedure",
                    "qds_data_type": "procedure_performed",
                    "code_list_id": "2.16.840.1.113883.3.526.2.1076",
                    "type": "interventions",
                    "definition": "intervention",
                    "status": "performed",
                    "hard_status": false,
                    "negation": false,
                    "source_data_criteria": "InterventionPerformedPalliativeCare",
                    "temporal_references": [
                      {
                        "type": "SDU",
                        "reference": {
                          "title": "Inpatient Encounter",
                          "description": "Encounter, Performed: Inpatient Encounter",
                          "standard_category": "encounter",
                          "qds_data_type": "encounter",
                          "code_list_id": "2.16.840.1.113883.3.117.1.7.1.23",
                          "type": "encounters",
                          "definition": "encounter",
                          "status": "performed",
                          "hard_status": false,
                          "negation": false,
                          "specific_occurrence": "A",
                          "source_data_criteria": "OccurrenceAInpatientEncounter59"
                        }
                      }
                    ]
                  }
                ],
                "negation": null,
                "precondition_id": 3942
              }
            ],
            "negation": null,
            "precondition_id": 3945
          }
        ],
        "negation": null,
        "precondition_id": 3947
      }
    ]
  },
  "map_fn": "function() {\n        var patient = this;\n        var effective_date = <%= effective_date %>;\n\n        hqmfjs = {}\n        <%= init_js_frameworks %>\n        \n        \n      var patient_api = new hQuery.Patient(patient);\n\n      \n\n      // clear out logger\n      if (typeof Logger != 'undefined') Logger.logger = [];\n      // turn on logging if it is enabled\n      if (Logger.enabled) enableLogging();\n      \n      \n        // #########################\n        // ##### DATA ELEMENTS #####\n        // #########################\n\n        OidDictionary = <%= oid_dictionary %>;\n        \n        // Measure variables\nvar MeasurePeriod = {\n  \"low\": new TS(\"20100101\", null, true),\n  \"high\": new TS(\"20110101\", null, true)\n}\nhqmfjs.MeasurePeriod = function(patient) {\n  return [new hQuery.CodedEntry(\n    {\n      \"start_time\": MeasurePeriod.low.asDate().getTime()/1000,\n      \"end_time\": MeasurePeriod.high.asDate().getTime()/1000,\n      \"codes\": {}\n    }\n  )];\n}\nif (typeof effective_date === 'number') {\n  MeasurePeriod.high.date = new Date(1000*effective_date);\n  MeasurePeriod.low.date = new Date(1000*effective_date);\n  MeasurePeriod.low.date.setFullYear(MeasurePeriod.low.date.getFullYear()-1);\n}\n\n// Data critera\nhqmfjs.OccurrenceAInpatientEncounter59 = function(patient) {\n  var events = patient.encounters();\n  events.specific_occurrence = 'OccurrenceAInpatientEncounter59'\n  events = events.withStatuses([\"performed\"]);\n  events = events.withoutNegation();\n  var codes = getCodes(\"2.16.840.1.113883.3.117.1.7.1.23\");\n  var start = null;\n  var end = null;\n  events = events.match(codes, start, end, true);\n\n  events.specificContext=new Specifics(Row.buildForDataCriteria(events.specific_occurrence, events))\n  return events;\n}\n\nhqmfjs.OccurrenceAEmergencyDepartmentVisit60 = function(patient) {\n  var events = patient.encounters();\n  events.specific_occurrence = 'OccurrenceAEmergencyDepartmentVisit60'\n  events = events.withStatuses([\"performed\"]);\n  events = events.withoutNegation();\n  var codes = getCodes(\"2.16.840.1.113883.3.117.1.7.1.293\");\n  var start = null;\n  var end = null;\n  events = events.match(codes, start, end, true);\n\n  events.specificContext=new Specifics(Row.buildForDataCriteria(events.specific_occurrence, events))\n  return events;\n}\n\nhqmfjs.EncounterPerformedEmergencyDepartmentVisit = function(patient) {\n  var events = patient.encounters();\n  events = events.withStatuses([\"performed\"]);\n  events = events.withoutNegation();\n  var codes = getCodes(\"2.16.840.1.113883.3.117.1.7.1.293\");\n  var start = null;\n  var end = null;\n  events = events.match(codes, start, end, true);\n\n  events.specificContext=Specifics.identity()\n  return events;\n}\n\nhqmfjs.EncounterPerformedInpatientEncounter = function(patient) {\n  var events = patient.encounters();\n  events = events.withStatuses([\"performed\"]);\n  events = events.withoutNegation();\n  var codes = getCodes(\"2.16.840.1.113883.3.117.1.7.1.23\");\n  var start = null;\n  var end = null;\n  events = events.match(codes, start, end, true);\n\n  events.specificContext=Specifics.identity()\n  return events;\n}\n\nhqmfjs.ProcedureOrderNotDonePatientRefusal = function(patient) {\n  var events = patient.allProcedures();\n  events = events.withStatuses([\"ordered\"]);\n  events = events.withNegation();\n  var codes = getCodes(\"2.16.840.1.113883.3.117.1.7.1.93\");\n  var start = null;\n  var end = null;\n  events = events.match(codes, start, end, true);\n\n  events.specificContext=Specifics.identity()\n  return events;\n}\n\nhqmfjs.ProcedureOrderNotDoneMedicalReason = function(patient) {\n  var events = patient.allProcedures();\n  events = events.withStatuses([\"ordered\"]);\n  events = events.withNegation();\n  var codes = getCodes(\"2.16.840.1.113883.3.117.1.7.1.473\");\n  var start = null;\n  var end = null;\n  events = events.match(codes, start, end, true);\n\n  events.specificContext=Specifics.identity()\n  return events;\n}\n\nhqmfjs.OccurrenceAInpatientEncounter59 = function(patient) {\n  var events = patient.encounters();\n  events.specific_occurrence = 'OccurrenceAInpatientEncounter59'\n  events = events.withStatuses([\"performed\"]);\n  events = events.withoutNegation();\n  var codes = getCodes(\"2.16.840.1.113883.3.117.1.7.1.23\");\n  var start = null;\n  var end = null;\n  events = events.match(codes, start, end, true);\n\n  events.specificContext=new Specifics(Row.buildForDataCriteria(events.specific_occurrence, events))\n  return events;\n}\n\nhqmfjs.OccurrenceAInpatientEncounter59_precondition_3914 = function(patient) {\n  var events = patient.encounters();\n  events.specific_occurrence = 'OccurrenceAInpatientEncounter59'\n  events = events.withStatuses([\"performed\"]);\n  events = events.withoutNegation();\n  var codes = getCodes(\"2.16.840.1.113883.3.117.1.7.1.23\");\n  var start = null;\n  var end = null;\n  events = events.match(codes, start, end, true);\n\n  events = filterEventsByField(events, \"reason\", new CodeList(getCodes(\"2.16.840.1.113883.3.117.1.7.1.204\")));\n  events.specificContext=new Specifics(Row.buildForDataCriteria(events.specific_occurrence, events))\n  return events;\n}\n\nhqmfjs.OccurrenceAInpatientEncounter59_precondition_3916 = function(patient) {\n  var events = patient.encounters();\n  events.specific_occurrence = 'OccurrenceAInpatientEncounter59'\n  events = events.withStatuses([\"performed\"]);\n  events = events.withoutNegation();\n  var codes = getCodes(\"2.16.840.1.113883.3.117.1.7.1.23\");\n  var start = null;\n  var end = null;\n  events = events.match(codes, start, end, true);\n\n  events = filterEventsByField(events, \"dischargeStatus\", new CodeList(getCodes(\"2.16.840.1.113883.3.117.1.7.1.87\")));\n  events.specificContext=new Specifics(Row.buildForDataCriteria(events.specific_occurrence, events))\n  return events;\n}\n\nhqmfjs.OccurrenceAInpatientEncounter59_precondition_3918 = function(patient) {\n  var events = patient.encounters();\n  events.specific_occurrence = 'OccurrenceAInpatientEncounter59'\n  events = events.withStatuses([\"performed\"]);\n  events = events.withoutNegation();\n  var codes = getCodes(\"2.16.840.1.113883.3.117.1.7.1.23\");\n  var start = null;\n  var end = null;\n  events = events.match(codes, start, end, true);\n\n  events = filterEventsByField(events, \"dischargeStatus\", new CodeList(getCodes(\"2.16.840.1.113883.3.117.1.7.1.308\")));\n  events.specificContext=new Specifics(Row.buildForDataCriteria(events.specific_occurrence, events))\n  return events;\n}\n\nhqmfjs.OccurrenceAInpatientEncounter59_precondition_3920 = function(patient) {\n  var events = patient.encounters();\n  events.specific_occurrence = 'OccurrenceAInpatientEncounter59'\n  events = events.withStatuses([\"performed\"]);\n  events = events.withoutNegation();\n  var codes = getCodes(\"2.16.840.1.113883.3.117.1.7.1.23\");\n  var start = null;\n  var end = null;\n  events = events.match(codes, start, end, true);\n\n  events = filterEventsByField(events, \"dischargeStatus\", new CodeList(getCodes(\"2.16.840.1.113883.3.117.1.7.1.309\")));\n  events.specificContext=new Specifics(Row.buildForDataCriteria(events.specific_occurrence, events))\n  return events;\n}\n\nhqmfjs.OccurrenceAInpatientEncounter59_precondition_3922 = function(patient) {\n  var events = patient.encounters();\n  events.specific_occurrence = 'OccurrenceAInpatientEncounter59'\n  events = events.withStatuses([\"performed\"]);\n  events = events.withoutNegation();\n  var codes = getCodes(\"2.16.840.1.113883.3.117.1.7.1.23\");\n  var start = null;\n  var end = null;\n  events = events.match(codes, start, end, true);\n\n  events = filterEventsByField(events, \"dischargeStatus\", new CodeList(getCodes(\"2.16.840.1.113883.3.117.1.7.1.209\")));\n  events.specificContext=new Specifics(Row.buildForDataCriteria(events.specific_occurrence, events))\n  return events;\n}\n\nhqmfjs.OccurrenceAInpatientEncounter59_precondition_3924 = function(patient) {\n  var events = patient.encounters();\n  events.specific_occurrence = 'OccurrenceAInpatientEncounter59'\n  events = events.withStatuses([\"performed\"]);\n  events = events.withoutNegation();\n  var codes = getCodes(\"2.16.840.1.113883.3.117.1.7.1.23\");\n  var start = null;\n  var end = null;\n  events = events.match(codes, start, end, true);\n\n  events = filterEventsByField(events, \"dischargeStatus\", new CodeList(getCodes(\"2.16.840.1.113883.3.117.1.7.1.207\")));\n  events.specificContext=new Specifics(Row.buildForDataCriteria(events.specific_occurrence, events))\n  return events;\n}\n\nhqmfjs.OccurrenceAEmergencyDepartmentVisit60_precondition_3926 = function(patient) {\n  var events = patient.encounters();\n  events.specific_occurrence = 'OccurrenceAEmergencyDepartmentVisit60'\n  events = events.withStatuses([\"performed\"]);\n  events = events.withoutNegation();\n  var codes = getCodes(\"2.16.840.1.113883.3.117.1.7.1.293\");\n  var start = null;\n  var end = null;\n  events = events.match(codes, start, end, true);\n\n  events = filterEventsByField(events, \"facilityLocationDeparture\", null);\n  events.specificContext=new Specifics(Row.buildForDataCriteria(events.specific_occurrence, events))\n  return events;\n}\n\nhqmfjs.OccurrenceAInpatientEncounter59_precondition_3927 = function(patient) {\n  var events = patient.encounters();\n  events.specific_occurrence = 'OccurrenceAInpatientEncounter59'\n  events = events.withStatuses([\"performed\"]);\n  events = events.withoutNegation();\n  var codes = getCodes(\"2.16.840.1.113883.3.117.1.7.1.23\");\n  var start = null;\n  var end = null;\n  events = events.match(codes, start, end, true);\n\n  events = filterEventsByField(events, \"admissionDatetime\", new ANYNonNull());\n  events = SAE(events, hqmfjs.OccurrenceAEmergencyDepartmentVisit60_precondition_3926(patient), new IVL_PQ(null, new PQ(1, \"h\", true)));\n  return events;\n}\n\nhqmfjs.OccurrenceAEmergencyDepartmentVisit60_precondition_3934 = function(patient) {\n  var events = patient.encounters();\n  events.specific_occurrence = 'OccurrenceAEmergencyDepartmentVisit60'\n  events = events.withStatuses([\"performed\"]);\n  events = events.withoutNegation();\n  var codes = getCodes(\"2.16.840.1.113883.3.117.1.7.1.293\");\n  var start = null;\n  var end = null;\n  events = events.match(codes, start, end, true);\n\n  events = filterEventsByField(events, \"facilityLocationArrival\", null);\n  events.specificContext=new Specifics(Row.buildForDataCriteria(events.specific_occurrence, events))\n  return events;\n}\n\nhqmfjs.InterventionOrderPalliativeCare_precondition_3929 = function(patient) {\n  var events = patient.allProcedures();\n  events = events.withStatuses([\"ordered\"]);\n  events = events.withoutNegation();\n  var codes = getCodes(\"2.16.840.1.113883.3.526.2.1076\");\n  var start = null;\n  var end = null;\n  events = events.match(codes, start, end, true);\n\n  events = SDU(events, hqmfjs.OccurrenceAEmergencyDepartmentVisit60_precondition_3934(patient));\n  return events;\n}\n\nhqmfjs.InterventionPerformedPalliativeCare_precondition_3931 = function(patient) {\n  var events = patient.allProcedures();\n  events = events.withStatuses([\"performed\"]);\n  events = events.withoutNegation();\n  var codes = getCodes(\"2.16.840.1.113883.3.526.2.1076\");\n  var start = null;\n  var end = null;\n  events = events.match(codes, start, end, true);\n\n  events = SDU(events, hqmfjs.OccurrenceAEmergencyDepartmentVisit60_precondition_3934(patient));\n  return events;\n}\n\nhqmfjs.OccurrenceAInpatientEncounter59_precondition_3943 = function(patient) {\n  var events = patient.encounters();\n  events.specific_occurrence = 'OccurrenceAInpatientEncounter59'\n  events = events.withStatuses([\"performed\"]);\n  events = events.withoutNegation();\n  var codes = getCodes(\"2.16.840.1.113883.3.117.1.7.1.23\");\n  var start = null;\n  var end = null;\n  events = events.match(codes, start, end, true);\n\n  events.specificContext=new Specifics(Row.buildForDataCriteria(events.specific_occurrence, events))\n  return events;\n}\n\nhqmfjs.InterventionOrderPalliativeCare_precondition_3938 = function(patient) {\n  var events = patient.allProcedures();\n  events = events.withStatuses([\"ordered\"]);\n  events = events.withoutNegation();\n  var codes = getCodes(\"2.16.840.1.113883.3.526.2.1076\");\n  var start = null;\n  var end = null;\n  events = events.match(codes, start, end, true);\n\n  events = SDU(events, hqmfjs.OccurrenceAInpatientEncounter59_precondition_3943(patient));\n  return events;\n}\n\nhqmfjs.InterventionPerformedPalliativeCare_precondition_3940 = function(patient) {\n  var events = patient.allProcedures();\n  events = events.withStatuses([\"performed\"]);\n  events = events.withoutNegation();\n  var codes = getCodes(\"2.16.840.1.113883.3.526.2.1076\");\n  var start = null;\n  var end = null;\n  events = events.match(codes, start, end, true);\n\n  events = SDU(events, hqmfjs.OccurrenceAInpatientEncounter59_precondition_3943(patient));\n  return events;\n}\n\nhqmfjs.OccurrenceAInpatientEncounter59_precondition_3948 = function(patient) {\n  var events = patient.encounters();\n  events.specific_occurrence = 'OccurrenceAInpatientEncounter59'\n  events = events.withStatuses([\"performed\"]);\n  events = events.withoutNegation();\n  var codes = getCodes(\"2.16.840.1.113883.3.117.1.7.1.23\");\n  var start = null;\n  var end = null;\n  events = events.match(codes, start, end, true);\n\n  events = filterEventsByField(events, \"dischargeStatus\", new CodeList(getCodes(\"2.16.840.1.113883.3.117.1.7.1.132\")));\n  events.specificContext=new Specifics(Row.buildForDataCriteria(events.specific_occurrence, events))\n  return events;\n}\n\nhqmfjs.OccurrenceAInpatientEncounter59_precondition_3957 = function(patient) {\n  var events = patient.encounters();\n  events.specific_occurrence = 'OccurrenceAInpatientEncounter59'\n  events = events.withStatuses([\"performed\"]);\n  events = events.withoutNegation();\n  var codes = getCodes(\"2.16.840.1.113883.3.117.1.7.1.23\");\n  var start = null;\n  var end = null;\n  events = events.match(codes, start, end, true);\n\n  events.specificContext=new Specifics(Row.buildForDataCriteria(events.specific_occurrence, events))\n  return events;\n}\n\nhqmfjs.ProcedureOrderRehabilitationServices_precondition_3950 = function(patient) {\n  var events = patient.allProcedures();\n  events = events.withStatuses([\"ordered\"]);\n  events = events.withNegation(getCodes(\"2.16.840.1.113883.3.117.1.7.1.93\"));\n  var codes = getCodes(\"2.16.840.1.113883.3.117.1.7.1.221\");\n  var start = null;\n  var end = null;\n  events = events.match(codes, start, end, true);\n\n  events = DURING(events, hqmfjs.OccurrenceAInpatientEncounter59_precondition_3957(patient));\n  return events;\n}\n\nhqmfjs.ProcedureOrderRehabilitationServices_precondition_3952 = function(patient) {\n  var events = patient.allProcedures();\n  events = events.withStatuses([\"ordered\"]);\n  events = events.withoutNegation();\n  var codes = getCodes(\"2.16.840.1.113883.3.117.1.7.1.221\");\n  var start = null;\n  var end = null;\n  events = events.match(codes, start, end, true);\n\n  events = DURING(events, hqmfjs.OccurrenceAInpatientEncounter59_precondition_3957(patient));\n  return events;\n}\n\nhqmfjs.ProcedureOrderRehabilitationServices_precondition_3954 = function(patient) {\n  var events = patient.allProcedures();\n  events = events.withStatuses([\"ordered\"]);\n  events = events.withNegation(getCodes(\"2.16.840.1.113883.3.117.1.7.1.473\"));\n  var codes = getCodes(\"2.16.840.1.113883.3.117.1.7.1.221\");\n  var start = null;\n  var end = null;\n  events = events.match(codes, start, end, true);\n\n  events = DURING(events, hqmfjs.OccurrenceAInpatientEncounter59_precondition_3957(patient));\n  return events;\n}\n\nhqmfjs.PatientCharacteristicBirthdateBirthDate_precondition_3962 = function(patient) {\nvar value = patient.birthtime();\nvar events = [value];\nevents = SBS(events, hqmfjs.OccurrenceAInpatientEncounter59(patient), new IVL_PQ(new PQ(18, \"a\", true), null));\nevents.specificContext=Specifics.identity();\nreturn events;\n\n}\n\nhqmfjs.OccurrenceAInpatientEncounter59_precondition_3964 = function(patient) {\n  var events = patient.encounters();\n  events.specific_occurrence = 'OccurrenceAInpatientEncounter59'\n  events = events.withStatuses([\"performed\"]);\n  events = events.withoutNegation();\n  var codes = getCodes(\"2.16.840.1.113883.3.117.1.7.1.23\");\n  var start = null;\n  var end = null;\n  events = events.match(codes, start, end, true);\n\n  events = filterEventsByField(events, \"lengthOfStay\", new IVL_PQ(null, new PQ(120, \"d\", true)));\n  events.specificContext=new Specifics(Row.buildForDataCriteria(events.specific_occurrence, events))\n  return events;\n}\n\nhqmfjs.OccurrenceAInpatientEncounter59_precondition_3966 = function(patient) {\n  var events = patient.encounters();\n  events.specific_occurrence = 'OccurrenceAInpatientEncounter59'\n  events = events.withStatuses([\"performed\"]);\n  events = events.withoutNegation();\n  var codes = getCodes(\"2.16.840.1.113883.3.117.1.7.1.23\");\n  var start = null;\n  var end = null;\n  events = events.match(codes, start, end, true);\n\n  events = filterEventsByField(events, \"dischargeDatetime\", new ANYNonNull());\n  events = DURING(events, hqmfjs.MeasurePeriod(patient));\n  return events;\n}\n\nhqmfjs.OccurrenceAInpatientEncounter59_precondition_3973 = function(patient) {\n  var events = patient.encounters();\n  events.specific_occurrence = 'OccurrenceAInpatientEncounter59'\n  events = events.withStatuses([\"performed\"]);\n  events = events.withoutNegation();\n  var codes = getCodes(\"2.16.840.1.113883.3.117.1.7.1.23\");\n  var start = null;\n  var end = null;\n  events = events.match(codes, start, end, true);\n\n  events.specificContext=new Specifics(Row.buildForDataCriteria(events.specific_occurrence, events))\n  return events;\n}\n\nhqmfjs.DiagnosisActiveHemorrhagicStroke_precondition_3968 = function(patient) {\n  var events = patient.allProblems();\n  events = events.withStatuses([\"active\"]);\n  events = events.withoutNegation();\n  var codes = getCodes(\"2.16.840.1.113883.3.117.1.7.1.212\");\n  var start = null;\n  var end = null;\n  events = events.match(codes, start, end, true);\n\n  events = filterEventsByField(events, \"ordinal\", new CodeList(getCodes(\"2.16.840.1.113883.3.117.2.7.1.14\")));\n  events = SDU(events, hqmfjs.OccurrenceAInpatientEncounter59_precondition_3973(patient));\n  return events;\n}\n\nhqmfjs.DiagnosisActiveIschemicStroke_precondition_3970 = function(patient) {\n  var events = patient.allProblems();\n  events = events.withStatuses([\"active\"]);\n  events = events.withoutNegation();\n  var codes = getCodes(\"2.16.840.1.113883.3.117.1.7.1.247\");\n  var start = null;\n  var end = null;\n  events = events.match(codes, start, end, true);\n\n  events = filterEventsByField(events, \"ordinal\", new CodeList(getCodes(\"2.16.840.1.113883.3.117.2.7.1.14\")));\n  events = SDU(events, hqmfjs.OccurrenceAInpatientEncounter59_precondition_3973(patient));\n  return events;\n}\n\n\n\n        // #########################\n        // ##### MEASURE LOGIC #####\n        // #########################\n        \n        hqmfjs.initializeSpecifics = function(patient_api, hqmfjs) { Specifics.initialize(patient_api,hqmfjs,{\"id\":\"OccurrenceAInpatientEncounter59\",\"type\":\"\",\"function\":\"OccurrenceAInpatientEncounter59\"},{\"id\":\"OccurrenceAEmergencyDepartmentVisit60\",\"type\":\"\",\"function\":\"OccurrenceAEmergencyDepartmentVisit60\"}) }\n\n        // INITIAL PATIENT POPULATION\n        hqmfjs.IPP = function(patient) {\n  return allTrue(  \n    allTrue(    \n      hqmfjs.PatientCharacteristicBirthdateBirthDate_precondition_3962(patient),    \n      hqmfjs.OccurrenceAInpatientEncounter59_precondition_3964(patient),    \n      hqmfjs.OccurrenceAInpatientEncounter59_precondition_3966(patient),    \n      atLeastOneTrue(      \n        hqmfjs.DiagnosisActiveHemorrhagicStroke_precondition_3968(patient),      \n        hqmfjs.DiagnosisActiveIschemicStroke_precondition_3970(patient)\n      )\n    )\n  );\n};\n\n\n        // DENOMINATOR\n        hqmfjs.DENOM = function(patient) { return new Boolean(true); }\n        // NUMERATOR\n        hqmfjs.NUMER = function(patient) {\n  return allTrue(  \n    allTrue(    \n      atLeastOneTrue(      \n        hqmfjs.OccurrenceAInpatientEncounter59_precondition_3948(patient),      \n        atLeastOneTrue(        \n          hqmfjs.ProcedureOrderRehabilitationServices_precondition_3950(patient),        \n          hqmfjs.ProcedureOrderRehabilitationServices_precondition_3952(patient),        \n          hqmfjs.ProcedureOrderRehabilitationServices_precondition_3954(patient)\n        )\n      )\n    )\n  );\n};\n\n\n        hqmfjs.DENEX = function(patient) {\n  return atLeastOneTrue(  \n    allTrue(    \n      atLeastOneTrue(      \n        hqmfjs.OccurrenceAInpatientEncounter59_precondition_3914(patient),      \n        hqmfjs.OccurrenceAInpatientEncounter59_precondition_3916(patient),      \n        hqmfjs.OccurrenceAInpatientEncounter59_precondition_3918(patient),      \n        hqmfjs.OccurrenceAInpatientEncounter59_precondition_3920(patient),      \n        hqmfjs.OccurrenceAInpatientEncounter59_precondition_3922(patient),      \n        hqmfjs.OccurrenceAInpatientEncounter59_precondition_3924(patient),      \n        allTrue(        \n          hqmfjs.OccurrenceAInpatientEncounter59_precondition_3927(patient),        \n          atLeastOneTrue(          \n            hqmfjs.InterventionOrderPalliativeCare_precondition_3929(patient),          \n            hqmfjs.InterventionPerformedPalliativeCare_precondition_3931(patient)\n          )\n        ),      \n        atLeastOneTrue(        \n          hqmfjs.InterventionOrderPalliativeCare_precondition_3938(patient),        \n          hqmfjs.InterventionPerformedPalliativeCare_precondition_3940(patient)\n        )\n      )\n    )\n  );\n};\n\n\n        hqmfjs.DENEXCEP = function(patient) { return new Boolean(false); }\n        \n\n      hqmfjs.initializeSpecifics(patient_api, hqmfjs)\n      \n      var population = function() {\n        return executeIfAvailable(hqmfjs.IPP, patient_api);\n      }\n      var denominator = function() {\n        return executeIfAvailable(hqmfjs.DENOM, patient_api);\n      }\n      var numerator = function() {\n        return executeIfAvailable(hqmfjs.NUMER, patient_api);\n      }\n      var exclusion = function() {\n        return executeIfAvailable(hqmfjs.DENEX, patient_api);\n      }\n      var denexcep = function() {\n        return executeIfAvailable(hqmfjs.DENEXCEP, patient_api);\n      }\n      \n      var executeIfAvailable = function(optionalFunction, arg) {\n        if (typeof(optionalFunction)==='function')\n          return optionalFunction(arg);\n        else\n          return false;\n      }\n\n      if (Logger.enabled) enableMeasureLogging(hqmfjs);\n\n      map(patient, population, denominator, numerator, exclusion, denexcep);\n      \n      };\n      ",
  "data_criteria": [
    {
      "OccurrenceAInpatientEncounter59_precondition_3914": {
        "title": "Inpatient Encounter",
        "description": "Encounter, Performed: Inpatient Encounter",
        "standard_category": "encounter",
        "qds_data_type": "encounter",
        "code_list_id": "2.16.840.1.113883.3.117.1.7.1.23",
        "type": "encounters",
        "definition": "encounter",
        "status": "performed",
        "hard_status": false,
        "negation": false,
        "specific_occurrence": "A",
        "source_data_criteria": "OccurrenceAInpatientEncounter59",
        "field_values": {
          "REASON": {
            "type": "CD",
            "code_list_id": "2.16.840.1.113883.3.117.1.7.1.204",
            "title": "Carotid Intervention"
          }
        }
      }
    },
    {
      "OccurrenceAInpatientEncounter59_precondition_3916": {
        "title": "Inpatient Encounter",
        "description": "Encounter, Performed: Inpatient Encounter",
        "standard_category": "encounter",
        "qds_data_type": "encounter",
        "code_list_id": "2.16.840.1.113883.3.117.1.7.1.23",
        "type": "encounters",
        "definition": "encounter",
        "status": "performed",
        "hard_status": false,
        "negation": false,
        "specific_occurrence": "A",
        "source_data_criteria": "OccurrenceAInpatientEncounter59",
        "field_values": {
          "DISCHARGE_STATUS": {
            "type": "CD",
            "code_list_id": "2.16.840.1.113883.3.117.1.7.1.87",
            "title": "Discharge To Another Hospital"
          }
        }
      }
    },
    {
      "OccurrenceAInpatientEncounter59_precondition_3918": {
        "title": "Inpatient Encounter",
        "description": "Encounter, Performed: Inpatient Encounter",
        "standard_category": "encounter",
        "qds_data_type": "encounter",
        "code_list_id": "2.16.840.1.113883.3.117.1.7.1.23",
        "type": "encounters",
        "definition": "encounter",
        "status": "performed",
        "hard_status": false,
        "negation": false,
        "specific_occurrence": "A",
        "source_data_criteria": "OccurrenceAInpatientEncounter59",
        "field_values": {
          "DISCHARGE_STATUS": {
            "type": "CD",
            "code_list_id": "2.16.840.1.113883.3.117.1.7.1.308",
            "title": "Left Against Medical Advice"
          }
        }
      }
    },
    {
      "OccurrenceAInpatientEncounter59_precondition_3920": {
        "title": "Inpatient Encounter",
        "description": "Encounter, Performed: Inpatient Encounter",
        "standard_category": "encounter",
        "qds_data_type": "encounter",
        "code_list_id": "2.16.840.1.113883.3.117.1.7.1.23",
        "type": "encounters",
        "definition": "encounter",
        "status": "performed",
        "hard_status": false,
        "negation": false,
        "specific_occurrence": "A",
        "source_data_criteria": "OccurrenceAInpatientEncounter59",
        "field_values": {
          "DISCHARGE_STATUS": {
            "type": "CD",
            "code_list_id": "2.16.840.1.113883.3.117.1.7.1.309",
            "title": "Patient Expired"
          }
        }
      }
    },
    {
      "OccurrenceAInpatientEncounter59_precondition_3922": {
        "title": "Inpatient Encounter",
        "description": "Encounter, Performed: Inpatient Encounter",
        "standard_category": "encounter",
        "qds_data_type": "encounter",
        "code_list_id": "2.16.840.1.113883.3.117.1.7.1.23",
        "type": "encounters",
        "definition": "encounter",
        "status": "performed",
        "hard_status": false,
        "negation": false,
        "specific_occurrence": "A",
        "source_data_criteria": "OccurrenceAInpatientEncounter59",
        "field_values": {
          "DISCHARGE_STATUS": {
            "type": "CD",
            "code_list_id": "2.16.840.1.113883.3.117.1.7.1.209",
            "title": "Discharged to Home for Hospice Care"
          }
        }
      }
    },
    {
      "OccurrenceAInpatientEncounter59_precondition_3924": {
        "title": "Inpatient Encounter",
        "description": "Encounter, Performed: Inpatient Encounter",
        "standard_category": "encounter",
        "qds_data_type": "encounter",
        "code_list_id": "2.16.840.1.113883.3.117.1.7.1.23",
        "type": "encounters",
        "definition": "encounter",
        "status": "performed",
        "hard_status": false,
        "negation": false,
        "specific_occurrence": "A",
        "source_data_criteria": "OccurrenceAInpatientEncounter59",
        "field_values": {
          "DISCHARGE_STATUS": {
            "type": "CD",
            "code_list_id": "2.16.840.1.113883.3.117.1.7.1.207",
            "title": "Discharged to Health Care Facility for Hospice Care"
          }
        }
      }
    },
    {
      "OccurrenceAInpatientEncounter59_precondition_3927": {
        "title": "Inpatient Encounter",
        "description": "Encounter, Performed: Inpatient Encounter",
        "standard_category": "encounter",
        "qds_data_type": "encounter",
        "code_list_id": "2.16.840.1.113883.3.117.1.7.1.23",
        "type": "encounters",
        "definition": "encounter",
        "status": "performed",
        "hard_status": false,
        "negation": false,
        "specific_occurrence": "A",
        "source_data_criteria": "OccurrenceAInpatientEncounter59",
        "field_values": {
          "ADMISSION_DATETIME": {
            "type": "ANYNonNull"
          }
        },
        "temporal_references": [
          {
            "type": "SAE",
            "reference": "OccurrenceAEmergencyDepartmentVisit60_precondition_3926",
            "range": {
              "type": "IVL_PQ",
              "high": {
                "type": "PQ",
                "unit": "h",
                "value": "1",
                "inclusive?": true,
                "derived?": false
              }
            }
          }
        ]
      }
    },
    {
      "OccurrenceAEmergencyDepartmentVisit60_precondition_3926": {
        "title": "Emergency Department Visit",
        "description": "Encounter, Performed: Emergency Department Visit",
        "standard_category": "encounter",
        "qds_data_type": "encounter",
        "code_list_id": "2.16.840.1.113883.3.117.1.7.1.293",
        "type": "encounters",
        "definition": "encounter",
        "status": "performed",
        "hard_status": false,
        "negation": false,
        "specific_occurrence": "A",
        "source_data_criteria": "OccurrenceAEmergencyDepartmentVisit60",
        "field_values": {
          "FACILITY_LOCATION_DEPARTURE_DATETIME": "null"
        }
      }
    },
    {
      "InterventionOrderPalliativeCare_precondition_3929": {
        "title": "Palliative Care",
        "description": "Intervention, Order: Palliative Care",
        "standard_category": "procedure",
        "qds_data_type": "procedure_performed",
        "code_list_id": "2.16.840.1.113883.3.526.2.1076",
        "type": "interventions",
        "definition": "intervention",
        "status": "ordered",
        "hard_status": false,
        "negation": false,
        "source_data_criteria": "InterventionOrderPalliativeCare",
        "temporal_references": [
          {
            "type": "SDU",
            "reference": "OccurrenceAEmergencyDepartmentVisit60_precondition_3934"
          }
        ]
      }
    },
    {
      "OccurrenceAEmergencyDepartmentVisit60_precondition_3934": {
        "title": "Emergency Department Visit",
        "description": "Encounter, Performed: Emergency Department Visit",
        "standard_category": "encounter",
        "qds_data_type": "encounter",
        "code_list_id": "2.16.840.1.113883.3.117.1.7.1.293",
        "type": "encounters",
        "definition": "encounter",
        "status": "performed",
        "hard_status": false,
        "negation": false,
        "specific_occurrence": "A",
        "source_data_criteria": "OccurrenceAEmergencyDepartmentVisit60",
        "field_values": {
          "FACILITY_LOCATION_ARRIVAL_DATETIME": "null"
        }
      }
    },
    {
      "InterventionPerformedPalliativeCare_precondition_3931": {
        "title": "Palliative Care",
        "description": "Intervention, Performed: Palliative Care",
        "standard_category": "procedure",
        "qds_data_type": "procedure_performed",
        "code_list_id": "2.16.840.1.113883.3.526.2.1076",
        "type": "interventions",
        "definition": "intervention",
        "status": "performed",
        "hard_status": false,
        "negation": false,
        "source_data_criteria": "InterventionPerformedPalliativeCare",
        "temporal_references": [
          {
            "type": "SDU",
            "reference": "OccurrenceAEmergencyDepartmentVisit60_precondition_3934"
          }
        ]
      }
    },
    {
      "InterventionOrderPalliativeCare_precondition_3938": {
        "title": "Palliative Care",
        "description": "Intervention, Order: Palliative Care",
        "standard_category": "procedure",
        "qds_data_type": "procedure_performed",
        "code_list_id": "2.16.840.1.113883.3.526.2.1076",
        "type": "interventions",
        "definition": "intervention",
        "status": "ordered",
        "hard_status": false,
        "negation": false,
        "source_data_criteria": "InterventionOrderPalliativeCare",
        "temporal_references": [
          {
            "type": "SDU",
            "reference": "OccurrenceAInpatientEncounter59_precondition_3943"
          }
        ]
      }
    },
    {
      "OccurrenceAInpatientEncounter59_precondition_3943": {
        "title": "Inpatient Encounter",
        "description": "Encounter, Performed: Inpatient Encounter",
        "standard_category": "encounter",
        "qds_data_type": "encounter",
        "code_list_id": "2.16.840.1.113883.3.117.1.7.1.23",
        "type": "encounters",
        "definition": "encounter",
        "status": "performed",
        "hard_status": false,
        "negation": false,
        "specific_occurrence": "A",
        "source_data_criteria": "OccurrenceAInpatientEncounter59"
      }
    },
    {
      "InterventionPerformedPalliativeCare_precondition_3940": {
        "title": "Palliative Care",
        "description": "Intervention, Performed: Palliative Care",
        "standard_category": "procedure",
        "qds_data_type": "procedure_performed",
        "code_list_id": "2.16.840.1.113883.3.526.2.1076",
        "type": "interventions",
        "definition": "intervention",
        "status": "performed",
        "hard_status": false,
        "negation": false,
        "source_data_criteria": "InterventionPerformedPalliativeCare",
        "temporal_references": [
          {
            "type": "SDU",
            "reference": "OccurrenceAInpatientEncounter59_precondition_3943"
          }
        ]
      }
    },
    {
      "OccurrenceAInpatientEncounter59_precondition_3948": {
        "title": "Inpatient Encounter",
        "description": "Encounter, Performed: Inpatient Encounter",
        "standard_category": "encounter",
        "qds_data_type": "encounter",
        "code_list_id": "2.16.840.1.113883.3.117.1.7.1.23",
        "type": "encounters",
        "definition": "encounter",
        "status": "performed",
        "hard_status": false,
        "negation": false,
        "specific_occurrence": "A",
        "source_data_criteria": "OccurrenceAInpatientEncounter59",
        "field_values": {
          "DISCHARGE_STATUS": {
            "type": "CD",
            "code_list_id": "2.16.840.1.113883.3.117.1.7.1.132",
            "title": "Discharged to Rehabilitation Facility"
          }
        }
      }
    },
    {
      "ProcedureOrderRehabilitationServices_precondition_3950": {
        "title": "Rehabilitation Services",
        "description": "Procedure, Order: Rehabilitation Services",
        "standard_category": "procedure",
        "qds_data_type": "procedure_performed",
        "code_list_id": "2.16.840.1.113883.3.117.1.7.1.221",
        "type": "procedures",
        "definition": "procedure",
        "status": "ordered",
        "hard_status": false,
        "negation": true,
        "negation_code_list_id": "2.16.840.1.113883.3.117.1.7.1.93",
        "source_data_criteria": "ProcedureOrderRehabilitationServices",
        "temporal_references": [
          {
            "type": "DURING",
            "reference": "OccurrenceAInpatientEncounter59_precondition_3957"
          }
        ]
      }
    },
    {
      "OccurrenceAInpatientEncounter59_precondition_3957": {
        "title": "Inpatient Encounter",
        "description": "Encounter, Performed: Inpatient Encounter",
        "standard_category": "encounter",
        "qds_data_type": "encounter",
        "code_list_id": "2.16.840.1.113883.3.117.1.7.1.23",
        "type": "encounters",
        "definition": "encounter",
        "status": "performed",
        "hard_status": false,
        "negation": false,
        "specific_occurrence": "A",
        "source_data_criteria": "OccurrenceAInpatientEncounter59"
      }
    },
    {
      "ProcedureOrderRehabilitationServices_precondition_3952": {
        "title": "Rehabilitation Services",
        "description": "Procedure, Order: Rehabilitation Services",
        "standard_category": "procedure",
        "qds_data_type": "procedure_performed",
        "code_list_id": "2.16.840.1.113883.3.117.1.7.1.221",
        "type": "procedures",
        "definition": "procedure",
        "status": "ordered",
        "hard_status": false,
        "negation": false,
        "source_data_criteria": "ProcedureOrderRehabilitationServices",
        "temporal_references": [
          {
            "type": "DURING",
            "reference": "OccurrenceAInpatientEncounter59_precondition_3957"
          }
        ]
      }
    },
    {
      "ProcedureOrderRehabilitationServices_precondition_3954": {
        "title": "Rehabilitation Services",
        "description": "Procedure, Order: Rehabilitation Services",
        "standard_category": "procedure",
        "qds_data_type": "procedure_performed",
        "code_list_id": "2.16.840.1.113883.3.117.1.7.1.221",
        "type": "procedures",
        "definition": "procedure",
        "status": "ordered",
        "hard_status": false,
        "negation": true,
        "negation_code_list_id": "2.16.840.1.113883.3.117.1.7.1.473",
        "source_data_criteria": "ProcedureOrderRehabilitationServices",
        "temporal_references": [
          {
            "type": "DURING",
            "reference": "OccurrenceAInpatientEncounter59_precondition_3957"
          }
        ]
      }
    },
    {
      "PatientCharacteristicBirthdateBirthDate_precondition_3962": {
        "title": "birth date",
        "description": "Patient Characteristic Birthdate: birth date",
        "standard_category": "individual_characteristic",
        "qds_data_type": "individual_characteristic",
        "code_list_id": "2.16.840.1.113883.3.560.100.4",
        "property": "birthtime",
        "type": "characteristic",
        "definition": "patient_characteristic_birthdate",
        "hard_status": false,
        "negation": false,
        "source_data_criteria": "PatientCharacteristicBirthdateBirthDate",
        "inline_code_list": {
          "LOINC": [
            "21112-8"
          ]
        },
        "temporal_references": [
          {
            "type": "SBS",
            "reference": "OccurrenceAInpatientEncounter59",
            "range": {
              "type": "IVL_PQ",
              "low": {
                "type": "PQ",
                "unit": "a",
                "value": "18",
                "inclusive?": true,
                "derived?": false
              }
            }
          }
        ]
      }
    },
    {
      "OccurrenceAInpatientEncounter59": {
        "title": "Inpatient Encounter",
        "description": "Encounter, Performed: Inpatient Encounter",
        "standard_category": "encounter",
        "qds_data_type": "encounter",
        "code_list_id": "2.16.840.1.113883.3.117.1.7.1.23",
        "type": "encounters",
        "definition": "encounter",
        "status": "performed",
        "hard_status": false,
        "negation": false,
        "specific_occurrence": "A",
        "source_data_criteria": "OccurrenceAInpatientEncounter59"
      }
    },
    {
      "OccurrenceAInpatientEncounter59_precondition_3964": {
        "title": "Inpatient Encounter",
        "description": "Encounter, Performed: Inpatient Encounter",
        "standard_category": "encounter",
        "qds_data_type": "encounter",
        "code_list_id": "2.16.840.1.113883.3.117.1.7.1.23",
        "type": "encounters",
        "definition": "encounter",
        "status": "performed",
        "hard_status": false,
        "negation": false,
        "specific_occurrence": "A",
        "source_data_criteria": "OccurrenceAInpatientEncounter59",
        "field_values": {
          "LENGTH_OF_STAY": {
            "type": "IVL_PQ",
            "high": {
              "type": "PQ",
              "unit": "d",
              "value": "120",
              "inclusive?": true,
              "derived?": false
            }
          }
        }
      }
    },
    {
      "OccurrenceAInpatientEncounter59_precondition_3966": {
        "title": "Inpatient Encounter",
        "description": "Encounter, Performed: Inpatient Encounter",
        "standard_category": "encounter",
        "qds_data_type": "encounter",
        "code_list_id": "2.16.840.1.113883.3.117.1.7.1.23",
        "type": "encounters",
        "definition": "encounter",
        "status": "performed",
        "hard_status": false,
        "negation": false,
        "specific_occurrence": "A",
        "source_data_criteria": "OccurrenceAInpatientEncounter59",
        "field_values": {
          "DISCHARGE_DATETIME": {
            "type": "ANYNonNull"
          }
        },
        "temporal_references": [
          {
            "type": "DURING",
            "reference": "MeasurePeriod"
          }
        ]
      }
    },
    {
      "DiagnosisActiveHemorrhagicStroke_precondition_3968": {
        "title": "Hemorrhagic Stroke",
        "description": "Diagnosis, Active: Hemorrhagic Stroke",
        "standard_category": "diagnosis_condition_problem",
        "qds_data_type": "diagnosis_active",
        "code_list_id": "2.16.840.1.113883.3.117.1.7.1.212",
        "type": "conditions",
        "definition": "diagnosis",
        "status": "active",
        "hard_status": false,
        "negation": false,
        "source_data_criteria": "DiagnosisActiveHemorrhagicStroke",
        "field_values": {
          "ORDINAL": {
            "type": "CD",
            "code_list_id": "2.16.840.1.113883.3.117.2.7.1.14",
            "title": "Principal Diagnosis"
          }
        },
        "temporal_references": [
          {
            "type": "SDU",
            "reference": "OccurrenceAInpatientEncounter59_precondition_3973"
          }
        ]
      }
    },
    {
      "OccurrenceAInpatientEncounter59_precondition_3973": {
        "title": "Inpatient Encounter",
        "description": "Encounter, Performed: Inpatient Encounter",
        "standard_category": "encounter",
        "qds_data_type": "encounter",
        "code_list_id": "2.16.840.1.113883.3.117.1.7.1.23",
        "type": "encounters",
        "definition": "encounter",
        "status": "performed",
        "hard_status": false,
        "negation": false,
        "specific_occurrence": "A",
        "source_data_criteria": "OccurrenceAInpatientEncounter59"
      }
    },
    {
      "DiagnosisActiveIschemicStroke_precondition_3970": {
        "title": "Ischemic Stroke",
        "description": "Diagnosis, Active: Ischemic Stroke",
        "standard_category": "diagnosis_condition_problem",
        "qds_data_type": "diagnosis_active",
        "code_list_id": "2.16.840.1.113883.3.117.1.7.1.247",
        "type": "conditions",
        "definition": "diagnosis",
        "status": "active",
        "hard_status": false,
        "negation": false,
        "source_data_criteria": "DiagnosisActiveIschemicStroke",
        "field_values": {
          "ORDINAL": {
            "type": "CD",
            "code_list_id": "2.16.840.1.113883.3.117.2.7.1.14",
            "title": "Principal Diagnosis"
          }
        },
        "temporal_references": [
          {
            "type": "SDU",
            "reference": "OccurrenceAInpatientEncounter59_precondition_3973"
          }
        ]
      }
    }
  ],
  "oids": [
    "2.16.840.1.113883.3.117.1.7.1.212",
    "2.16.840.1.113883.3.117.1.7.1.221",
    "2.16.840.1.113883.3.117.1.7.1.247",
    "2.16.840.1.113883.3.117.1.7.1.293",
    "2.16.840.1.113883.3.117.1.7.1.229",
    "2.16.840.1.113883.3.117.1.7.1.233",
    "2.16.840.1.113883.3.117.1.7.1.204",
    "2.16.840.1.113883.3.117.1.7.1.23",
    "2.16.840.1.113883.3.117.1.7.1.87",
    "2.16.840.1.113883.3.117.1.7.1.93",
    "2.16.840.1.113883.3.117.1.7.1.132",
    "2.16.840.1.113883.3.117.1.7.1.207",
    "2.16.840.1.113883.3.117.1.7.1.209",
    "2.16.840.1.113883.3.117.1.7.1.228",
    "2.16.840.1.113883.3.117.1.7.1.234",
    "2.16.840.1.113883.3.117.1.7.1.235",
    "2.16.840.1.113883.3.117.1.7.1.237",
    "2.16.840.1.113883.3.117.1.7.1.238",
    "2.16.840.1.113883.3.117.1.7.1.239",
    "2.16.840.1.113883.3.117.1.7.1.250",
    "2.16.840.1.113883.3.117.1.7.1.251",
    "2.16.840.1.113883.3.117.1.7.1.252",
    "2.16.840.1.113883.3.117.1.7.1.292",
    "2.16.840.1.113883.3.117.1.7.1.308",
    "2.16.840.1.113883.3.117.1.7.1.309",
    "2.16.840.1.113883.3.117.1.7.1.473",
    "2.16.840.1.113883.3.117.2.7.1.14",
    "2.16.840.1.113883.3.526.2.1076",
    "2.16.840.1.113883.3.560.100.4"
  ],
  "population_ids": {
    "IPP": "6B76206D-E64B-4A39-8970-47BBC8B61B4E",
    "DENOM": "76CA9F2E-1444-4139-8ADE-870CEE32535F",
    "NUMER": "DAB252E4-6D9E-4B93-8A82-2B598F026B34",
    "DENEX": "319D378E-63D4-4A07-97E7-8596F4376FFE"
  }
}