{
  "id": "8A4D92B2-3887-5DF3-0139-01965ECF65BE",
  "nqf_id": "0469",
  "hqmf_id": "8A4D92B2-3887-5DF3-0139-01965ECF65BE",
  "hqmf_set_id": "FD7CA18D-B56D-4BCA-AF35-71CE36B15246",
  "hqmf_version_number": 1,
  "endorser": null,
  "name": "Elective Delivery",
  "description": "Patients with elective vaginal deliveries or elective cesarean sections at >= 37 and < 39 weeks of gestation completed",
  "type": "eh",
  "category": "Pregnancy",
  "steward": null,
  "population": {
    "conjunction": "and",
    "items": [
      {
        "conjunction": "and",
        "items": [
          {
            "title": "birth date",
            "description": "Patient Characteristic Birthdate: birth date",
            "standard_category": "individual_characteristic",
            "qds_data_type": "individual_characteristic",
            "code_list_id": "2.16.840.1.113883.3.560.100.4",
            "property": "birthtime",
            "type": "characteristic",
            "definition": "patient_characteristic_birthdate",
            "hard_status": false,
            "negation": false,
            "source_data_criteria": "PatientCharacteristicBirthdateBirthDate",
            "inline_code_list": {
              "LOINC": [
                "21112-8"
              ]
            },
            "temporal_references": [
              {
                "type": "SBS",
                "reference": {
                  "title": "Inpatient Encounter",
                  "description": "Encounter, Performed: Inpatient Encounter",
                  "standard_category": "encounter",
                  "qds_data_type": "encounter",
                  "code_list_id": "2.16.840.1.113883.3.117.1.7.1.23",
                  "type": "encounters",
                  "definition": "encounter",
                  "status": "performed",
                  "hard_status": false,
                  "negation": false,
                  "specific_occurrence": "A",
                  "source_data_criteria": "OccurrenceAInpatientEncounter66"
                },
                "range": {
                  "type": "IVL_PQ",
                  "low": {
                    "type": "PQ",
                    "unit": "a",
                    "value": "8",
                    "inclusive?": true,
                    "derived?": false
                  }
                }
              }
            ]
          },
          {
            "title": "birth date",
            "description": "Patient Characteristic Birthdate: birth date",
            "standard_category": "individual_characteristic",
            "qds_data_type": "individual_characteristic",
            "code_list_id": "2.16.840.1.113883.3.560.100.4",
            "property": "birthtime",
            "type": "characteristic",
            "definition": "patient_characteristic_birthdate",
            "hard_status": false,
            "negation": false,
            "source_data_criteria": "PatientCharacteristicBirthdateBirthDate",
            "inline_code_list": {
              "LOINC": [
                "21112-8"
              ]
            },
            "temporal_references": [
              {
                "type": "SBS",
                "reference": {
                  "title": "Inpatient Encounter",
                  "description": "Encounter, Performed: Inpatient Encounter",
                  "standard_category": "encounter",
                  "qds_data_type": "encounter",
                  "code_list_id": "2.16.840.1.113883.3.117.1.7.1.23",
                  "type": "encounters",
                  "definition": "encounter",
                  "status": "performed",
                  "hard_status": false,
                  "negation": false,
                  "specific_occurrence": "A",
                  "source_data_criteria": "OccurrenceAInpatientEncounter66"
                },
                "range": {
                  "type": "IVL_PQ",
                  "high": {
                    "type": "PQ",
                    "unit": "a",
                    "value": "65",
                    "inclusive?": false,
                    "derived?": false
                  }
                }
              }
            ]
          },
          {
            "title": "Inpatient Encounter",
            "description": "Encounter, Performed: Inpatient Encounter",
            "standard_category": "encounter",
            "qds_data_type": "encounter",
            "code_list_id": "2.16.840.1.113883.3.117.1.7.1.23",
            "type": "encounters",
            "definition": "encounter",
            "status": "performed",
            "hard_status": false,
            "negation": false,
            "specific_occurrence": "A",
            "source_data_criteria": "OccurrenceAInpatientEncounter66",
            "field_values": {
              "LENGTH_OF_STAY": {
                "type": "IVL_PQ",
                "high": {
                  "type": "PQ",
                  "unit": "d",
                  "value": "120",
                  "inclusive?": true,
                  "derived?": false
                }
              }
            }
          },
          {
            "title": "Inpatient Encounter",
            "description": "Encounter, Performed: Inpatient Encounter",
            "standard_category": "encounter",
            "qds_data_type": "encounter",
            "code_list_id": "2.16.840.1.113883.3.117.1.7.1.23",
            "type": "encounters",
            "definition": "encounter",
            "status": "performed",
            "hard_status": false,
            "negation": false,
            "specific_occurrence": "A",
            "source_data_criteria": "OccurrenceAInpatientEncounter66",
            "field_values": {
              "DISCHARGE_DATETIME": {
                "type": "ANYNonNull"
              }
            },
            "temporal_references": [
              {
                "type": "DURING",
                "reference": "MeasurePeriod",
                "title": "MeasurePeriod"
              }
            ]
          },
          {
            "conjunction": "or",
            "items": [
              {
                "title": "Complication Mainly Related to Pregnancy",
                "description": "Diagnosis, Active: Complication Mainly Related to Pregnancy",
                "standard_category": "diagnosis_condition_problem",
                "qds_data_type": "diagnosis_active",
                "code_list_id": "2.16.840.1.113883.3.117.1.7.1.372",
                "type": "conditions",
                "definition": "diagnosis",
                "status": "active",
                "hard_status": false,
                "negation": false,
                "source_data_criteria": "DiagnosisActiveComplicationMainlyRelatedToPregnancy",
                "temporal_references": [
                  {
                    "type": "SDU",
                    "reference": {
                      "title": "Inpatient Encounter",
                      "description": "Encounter, Performed: Inpatient Encounter",
                      "standard_category": "encounter",
                      "qds_data_type": "encounter",
                      "code_list_id": "2.16.840.1.113883.3.117.1.7.1.23",
                      "type": "encounters",
                      "definition": "encounter",
                      "status": "performed",
                      "hard_status": false,
                      "negation": false,
                      "specific_occurrence": "A",
                      "source_data_criteria": "OccurrenceAInpatientEncounter66"
                    }
                  }
                ]
              },
              {
                "title": "Normal Delivery and Other Indications for Care",
                "description": "Diagnosis, Active: Normal Delivery and Other Indications for Care",
                "standard_category": "diagnosis_condition_problem",
                "qds_data_type": "diagnosis_active",
                "code_list_id": "2.16.840.1.113883.3.117.1.7.1.391",
                "type": "conditions",
                "definition": "diagnosis",
                "status": "active",
                "hard_status": false,
                "negation": false,
                "source_data_criteria": "DiagnosisActiveNormalDeliveryAndOtherIndicationsForCare",
                "temporal_references": [
                  {
                    "type": "SDU",
                    "reference": {
                      "title": "Inpatient Encounter",
                      "description": "Encounter, Performed: Inpatient Encounter",
                      "standard_category": "encounter",
                      "qds_data_type": "encounter",
                      "code_list_id": "2.16.840.1.113883.3.117.1.7.1.23",
                      "type": "encounters",
                      "definition": "encounter",
                      "status": "performed",
                      "hard_status": false,
                      "negation": false,
                      "specific_occurrence": "A",
                      "source_data_criteria": "OccurrenceAInpatientEncounter66"
                    }
                  }
                ]
              },
              {
                "title": "Complication Mainly in the Course of Labor and Delivery",
                "description": "Diagnosis, Active: Complication Mainly in the Course of Labor and Delivery",
                "standard_category": "diagnosis_condition_problem",
                "qds_data_type": "diagnosis_active",
                "code_list_id": "2.16.840.1.113883.3.117.1.7.1.397",
                "type": "conditions",
                "definition": "diagnosis",
                "status": "active",
                "hard_status": false,
                "negation": false,
                "source_data_criteria": "DiagnosisActiveComplicationMainlyInTheCourseOfLaborAndDelivery",
                "temporal_references": [
                  {
                    "type": "SDU",
                    "reference": {
                      "title": "Inpatient Encounter",
                      "description": "Encounter, Performed: Inpatient Encounter",
                      "standard_category": "encounter",
                      "qds_data_type": "encounter",
                      "code_list_id": "2.16.840.1.113883.3.117.1.7.1.23",
                      "type": "encounters",
                      "definition": "encounter",
                      "status": "performed",
                      "hard_status": false,
                      "negation": false,
                      "specific_occurrence": "A",
                      "source_data_criteria": "OccurrenceAInpatientEncounter66"
                    }
                  }
                ]
              },
              {
                "title": "Complication of the Puerperium",
                "description": "Diagnosis, Active: Complication of the Puerperium",
                "standard_category": "diagnosis_condition_problem",
                "qds_data_type": "diagnosis_active",
                "code_list_id": "2.16.840.1.113883.3.117.1.7.1.375",
                "type": "conditions",
                "definition": "diagnosis",
                "status": "active",
                "hard_status": false,
                "negation": false,
                "source_data_criteria": "DiagnosisActiveComplicationOfThePuerperium",
                "temporal_references": [
                  {
                    "type": "SDU",
                    "reference": {
                      "title": "Inpatient Encounter",
                      "description": "Encounter, Performed: Inpatient Encounter",
                      "standard_category": "encounter",
                      "qds_data_type": "encounter",
                      "code_list_id": "2.16.840.1.113883.3.117.1.7.1.23",
                      "type": "encounters",
                      "definition": "encounter",
                      "status": "performed",
                      "hard_status": false,
                      "negation": false,
                      "specific_occurrence": "A",
                      "source_data_criteria": "OccurrenceAInpatientEncounter66"
                    }
                  }
                ]
              },
              {
                "title": "Outcome of Delivery",
                "description": "Diagnosis, Active: Outcome of Delivery",
                "standard_category": "diagnosis_condition_problem",
                "qds_data_type": "diagnosis_active",
                "code_list_id": "2.16.840.1.113883.3.117.1.7.1.408",
                "type": "conditions",
                "definition": "diagnosis",
                "status": "active",
                "hard_status": false,
                "negation": false,
                "source_data_criteria": "DiagnosisActiveOutcomeOfDelivery",
                "temporal_references": [
                  {
                    "type": "SDU",
                    "reference": {
                      "title": "Inpatient Encounter",
                      "description": "Encounter, Performed: Inpatient Encounter",
                      "standard_category": "encounter",
                      "qds_data_type": "encounter",
                      "code_list_id": "2.16.840.1.113883.3.117.1.7.1.23",
                      "type": "encounters",
                      "definition": "encounter",
                      "status": "performed",
                      "hard_status": false,
                      "negation": false,
                      "specific_occurrence": "A",
                      "source_data_criteria": "OccurrenceAInpatientEncounter66"
                    }
                  }
                ]
              },
              {
                "title": "Delivery Procedures",
                "description": "Procedure, Performed: Delivery Procedures",
                "standard_category": "procedure",
                "qds_data_type": "procedure_performed",
                "code_list_id": "2.16.840.1.113883.3.117.1.7.1.401",
                "type": "procedures",
                "definition": "procedure",
                "status": "performed",
                "hard_status": false,
                "negation": false,
                "source_data_criteria": "ProcedurePerformedDeliveryProcedures",
                "temporal_references": [
                  {
                    "type": "SDU",
                    "reference": {
                      "title": "Inpatient Encounter",
                      "description": "Encounter, Performed: Inpatient Encounter",
                      "standard_category": "encounter",
                      "qds_data_type": "encounter",
                      "code_list_id": "2.16.840.1.113883.3.117.1.7.1.23",
                      "type": "encounters",
                      "definition": "encounter",
                      "status": "performed",
                      "hard_status": false,
                      "negation": false,
                      "specific_occurrence": "A",
                      "source_data_criteria": "OccurrenceAInpatientEncounter66"
                    }
                  }
                ]
              }
            ],
            "negation": null,
            "precondition_id": 4166
          }
        ],
        "negation": null,
        "precondition_id": 4169
      }
    ]
  },
  "denominator": {
    "conjunction": "and",
    "items": [

    ]
  },
  "numerator": {
    "conjunction": "and",
    "items": [
      {
        "conjunction": "and",
        "items": [
          {
            "conjunction": "or",
            "items": [
              {
                "conjunction": "and",
                "items": [
                  {
                    "title": "Gestational Age 37-38 weeks",
                    "description": "Patient Characteristic: Gestational Age 37-38 weeks",
                    "standard_category": "individual_characteristic",
                    "qds_data_type": "individual_characteristic",
                    "code_list_id": "2.16.840.1.113883.3.117.1.7.1.287",
                    "type": "characteristic",
                    "definition": "patient_characteristic",
                    "hard_status": false,
                    "negation": false,
                    "source_data_criteria": "PatientCharacteristicGestationalAge3738Weeks",
                    "temporal_references": [
                      {
                        "type": "SBS",
                        "reference": {
                          "title": "Delivery Procedures",
                          "description": "Procedure, Performed: Delivery Procedures",
                          "standard_category": "procedure",
                          "qds_data_type": "procedure_performed",
                          "code_list_id": "2.16.840.1.113883.3.117.1.7.1.401",
                          "type": "procedures",
                          "definition": "procedure",
                          "status": "performed",
                          "hard_status": false,
                          "negation": false,
                          "source_data_criteria": "ProcedurePerformedDeliveryProcedures",
                          "temporal_references": [
                            {
                              "type": "DURING",
                              "reference": {
                                "title": "Inpatient Encounter",
                                "description": "Encounter, Performed: Inpatient Encounter",
                                "standard_category": "encounter",
                                "qds_data_type": "encounter",
                                "code_list_id": "2.16.840.1.113883.3.117.1.7.1.23",
                                "type": "encounters",
                                "definition": "encounter",
                                "status": "performed",
                                "hard_status": false,
                                "negation": false,
                                "specific_occurrence": "A",
                                "source_data_criteria": "OccurrenceAInpatientEncounter66"
                              }
                            }
                          ]
                        }
                      }
                    ]
                  },
                  {
                    "conjunction": "or",
                    "items": [
                      {
                        "title": "Medical Induction of Labor",
                        "description": "Procedure, Performed: Medical Induction of Labor",
                        "standard_category": "procedure",
                        "qds_data_type": "procedure_performed",
                        "code_list_id": "2.16.840.1.113883.3.117.1.7.1.288",
                        "type": "procedures",
                        "definition": "procedure",
                        "status": "performed",
                        "hard_status": false,
                        "negation": false,
                        "source_data_criteria": "ProcedurePerformedMedicalInductionOfLabor",
                        "temporal_references": [
                          {
                            "type": "DURING",
                            "reference": {
                              "title": "Inpatient Encounter",
                              "description": "Encounter, Performed: Inpatient Encounter",
                              "standard_category": "encounter",
                              "qds_data_type": "encounter",
                              "code_list_id": "2.16.840.1.113883.3.117.1.7.1.23",
                              "type": "encounters",
                              "definition": "encounter",
                              "status": "performed",
                              "hard_status": false,
                              "negation": false,
                              "specific_occurrence": "A",
                              "source_data_criteria": "OccurrenceAInpatientEncounter66"
                            }
                          }
                        ]
                      },
                      {
                        "conjunction": "or",
                        "items": [
                          {
                            "title": "Active Labor",
                            "description": "Physical Exam, Finding: Active Labor",
                            "standard_category": "physical_exam",
                            "qds_data_type": "physical_exam",
                            "code_list_id": "2.16.840.1.113883.3.117.1.7.1.281",
                            "type": "physical_exams",
                            "definition": "physical_exam",
                            "hard_status": false,
                            "negation": false,
                            "source_data_criteria": "PhysicalExamFindingActiveLabor",
                            "temporal_references": [
                              {
                                "type": "SBS",
                                "reference": {
                                  "title": "Cesarean Section",
                                  "description": "Procedure, Performed: Cesarean Section",
                                  "standard_category": "procedure",
                                  "qds_data_type": "procedure_performed",
                                  "code_list_id": "2.16.840.1.113883.3.117.1.7.1.282",
                                  "type": "procedures",
                                  "definition": "procedure",
                                  "status": "performed",
                                  "hard_status": false,
                                  "negation": false,
                                  "source_data_criteria": "ProcedurePerformedCesareanSection",
                                  "temporal_references": [
                                    {
                                      "type": "DURING",
                                      "reference": {
                                        "title": "Inpatient Encounter",
                                        "description": "Encounter, Performed: Inpatient Encounter",
                                        "standard_category": "encounter",
                                        "qds_data_type": "encounter",
                                        "code_list_id": "2.16.840.1.113883.3.117.1.7.1.23",
                                        "type": "encounters",
                                        "definition": "encounter",
                                        "status": "performed",
                                        "hard_status": false,
                                        "negation": false,
                                        "specific_occurrence": "A",
                                        "source_data_criteria": "OccurrenceAInpatientEncounter66"
                                      }
                                    }
                                  ]
                                }
                              },
                              {
                                "type": "DURING",
                                "reference": {
                                  "title": "Inpatient Encounter",
                                  "description": "Encounter, Performed: Inpatient Encounter",
                                  "standard_category": "encounter",
                                  "qds_data_type": "encounter",
                                  "code_list_id": "2.16.840.1.113883.3.117.1.7.1.23",
                                  "type": "encounters",
                                  "definition": "encounter",
                                  "status": "performed",
                                  "hard_status": false,
                                  "negation": false,
                                  "specific_occurrence": "A",
                                  "source_data_criteria": "OccurrenceAInpatientEncounter66"
                                }
                              }
                            ]
                          },
                          {
                            "title": "Spontaneous Rupture of Membranes",
                            "description": "Diagnosis, Active: Spontaneous Rupture of Membranes",
                            "standard_category": "diagnosis_condition_problem",
                            "qds_data_type": "diagnosis_active",
                            "code_list_id": "2.16.840.1.113883.3.117.1.7.1.300",
                            "type": "conditions",
                            "definition": "diagnosis",
                            "status": "active",
                            "hard_status": false,
                            "negation": false,
                            "source_data_criteria": "DiagnosisActiveSpontaneousRuptureOfMembranes",
                            "temporal_references": [
                              {
                                "type": "SBS",
                                "reference": {
                                  "title": "Cesarean Section",
                                  "description": "Procedure, Performed: Cesarean Section",
                                  "standard_category": "procedure",
                                  "qds_data_type": "procedure_performed",
                                  "code_list_id": "2.16.840.1.113883.3.117.1.7.1.282",
                                  "type": "procedures",
                                  "definition": "procedure",
                                  "status": "performed",
                                  "hard_status": false,
                                  "negation": false,
                                  "source_data_criteria": "ProcedurePerformedCesareanSection",
                                  "temporal_references": [
                                    {
                                      "type": "DURING",
                                      "reference": {
                                        "title": "Inpatient Encounter",
                                        "description": "Encounter, Performed: Inpatient Encounter",
                                        "standard_category": "encounter",
                                        "qds_data_type": "encounter",
                                        "code_list_id": "2.16.840.1.113883.3.117.1.7.1.23",
                                        "type": "encounters",
                                        "definition": "encounter",
                                        "status": "performed",
                                        "hard_status": false,
                                        "negation": false,
                                        "specific_occurrence": "A",
                                        "source_data_criteria": "OccurrenceAInpatientEncounter66"
                                      }
                                    }
                                  ]
                                }
                              },
                              {
                                "type": "DURING",
                                "reference": {
                                  "title": "Inpatient Encounter",
                                  "description": "Encounter, Performed: Inpatient Encounter",
                                  "standard_category": "encounter",
                                  "qds_data_type": "encounter",
                                  "code_list_id": "2.16.840.1.113883.3.117.1.7.1.23",
                                  "type": "encounters",
                                  "definition": "encounter",
                                  "status": "performed",
                                  "hard_status": false,
                                  "negation": false,
                                  "specific_occurrence": "A",
                                  "source_data_criteria": "OccurrenceAInpatientEncounter66"
                                }
                              }
                            ]
                          }
                        ],
                        "negation": true,
                        "precondition_id": 4127
                      }
                    ],
                    "negation": null,
                    "precondition_id": 4129
                  }
                ],
                "negation": null,
                "precondition_id": 4132
              },
              {
                "conjunction": "or",
                "items": [
                  {
                    "title": "Gestational Age Unknown",
                    "description": "Patient Characteristic: Gestational Age Unknown",
                    "standard_category": "individual_characteristic",
                    "qds_data_type": "individual_characteristic",
                    "code_list_id": "2.16.840.1.113883.3.117.1.7.1.307",
                    "type": "characteristic",
                    "definition": "patient_characteristic",
                    "hard_status": false,
                    "negation": false,
                    "source_data_criteria": "PatientCharacteristicGestationalAgeUnknown",
                    "temporal_references": [
                      {
                        "type": "SBS",
                        "reference": {
                          "title": "Delivery Procedures",
                          "description": "Procedure, Performed: Delivery Procedures",
                          "standard_category": "procedure",
                          "qds_data_type": "procedure_performed",
                          "code_list_id": "2.16.840.1.113883.3.117.1.7.1.401",
                          "type": "procedures",
                          "definition": "procedure",
                          "status": "performed",
                          "hard_status": false,
                          "negation": false,
                          "source_data_criteria": "ProcedurePerformedDeliveryProcedures",
                          "temporal_references": [
                            {
                              "type": "DURING",
                              "reference": {
                                "title": "Inpatient Encounter",
                                "description": "Encounter, Performed: Inpatient Encounter",
                                "standard_category": "encounter",
                                "qds_data_type": "encounter",
                                "code_list_id": "2.16.840.1.113883.3.117.1.7.1.23",
                                "type": "encounters",
                                "definition": "encounter",
                                "status": "performed",
                                "hard_status": false,
                                "negation": false,
                                "specific_occurrence": "A",
                                "source_data_criteria": "OccurrenceAInpatientEncounter66"
                              }
                            }
                          ]
                        }
                      }
                    ]
                  },
                  {
                    "conjunction": "or",
                    "items": [
                      {
                        "title": "Gestational Age 37-38 weeks",
                        "description": "Patient Characteristic: Gestational Age 37-38 weeks",
                        "standard_category": "individual_characteristic",
                        "qds_data_type": "individual_characteristic",
                        "code_list_id": "2.16.840.1.113883.3.117.1.7.1.287",
                        "type": "characteristic",
                        "definition": "patient_characteristic",
                        "hard_status": false,
                        "negation": false,
                        "source_data_criteria": "PatientCharacteristicGestationalAge3738Weeks",
                        "temporal_references": [
                          {
                            "type": "SBS",
                            "reference": {
                              "title": "Delivery Procedures",
                              "description": "Procedure, Performed: Delivery Procedures",
                              "standard_category": "procedure",
                              "qds_data_type": "procedure_performed",
                              "code_list_id": "2.16.840.1.113883.3.117.1.7.1.401",
                              "type": "procedures",
                              "definition": "procedure",
                              "status": "performed",
                              "hard_status": false,
                              "negation": false,
                              "source_data_criteria": "ProcedurePerformedDeliveryProcedures",
                              "temporal_references": [
                                {
                                  "type": "DURING",
                                  "reference": {
                                    "title": "Inpatient Encounter",
                                    "description": "Encounter, Performed: Inpatient Encounter",
                                    "standard_category": "encounter",
                                    "qds_data_type": "encounter",
                                    "code_list_id": "2.16.840.1.113883.3.117.1.7.1.23",
                                    "type": "encounters",
                                    "definition": "encounter",
                                    "status": "performed",
                                    "hard_status": false,
                                    "negation": false,
                                    "specific_occurrence": "A",
                                    "source_data_criteria": "OccurrenceAInpatientEncounter66"
                                  }
                                }
                              ]
                            }
                          }
                        ]
                      }
                    ],
                    "negation": true,
                    "precondition_id": 4140
                  }
                ],
                "negation": null,
                "precondition_id": 4141
              }
            ],
            "negation": null,
            "precondition_id": 4143
          }
        ],
        "negation": null,
        "precondition_id": 4145
      }
    ]
  },
  "exclusions": {
    "conjunction": "and",
    "items": [
      {
        "conjunction": "and",
        "items": [
          {
            "conjunction": "or",
            "items": [
              {
                "title": "Gestational Age <37 weeks",
                "description": "Patient Characteristic: Gestational Age <37 weeks",
                "standard_category": "individual_characteristic",
                "qds_data_type": "individual_characteristic",
                "code_list_id": "2.16.840.1.113883.3.117.1.7.1.402",
                "type": "characteristic",
                "definition": "patient_characteristic",
                "hard_status": false,
                "negation": false,
                "source_data_criteria": "PatientCharacteristicGestationalAge37Weeks",
                "temporal_references": [
                  {
                    "type": "SBS",
                    "reference": {
                      "title": "Delivery Procedures",
                      "description": "Procedure, Performed: Delivery Procedures",
                      "standard_category": "procedure",
                      "qds_data_type": "procedure_performed",
                      "code_list_id": "2.16.840.1.113883.3.117.1.7.1.401",
                      "type": "procedures",
                      "definition": "procedure",
                      "status": "performed",
                      "hard_status": false,
                      "negation": false,
                      "source_data_criteria": "ProcedurePerformedDeliveryProcedures",
                      "temporal_references": [
                        {
                          "type": "DURING",
                          "reference": {
                            "title": "Inpatient Encounter",
                            "description": "Encounter, Performed: Inpatient Encounter",
                            "standard_category": "encounter",
                            "qds_data_type": "encounter",
                            "code_list_id": "2.16.840.1.113883.3.117.1.7.1.23",
                            "type": "encounters",
                            "definition": "encounter",
                            "status": "performed",
                            "hard_status": false,
                            "negation": false,
                            "specific_occurrence": "A",
                            "source_data_criteria": "OccurrenceAInpatientEncounter66"
                          }
                        }
                      ]
                    }
                  }
                ]
              },
              {
                "title": "Gestational Age >38 weeks",
                "description": "Patient Characteristic: Gestational Age >38 weeks",
                "standard_category": "individual_characteristic",
                "qds_data_type": "individual_characteristic",
                "code_list_id": "2.16.840.1.113883.3.117.1.7.1.403",
                "type": "characteristic",
                "definition": "patient_characteristic",
                "hard_status": false,
                "negation": false,
                "source_data_criteria": "PatientCharacteristicGestationalAge38Weeks",
                "temporal_references": [
                  {
                    "type": "SBS",
                    "reference": {
                      "title": "Delivery Procedures",
                      "description": "Procedure, Performed: Delivery Procedures",
                      "standard_category": "procedure",
                      "qds_data_type": "procedure_performed",
                      "code_list_id": "2.16.840.1.113883.3.117.1.7.1.401",
                      "type": "procedures",
                      "definition": "procedure",
                      "status": "performed",
                      "hard_status": false,
                      "negation": false,
                      "source_data_criteria": "ProcedurePerformedDeliveryProcedures",
                      "temporal_references": [
                        {
                          "type": "DURING",
                          "reference": {
                            "title": "Inpatient Encounter",
                            "description": "Encounter, Performed: Inpatient Encounter",
                            "standard_category": "encounter",
                            "qds_data_type": "encounter",
                            "code_list_id": "2.16.840.1.113883.3.117.1.7.1.23",
                            "type": "encounters",
                            "definition": "encounter",
                            "status": "performed",
                            "hard_status": false,
                            "negation": false,
                            "specific_occurrence": "A",
                            "source_data_criteria": "OccurrenceAInpatientEncounter66"
                          }
                        }
                      ]
                    }
                  }
                ]
              },
              {
                "conjunction": "and",
                "items": [
                  {
                    "title": "Conditions Possibly Justifying Elective Delivery Prior to 39 Weeks Gestation",
                    "description": "Diagnosis, Active: Conditions Possibly Justifying Elective Delivery Prior to 39 Weeks Gestation",
                    "standard_category": "diagnosis_condition_problem",
                    "qds_data_type": "diagnosis_active",
                    "code_list_id": "2.16.840.1.113883.3.117.1.7.1.286",
                    "type": "conditions",
                    "definition": "diagnosis",
                    "status": "active",
                    "hard_status": false,
                    "negation": false,
                    "source_data_criteria": "DiagnosisActiveConditionsPossiblyJustifyingElectiveDeliveryPriorTo39WeeksGestation",
                    "temporal_references": [
                      {
                        "type": "SBE",
                        "reference": {
                          "title": "Inpatient Encounter",
                          "description": "Encounter, Performed: Inpatient Encounter",
                          "standard_category": "encounter",
                          "qds_data_type": "encounter",
                          "code_list_id": "2.16.840.1.113883.3.117.1.7.1.23",
                          "type": "encounters",
                          "definition": "encounter",
                          "status": "performed",
                          "hard_status": false,
                          "negation": false,
                          "specific_occurrence": "A",
                          "source_data_criteria": "OccurrenceAInpatientEncounter66"
                        }
                      }
                    ]
                  },
                  {
                    "conjunction": "and",
                    "items": [
                      {
                        "title": "Conditions Possibly Justifying Elective Delivery Prior to 39 Weeks Gestation",
                        "description": "Diagnosis, Active: Conditions Possibly Justifying Elective Delivery Prior to 39 Weeks Gestation",
                        "standard_category": "diagnosis_condition_problem",
                        "qds_data_type": "diagnosis_active",
                        "code_list_id": "2.16.840.1.113883.3.117.1.7.1.286",
                        "type": "conditions",
                        "definition": "diagnosis",
                        "status": "active",
                        "hard_status": false,
                        "negation": false,
                        "source_data_criteria": "DiagnosisActiveConditionsPossiblyJustifyingElectiveDeliveryPriorTo39WeeksGestation",
                        "temporal_references": [
                          {
                            "type": "EBS",
                            "reference": {
                              "title": "Inpatient Encounter",
                              "description": "Encounter, Performed: Inpatient Encounter",
                              "standard_category": "encounter",
                              "qds_data_type": "encounter",
                              "code_list_id": "2.16.840.1.113883.3.117.1.7.1.23",
                              "type": "encounters",
                              "definition": "encounter",
                              "status": "performed",
                              "hard_status": false,
                              "negation": false,
                              "specific_occurrence": "A",
                              "source_data_criteria": "OccurrenceAInpatientEncounter66"
                            }
                          }
                        ]
                      }
                    ],
                    "negation": true,
                    "precondition_id": 4103
                  }
                ],
                "negation": null,
                "precondition_id": 4104
              },
              {
                "conjunction": "or",
                "items": [
                  {
                    "title": "Classical Cesarean Section",
                    "description": "Procedure, Performed: Classical Cesarean Section",
                    "standard_category": "procedure",
                    "qds_data_type": "procedure_performed",
                    "code_list_id": "2.16.840.1.113883.3.117.1.7.1.421",
                    "type": "procedures",
                    "definition": "procedure",
                    "status": "performed",
                    "hard_status": false,
                    "negation": false,
                    "source_data_criteria": "ProcedurePerformedClassicalCesareanSection",
                    "temporal_references": [
                      {
                        "type": "SBS",
                        "reference": {
                          "title": "Inpatient Encounter",
                          "description": "Encounter, Performed: Inpatient Encounter",
                          "standard_category": "encounter",
                          "qds_data_type": "encounter",
                          "code_list_id": "2.16.840.1.113883.3.117.1.7.1.23",
                          "type": "encounters",
                          "definition": "encounter",
                          "status": "performed",
                          "hard_status": false,
                          "negation": false,
                          "specific_occurrence": "A",
                          "source_data_criteria": "OccurrenceAInpatientEncounter66"
                        }
                      }
                    ]
                  },
                  {
                    "title": "Myomectomy",
                    "description": "Procedure, Performed: Myomectomy",
                    "standard_category": "procedure",
                    "qds_data_type": "procedure_performed",
                    "code_list_id": "2.16.840.1.113883.3.117.1.7.1.422",
                    "type": "procedures",
                    "definition": "procedure",
                    "status": "performed",
                    "hard_status": false,
                    "negation": false,
                    "source_data_criteria": "ProcedurePerformedMyomectomy",
                    "temporal_references": [
                      {
                        "type": "SBS",
                        "reference": {
                          "title": "Inpatient Encounter",
                          "description": "Encounter, Performed: Inpatient Encounter",
                          "standard_category": "encounter",
                          "qds_data_type": "encounter",
                          "code_list_id": "2.16.840.1.113883.3.117.1.7.1.23",
                          "type": "encounters",
                          "definition": "encounter",
                          "status": "performed",
                          "hard_status": false,
                          "negation": false,
                          "specific_occurrence": "A",
                          "source_data_criteria": "OccurrenceAInpatientEncounter66"
                        }
                      }
                    ]
                  }
                ],
                "negation": null,
                "precondition_id": 4110
              }
            ],
            "negation": null,
            "precondition_id": 4113
          }
        ],
        "negation": null,
        "precondition_id": 4115
      }
    ]
  },
  "map_fn": "function() {\n        var patient = this;\n        var effective_date = <%= effective_date %>;\n\n        hqmfjs = {}\n        <%= init_js_frameworks %>\n        \n        \n      var patient_api = new hQuery.Patient(patient);\n\n      \n\n      // clear out logger\n      if (typeof Logger != 'undefined') Logger.logger = [];\n      // turn on logging if it is enabled\n      if (Logger.enabled) enableLogging();\n      \n      \n        // #########################\n        // ##### DATA ELEMENTS #####\n        // #########################\n\n        OidDictionary = <%= oid_dictionary %>;\n        \n        // Measure variables\nvar MeasurePeriod = {\n  \"low\": new TS(\"20100101\", null, true),\n  \"high\": new TS(\"20110101\", null, true)\n}\nhqmfjs.MeasurePeriod = function(patient) {\n  return [new hQuery.CodedEntry(\n    {\n      \"start_time\": MeasurePeriod.low.asDate().getTime()/1000,\n      \"end_time\": MeasurePeriod.high.asDate().getTime()/1000,\n      \"codes\": {}\n    }\n  )];\n}\nif (typeof effective_date === 'number') {\n  MeasurePeriod.high.date = new Date(1000*effective_date);\n  MeasurePeriod.low.date = new Date(1000*effective_date);\n  MeasurePeriod.low.date.setFullYear(MeasurePeriod.low.date.getFullYear()-1);\n}\n\n// Data critera\nhqmfjs.OccurrenceAInpatientEncounter66 = function(patient) {\n  var events = patient.encounters();\n  events.specific_occurrence = 'OccurrenceAInpatientEncounter66'\n  events = events.withStatuses([\"performed\"]);\n  events = events.withoutNegation();\n  var codes = getCodes(\"2.16.840.1.113883.3.117.1.7.1.23\");\n  var start = null;\n  var end = null;\n  events = events.match(codes, start, end, true);\n\n  events.specificContext=new Specifics(Row.buildForDataCriteria(events.specific_occurrence, events))\n  return events;\n}\n\nhqmfjs.EncounterPerformedInpatientEncounter = function(patient) {\n  var events = patient.encounters();\n  events = events.withStatuses([\"performed\"]);\n  events = events.withoutNegation();\n  var codes = getCodes(\"2.16.840.1.113883.3.117.1.7.1.23\");\n  var start = null;\n  var end = null;\n  events = events.match(codes, start, end, true);\n\n  events.specificContext=Specifics.identity()\n  return events;\n}\n\nhqmfjs.OccurrenceAInpatientEncounter66 = function(patient) {\n  var events = patient.encounters();\n  events.specific_occurrence = 'OccurrenceAInpatientEncounter66'\n  events = events.withStatuses([\"performed\"]);\n  events = events.withoutNegation();\n  var codes = getCodes(\"2.16.840.1.113883.3.117.1.7.1.23\");\n  var start = null;\n  var end = null;\n  events = events.match(codes, start, end, true);\n\n  events.specificContext=new Specifics(Row.buildForDataCriteria(events.specific_occurrence, events))\n  return events;\n}\n\nhqmfjs.ProcedurePerformedDeliveryProcedures_precondition_4093 = function(patient) {\n  var events = patient.allProcedures();\n  events = events.withStatuses([\"performed\"]);\n  events = events.withoutNegation();\n  var codes = getCodes(\"2.16.840.1.113883.3.117.1.7.1.401\");\n  var start = null;\n  var end = null;\n  events = events.match(codes, start, end, true);\n\n  events = DURING(events, hqmfjs.OccurrenceAInpatientEncounter66(patient));\n  return events;\n}\n\nhqmfjs.PatientCharacteristicGestationalAge37Weeks_precondition_4094 = function(patient) {\n  var events = patient.allProblems();\n  events = events.withoutNegation();\n  var codes = getCodes(\"2.16.840.1.113883.3.117.1.7.1.402\");\n  var start = null;\n  var end = null;\n  events = events.match(codes, start, end, true);\n\n  events = SBS(events, hqmfjs.ProcedurePerformedDeliveryProcedures_precondition_4093(patient));\n  return events;\n}\n\nhqmfjs.ProcedurePerformedDeliveryProcedures_precondition_4096 = function(patient) {\n  var events = patient.allProcedures();\n  events = events.withStatuses([\"performed\"]);\n  events = events.withoutNegation();\n  var codes = getCodes(\"2.16.840.1.113883.3.117.1.7.1.401\");\n  var start = null;\n  var end = null;\n  events = events.match(codes, start, end, true);\n\n  events = DURING(events, hqmfjs.OccurrenceAInpatientEncounter66(patient));\n  return events;\n}\n\nhqmfjs.PatientCharacteristicGestationalAge38Weeks_precondition_4097 = function(patient) {\n  var events = patient.allProblems();\n  events = events.withoutNegation();\n  var codes = getCodes(\"2.16.840.1.113883.3.117.1.7.1.403\");\n  var start = null;\n  var end = null;\n  events = events.match(codes, start, end, true);\n\n  events = SBS(events, hqmfjs.ProcedurePerformedDeliveryProcedures_precondition_4096(patient));\n  return events;\n}\n\nhqmfjs.DiagnosisActiveConditionsPossiblyJustifyingElectiveDeliveryPriorTo39WeeksGestation_precondition_4101 = function(patient) {\n  var events = patient.allProblems();\n  events = events.withStatuses([\"active\"]);\n  events = events.withoutNegation();\n  var codes = getCodes(\"2.16.840.1.113883.3.117.1.7.1.286\");\n  var start = null;\n  var end = null;\n  events = events.match(codes, start, end, true);\n\n  events = SBE(events, hqmfjs.OccurrenceAInpatientEncounter66(patient));\n  return events;\n}\n\nhqmfjs.DiagnosisActiveConditionsPossiblyJustifyingElectiveDeliveryPriorTo39WeeksGestation_precondition_4099 = function(patient) {\n  var events = patient.allProblems();\n  events = events.withStatuses([\"active\"]);\n  events = events.withoutNegation();\n  var codes = getCodes(\"2.16.840.1.113883.3.117.1.7.1.286\");\n  var start = null;\n  var end = null;\n  events = events.match(codes, start, end, true);\n\n  events = EBS(events, hqmfjs.OccurrenceAInpatientEncounter66(patient));\n  return events;\n}\n\nhqmfjs.OccurrenceAInpatientEncounter66_precondition_4111 = function(patient) {\n  var events = patient.encounters();\n  events.specific_occurrence = 'OccurrenceAInpatientEncounter66'\n  events = events.withStatuses([\"performed\"]);\n  events = events.withoutNegation();\n  var codes = getCodes(\"2.16.840.1.113883.3.117.1.7.1.23\");\n  var start = null;\n  var end = null;\n  events = events.match(codes, start, end, true);\n\n  events.specificContext=new Specifics(Row.buildForDataCriteria(events.specific_occurrence, events))\n  return events;\n}\n\nhqmfjs.ProcedurePerformedClassicalCesareanSection_precondition_4106 = function(patient) {\n  var events = patient.allProcedures();\n  events = events.withStatuses([\"performed\"]);\n  events = events.withoutNegation();\n  var codes = getCodes(\"2.16.840.1.113883.3.117.1.7.1.421\");\n  var start = null;\n  var end = null;\n  events = events.match(codes, start, end, true);\n\n  events = SBS(events, hqmfjs.OccurrenceAInpatientEncounter66_precondition_4111(patient));\n  return events;\n}\n\nhqmfjs.ProcedurePerformedMyomectomy_precondition_4108 = function(patient) {\n  var events = patient.allProcedures();\n  events = events.withStatuses([\"performed\"]);\n  events = events.withoutNegation();\n  var codes = getCodes(\"2.16.840.1.113883.3.117.1.7.1.422\");\n  var start = null;\n  var end = null;\n  events = events.match(codes, start, end, true);\n\n  events = SBS(events, hqmfjs.OccurrenceAInpatientEncounter66_precondition_4111(patient));\n  return events;\n}\n\nhqmfjs.ProcedurePerformedDeliveryProcedures_precondition_4116 = function(patient) {\n  var events = patient.allProcedures();\n  events = events.withStatuses([\"performed\"]);\n  events = events.withoutNegation();\n  var codes = getCodes(\"2.16.840.1.113883.3.117.1.7.1.401\");\n  var start = null;\n  var end = null;\n  events = events.match(codes, start, end, true);\n\n  events = DURING(events, hqmfjs.OccurrenceAInpatientEncounter66(patient));\n  return events;\n}\n\nhqmfjs.PatientCharacteristicGestationalAge3738Weeks_precondition_4117 = function(patient) {\n  var events = patient.allProblems();\n  events = events.withoutNegation();\n  var codes = getCodes(\"2.16.840.1.113883.3.117.1.7.1.287\");\n  var start = null;\n  var end = null;\n  events = events.match(codes, start, end, true);\n\n  events = SBS(events, hqmfjs.ProcedurePerformedDeliveryProcedures_precondition_4116(patient));\n  return events;\n}\n\nhqmfjs.OccurrenceAInpatientEncounter66_precondition_4130 = function(patient) {\n  var events = patient.encounters();\n  events.specific_occurrence = 'OccurrenceAInpatientEncounter66'\n  events = events.withStatuses([\"performed\"]);\n  events = events.withoutNegation();\n  var codes = getCodes(\"2.16.840.1.113883.3.117.1.7.1.23\");\n  var start = null;\n  var end = null;\n  events = events.match(codes, start, end, true);\n\n  events.specificContext=new Specifics(Row.buildForDataCriteria(events.specific_occurrence, events))\n  return events;\n}\n\nhqmfjs.ProcedurePerformedMedicalInductionOfLabor_precondition_4119 = function(patient) {\n  var events = patient.allProcedures();\n  events = events.withStatuses([\"performed\"]);\n  events = events.withoutNegation();\n  var codes = getCodes(\"2.16.840.1.113883.3.117.1.7.1.288\");\n  var start = null;\n  var end = null;\n  events = events.match(codes, start, end, true);\n\n  events = DURING(events, hqmfjs.OccurrenceAInpatientEncounter66_precondition_4130(patient));\n  return events;\n}\n\nhqmfjs.ProcedurePerformedCesareanSection_precondition_4121 = function(patient) {\n  var events = patient.allProcedures();\n  events = events.withStatuses([\"performed\"]);\n  events = events.withoutNegation();\n  var codes = getCodes(\"2.16.840.1.113883.3.117.1.7.1.282\");\n  var start = null;\n  var end = null;\n  events = events.match(codes, start, end, true);\n\n  events = DURING(events, hqmfjs.OccurrenceAInpatientEncounter66(patient));\n  return events;\n}\n\nhqmfjs.PhysicalExamFindingActiveLabor_precondition_4122 = function(patient) {\n  var events = patient.procedureResults();\n  events = events.withoutNegation();\n  var codes = getCodes(\"2.16.840.1.113883.3.117.1.7.1.281\");\n  var start = null;\n  var end = null;\n  events = events.match(codes, start, end, true);\n\n  events = SBS(events, hqmfjs.ProcedurePerformedCesareanSection_precondition_4121(patient));\n  events = DURING(events, hqmfjs.OccurrenceAInpatientEncounter66_precondition_4130(patient));\n  return events;\n}\n\nhqmfjs.ProcedurePerformedCesareanSection_precondition_4124 = function(patient) {\n  var events = patient.allProcedures();\n  events = events.withStatuses([\"performed\"]);\n  events = events.withoutNegation();\n  var codes = getCodes(\"2.16.840.1.113883.3.117.1.7.1.282\");\n  var start = null;\n  var end = null;\n  events = events.match(codes, start, end, true);\n\n  events = DURING(events, hqmfjs.OccurrenceAInpatientEncounter66(patient));\n  return events;\n}\n\nhqmfjs.DiagnosisActiveSpontaneousRuptureOfMembranes_precondition_4125 = function(patient) {\n  var events = patient.allProblems();\n  events = events.withStatuses([\"active\"]);\n  events = events.withoutNegation();\n  var codes = getCodes(\"2.16.840.1.113883.3.117.1.7.1.300\");\n  var start = null;\n  var end = null;\n  events = events.match(codes, start, end, true);\n\n  events = SBS(events, hqmfjs.ProcedurePerformedCesareanSection_precondition_4124(patient));\n  events = DURING(events, hqmfjs.OccurrenceAInpatientEncounter66_precondition_4130(patient));\n  return events;\n}\n\nhqmfjs.ProcedurePerformedDeliveryProcedures_precondition_4137 = function(patient) {\n  var events = patient.allProcedures();\n  events = events.withStatuses([\"performed\"]);\n  events = events.withoutNegation();\n  var codes = getCodes(\"2.16.840.1.113883.3.117.1.7.1.401\");\n  var start = null;\n  var end = null;\n  events = events.match(codes, start, end, true);\n\n  events = DURING(events, hqmfjs.OccurrenceAInpatientEncounter66(patient));\n  return events;\n}\n\nhqmfjs.PatientCharacteristicGestationalAgeUnknown_precondition_4138 = function(patient) {\n  var events = patient.allProblems();\n  events = events.withoutNegation();\n  var codes = getCodes(\"2.16.840.1.113883.3.117.1.7.1.307\");\n  var start = null;\n  var end = null;\n  events = events.match(codes, start, end, true);\n\n  events = SBS(events, hqmfjs.ProcedurePerformedDeliveryProcedures_precondition_4137(patient));\n  return events;\n}\n\nhqmfjs.ProcedurePerformedDeliveryProcedures_precondition_4134 = function(patient) {\n  var events = patient.allProcedures();\n  events = events.withStatuses([\"performed\"]);\n  events = events.withoutNegation();\n  var codes = getCodes(\"2.16.840.1.113883.3.117.1.7.1.401\");\n  var start = null;\n  var end = null;\n  events = events.match(codes, start, end, true);\n\n  events = DURING(events, hqmfjs.OccurrenceAInpatientEncounter66(patient));\n  return events;\n}\n\nhqmfjs.PatientCharacteristicGestationalAge3738Weeks_precondition_4135 = function(patient) {\n  var events = patient.allProblems();\n  events = events.withoutNegation();\n  var codes = getCodes(\"2.16.840.1.113883.3.117.1.7.1.287\");\n  var start = null;\n  var end = null;\n  events = events.match(codes, start, end, true);\n\n  events = SBS(events, hqmfjs.ProcedurePerformedDeliveryProcedures_precondition_4134(patient));\n  return events;\n}\n\nhqmfjs.PatientCharacteristicBirthdateBirthDate_precondition_4146 = function(patient) {\nvar value = patient.birthtime();\nvar events = [value];\nevents = SBS(events, hqmfjs.OccurrenceAInpatientEncounter66(patient), new IVL_PQ(new PQ(8, \"a\", true), null));\nevents.specificContext=Specifics.identity();\nreturn events;\n\n}\n\nhqmfjs.PatientCharacteristicBirthdateBirthDate_precondition_4148 = function(patient) {\nvar value = patient.birthtime();\nvar events = [value];\nevents = SBS(events, hqmfjs.OccurrenceAInpatientEncounter66(patient), new IVL_PQ(null, new PQ(65, \"a\", false)));\nevents.specificContext=Specifics.identity();\nreturn events;\n\n}\n\nhqmfjs.OccurrenceAInpatientEncounter66_precondition_4150 = function(patient) {\n  var events = patient.encounters();\n  events.specific_occurrence = 'OccurrenceAInpatientEncounter66'\n  events = events.withStatuses([\"performed\"]);\n  events = events.withoutNegation();\n  var codes = getCodes(\"2.16.840.1.113883.3.117.1.7.1.23\");\n  var start = null;\n  var end = null;\n  events = events.match(codes, start, end, true);\n\n  events = filterEventsByField(events, \"lengthOfStay\", new IVL_PQ(null, new PQ(120, \"d\", true)));\n  events.specificContext=new Specifics(Row.buildForDataCriteria(events.specific_occurrence, events))\n  return events;\n}\n\nhqmfjs.OccurrenceAInpatientEncounter66_precondition_4152 = function(patient) {\n  var events = patient.encounters();\n  events.specific_occurrence = 'OccurrenceAInpatientEncounter66'\n  events = events.withStatuses([\"performed\"]);\n  events = events.withoutNegation();\n  var codes = getCodes(\"2.16.840.1.113883.3.117.1.7.1.23\");\n  var start = null;\n  var end = null;\n  events = events.match(codes, start, end, true);\n\n  events = filterEventsByField(events, \"dischargeDatetime\", new ANYNonNull());\n  events = DURING(events, hqmfjs.MeasurePeriod(patient));\n  return events;\n}\n\nhqmfjs.OccurrenceAInpatientEncounter66_precondition_4167 = function(patient) {\n  var events = patient.encounters();\n  events.specific_occurrence = 'OccurrenceAInpatientEncounter66'\n  events = events.withStatuses([\"performed\"]);\n  events = events.withoutNegation();\n  var codes = getCodes(\"2.16.840.1.113883.3.117.1.7.1.23\");\n  var start = null;\n  var end = null;\n  events = events.match(codes, start, end, true);\n\n  events.specificContext=new Specifics(Row.buildForDataCriteria(events.specific_occurrence, events))\n  return events;\n}\n\nhqmfjs.DiagnosisActiveComplicationMainlyRelatedToPregnancy_precondition_4154 = function(patient) {\n  var events = patient.allProblems();\n  events = events.withStatuses([\"active\"]);\n  events = events.withoutNegation();\n  var codes = getCodes(\"2.16.840.1.113883.3.117.1.7.1.372\");\n  var start = null;\n  var end = null;\n  events = events.match(codes, start, end, true);\n\n  events = SDU(events, hqmfjs.OccurrenceAInpatientEncounter66_precondition_4167(patient));\n  return events;\n}\n\nhqmfjs.DiagnosisActiveNormalDeliveryAndOtherIndicationsForCare_precondition_4156 = function(patient) {\n  var events = patient.allProblems();\n  events = events.withStatuses([\"active\"]);\n  events = events.withoutNegation();\n  var codes = getCodes(\"2.16.840.1.113883.3.117.1.7.1.391\");\n  var start = null;\n  var end = null;\n  events = events.match(codes, start, end, true);\n\n  events = SDU(events, hqmfjs.OccurrenceAInpatientEncounter66_precondition_4167(patient));\n  return events;\n}\n\nhqmfjs.DiagnosisActiveComplicationMainlyInTheCourseOfLaborAndDelivery_precondition_4158 = function(patient) {\n  var events = patient.allProblems();\n  events = events.withStatuses([\"active\"]);\n  events = events.withoutNegation();\n  var codes = getCodes(\"2.16.840.1.113883.3.117.1.7.1.397\");\n  var start = null;\n  var end = null;\n  events = events.match(codes, start, end, true);\n\n  events = SDU(events, hqmfjs.OccurrenceAInpatientEncounter66_precondition_4167(patient));\n  return events;\n}\n\nhqmfjs.DiagnosisActiveComplicationOfThePuerperium_precondition_4160 = function(patient) {\n  var events = patient.allProblems();\n  events = events.withStatuses([\"active\"]);\n  events = events.withoutNegation();\n  var codes = getCodes(\"2.16.840.1.113883.3.117.1.7.1.375\");\n  var start = null;\n  var end = null;\n  events = events.match(codes, start, end, true);\n\n  events = SDU(events, hqmfjs.OccurrenceAInpatientEncounter66_precondition_4167(patient));\n  return events;\n}\n\nhqmfjs.DiagnosisActiveOutcomeOfDelivery_precondition_4162 = function(patient) {\n  var events = patient.allProblems();\n  events = events.withStatuses([\"active\"]);\n  events = events.withoutNegation();\n  var codes = getCodes(\"2.16.840.1.113883.3.117.1.7.1.408\");\n  var start = null;\n  var end = null;\n  events = events.match(codes, start, end, true);\n\n  events = SDU(events, hqmfjs.OccurrenceAInpatientEncounter66_precondition_4167(patient));\n  return events;\n}\n\nhqmfjs.ProcedurePerformedDeliveryProcedures_precondition_4164 = function(patient) {\n  var events = patient.allProcedures();\n  events = events.withStatuses([\"performed\"]);\n  events = events.withoutNegation();\n  var codes = getCodes(\"2.16.840.1.113883.3.117.1.7.1.401\");\n  var start = null;\n  var end = null;\n  events = events.match(codes, start, end, true);\n\n  events = SDU(events, hqmfjs.OccurrenceAInpatientEncounter66_precondition_4167(patient));\n  return events;\n}\n\n\n\n        // #########################\n        // ##### MEASURE LOGIC #####\n        // #########################\n        \n        hqmfjs.initializeSpecifics = function(patient_api, hqmfjs) { Specifics.initialize(patient_api,hqmfjs,{\"id\":\"OccurrenceAInpatientEncounter66\",\"type\":\"\",\"function\":\"OccurrenceAInpatientEncounter66\"}) }\n\n        // INITIAL PATIENT POPULATION\n        hqmfjs.IPP = function(patient) {\n  return allTrue(  \n    allTrue(    \n      hqmfjs.PatientCharacteristicBirthdateBirthDate_precondition_4146(patient),    \n      hqmfjs.PatientCharacteristicBirthdateBirthDate_precondition_4148(patient),    \n      hqmfjs.OccurrenceAInpatientEncounter66_precondition_4150(patient),    \n      hqmfjs.OccurrenceAInpatientEncounter66_precondition_4152(patient),    \n      atLeastOneTrue(      \n        hqmfjs.DiagnosisActiveComplicationMainlyRelatedToPregnancy_precondition_4154(patient),      \n        hqmfjs.DiagnosisActiveNormalDeliveryAndOtherIndicationsForCare_precondition_4156(patient),      \n        hqmfjs.DiagnosisActiveComplicationMainlyInTheCourseOfLaborAndDelivery_precondition_4158(patient),      \n        hqmfjs.DiagnosisActiveComplicationOfThePuerperium_precondition_4160(patient),      \n        hqmfjs.DiagnosisActiveOutcomeOfDelivery_precondition_4162(patient),      \n        hqmfjs.ProcedurePerformedDeliveryProcedures_precondition_4164(patient)\n      )\n    )\n  );\n};\n\n\n        // DENOMINATOR\n        hqmfjs.DENOM = function(patient) { return new Boolean(true); }\n        // NUMERATOR\n        hqmfjs.NUMER = function(patient) {\n  return allTrue(  \n    allTrue(    \n      atLeastOneTrue(      \n        allTrue(        \n          hqmfjs.PatientCharacteristicGestationalAge3738Weeks_precondition_4117(patient),        \n          atLeastOneTrue(          \n            hqmfjs.ProcedurePerformedMedicalInductionOfLabor_precondition_4119(patient),          \n            allFalse(            \n              hqmfjs.PhysicalExamFindingActiveLabor_precondition_4122(patient),            \n              hqmfjs.DiagnosisActiveSpontaneousRuptureOfMembranes_precondition_4125(patient)\n            )\n          )\n        ),      \n        atLeastOneTrue(        \n          hqmfjs.PatientCharacteristicGestationalAgeUnknown_precondition_4138(patient),        \n          allFalse(          \n            hqmfjs.PatientCharacteristicGestationalAge3738Weeks_precondition_4135(patient)\n          )\n        )\n      )\n    )\n  );\n};\n\n\n        hqmfjs.DENEX = function(patient) {\n  return atLeastOneTrue(  \n    allTrue(    \n      atLeastOneTrue(      \n        hqmfjs.PatientCharacteristicGestationalAge37Weeks_precondition_4094(patient),      \n        hqmfjs.PatientCharacteristicGestationalAge38Weeks_precondition_4097(patient),      \n        allTrue(        \n          hqmfjs.DiagnosisActiveConditionsPossiblyJustifyingElectiveDeliveryPriorTo39WeeksGestation_precondition_4101(patient),        \n          atLeastOneFalse(          \n            hqmfjs.DiagnosisActiveConditionsPossiblyJustifyingElectiveDeliveryPriorTo39WeeksGestation_precondition_4099(patient)\n          )\n        ),      \n        atLeastOneTrue(        \n          hqmfjs.ProcedurePerformedClassicalCesareanSection_precondition_4106(patient),        \n          hqmfjs.ProcedurePerformedMyomectomy_precondition_4108(patient)\n        )\n      )\n    )\n  );\n};\n\n\n        hqmfjs.DENEXCEP = function(patient) { return new Boolean(false); }\n        \n\n      hqmfjs.initializeSpecifics(patient_api, hqmfjs)\n      \n      var population = function() {\n        return executeIfAvailable(hqmfjs.IPP, patient_api);\n      }\n      var denominator = function() {\n        return executeIfAvailable(hqmfjs.DENOM, patient_api);\n      }\n      var numerator = function() {\n        return executeIfAvailable(hqmfjs.NUMER, patient_api);\n      }\n      var exclusion = function() {\n        return executeIfAvailable(hqmfjs.DENEX, patient_api);\n      }\n      var denexcep = function() {\n        return executeIfAvailable(hqmfjs.DENEXCEP, patient_api);\n      }\n      \n      var executeIfAvailable = function(optionalFunction, arg) {\n        if (typeof(optionalFunction)==='function')\n          return optionalFunction(arg);\n        else\n          return false;\n      }\n\n      if (Logger.enabled) enableMeasureLogging(hqmfjs);\n\n      map(patient, population, denominator, numerator, exclusion, denexcep);\n      \n      };\n      ",
  "data_criteria": [
    {
      "PatientCharacteristicGestationalAge37Weeks_precondition_4094": {
        "title": "Gestational Age <37 weeks",
        "description": "Patient Characteristic: Gestational Age <37 weeks",
        "standard_category": "individual_characteristic",
        "qds_data_type": "individual_characteristic",
        "code_list_id": "2.16.840.1.113883.3.117.1.7.1.402",
        "type": "characteristic",
        "definition": "patient_characteristic",
        "hard_status": false,
        "negation": false,
        "source_data_criteria": "PatientCharacteristicGestationalAge37Weeks",
        "temporal_references": [
          {
            "type": "SBS",
            "reference": "ProcedurePerformedDeliveryProcedures_precondition_4093"
          }
        ]
      }
    },
    {
      "ProcedurePerformedDeliveryProcedures_precondition_4093": {
        "title": "Delivery Procedures",
        "description": "Procedure, Performed: Delivery Procedures",
        "standard_category": "procedure",
        "qds_data_type": "procedure_performed",
        "code_list_id": "2.16.840.1.113883.3.117.1.7.1.401",
        "type": "procedures",
        "definition": "procedure",
        "status": "performed",
        "hard_status": false,
        "negation": false,
        "source_data_criteria": "ProcedurePerformedDeliveryProcedures",
        "temporal_references": [
          {
            "type": "DURING",
            "reference": "OccurrenceAInpatientEncounter66"
          }
        ]
      }
    },
    {
      "OccurrenceAInpatientEncounter66": {
        "title": "Inpatient Encounter",
        "description": "Encounter, Performed: Inpatient Encounter",
        "standard_category": "encounter",
        "qds_data_type": "encounter",
        "code_list_id": "2.16.840.1.113883.3.117.1.7.1.23",
        "type": "encounters",
        "definition": "encounter",
        "status": "performed",
        "hard_status": false,
        "negation": false,
        "specific_occurrence": "A",
        "source_data_criteria": "OccurrenceAInpatientEncounter66"
      }
    },
    {
      "PatientCharacteristicGestationalAge38Weeks_precondition_4097": {
        "title": "Gestational Age >38 weeks",
        "description": "Patient Characteristic: Gestational Age >38 weeks",
        "standard_category": "individual_characteristic",
        "qds_data_type": "individual_characteristic",
        "code_list_id": "2.16.840.1.113883.3.117.1.7.1.403",
        "type": "characteristic",
        "definition": "patient_characteristic",
        "hard_status": false,
        "negation": false,
        "source_data_criteria": "PatientCharacteristicGestationalAge38Weeks",
        "temporal_references": [
          {
            "type": "SBS",
            "reference": "ProcedurePerformedDeliveryProcedures_precondition_4096"
          }
        ]
      }
    },
    {
      "ProcedurePerformedDeliveryProcedures_precondition_4096": {
        "title": "Delivery Procedures",
        "description": "Procedure, Performed: Delivery Procedures",
        "standard_category": "procedure",
        "qds_data_type": "procedure_performed",
        "code_list_id": "2.16.840.1.113883.3.117.1.7.1.401",
        "type": "procedures",
        "definition": "procedure",
        "status": "performed",
        "hard_status": false,
        "negation": false,
        "source_data_criteria": "ProcedurePerformedDeliveryProcedures",
        "temporal_references": [
          {
            "type": "DURING",
            "reference": "OccurrenceAInpatientEncounter66"
          }
        ]
      }
    },
    {
      "DiagnosisActiveConditionsPossiblyJustifyingElectiveDeliveryPriorTo39WeeksGestation_precondition_4101": {
        "title": "Conditions Possibly Justifying Elective Delivery Prior to 39 Weeks Gestation",
        "description": "Diagnosis, Active: Conditions Possibly Justifying Elective Delivery Prior to 39 Weeks Gestation",
        "standard_category": "diagnosis_condition_problem",
        "qds_data_type": "diagnosis_active",
        "code_list_id": "2.16.840.1.113883.3.117.1.7.1.286",
        "type": "conditions",
        "definition": "diagnosis",
        "status": "active",
        "hard_status": false,
        "negation": false,
        "source_data_criteria": "DiagnosisActiveConditionsPossiblyJustifyingElectiveDeliveryPriorTo39WeeksGestation",
        "temporal_references": [
          {
            "type": "SBE",
            "reference": "OccurrenceAInpatientEncounter66"
          }
        ]
      }
    },
    {
      "DiagnosisActiveConditionsPossiblyJustifyingElectiveDeliveryPriorTo39WeeksGestation_precondition_4099": {
        "title": "Conditions Possibly Justifying Elective Delivery Prior to 39 Weeks Gestation",
        "description": "Diagnosis, Active: Conditions Possibly Justifying Elective Delivery Prior to 39 Weeks Gestation",
        "standard_category": "diagnosis_condition_problem",
        "qds_data_type": "diagnosis_active",
        "code_list_id": "2.16.840.1.113883.3.117.1.7.1.286",
        "type": "conditions",
        "definition": "diagnosis",
        "status": "active",
        "hard_status": false,
        "negation": false,
        "source_data_criteria": "DiagnosisActiveConditionsPossiblyJustifyingElectiveDeliveryPriorTo39WeeksGestation",
        "temporal_references": [
          {
            "type": "EBS",
            "reference": "OccurrenceAInpatientEncounter66"
          }
        ]
      }
    },
    {
      "ProcedurePerformedClassicalCesareanSection_precondition_4106": {
        "title": "Classical Cesarean Section",
        "description": "Procedure, Performed: Classical Cesarean Section",
        "standard_category": "procedure",
        "qds_data_type": "procedure_performed",
        "code_list_id": "2.16.840.1.113883.3.117.1.7.1.421",
        "type": "procedures",
        "definition": "procedure",
        "status": "performed",
        "hard_status": false,
        "negation": false,
        "source_data_criteria": "ProcedurePerformedClassicalCesareanSection",
        "temporal_references": [
          {
            "type": "SBS",
            "reference": "OccurrenceAInpatientEncounter66_precondition_4111"
          }
        ]
      }
    },
    {
      "OccurrenceAInpatientEncounter66_precondition_4111": {
        "title": "Inpatient Encounter",
        "description": "Encounter, Performed: Inpatient Encounter",
        "standard_category": "encounter",
        "qds_data_type": "encounter",
        "code_list_id": "2.16.840.1.113883.3.117.1.7.1.23",
        "type": "encounters",
        "definition": "encounter",
        "status": "performed",
        "hard_status": false,
        "negation": false,
        "specific_occurrence": "A",
        "source_data_criteria": "OccurrenceAInpatientEncounter66"
      }
    },
    {
      "ProcedurePerformedMyomectomy_precondition_4108": {
        "title": "Myomectomy",
        "description": "Procedure, Performed: Myomectomy",
        "standard_category": "procedure",
        "qds_data_type": "procedure_performed",
        "code_list_id": "2.16.840.1.113883.3.117.1.7.1.422",
        "type": "procedures",
        "definition": "procedure",
        "status": "performed",
        "hard_status": false,
        "negation": false,
        "source_data_criteria": "ProcedurePerformedMyomectomy",
        "temporal_references": [
          {
            "type": "SBS",
            "reference": "OccurrenceAInpatientEncounter66_precondition_4111"
          }
        ]
      }
    },
    {
      "PatientCharacteristicGestationalAge3738Weeks_precondition_4117": {
        "title": "Gestational Age 37-38 weeks",
        "description": "Patient Characteristic: Gestational Age 37-38 weeks",
        "standard_category": "individual_characteristic",
        "qds_data_type": "individual_characteristic",
        "code_list_id": "2.16.840.1.113883.3.117.1.7.1.287",
        "type": "characteristic",
        "definition": "patient_characteristic",
        "hard_status": false,
        "negation": false,
        "source_data_criteria": "PatientCharacteristicGestationalAge3738Weeks",
        "temporal_references": [
          {
            "type": "SBS",
            "reference": "ProcedurePerformedDeliveryProcedures_precondition_4116"
          }
        ]
      }
    },
    {
      "ProcedurePerformedDeliveryProcedures_precondition_4116": {
        "title": "Delivery Procedures",
        "description": "Procedure, Performed: Delivery Procedures",
        "standard_category": "procedure",
        "qds_data_type": "procedure_performed",
        "code_list_id": "2.16.840.1.113883.3.117.1.7.1.401",
        "type": "procedures",
        "definition": "procedure",
        "status": "performed",
        "hard_status": false,
        "negation": false,
        "source_data_criteria": "ProcedurePerformedDeliveryProcedures",
        "temporal_references": [
          {
            "type": "DURING",
            "reference": "OccurrenceAInpatientEncounter66"
          }
        ]
      }
    },
    {
      "ProcedurePerformedMedicalInductionOfLabor_precondition_4119": {
        "title": "Medical Induction of Labor",
        "description": "Procedure, Performed: Medical Induction of Labor",
        "standard_category": "procedure",
        "qds_data_type": "procedure_performed",
        "code_list_id": "2.16.840.1.113883.3.117.1.7.1.288",
        "type": "procedures",
        "definition": "procedure",
        "status": "performed",
        "hard_status": false,
        "negation": false,
        "source_data_criteria": "ProcedurePerformedMedicalInductionOfLabor",
        "temporal_references": [
          {
            "type": "DURING",
            "reference": "OccurrenceAInpatientEncounter66_precondition_4130"
          }
        ]
      }
    },
    {
      "OccurrenceAInpatientEncounter66_precondition_4130": {
        "title": "Inpatient Encounter",
        "description": "Encounter, Performed: Inpatient Encounter",
        "standard_category": "encounter",
        "qds_data_type": "encounter",
        "code_list_id": "2.16.840.1.113883.3.117.1.7.1.23",
        "type": "encounters",
        "definition": "encounter",
        "status": "performed",
        "hard_status": false,
        "negation": false,
        "specific_occurrence": "A",
        "source_data_criteria": "OccurrenceAInpatientEncounter66"
      }
    },
    {
      "PhysicalExamFindingActiveLabor_precondition_4122": {
        "title": "Active Labor",
        "description": "Physical Exam, Finding: Active Labor",
        "standard_category": "physical_exam",
        "qds_data_type": "physical_exam",
        "code_list_id": "2.16.840.1.113883.3.117.1.7.1.281",
        "type": "physical_exams",
        "definition": "physical_exam",
        "hard_status": false,
        "negation": false,
        "source_data_criteria": "PhysicalExamFindingActiveLabor",
        "temporal_references": [
          {
            "type": "SBS",
            "reference": "ProcedurePerformedCesareanSection_precondition_4121"
          },
          {
            "type": "DURING",
            "reference": "OccurrenceAInpatientEncounter66_precondition_4130"
          }
        ]
      }
    },
    {
      "ProcedurePerformedCesareanSection_precondition_4121": {
        "title": "Cesarean Section",
        "description": "Procedure, Performed: Cesarean Section",
        "standard_category": "procedure",
        "qds_data_type": "procedure_performed",
        "code_list_id": "2.16.840.1.113883.3.117.1.7.1.282",
        "type": "procedures",
        "definition": "procedure",
        "status": "performed",
        "hard_status": false,
        "negation": false,
        "source_data_criteria": "ProcedurePerformedCesareanSection",
        "temporal_references": [
          {
            "type": "DURING",
            "reference": "OccurrenceAInpatientEncounter66"
          }
        ]
      }
    },
    {
      "DiagnosisActiveSpontaneousRuptureOfMembranes_precondition_4125": {
        "title": "Spontaneous Rupture of Membranes",
        "description": "Diagnosis, Active: Spontaneous Rupture of Membranes",
        "standard_category": "diagnosis_condition_problem",
        "qds_data_type": "diagnosis_active",
        "code_list_id": "2.16.840.1.113883.3.117.1.7.1.300",
        "type": "conditions",
        "definition": "diagnosis",
        "status": "active",
        "hard_status": false,
        "negation": false,
        "source_data_criteria": "DiagnosisActiveSpontaneousRuptureOfMembranes",
        "temporal_references": [
          {
            "type": "SBS",
            "reference": "ProcedurePerformedCesareanSection_precondition_4124"
          },
          {
            "type": "DURING",
            "reference": "OccurrenceAInpatientEncounter66_precondition_4130"
          }
        ]
      }
    },
    {
      "ProcedurePerformedCesareanSection_precondition_4124": {
        "title": "Cesarean Section",
        "description": "Procedure, Performed: Cesarean Section",
        "standard_category": "procedure",
        "qds_data_type": "procedure_performed",
        "code_list_id": "2.16.840.1.113883.3.117.1.7.1.282",
        "type": "procedures",
        "definition": "procedure",
        "status": "performed",
        "hard_status": false,
        "negation": false,
        "source_data_criteria": "ProcedurePerformedCesareanSection",
        "temporal_references": [
          {
            "type": "DURING",
            "reference": "OccurrenceAInpatientEncounter66"
          }
        ]
      }
    },
    {
      "PatientCharacteristicGestationalAgeUnknown_precondition_4138": {
        "title": "Gestational Age Unknown",
        "description": "Patient Characteristic: Gestational Age Unknown",
        "standard_category": "individual_characteristic",
        "qds_data_type": "individual_characteristic",
        "code_list_id": "2.16.840.1.113883.3.117.1.7.1.307",
        "type": "characteristic",
        "definition": "patient_characteristic",
        "hard_status": false,
        "negation": false,
        "source_data_criteria": "PatientCharacteristicGestationalAgeUnknown",
        "temporal_references": [
          {
            "type": "SBS",
            "reference": "ProcedurePerformedDeliveryProcedures_precondition_4137"
          }
        ]
      }
    },
    {
      "ProcedurePerformedDeliveryProcedures_precondition_4137": {
        "title": "Delivery Procedures",
        "description": "Procedure, Performed: Delivery Procedures",
        "standard_category": "procedure",
        "qds_data_type": "procedure_performed",
        "code_list_id": "2.16.840.1.113883.3.117.1.7.1.401",
        "type": "procedures",
        "definition": "procedure",
        "status": "performed",
        "hard_status": false,
        "negation": false,
        "source_data_criteria": "ProcedurePerformedDeliveryProcedures",
        "temporal_references": [
          {
            "type": "DURING",
            "reference": "OccurrenceAInpatientEncounter66"
          }
        ]
      }
    },
    {
      "PatientCharacteristicGestationalAge3738Weeks_precondition_4135": {
        "title": "Gestational Age 37-38 weeks",
        "description": "Patient Characteristic: Gestational Age 37-38 weeks",
        "standard_category": "individual_characteristic",
        "qds_data_type": "individual_characteristic",
        "code_list_id": "2.16.840.1.113883.3.117.1.7.1.287",
        "type": "characteristic",
        "definition": "patient_characteristic",
        "hard_status": false,
        "negation": false,
        "source_data_criteria": "PatientCharacteristicGestationalAge3738Weeks",
        "temporal_references": [
          {
            "type": "SBS",
            "reference": "ProcedurePerformedDeliveryProcedures_precondition_4134"
          }
        ]
      }
    },
    {
      "ProcedurePerformedDeliveryProcedures_precondition_4134": {
        "title": "Delivery Procedures",
        "description": "Procedure, Performed: Delivery Procedures",
        "standard_category": "procedure",
        "qds_data_type": "procedure_performed",
        "code_list_id": "2.16.840.1.113883.3.117.1.7.1.401",
        "type": "procedures",
        "definition": "procedure",
        "status": "performed",
        "hard_status": false,
        "negation": false,
        "source_data_criteria": "ProcedurePerformedDeliveryProcedures",
        "temporal_references": [
          {
            "type": "DURING",
            "reference": "OccurrenceAInpatientEncounter66"
          }
        ]
      }
    },
    {
      "PatientCharacteristicBirthdateBirthDate_precondition_4146": {
        "title": "birth date",
        "description": "Patient Characteristic Birthdate: birth date",
        "standard_category": "individual_characteristic",
        "qds_data_type": "individual_characteristic",
        "code_list_id": "2.16.840.1.113883.3.560.100.4",
        "property": "birthtime",
        "type": "characteristic",
        "definition": "patient_characteristic_birthdate",
        "hard_status": false,
        "negation": false,
        "source_data_criteria": "PatientCharacteristicBirthdateBirthDate",
        "inline_code_list": {
          "LOINC": [
            "21112-8"
          ]
        },
        "temporal_references": [
          {
            "type": "SBS",
            "reference": "OccurrenceAInpatientEncounter66",
            "range": {
              "type": "IVL_PQ",
              "low": {
                "type": "PQ",
                "unit": "a",
                "value": "8",
                "inclusive?": true,
                "derived?": false
              }
            }
          }
        ]
      }
    },
    {
      "PatientCharacteristicBirthdateBirthDate_precondition_4148": {
        "title": "birth date",
        "description": "Patient Characteristic Birthdate: birth date",
        "standard_category": "individual_characteristic",
        "qds_data_type": "individual_characteristic",
        "code_list_id": "2.16.840.1.113883.3.560.100.4",
        "property": "birthtime",
        "type": "characteristic",
        "definition": "patient_characteristic_birthdate",
        "hard_status": false,
        "negation": false,
        "source_data_criteria": "PatientCharacteristicBirthdateBirthDate",
        "inline_code_list": {
          "LOINC": [
            "21112-8"
          ]
        },
        "temporal_references": [
          {
            "type": "SBS",
            "reference": "OccurrenceAInpatientEncounter66",
            "range": {
              "type": "IVL_PQ",
              "high": {
                "type": "PQ",
                "unit": "a",
                "value": "65",
                "inclusive?": false,
                "derived?": false
              }
            }
          }
        ]
      }
    },
    {
      "OccurrenceAInpatientEncounter66_precondition_4150": {
        "title": "Inpatient Encounter",
        "description": "Encounter, Performed: Inpatient Encounter",
        "standard_category": "encounter",
        "qds_data_type": "encounter",
        "code_list_id": "2.16.840.1.113883.3.117.1.7.1.23",
        "type": "encounters",
        "definition": "encounter",
        "status": "performed",
        "hard_status": false,
        "negation": false,
        "specific_occurrence": "A",
        "source_data_criteria": "OccurrenceAInpatientEncounter66",
        "field_values": {
          "LENGTH_OF_STAY": {
            "type": "IVL_PQ",
            "high": {
              "type": "PQ",
              "unit": "d",
              "value": "120",
              "inclusive?": true,
              "derived?": false
            }
          }
        }
      }
    },
    {
      "OccurrenceAInpatientEncounter66_precondition_4152": {
        "title": "Inpatient Encounter",
        "description": "Encounter, Performed: Inpatient Encounter",
        "standard_category": "encounter",
        "qds_data_type": "encounter",
        "code_list_id": "2.16.840.1.113883.3.117.1.7.1.23",
        "type": "encounters",
        "definition": "encounter",
        "status": "performed",
        "hard_status": false,
        "negation": false,
        "specific_occurrence": "A",
        "source_data_criteria": "OccurrenceAInpatientEncounter66",
        "field_values": {
          "DISCHARGE_DATETIME": {
            "type": "ANYNonNull"
          }
        },
        "temporal_references": [
          {
            "type": "DURING",
            "reference": "MeasurePeriod"
          }
        ]
      }
    },
    {
      "DiagnosisActiveComplicationMainlyRelatedToPregnancy_precondition_4154": {
        "title": "Complication Mainly Related to Pregnancy",
        "description": "Diagnosis, Active: Complication Mainly Related to Pregnancy",
        "standard_category": "diagnosis_condition_problem",
        "qds_data_type": "diagnosis_active",
        "code_list_id": "2.16.840.1.113883.3.117.1.7.1.372",
        "type": "conditions",
        "definition": "diagnosis",
        "status": "active",
        "hard_status": false,
        "negation": false,
        "source_data_criteria": "DiagnosisActiveComplicationMainlyRelatedToPregnancy",
        "temporal_references": [
          {
            "type": "SDU",
            "reference": "OccurrenceAInpatientEncounter66_precondition_4167"
          }
        ]
      }
    },
    {
      "OccurrenceAInpatientEncounter66_precondition_4167": {
        "title": "Inpatient Encounter",
        "description": "Encounter, Performed: Inpatient Encounter",
        "standard_category": "encounter",
        "qds_data_type": "encounter",
        "code_list_id": "2.16.840.1.113883.3.117.1.7.1.23",
        "type": "encounters",
        "definition": "encounter",
        "status": "performed",
        "hard_status": false,
        "negation": false,
        "specific_occurrence": "A",
        "source_data_criteria": "OccurrenceAInpatientEncounter66"
      }
    },
    {
      "DiagnosisActiveNormalDeliveryAndOtherIndicationsForCare_precondition_4156": {
        "title": "Normal Delivery and Other Indications for Care",
        "description": "Diagnosis, Active: Normal Delivery and Other Indications for Care",
        "standard_category": "diagnosis_condition_problem",
        "qds_data_type": "diagnosis_active",
        "code_list_id": "2.16.840.1.113883.3.117.1.7.1.391",
        "type": "conditions",
        "definition": "diagnosis",
        "status": "active",
        "hard_status": false,
        "negation": false,
        "source_data_criteria": "DiagnosisActiveNormalDeliveryAndOtherIndicationsForCare",
        "temporal_references": [
          {
            "type": "SDU",
            "reference": "OccurrenceAInpatientEncounter66_precondition_4167"
          }
        ]
      }
    },
    {
      "DiagnosisActiveComplicationMainlyInTheCourseOfLaborAndDelivery_precondition_4158": {
        "title": "Complication Mainly in the Course of Labor and Delivery",
        "description": "Diagnosis, Active: Complication Mainly in the Course of Labor and Delivery",
        "standard_category": "diagnosis_condition_problem",
        "qds_data_type": "diagnosis_active",
        "code_list_id": "2.16.840.1.113883.3.117.1.7.1.397",
        "type": "conditions",
        "definition": "diagnosis",
        "status": "active",
        "hard_status": false,
        "negation": false,
        "source_data_criteria": "DiagnosisActiveComplicationMainlyInTheCourseOfLaborAndDelivery",
        "temporal_references": [
          {
            "type": "SDU",
            "reference": "OccurrenceAInpatientEncounter66_precondition_4167"
          }
        ]
      }
    },
    {
      "DiagnosisActiveComplicationOfThePuerperium_precondition_4160": {
        "title": "Complication of the Puerperium",
        "description": "Diagnosis, Active: Complication of the Puerperium",
        "standard_category": "diagnosis_condition_problem",
        "qds_data_type": "diagnosis_active",
        "code_list_id": "2.16.840.1.113883.3.117.1.7.1.375",
        "type": "conditions",
        "definition": "diagnosis",
        "status": "active",
        "hard_status": false,
        "negation": false,
        "source_data_criteria": "DiagnosisActiveComplicationOfThePuerperium",
        "temporal_references": [
          {
            "type": "SDU",
            "reference": "OccurrenceAInpatientEncounter66_precondition_4167"
          }
        ]
      }
    },
    {
      "DiagnosisActiveOutcomeOfDelivery_precondition_4162": {
        "title": "Outcome of Delivery",
        "description": "Diagnosis, Active: Outcome of Delivery",
        "standard_category": "diagnosis_condition_problem",
        "qds_data_type": "diagnosis_active",
        "code_list_id": "2.16.840.1.113883.3.117.1.7.1.408",
        "type": "conditions",
        "definition": "diagnosis",
        "status": "active",
        "hard_status": false,
        "negation": false,
        "source_data_criteria": "DiagnosisActiveOutcomeOfDelivery",
        "temporal_references": [
          {
            "type": "SDU",
            "reference": "OccurrenceAInpatientEncounter66_precondition_4167"
          }
        ]
      }
    },
    {
      "ProcedurePerformedDeliveryProcedures_precondition_4164": {
        "title": "Delivery Procedures",
        "description": "Procedure, Performed: Delivery Procedures",
        "standard_category": "procedure",
        "qds_data_type": "procedure_performed",
        "code_list_id": "2.16.840.1.113883.3.117.1.7.1.401",
        "type": "procedures",
        "definition": "procedure",
        "status": "performed",
        "hard_status": false,
        "negation": false,
        "source_data_criteria": "ProcedurePerformedDeliveryProcedures",
        "temporal_references": [
          {
            "type": "SDU",
            "reference": "OccurrenceAInpatientEncounter66_precondition_4167"
          }
        ]
      }
    }
  ],
  "oids": [
    "2.16.840.1.113883.3.117.1.7.1.23",
    "2.16.840.1.113883.3.117.1.7.1.281",
    "2.16.840.1.113883.3.117.1.7.1.300",
    "2.16.840.1.113883.3.117.1.7.1.369",
    "2.16.840.1.113883.3.117.1.7.1.375",
    "2.16.840.1.113883.3.117.1.7.1.393",
    "2.16.840.1.113883.3.117.1.7.1.395",
    "2.16.840.1.113883.3.117.1.7.1.282",
    "2.16.840.1.113883.3.117.1.7.1.286",
    "2.16.840.1.113883.3.117.1.7.1.288",
    "2.16.840.1.113883.3.117.1.7.1.421",
    "2.16.840.1.113883.3.117.1.7.1.287",
    "2.16.840.1.113883.3.117.1.7.1.307",
    "2.16.840.1.113883.3.117.1.7.1.367",
    "2.16.840.1.113883.3.117.1.7.1.368",
    "2.16.840.1.113883.3.117.1.7.1.372",
    "2.16.840.1.113883.3.117.1.7.1.383",
    "2.16.840.1.113883.3.117.1.7.1.384",
    "2.16.840.1.113883.3.117.1.7.1.391",
    "2.16.840.1.113883.3.117.1.7.1.394",
    "2.16.840.1.113883.3.117.1.7.1.397",
    "2.16.840.1.113883.3.117.1.7.1.401",
    "2.16.840.1.113883.3.117.1.7.1.402",
    "2.16.840.1.113883.3.117.1.7.1.403",
    "2.16.840.1.113883.3.117.1.7.1.408",
    "2.16.840.1.113883.3.117.1.7.1.418",
    "2.16.840.1.113883.3.117.1.7.1.419",
    "2.16.840.1.113883.3.117.1.7.1.420",
    "2.16.840.1.113883.3.117.1.7.1.422",
    "2.16.840.1.113883.3.560.100.4"
  ],
  "population_ids": {
    "IPP": "51F36102-87C8-4B61-9AE7-2067183264F3",
    "DENOM": "50478393-C14F-42A7-B2D9-13301349D927",
    "NUMER": "F7937E7B-EBF3-4E3C-82AF-D11DECB1906E",
    "DENEX": "0FA8268B-3397-4C41-AE73-8AFC0DF4FCA6"
  }
}