{
  "id": "8A4D92B2-37D1-F95B-0137-E726AD2F7415",
  "nqf_id": "0480",
  "hqmf_id": "8A4D92B2-37D1-F95B-0137-E726AD2F7415",
  "hqmf_set_id": "7D374C6A-3821-4333-A1BC-4531005D77B8",
  "hqmf_version_number": 1,
  "endorser": null,
  "name": "Exclusive Breast Milk Feeding",
  "description": "Exclusive breast milk feeding during the newborn's entire hospitalization",
  "type": "eh",
  "category": "Newborn",
  "steward": null,
  "population": {
    "conjunction": "and",
    "items": [
      {
        "conjunction": "and",
        "items": [
          {
            "title": "Inpatient Encounter",
            "description": "Encounter, Performed: Inpatient Encounter",
            "standard_category": "encounter",
            "qds_data_type": "encounter",
            "code_list_id": "2.16.840.1.113883.3.117.1.7.1.23",
            "type": "encounters",
            "definition": "encounter",
            "status": "performed",
            "hard_status": false,
            "negation": false,
            "specific_occurrence": "A",
            "source_data_criteria": "OccurrenceAInpatientEncounter67",
            "field_values": {
              "DISCHARGE_DATETIME": {
                "type": "ANYNonNull"
              }
            },
            "temporal_references": [
              {
                "type": "DURING",
                "reference": "MeasurePeriod",
                "title": "MeasurePeriod"
              }
            ]
          },
          {
            "title": "Inpatient Encounter",
            "description": "Encounter, Performed: Inpatient Encounter",
            "standard_category": "encounter",
            "qds_data_type": "encounter",
            "code_list_id": "2.16.840.1.113883.3.117.1.7.1.23",
            "type": "encounters",
            "definition": "encounter",
            "status": "performed",
            "hard_status": false,
            "negation": false,
            "specific_occurrence": "A",
            "source_data_criteria": "OccurrenceAInpatientEncounter67",
            "field_values": {
              "LENGTH_OF_STAY": {
                "type": "IVL_PQ",
                "high": {
                  "type": "PQ",
                  "unit": "d",
                  "value": "120",
                  "inclusive?": true,
                  "derived?": false
                }
              }
            }
          },
          {
            "title": "Gestational age >= 37 weeks",
            "description": "Diagnosis, Active: Gestational age >= 37 weeks",
            "standard_category": "diagnosis_condition_problem",
            "qds_data_type": "diagnosis_active",
            "code_list_id": "2.16.840.1.113883.3.666.5.1596",
            "type": "conditions",
            "definition": "diagnosis",
            "status": "active",
            "hard_status": false,
            "negation": false,
            "source_data_criteria": "DiagnosisActiveGestationalAge37Weeks",
            "temporal_references": [
              {
                "type": "SDU",
                "reference": {
                  "title": "Inpatient Encounter",
                  "description": "Encounter, Performed: Inpatient Encounter",
                  "standard_category": "encounter",
                  "qds_data_type": "encounter",
                  "code_list_id": "2.16.840.1.113883.3.117.1.7.1.23",
                  "type": "encounters",
                  "definition": "encounter",
                  "status": "performed",
                  "hard_status": false,
                  "negation": false,
                  "specific_occurrence": "A",
                  "source_data_criteria": "OccurrenceAInpatientEncounter67"
                }
              }
            ]
          },
          {
            "conjunction": "or",
            "items": [
              {
                "title": "Single Liveborn Newborn Born in Hospital",
                "description": "Diagnosis, Active: Single Liveborn Newborn Born in Hospital",
                "standard_category": "diagnosis_condition_problem",
                "qds_data_type": "diagnosis_active",
                "code_list_id": "2.16.840.1.113883.3.117.1.7.1.26",
                "type": "conditions",
                "definition": "diagnosis",
                "status": "active",
                "hard_status": false,
                "negation": false,
                "source_data_criteria": "DiagnosisActiveSingleLivebornNewbornBornInHospital",
                "temporal_references": [
                  {
                    "type": "SDU",
                    "reference": {
                      "title": "Inpatient Encounter",
                      "description": "Encounter, Performed: Inpatient Encounter",
                      "standard_category": "encounter",
                      "qds_data_type": "encounter",
                      "code_list_id": "2.16.840.1.113883.3.117.1.7.1.23",
                      "type": "encounters",
                      "definition": "encounter",
                      "status": "performed",
                      "hard_status": false,
                      "negation": false,
                      "specific_occurrence": "A",
                      "source_data_criteria": "OccurrenceAInpatientEncounter67"
                    }
                  }
                ]
              },
              {
                "conjunction": "and",
                "items": [
                  {
                    "title": "Single Live Birth",
                    "description": "Diagnosis, Active: Single Live Birth",
                    "standard_category": "diagnosis_condition_problem",
                    "qds_data_type": "diagnosis_active",
                    "code_list_id": "2.16.840.1.113883.3.117.1.7.1.25",
                    "type": "conditions",
                    "definition": "diagnosis",
                    "status": "active",
                    "hard_status": false,
                    "negation": false,
                    "source_data_criteria": "DiagnosisActiveSingleLiveBirth",
                    "temporal_references": [
                      {
                        "type": "SDU",
                        "reference": {
                          "title": "Inpatient Encounter",
                          "description": "Encounter, Performed: Inpatient Encounter",
                          "standard_category": "encounter",
                          "qds_data_type": "encounter",
                          "code_list_id": "2.16.840.1.113883.3.117.1.7.1.23",
                          "type": "encounters",
                          "definition": "encounter",
                          "status": "performed",
                          "hard_status": false,
                          "negation": false,
                          "specific_occurrence": "A",
                          "source_data_criteria": "OccurrenceAInpatientEncounter67"
                        }
                      }
                    ]
                  },
                  {
                    "title": "Liveborn Born In Hospital",
                    "description": "Diagnosis, Active: Liveborn Born In Hospital",
                    "standard_category": "diagnosis_condition_problem",
                    "qds_data_type": "diagnosis_active",
                    "code_list_id": "2.16.840.1.113883.3.117.1.7.1.29",
                    "type": "conditions",
                    "definition": "diagnosis",
                    "status": "active",
                    "hard_status": false,
                    "negation": false,
                    "source_data_criteria": "DiagnosisActiveLivebornBornInHospital",
                    "temporal_references": [
                      {
                        "type": "SDU",
                        "reference": {
                          "title": "Inpatient Encounter",
                          "description": "Encounter, Performed: Inpatient Encounter",
                          "standard_category": "encounter",
                          "qds_data_type": "encounter",
                          "code_list_id": "2.16.840.1.113883.3.117.1.7.1.23",
                          "type": "encounters",
                          "definition": "encounter",
                          "status": "performed",
                          "hard_status": false,
                          "negation": false,
                          "specific_occurrence": "A",
                          "source_data_criteria": "OccurrenceAInpatientEncounter67"
                        }
                      }
                    ]
                  },
                  {
                    "title": "Inpatient Encounter",
                    "description": "Encounter, Performed: Inpatient Encounter",
                    "standard_category": "encounter",
                    "qds_data_type": "encounter",
                    "code_list_id": "2.16.840.1.113883.3.117.1.7.1.23",
                    "type": "encounters",
                    "definition": "encounter",
                    "status": "performed",
                    "hard_status": false,
                    "negation": false,
                    "specific_occurrence": "A",
                    "source_data_criteria": "OccurrenceAInpatientEncounter67",
                    "field_values": {
                      "REASON": {
                        "type": "CD",
                        "code_list_id": "2.16.840.1.113883.3.117.1.7.1.70",
                        "title": "Birth"
                      }
                    }
                  }
                ],
                "negation": null,
                "precondition_id": 4209
              }
            ],
            "negation": null,
            "precondition_id": 4211
          },
          {
            "conjunction": "and",
            "items": [
              {
                "title": "Galactosemia",
                "description": "Diagnosis, Active: Galactosemia",
                "standard_category": "diagnosis_condition_problem",
                "qds_data_type": "diagnosis_active",
                "code_list_id": "2.16.840.1.113883.3.117.1.7.1.35",
                "type": "conditions",
                "definition": "diagnosis",
                "status": "active",
                "hard_status": false,
                "negation": false,
                "source_data_criteria": "DiagnosisActiveGalactosemia",
                "temporal_references": [
                  {
                    "type": "SDU",
                    "reference": {
                      "title": "Inpatient Encounter",
                      "description": "Encounter, Performed: Inpatient Encounter",
                      "standard_category": "encounter",
                      "qds_data_type": "encounter",
                      "code_list_id": "2.16.840.1.113883.3.117.1.7.1.23",
                      "type": "encounters",
                      "definition": "encounter",
                      "status": "performed",
                      "hard_status": false,
                      "negation": false,
                      "specific_occurrence": "A",
                      "source_data_criteria": "OccurrenceAInpatientEncounter67"
                    }
                  }
                ]
              },
              {
                "title": "Parenteral Infusion",
                "description": "Procedure, Performed: Parenteral Infusion",
                "standard_category": "procedure",
                "qds_data_type": "procedure_performed",
                "code_list_id": "2.16.840.1.113883.3.117.1.7.1.38",
                "type": "procedures",
                "definition": "procedure",
                "status": "performed",
                "hard_status": false,
                "negation": false,
                "source_data_criteria": "ProcedurePerformedParenteralInfusion",
                "temporal_references": [
                  {
                    "type": "DURING",
                    "reference": {
                      "title": "Inpatient Encounter",
                      "description": "Encounter, Performed: Inpatient Encounter",
                      "standard_category": "encounter",
                      "qds_data_type": "encounter",
                      "code_list_id": "2.16.840.1.113883.3.117.1.7.1.23",
                      "type": "encounters",
                      "definition": "encounter",
                      "status": "performed",
                      "hard_status": false,
                      "negation": false,
                      "specific_occurrence": "A",
                      "source_data_criteria": "OccurrenceAInpatientEncounter67"
                    }
                  }
                ]
              }
            ],
            "negation": true,
            "precondition_id": 4213
          }
        ],
        "negation": null,
        "precondition_id": 4214
      }
    ]
  },
  "denominator": {
    "conjunction": "and",
    "items": [

    ]
  },
  "numerator": {
    "conjunction": "and",
    "items": [
      {
        "conjunction": "and",
        "items": [
          {
            "conjunction": "and",
            "items": [
              {
                "title": "Breast Milk",
                "description": "Substance, Administered: Breast Milk",
                "standard_category": "medication",
                "qds_data_type": "medication_administered",
                "code_list_id": "2.16.840.1.113883.3.117.1.7.1.30",
                "type": "substances",
                "definition": "substance",
                "status": "administered",
                "hard_status": false,
                "negation": false,
                "source_data_criteria": "SubstanceAdministeredBreastMilk",
                "temporal_references": [
                  {
                    "type": "DURING",
                    "reference": {
                      "title": "Inpatient Encounter",
                      "description": "Encounter, Performed: Inpatient Encounter",
                      "standard_category": "encounter",
                      "qds_data_type": "encounter",
                      "code_list_id": "2.16.840.1.113883.3.117.1.7.1.23",
                      "type": "encounters",
                      "definition": "encounter",
                      "status": "performed",
                      "hard_status": false,
                      "negation": false,
                      "specific_occurrence": "A",
                      "source_data_criteria": "OccurrenceAInpatientEncounter67"
                    }
                  }
                ]
              },
              {
                "conjunction": "and",
                "items": [
                  {
                    "title": "Dietary Intake Other than Breast Milk",
                    "description": "Substance, Administered: Dietary Intake Other than Breast Milk",
                    "standard_category": "medication",
                    "qds_data_type": "medication_administered",
                    "code_list_id": "2.16.840.1.113883.3.117.1.7.1.27",
                    "type": "substances",
                    "definition": "substance",
                    "status": "administered",
                    "hard_status": false,
                    "negation": false,
                    "source_data_criteria": "SubstanceAdministeredDietaryIntakeOtherThanBreastMilk",
                    "temporal_references": [
                      {
                        "type": "DURING",
                        "reference": {
                          "title": "Inpatient Encounter",
                          "description": "Encounter, Performed: Inpatient Encounter",
                          "standard_category": "encounter",
                          "qds_data_type": "encounter",
                          "code_list_id": "2.16.840.1.113883.3.117.1.7.1.23",
                          "type": "encounters",
                          "definition": "encounter",
                          "status": "performed",
                          "hard_status": false,
                          "negation": false,
                          "specific_occurrence": "A",
                          "source_data_criteria": "OccurrenceAInpatientEncounter67"
                        }
                      }
                    ]
                  }
                ],
                "negation": true,
                "precondition_id": 4186
              }
            ],
            "negation": null,
            "precondition_id": 4187
          }
        ],
        "negation": null,
        "precondition_id": 4190
      }
    ]
  },
  "exclusions": {
    "conjunction": "and",
    "items": [
      {
        "conjunction": "and",
        "items": [
          {
            "conjunction": "or",
            "items": [
              {
                "title": "Inpatient Encounter",
                "description": "Encounter, Performed: Inpatient Encounter",
                "standard_category": "encounter",
                "qds_data_type": "encounter",
                "code_list_id": "2.16.840.1.113883.3.117.1.7.1.23",
                "type": "encounters",
                "definition": "encounter",
                "status": "performed",
                "hard_status": false,
                "negation": false,
                "source_data_criteria": "EncounterPerformedInpatientEncounter",
                "field_values": {
                  "FACILITY_LOCATION": {
                    "type": "CD",
                    "code_list_id": "2.16.840.1.113883.3.117.1.7.1.75",
                    "title": "Neonatal Intensive Care Unit (NICU)"
                  }
                },
                "temporal_references": [
                  {
                    "type": "DURING",
                    "reference": {
                      "title": "Inpatient Encounter",
                      "description": "Encounter, Performed: Inpatient Encounter",
                      "standard_category": "encounter",
                      "qds_data_type": "encounter",
                      "code_list_id": "2.16.840.1.113883.3.117.1.7.1.23",
                      "type": "encounters",
                      "definition": "encounter",
                      "status": "performed",
                      "hard_status": false,
                      "negation": false,
                      "specific_occurrence": "A",
                      "source_data_criteria": "OccurrenceAInpatientEncounter67"
                    }
                  }
                ]
              },
              {
                "title": "Inpatient Encounter",
                "description": "Encounter, Performed: Inpatient Encounter",
                "standard_category": "encounter",
                "qds_data_type": "encounter",
                "code_list_id": "2.16.840.1.113883.3.117.1.7.1.23",
                "type": "encounters",
                "definition": "encounter",
                "status": "performed",
                "hard_status": false,
                "negation": false,
                "specific_occurrence": "A",
                "source_data_criteria": "OccurrenceAInpatientEncounter67",
                "field_values": {
                  "DISCHARGE_STATUS": {
                    "type": "CD",
                    "code_list_id": "2.16.840.1.113883.3.117.1.7.1.309",
                    "title": "Patient Expired"
                  }
                }
              },
              {
                "title": "Inpatient Encounter",
                "description": "Encounter, Performed: Inpatient Encounter",
                "standard_category": "encounter",
                "qds_data_type": "encounter",
                "code_list_id": "2.16.840.1.113883.3.117.1.7.1.23",
                "type": "encounters",
                "definition": "encounter",
                "status": "performed",
                "hard_status": false,
                "negation": false,
                "specific_occurrence": "A",
                "source_data_criteria": "OccurrenceAInpatientEncounter67",
                "field_values": {
                  "DISCHARGE_STATUS": {
                    "type": "CD",
                    "code_list_id": "2.16.840.1.113883.3.117.1.7.1.87",
                    "title": "Discharge To Another Hospital"
                  }
                }
              }
            ],
            "negation": null,
            "precondition_id": 4179
          }
        ],
        "negation": null,
        "precondition_id": 4181
      }
    ]
  },
  "map_fn": "function() {\n        var patient = this;\n        var effective_date = <%= effective_date %>;\n\n        hqmfjs = {}\n        <%= init_js_frameworks %>\n        \n        \n      var patient_api = new hQuery.Patient(patient);\n\n      \n\n      // clear out logger\n      if (typeof Logger != 'undefined') Logger.logger = [];\n      // turn on logging if it is enabled\n      if (Logger.enabled) enableLogging();\n      \n      \n        // #########################\n        // ##### DATA ELEMENTS #####\n        // #########################\n\n        OidDictionary = <%= oid_dictionary %>;\n        \n        // Measure variables\nvar MeasurePeriod = {\n  \"low\": new TS(\"20100101\", null, true),\n  \"high\": new TS(\"20110101\", null, true)\n}\nhqmfjs.MeasurePeriod = function(patient) {\n  return [new hQuery.CodedEntry(\n    {\n      \"start_time\": MeasurePeriod.low.asDate().getTime()/1000,\n      \"end_time\": MeasurePeriod.high.asDate().getTime()/1000,\n      \"codes\": {}\n    }\n  )];\n}\nif (typeof effective_date === 'number') {\n  MeasurePeriod.high.date = new Date(1000*effective_date);\n  MeasurePeriod.low.date = new Date(1000*effective_date);\n  MeasurePeriod.low.date.setFullYear(MeasurePeriod.low.date.getFullYear()-1);\n}\n\n// Data critera\nhqmfjs.OccurrenceAInpatientEncounter67 = function(patient) {\n  var events = patient.encounters();\n  events.specific_occurrence = 'OccurrenceAInpatientEncounter67'\n  events = events.withStatuses([\"performed\"]);\n  events = events.withoutNegation();\n  var codes = getCodes(\"2.16.840.1.113883.3.117.1.7.1.23\");\n  var start = null;\n  var end = null;\n  events = events.match(codes, start, end, true);\n\n  events.specificContext=new Specifics(Row.buildForDataCriteria(events.specific_occurrence, events))\n  return events;\n}\n\nhqmfjs.SubstanceAdministeredNotDoneMaternalReason = function(patient) {\n  var events = patient.allMedications();\n  events = events.withStatuses([\"administered\"]);\n  events = events.withNegation();\n  var codes = getCodes(\"2.16.840.1.113883.3.117.1.7.1.84\");\n  var start = null;\n  var end = null;\n  events = events.match(codes, start, end, true);\n\n  events.specificContext=Specifics.identity()\n  return events;\n}\n\nhqmfjs.OccurrenceAInpatientEncounter67 = function(patient) {\n  var events = patient.encounters();\n  events.specific_occurrence = 'OccurrenceAInpatientEncounter67'\n  events = events.withStatuses([\"performed\"]);\n  events = events.withoutNegation();\n  var codes = getCodes(\"2.16.840.1.113883.3.117.1.7.1.23\");\n  var start = null;\n  var end = null;\n  events = events.match(codes, start, end, true);\n\n  events.specificContext=new Specifics(Row.buildForDataCriteria(events.specific_occurrence, events))\n  return events;\n}\n\nhqmfjs.SubstanceAdministeredBreastMilk_precondition_4170 = function(patient) {\n  var events = patient.allMedications();\n  events = events.withStatuses([\"administered\"]);\n  events = events.withNegation(getCodes(\"2.16.840.1.113883.3.117.1.7.1.84\"));\n  var codes = getCodes(\"2.16.840.1.113883.3.117.1.7.1.30\");\n  var start = null;\n  var end = null;\n  events = events.match(codes, start, end, true);\n\n  events = DURING(events, hqmfjs.OccurrenceAInpatientEncounter67(patient));\n  return events;\n}\n\nhqmfjs.EncounterPerformedInpatientEncounter_precondition_4173 = function(patient) {\n  var events = patient.encounters();\n  events = events.withStatuses([\"performed\"]);\n  events = events.withoutNegation();\n  var codes = getCodes(\"2.16.840.1.113883.3.117.1.7.1.23\");\n  var start = null;\n  var end = null;\n  events = events.match(codes, start, end, true);\n\n  events = filterEventsByField(events, \"facilityLocation\", new CodeList(getCodes(\"2.16.840.1.113883.3.117.1.7.1.75\")));\n  events = DURING(events, hqmfjs.OccurrenceAInpatientEncounter67(patient));\n  return events;\n}\n\nhqmfjs.OccurrenceAInpatientEncounter67_precondition_4175 = function(patient) {\n  var events = patient.encounters();\n  events.specific_occurrence = 'OccurrenceAInpatientEncounter67'\n  events = events.withStatuses([\"performed\"]);\n  events = events.withoutNegation();\n  var codes = getCodes(\"2.16.840.1.113883.3.117.1.7.1.23\");\n  var start = null;\n  var end = null;\n  events = events.match(codes, start, end, true);\n\n  events = filterEventsByField(events, \"dischargeStatus\", new CodeList(getCodes(\"2.16.840.1.113883.3.117.1.7.1.309\")));\n  events.specificContext=new Specifics(Row.buildForDataCriteria(events.specific_occurrence, events))\n  return events;\n}\n\nhqmfjs.OccurrenceAInpatientEncounter67_precondition_4177 = function(patient) {\n  var events = patient.encounters();\n  events.specific_occurrence = 'OccurrenceAInpatientEncounter67'\n  events = events.withStatuses([\"performed\"]);\n  events = events.withoutNegation();\n  var codes = getCodes(\"2.16.840.1.113883.3.117.1.7.1.23\");\n  var start = null;\n  var end = null;\n  events = events.match(codes, start, end, true);\n\n  events = filterEventsByField(events, \"dischargeStatus\", new CodeList(getCodes(\"2.16.840.1.113883.3.117.1.7.1.87\")));\n  events.specificContext=new Specifics(Row.buildForDataCriteria(events.specific_occurrence, events))\n  return events;\n}\n\nhqmfjs.OccurrenceAInpatientEncounter67_precondition_4188 = function(patient) {\n  var events = patient.encounters();\n  events.specific_occurrence = 'OccurrenceAInpatientEncounter67'\n  events = events.withStatuses([\"performed\"]);\n  events = events.withoutNegation();\n  var codes = getCodes(\"2.16.840.1.113883.3.117.1.7.1.23\");\n  var start = null;\n  var end = null;\n  events = events.match(codes, start, end, true);\n\n  events.specificContext=new Specifics(Row.buildForDataCriteria(events.specific_occurrence, events))\n  return events;\n}\n\nhqmfjs.SubstanceAdministeredBreastMilk_precondition_4184 = function(patient) {\n  var events = patient.allMedications();\n  events = events.withStatuses([\"administered\"]);\n  events = events.withoutNegation();\n  var codes = getCodes(\"2.16.840.1.113883.3.117.1.7.1.30\");\n  var start = null;\n  var end = null;\n  events = events.match(codes, start, end, true);\n\n  events = DURING(events, hqmfjs.OccurrenceAInpatientEncounter67_precondition_4188(patient));\n  return events;\n}\n\nhqmfjs.SubstanceAdministeredDietaryIntakeOtherThanBreastMilk_precondition_4182 = function(patient) {\n  var events = patient.allMedications();\n  events = events.withStatuses([\"administered\"]);\n  events = events.withoutNegation();\n  var codes = getCodes(\"2.16.840.1.113883.3.117.1.7.1.27\");\n  var start = null;\n  var end = null;\n  events = events.match(codes, start, end, true);\n\n  events = DURING(events, hqmfjs.OccurrenceAInpatientEncounter67_precondition_4188(patient));\n  return events;\n}\n\nhqmfjs.OccurrenceAInpatientEncounter67_precondition_4195 = function(patient) {\n  var events = patient.encounters();\n  events.specific_occurrence = 'OccurrenceAInpatientEncounter67'\n  events = events.withStatuses([\"performed\"]);\n  events = events.withoutNegation();\n  var codes = getCodes(\"2.16.840.1.113883.3.117.1.7.1.23\");\n  var start = null;\n  var end = null;\n  events = events.match(codes, start, end, true);\n\n  events = filterEventsByField(events, \"dischargeDatetime\", new ANYNonNull());\n  events = DURING(events, hqmfjs.MeasurePeriod(patient));\n  return events;\n}\n\nhqmfjs.OccurrenceAInpatientEncounter67_precondition_4197 = function(patient) {\n  var events = patient.encounters();\n  events.specific_occurrence = 'OccurrenceAInpatientEncounter67'\n  events = events.withStatuses([\"performed\"]);\n  events = events.withoutNegation();\n  var codes = getCodes(\"2.16.840.1.113883.3.117.1.7.1.23\");\n  var start = null;\n  var end = null;\n  events = events.match(codes, start, end, true);\n\n  events = filterEventsByField(events, \"lengthOfStay\", new IVL_PQ(null, new PQ(120, \"d\", true)));\n  events.specificContext=new Specifics(Row.buildForDataCriteria(events.specific_occurrence, events))\n  return events;\n}\n\nhqmfjs.DiagnosisActiveGestationalAge37Weeks_precondition_4199 = function(patient) {\n  var events = patient.allProblems();\n  events = events.withStatuses([\"active\"]);\n  events = events.withoutNegation();\n  var codes = getCodes(\"2.16.840.1.113883.3.666.5.1596\");\n  var start = null;\n  var end = null;\n  events = events.match(codes, start, end, true);\n\n  events = SDU(events, hqmfjs.OccurrenceAInpatientEncounter67(patient));\n  return events;\n}\n\nhqmfjs.DiagnosisActiveSingleLivebornNewbornBornInHospital_precondition_4201 = function(patient) {\n  var events = patient.allProblems();\n  events = events.withStatuses([\"active\"]);\n  events = events.withoutNegation();\n  var codes = getCodes(\"2.16.840.1.113883.3.117.1.7.1.26\");\n  var start = null;\n  var end = null;\n  events = events.match(codes, start, end, true);\n\n  events = SDU(events, hqmfjs.OccurrenceAInpatientEncounter67(patient));\n  return events;\n}\n\nhqmfjs.DiagnosisActiveSingleLiveBirth_precondition_4203 = function(patient) {\n  var events = patient.allProblems();\n  events = events.withStatuses([\"active\"]);\n  events = events.withoutNegation();\n  var codes = getCodes(\"2.16.840.1.113883.3.117.1.7.1.25\");\n  var start = null;\n  var end = null;\n  events = events.match(codes, start, end, true);\n\n  events = SDU(events, hqmfjs.OccurrenceAInpatientEncounter67(patient));\n  return events;\n}\n\nhqmfjs.DiagnosisActiveLivebornBornInHospital_precondition_4205 = function(patient) {\n  var events = patient.allProblems();\n  events = events.withStatuses([\"active\"]);\n  events = events.withoutNegation();\n  var codes = getCodes(\"2.16.840.1.113883.3.117.1.7.1.29\");\n  var start = null;\n  var end = null;\n  events = events.match(codes, start, end, true);\n\n  events = SDU(events, hqmfjs.OccurrenceAInpatientEncounter67(patient));\n  return events;\n}\n\nhqmfjs.OccurrenceAInpatientEncounter67_precondition_4207 = function(patient) {\n  var events = patient.encounters();\n  events.specific_occurrence = 'OccurrenceAInpatientEncounter67'\n  events = events.withStatuses([\"performed\"]);\n  events = events.withoutNegation();\n  var codes = getCodes(\"2.16.840.1.113883.3.117.1.7.1.23\");\n  var start = null;\n  var end = null;\n  events = events.match(codes, start, end, true);\n\n  events = filterEventsByField(events, \"reason\", new CodeList(getCodes(\"2.16.840.1.113883.3.117.1.7.1.70\")));\n  events.specificContext=new Specifics(Row.buildForDataCriteria(events.specific_occurrence, events))\n  return events;\n}\n\nhqmfjs.DiagnosisActiveGalactosemia_precondition_4191 = function(patient) {\n  var events = patient.allProblems();\n  events = events.withStatuses([\"active\"]);\n  events = events.withoutNegation();\n  var codes = getCodes(\"2.16.840.1.113883.3.117.1.7.1.35\");\n  var start = null;\n  var end = null;\n  events = events.match(codes, start, end, true);\n\n  events = SDU(events, hqmfjs.OccurrenceAInpatientEncounter67(patient));\n  return events;\n}\n\nhqmfjs.ProcedurePerformedParenteralInfusion_precondition_4193 = function(patient) {\n  var events = patient.allProcedures();\n  events = events.withStatuses([\"performed\"]);\n  events = events.withoutNegation();\n  var codes = getCodes(\"2.16.840.1.113883.3.117.1.7.1.38\");\n  var start = null;\n  var end = null;\n  events = events.match(codes, start, end, true);\n\n  events = DURING(events, hqmfjs.OccurrenceAInpatientEncounter67(patient));\n  return events;\n}\n\n\n\n        // #########################\n        // ##### MEASURE LOGIC #####\n        // #########################\n        \n        hqmfjs.initializeSpecifics = function(patient_api, hqmfjs) { Specifics.initialize(patient_api,hqmfjs,{\"id\":\"OccurrenceAInpatientEncounter67\",\"type\":\"\",\"function\":\"OccurrenceAInpatientEncounter67\"}) }\n\n        // INITIAL PATIENT POPULATION\n        hqmfjs.IPP = function(patient) {\n  return allTrue(  \n    allTrue(    \n      hqmfjs.OccurrenceAInpatientEncounter67_precondition_4195(patient),    \n      hqmfjs.OccurrenceAInpatientEncounter67_precondition_4197(patient),    \n      hqmfjs.DiagnosisActiveGestationalAge37Weeks_precondition_4199(patient),    \n      atLeastOneTrue(      \n        hqmfjs.DiagnosisActiveSingleLivebornNewbornBornInHospital_precondition_4201(patient),      \n        allTrue(        \n          hqmfjs.DiagnosisActiveSingleLiveBirth_precondition_4203(patient),        \n          hqmfjs.DiagnosisActiveLivebornBornInHospital_precondition_4205(patient),        \n          hqmfjs.OccurrenceAInpatientEncounter67_precondition_4207(patient)\n        )\n      ),    \n      atLeastOneFalse(      \n        hqmfjs.DiagnosisActiveGalactosemia_precondition_4191(patient),      \n        hqmfjs.ProcedurePerformedParenteralInfusion_precondition_4193(patient)\n      )\n    )\n  );\n};\n\n\n        // DENOMINATOR\n        hqmfjs.DENOM = function(patient) { return new Boolean(true); }\n        // NUMERATOR\n        hqmfjs.NUMER = function(patient) {\n  return allTrue(  \n    allTrue(    \n      allTrue(      \n        hqmfjs.SubstanceAdministeredBreastMilk_precondition_4184(patient),      \n        atLeastOneFalse(        \n          hqmfjs.SubstanceAdministeredDietaryIntakeOtherThanBreastMilk_precondition_4182(patient)\n        )\n      )\n    )\n  );\n};\n\n\n        hqmfjs.DENEX = function(patient) {\n  return atLeastOneTrue(  \n    allTrue(    \n      atLeastOneTrue(      \n        hqmfjs.EncounterPerformedInpatientEncounter_precondition_4173(patient),      \n        hqmfjs.OccurrenceAInpatientEncounter67_precondition_4175(patient),      \n        hqmfjs.OccurrenceAInpatientEncounter67_precondition_4177(patient)\n      )\n    )\n  );\n};\n\n\n        hqmfjs.DENEXCEP = function(patient) {\n  return atLeastOneTrue(  \n    allTrue(    \n      hqmfjs.SubstanceAdministeredBreastMilk_precondition_4170(patient)\n    )\n  );\n};\n\n\n        \n\n      hqmfjs.initializeSpecifics(patient_api, hqmfjs)\n      \n      var population = function() {\n        return executeIfAvailable(hqmfjs.IPP, patient_api);\n      }\n      var denominator = function() {\n        return executeIfAvailable(hqmfjs.DENOM, patient_api);\n      }\n      var numerator = function() {\n        return executeIfAvailable(hqmfjs.NUMER, patient_api);\n      }\n      var exclusion = function() {\n        return executeIfAvailable(hqmfjs.DENEX, patient_api);\n      }\n      var denexcep = function() {\n        return executeIfAvailable(hqmfjs.DENEXCEP, patient_api);\n      }\n      \n      var executeIfAvailable = function(optionalFunction, arg) {\n        if (typeof(optionalFunction)==='function')\n          return optionalFunction(arg);\n        else\n          return false;\n      }\n\n      if (Logger.enabled) enableMeasureLogging(hqmfjs);\n\n      map(patient, population, denominator, numerator, exclusion, denexcep);\n      \n      };\n      ",
  "data_criteria": [
    {
      "SubstanceAdministeredBreastMilk_precondition_4170": {
        "title": "Breast Milk",
        "description": "Substance, Administered: Breast Milk",
        "standard_category": "medication",
        "qds_data_type": "medication_administered",
        "code_list_id": "2.16.840.1.113883.3.117.1.7.1.30",
        "type": "substances",
        "definition": "substance",
        "status": "administered",
        "hard_status": false,
        "negation": true,
        "negation_code_list_id": "2.16.840.1.113883.3.117.1.7.1.84",
        "source_data_criteria": "SubstanceAdministeredBreastMilk",
        "temporal_references": [
          {
            "type": "DURING",
            "reference": "OccurrenceAInpatientEncounter67"
          }
        ]
      }
    },
    {
      "OccurrenceAInpatientEncounter67": {
        "title": "Inpatient Encounter",
        "description": "Encounter, Performed: Inpatient Encounter",
        "standard_category": "encounter",
        "qds_data_type": "encounter",
        "code_list_id": "2.16.840.1.113883.3.117.1.7.1.23",
        "type": "encounters",
        "definition": "encounter",
        "status": "performed",
        "hard_status": false,
        "negation": false,
        "specific_occurrence": "A",
        "source_data_criteria": "OccurrenceAInpatientEncounter67"
      }
    },
    {
      "EncounterPerformedInpatientEncounter_precondition_4173": {
        "title": "Inpatient Encounter",
        "description": "Encounter, Performed: Inpatient Encounter",
        "standard_category": "encounter",
        "qds_data_type": "encounter",
        "code_list_id": "2.16.840.1.113883.3.117.1.7.1.23",
        "type": "encounters",
        "definition": "encounter",
        "status": "performed",
        "hard_status": false,
        "negation": false,
        "source_data_criteria": "EncounterPerformedInpatientEncounter",
        "field_values": {
          "FACILITY_LOCATION": {
            "type": "CD",
            "code_list_id": "2.16.840.1.113883.3.117.1.7.1.75",
            "title": "Neonatal Intensive Care Unit (NICU)"
          }
        },
        "temporal_references": [
          {
            "type": "DURING",
            "reference": "OccurrenceAInpatientEncounter67"
          }
        ]
      }
    },
    {
      "OccurrenceAInpatientEncounter67_precondition_4175": {
        "title": "Inpatient Encounter",
        "description": "Encounter, Performed: Inpatient Encounter",
        "standard_category": "encounter",
        "qds_data_type": "encounter",
        "code_list_id": "2.16.840.1.113883.3.117.1.7.1.23",
        "type": "encounters",
        "definition": "encounter",
        "status": "performed",
        "hard_status": false,
        "negation": false,
        "specific_occurrence": "A",
        "source_data_criteria": "OccurrenceAInpatientEncounter67",
        "field_values": {
          "DISCHARGE_STATUS": {
            "type": "CD",
            "code_list_id": "2.16.840.1.113883.3.117.1.7.1.309",
            "title": "Patient Expired"
          }
        }
      }
    },
    {
      "OccurrenceAInpatientEncounter67_precondition_4177": {
        "title": "Inpatient Encounter",
        "description": "Encounter, Performed: Inpatient Encounter",
        "standard_category": "encounter",
        "qds_data_type": "encounter",
        "code_list_id": "2.16.840.1.113883.3.117.1.7.1.23",
        "type": "encounters",
        "definition": "encounter",
        "status": "performed",
        "hard_status": false,
        "negation": false,
        "specific_occurrence": "A",
        "source_data_criteria": "OccurrenceAInpatientEncounter67",
        "field_values": {
          "DISCHARGE_STATUS": {
            "type": "CD",
            "code_list_id": "2.16.840.1.113883.3.117.1.7.1.87",
            "title": "Discharge To Another Hospital"
          }
        }
      }
    },
    {
      "SubstanceAdministeredBreastMilk_precondition_4184": {
        "title": "Breast Milk",
        "description": "Substance, Administered: Breast Milk",
        "standard_category": "medication",
        "qds_data_type": "medication_administered",
        "code_list_id": "2.16.840.1.113883.3.117.1.7.1.30",
        "type": "substances",
        "definition": "substance",
        "status": "administered",
        "hard_status": false,
        "negation": false,
        "source_data_criteria": "SubstanceAdministeredBreastMilk",
        "temporal_references": [
          {
            "type": "DURING",
            "reference": "OccurrenceAInpatientEncounter67_precondition_4188"
          }
        ]
      }
    },
    {
      "OccurrenceAInpatientEncounter67_precondition_4188": {
        "title": "Inpatient Encounter",
        "description": "Encounter, Performed: Inpatient Encounter",
        "standard_category": "encounter",
        "qds_data_type": "encounter",
        "code_list_id": "2.16.840.1.113883.3.117.1.7.1.23",
        "type": "encounters",
        "definition": "encounter",
        "status": "performed",
        "hard_status": false,
        "negation": false,
        "specific_occurrence": "A",
        "source_data_criteria": "OccurrenceAInpatientEncounter67"
      }
    },
    {
      "SubstanceAdministeredDietaryIntakeOtherThanBreastMilk_precondition_4182": {
        "title": "Dietary Intake Other than Breast Milk",
        "description": "Substance, Administered: Dietary Intake Other than Breast Milk",
        "standard_category": "medication",
        "qds_data_type": "medication_administered",
        "code_list_id": "2.16.840.1.113883.3.117.1.7.1.27",
        "type": "substances",
        "definition": "substance",
        "status": "administered",
        "hard_status": false,
        "negation": false,
        "source_data_criteria": "SubstanceAdministeredDietaryIntakeOtherThanBreastMilk",
        "temporal_references": [
          {
            "type": "DURING",
            "reference": "OccurrenceAInpatientEncounter67_precondition_4188"
          }
        ]
      }
    },
    {
      "OccurrenceAInpatientEncounter67_precondition_4195": {
        "title": "Inpatient Encounter",
        "description": "Encounter, Performed: Inpatient Encounter",
        "standard_category": "encounter",
        "qds_data_type": "encounter",
        "code_list_id": "2.16.840.1.113883.3.117.1.7.1.23",
        "type": "encounters",
        "definition": "encounter",
        "status": "performed",
        "hard_status": false,
        "negation": false,
        "specific_occurrence": "A",
        "source_data_criteria": "OccurrenceAInpatientEncounter67",
        "field_values": {
          "DISCHARGE_DATETIME": {
            "type": "ANYNonNull"
          }
        },
        "temporal_references": [
          {
            "type": "DURING",
            "reference": "MeasurePeriod"
          }
        ]
      }
    },
    {
      "OccurrenceAInpatientEncounter67_precondition_4197": {
        "title": "Inpatient Encounter",
        "description": "Encounter, Performed: Inpatient Encounter",
        "standard_category": "encounter",
        "qds_data_type": "encounter",
        "code_list_id": "2.16.840.1.113883.3.117.1.7.1.23",
        "type": "encounters",
        "definition": "encounter",
        "status": "performed",
        "hard_status": false,
        "negation": false,
        "specific_occurrence": "A",
        "source_data_criteria": "OccurrenceAInpatientEncounter67",
        "field_values": {
          "LENGTH_OF_STAY": {
            "type": "IVL_PQ",
            "high": {
              "type": "PQ",
              "unit": "d",
              "value": "120",
              "inclusive?": true,
              "derived?": false
            }
          }
        }
      }
    },
    {
      "DiagnosisActiveGestationalAge37Weeks_precondition_4199": {
        "title": "Gestational age >= 37 weeks",
        "description": "Diagnosis, Active: Gestational age >= 37 weeks",
        "standard_category": "diagnosis_condition_problem",
        "qds_data_type": "diagnosis_active",
        "code_list_id": "2.16.840.1.113883.3.666.5.1596",
        "type": "conditions",
        "definition": "diagnosis",
        "status": "active",
        "hard_status": false,
        "negation": false,
        "source_data_criteria": "DiagnosisActiveGestationalAge37Weeks",
        "temporal_references": [
          {
            "type": "SDU",
            "reference": "OccurrenceAInpatientEncounter67"
          }
        ]
      }
    },
    {
      "DiagnosisActiveSingleLivebornNewbornBornInHospital_precondition_4201": {
        "title": "Single Liveborn Newborn Born in Hospital",
        "description": "Diagnosis, Active: Single Liveborn Newborn Born in Hospital",
        "standard_category": "diagnosis_condition_problem",
        "qds_data_type": "diagnosis_active",
        "code_list_id": "2.16.840.1.113883.3.117.1.7.1.26",
        "type": "conditions",
        "definition": "diagnosis",
        "status": "active",
        "hard_status": false,
        "negation": false,
        "source_data_criteria": "DiagnosisActiveSingleLivebornNewbornBornInHospital",
        "temporal_references": [
          {
            "type": "SDU",
            "reference": "OccurrenceAInpatientEncounter67"
          }
        ]
      }
    },
    {
      "DiagnosisActiveSingleLiveBirth_precondition_4203": {
        "title": "Single Live Birth",
        "description": "Diagnosis, Active: Single Live Birth",
        "standard_category": "diagnosis_condition_problem",
        "qds_data_type": "diagnosis_active",
        "code_list_id": "2.16.840.1.113883.3.117.1.7.1.25",
        "type": "conditions",
        "definition": "diagnosis",
        "status": "active",
        "hard_status": false,
        "negation": false,
        "source_data_criteria": "DiagnosisActiveSingleLiveBirth",
        "temporal_references": [
          {
            "type": "SDU",
            "reference": "OccurrenceAInpatientEncounter67"
          }
        ]
      }
    },
    {
      "DiagnosisActiveLivebornBornInHospital_precondition_4205": {
        "title": "Liveborn Born In Hospital",
        "description": "Diagnosis, Active: Liveborn Born In Hospital",
        "standard_category": "diagnosis_condition_problem",
        "qds_data_type": "diagnosis_active",
        "code_list_id": "2.16.840.1.113883.3.117.1.7.1.29",
        "type": "conditions",
        "definition": "diagnosis",
        "status": "active",
        "hard_status": false,
        "negation": false,
        "source_data_criteria": "DiagnosisActiveLivebornBornInHospital",
        "temporal_references": [
          {
            "type": "SDU",
            "reference": "OccurrenceAInpatientEncounter67"
          }
        ]
      }
    },
    {
      "OccurrenceAInpatientEncounter67_precondition_4207": {
        "title": "Inpatient Encounter",
        "description": "Encounter, Performed: Inpatient Encounter",
        "standard_category": "encounter",
        "qds_data_type": "encounter",
        "code_list_id": "2.16.840.1.113883.3.117.1.7.1.23",
        "type": "encounters",
        "definition": "encounter",
        "status": "performed",
        "hard_status": false,
        "negation": false,
        "specific_occurrence": "A",
        "source_data_criteria": "OccurrenceAInpatientEncounter67",
        "field_values": {
          "REASON": {
            "type": "CD",
            "code_list_id": "2.16.840.1.113883.3.117.1.7.1.70",
            "title": "Birth"
          }
        }
      }
    },
    {
      "DiagnosisActiveGalactosemia_precondition_4191": {
        "title": "Galactosemia",
        "description": "Diagnosis, Active: Galactosemia",
        "standard_category": "diagnosis_condition_problem",
        "qds_data_type": "diagnosis_active",
        "code_list_id": "2.16.840.1.113883.3.117.1.7.1.35",
        "type": "conditions",
        "definition": "diagnosis",
        "status": "active",
        "hard_status": false,
        "negation": false,
        "source_data_criteria": "DiagnosisActiveGalactosemia",
        "temporal_references": [
          {
            "type": "SDU",
            "reference": "OccurrenceAInpatientEncounter67"
          }
        ]
      }
    },
    {
      "ProcedurePerformedParenteralInfusion_precondition_4193": {
        "title": "Parenteral Infusion",
        "description": "Procedure, Performed: Parenteral Infusion",
        "standard_category": "procedure",
        "qds_data_type": "procedure_performed",
        "code_list_id": "2.16.840.1.113883.3.117.1.7.1.38",
        "type": "procedures",
        "definition": "procedure",
        "status": "performed",
        "hard_status": false,
        "negation": false,
        "source_data_criteria": "ProcedurePerformedParenteralInfusion",
        "temporal_references": [
          {
            "type": "DURING",
            "reference": "OccurrenceAInpatientEncounter67"
          }
        ]
      }
    }
  ],
  "oids": [
    "2.16.840.1.113883.3.117.1.7.1.38",
    "2.16.840.1.113883.3.117.1.7.1.30",
    "2.16.840.1.113883.3.117.1.7.1.78",
    "2.16.840.1.113883.3.117.1.7.1.26",
    "2.16.840.1.113883.3.117.1.7.1.35",
    "2.16.840.1.113883.3.666.5.1596",
    "2.16.840.1.113883.3.117.1.7.1.23",
    "2.16.840.1.113883.3.117.1.7.1.24",
    "2.16.840.1.113883.3.117.1.7.1.25",
    "2.16.840.1.113883.3.117.1.7.1.27",
    "2.16.840.1.113883.3.117.1.7.1.29",
    "2.16.840.1.113883.3.117.1.7.1.33",
    "2.16.840.1.113883.3.117.1.7.1.34",
    "2.16.840.1.113883.3.117.1.7.1.36",
    "2.16.840.1.113883.3.117.1.7.1.37",
    "2.16.840.1.113883.3.117.1.7.1.70",
    "2.16.840.1.113883.3.117.1.7.1.75",
    "2.16.840.1.113883.3.117.1.7.1.76",
    "2.16.840.1.113883.3.117.1.7.1.79",
    "2.16.840.1.113883.3.117.1.7.1.84",
    "2.16.840.1.113883.3.117.1.7.1.87",
    "2.16.840.1.113883.3.117.1.7.1.309",
    "2.16.840.1.113883.3.666.5.1738",
    "2.16.840.1.113883.3.666.5.1739"
  ],
  "population_ids": {
    "IPP": "76A6E46B-39BF-4377-B57F-BE68CEDE031D",
    "DENOM": "0F42D7F1-E6F3-48B7-89F9-BAB29C26BDCA",
    "NUMER": "83077920-F251-4984-9D77-45373359FD07",
    "DENEXCEP": "B1722AA5-D231-442B-9D6F-6E225F457B09",
    "DENEX": "35D980DC-0276-4374-8081-BAC526A2E986"
  }
}