{
  "id": "8A4D92B2-3887-5DF3-0139-0C4E41594C98",
  "nqf_id": "0495",
  "hqmf_id": "8A4D92B2-3887-5DF3-0139-0C4E41594C98",
  "hqmf_set_id": "9A033274-3D9B-11E1-8634-00237D5BF174",
  "hqmf_version_number": 1,
  "endorser": null,
  "name": "Median Time from ED Arrival to ED Departure for Admitted ED Patients",
  "description": "Median time from emergency department arrival to time of departure from the emergency room for patients admitted to the facility from the emergency department.",
  "type": "eh",
  "category": "Emergency Department",
  "steward": null,
  "population": {
    "conjunction": "and",
    "items": [
      {
        "conjunction": "and",
        "items": [
          {
            "title": "Psychiatric/Mental Health Patient",
            "description": "Diagnosis, Active: Psychiatric/Mental Health Patient",
            "standard_category": "diagnosis_condition_problem",
            "qds_data_type": "diagnosis_active",
            "code_list_id": "2.16.840.1.113883.3.117.1.7.1.299",
            "type": "conditions",
            "definition": "diagnosis",
            "status": "active",
            "hard_status": false,
            "negation": false,
            "source_data_criteria": "DiagnosisActivePsychiatricMentalHealthPatient",
            "field_values": {
              "ORDINAL": {
                "type": "CD",
                "code_list_id": "2.16.840.1.113883.3.117.2.7.1.14",
                "title": "Principal Diagnosis"
              }
            },
            "temporal_references": [
              {
                "type": "SDU",
                "reference": {
                  "title": "Emergency Department Visit",
                  "description": "Encounter, Performed: Emergency Department Visit",
                  "standard_category": "encounter",
                  "qds_data_type": "encounter",
                  "code_list_id": "2.16.840.1.113883.3.117.1.7.1.293",
                  "type": "encounters",
                  "definition": "encounter",
                  "status": "performed",
                  "hard_status": false,
                  "negation": false,
                  "specific_occurrence": "A",
                  "source_data_criteria": "OccurrenceAEmergencyDepartmentVisit68"
                }
              }
            ]
          },
          {
            "title": "Encounter Inpatient",
            "description": "Encounter, Performed: Encounter Inpatient",
            "standard_category": "encounter",
            "qds_data_type": "encounter",
            "code_list_id": "2.16.840.1.113883.3.666.5.307",
            "type": "encounters",
            "definition": "encounter",
            "status": "performed",
            "hard_status": false,
            "negation": false,
            "specific_occurrence": "A",
            "source_data_criteria": "OccurrenceAEncounterInpatient69",
            "field_values": {
              "LENGTH_OF_STAY": {
                "type": "IVL_PQ",
                "high": {
                  "type": "PQ",
                  "unit": "d",
                  "value": "120",
                  "inclusive?": true,
                  "derived?": false
                }
              }
            }
          },
          {
            "title": "Encounter Inpatient",
            "description": "Encounter, Performed: Encounter Inpatient",
            "standard_category": "encounter",
            "qds_data_type": "encounter",
            "code_list_id": "2.16.840.1.113883.3.666.5.307",
            "type": "encounters",
            "definition": "encounter",
            "status": "performed",
            "hard_status": false,
            "negation": false,
            "specific_occurrence": "A",
            "source_data_criteria": "OccurrenceAEncounterInpatient69",
            "field_values": {
              "DISCHARGE_DATETIME": {
                "type": "ANYNonNull"
              }
            },
            "temporal_references": [
              {
                "type": "DURING",
                "reference": "MeasurePeriod",
                "title": "MeasurePeriod"
              }
            ]
          }
        ],
        "negation": null,
        "precondition_id": 4244
      }
    ]
  },
  "denominator": null,
  "numerator": null,
  "exclusions": null,
  "map_fn": "function() {\n        var patient = this;\n        var effective_date = <%= effective_date %>;\n\n        hqmfjs = {}\n        <%= init_js_frameworks %>\n        \n        \n      var patient_api = new hQuery.Patient(patient);\n\n      \n\n      // clear out logger\n      if (typeof Logger != 'undefined') Logger.logger = [];\n      // turn on logging if it is enabled\n      if (Logger.enabled) enableLogging();\n      \n      \n        // #########################\n        // ##### DATA ELEMENTS #####\n        // #########################\n\n        OidDictionary = <%= oid_dictionary %>;\n        \n        // Measure variables\nvar MeasurePeriod = {\n  \"low\": new TS(\"20100101\", null, true),\n  \"high\": new TS(\"20110101\", null, true)\n}\nhqmfjs.MeasurePeriod = function(patient) {\n  return [new hQuery.CodedEntry(\n    {\n      \"start_time\": MeasurePeriod.low.asDate().getTime()/1000,\n      \"end_time\": MeasurePeriod.high.asDate().getTime()/1000,\n      \"codes\": {}\n    }\n  )];\n}\nif (typeof effective_date === 'number') {\n  MeasurePeriod.high.date = new Date(1000*effective_date);\n  MeasurePeriod.low.date = new Date(1000*effective_date);\n  MeasurePeriod.low.date.setFullYear(MeasurePeriod.low.date.getFullYear()-1);\n}\n\n// Data critera\nhqmfjs.OccurrenceAEmergencyDepartmentVisit68 = function(patient) {\n  var events = patient.encounters();\n  events.specific_occurrence = 'OccurrenceAEmergencyDepartmentVisit68'\n  events = events.withStatuses([\"performed\"]);\n  events = events.withoutNegation();\n  var codes = getCodes(\"2.16.840.1.113883.3.117.1.7.1.293\");\n  var start = null;\n  var end = null;\n  events = events.match(codes, start, end, true);\n\n  events.specificContext=new Specifics(Row.buildForDataCriteria(events.specific_occurrence, events))\n  return events;\n}\n\nhqmfjs.OccurrenceAEncounterInpatient69 = function(patient) {\n  var events = patient.encounters();\n  events.specific_occurrence = 'OccurrenceAEncounterInpatient69'\n  events = events.withStatuses([\"performed\"]);\n  events = events.withoutNegation();\n  var codes = getCodes(\"2.16.840.1.113883.3.666.5.307\");\n  var start = null;\n  var end = null;\n  events = events.match(codes, start, end, true);\n\n  events.specificContext=new Specifics(Row.buildForDataCriteria(events.specific_occurrence, events))\n  return events;\n}\n\nhqmfjs.EncounterPerformedEncounterInpatient = function(patient) {\n  var events = patient.encounters();\n  events = events.withStatuses([\"performed\"]);\n  events = events.withoutNegation();\n  var codes = getCodes(\"2.16.840.1.113883.3.666.5.307\");\n  var start = null;\n  var end = null;\n  events = events.match(codes, start, end, true);\n\n  events.specificContext=Specifics.identity()\n  return events;\n}\n\nhqmfjs.EncounterPerformedEmergencyDepartmentVisit = function(patient) {\n  var events = patient.encounters();\n  events = events.withStatuses([\"performed\"]);\n  events = events.withoutNegation();\n  var codes = getCodes(\"2.16.840.1.113883.3.117.1.7.1.293\");\n  var start = null;\n  var end = null;\n  events = events.match(codes, start, end, true);\n\n  events.specificContext=Specifics.identity()\n  return events;\n}\n\nhqmfjs.OccurrenceAEmergencyDepartmentVisit68 = function(patient) {\n  var events = patient.encounters();\n  events.specific_occurrence = 'OccurrenceAEmergencyDepartmentVisit68'\n  events = events.withStatuses([\"performed\"]);\n  events = events.withoutNegation();\n  var codes = getCodes(\"2.16.840.1.113883.3.117.1.7.1.293\");\n  var start = null;\n  var end = null;\n  events = events.match(codes, start, end, true);\n\n  events.specificContext=new Specifics(Row.buildForDataCriteria(events.specific_occurrence, events))\n  return events;\n}\n\nhqmfjs.OccurrenceAEncounterInpatient69 = function(patient) {\n  var events = patient.encounters();\n  events.specific_occurrence = 'OccurrenceAEncounterInpatient69'\n  events = events.withStatuses([\"performed\"]);\n  events = events.withoutNegation();\n  var codes = getCodes(\"2.16.840.1.113883.3.666.5.307\");\n  var start = null;\n  var end = null;\n  events = events.match(codes, start, end, true);\n\n  events.specificContext=new Specifics(Row.buildForDataCriteria(events.specific_occurrence, events))\n  return events;\n}\n\nhqmfjs.OccurrenceAEncounterInpatient69_precondition_4215 = function(patient) {\n  var events = patient.encounters();\n  events.specific_occurrence = 'OccurrenceAEncounterInpatient69'\n  events = events.withStatuses([\"performed\"]);\n  events = events.withoutNegation();\n  var codes = getCodes(\"2.16.840.1.113883.3.666.5.307\");\n  var start = null;\n  var end = null;\n  events = events.match(codes, start, end, true);\n\n  events = filterEventsByField(events, \"lengthOfStay\", new IVL_PQ(null, new PQ(120, \"d\", true)));\n  events.specificContext=new Specifics(Row.buildForDataCriteria(events.specific_occurrence, events))\n  return events;\n}\n\nhqmfjs.OccurrenceAEncounterInpatient69_precondition_4217 = function(patient) {\n  var events = patient.encounters();\n  events.specific_occurrence = 'OccurrenceAEncounterInpatient69'\n  events = events.withStatuses([\"performed\"]);\n  events = events.withoutNegation();\n  var codes = getCodes(\"2.16.840.1.113883.3.666.5.307\");\n  var start = null;\n  var end = null;\n  events = events.match(codes, start, end, true);\n\n  events = filterEventsByField(events, \"dischargeDatetime\", new ANYNonNull());\n  events = DURING(events, hqmfjs.MeasurePeriod(patient));\n  return events;\n}\n\nhqmfjs.OccurrenceAEmergencyDepartmentVisit68_precondition_4220 = function(patient) {\n  var events = patient.encounters();\n  events.specific_occurrence = 'OccurrenceAEmergencyDepartmentVisit68'\n  events = events.withStatuses([\"performed\"]);\n  events = events.withoutNegation();\n  var codes = getCodes(\"2.16.840.1.113883.3.117.1.7.1.293\");\n  var start = null;\n  var end = null;\n  events = events.match(codes, start, end, true);\n\n  events = EBS(events, hqmfjs.OccurrenceAEncounterInpatient69(patient), new IVL_PQ(null, new PQ(1, \"h\", true)));\n  return events;\n}\n\nhqmfjs.OccurrenceAEmergencyDepartmentVisit68_precondition_4223 = function(patient) {\n  var events = patient.encounters();\n  events.specific_occurrence = 'OccurrenceAEmergencyDepartmentVisit68'\n  events = events.withStatuses([\"performed\"]);\n  events = events.withoutNegation();\n  var codes = getCodes(\"2.16.840.1.113883.3.117.1.7.1.293\");\n  var start = null;\n  var end = null;\n  events = events.match(codes, start, end, true);\n\n  events = EBS(events, hqmfjs.OccurrenceAEncounterInpatient69(patient), new IVL_PQ(null, new PQ(1, \"h\", true)));\n  return events;\n}\n\nhqmfjs.OccurrenceAEncounterInpatient69_precondition_4225 = function(patient) {\n  var events = patient.encounters();\n  events.specific_occurrence = 'OccurrenceAEncounterInpatient69'\n  events = events.withStatuses([\"performed\"]);\n  events = events.withoutNegation();\n  var codes = getCodes(\"2.16.840.1.113883.3.666.5.307\");\n  var start = null;\n  var end = null;\n  events = events.match(codes, start, end, true);\n\n  events = filterEventsByField(events, \"lengthOfStay\", new IVL_PQ(null, new PQ(120, \"d\", true)));\n  events.specificContext=new Specifics(Row.buildForDataCriteria(events.specific_occurrence, events))\n  return events;\n}\n\nhqmfjs.OccurrenceAEncounterInpatient69_precondition_4227 = function(patient) {\n  var events = patient.encounters();\n  events.specific_occurrence = 'OccurrenceAEncounterInpatient69'\n  events = events.withStatuses([\"performed\"]);\n  events = events.withoutNegation();\n  var codes = getCodes(\"2.16.840.1.113883.3.666.5.307\");\n  var start = null;\n  var end = null;\n  events = events.match(codes, start, end, true);\n\n  events = filterEventsByField(events, \"dischargeDatetime\", new ANYNonNull());\n  events = DURING(events, hqmfjs.MeasurePeriod(patient));\n  return events;\n}\n\nhqmfjs.OccurrenceAEncounterInpatient69_precondition_4232 = function(patient) {\n  var events = patient.encounters();\n  events.specific_occurrence = 'OccurrenceAEncounterInpatient69'\n  events = events.withStatuses([\"performed\"]);\n  events = events.withoutNegation();\n  var codes = getCodes(\"2.16.840.1.113883.3.666.5.307\");\n  var start = null;\n  var end = null;\n  events = events.match(codes, start, end, true);\n\n  events = filterEventsByField(events, \"lengthOfStay\", new IVL_PQ(null, new PQ(120, \"d\", true)));\n  events.specificContext=new Specifics(Row.buildForDataCriteria(events.specific_occurrence, events))\n  return events;\n}\n\nhqmfjs.OccurrenceAEncounterInpatient69_precondition_4234 = function(patient) {\n  var events = patient.encounters();\n  events.specific_occurrence = 'OccurrenceAEncounterInpatient69'\n  events = events.withStatuses([\"performed\"]);\n  events = events.withoutNegation();\n  var codes = getCodes(\"2.16.840.1.113883.3.666.5.307\");\n  var start = null;\n  var end = null;\n  events = events.match(codes, start, end, true);\n\n  events = filterEventsByField(events, \"dischargeDatetime\", new ANYNonNull());\n  events = DURING(events, hqmfjs.MeasurePeriod(patient));\n  return events;\n}\n\nhqmfjs.DiagnosisActivePsychiatricMentalHealthPatient_precondition_4230 = function(patient) {\n  var events = patient.allProblems();\n  events = events.withStatuses([\"active\"]);\n  events = events.withoutNegation();\n  var codes = getCodes(\"2.16.840.1.113883.3.117.1.7.1.299\");\n  var start = null;\n  var end = null;\n  events = events.match(codes, start, end, true);\n\n  events = filterEventsByField(events, \"ordinal\", new CodeList(getCodes(\"2.16.840.1.113883.3.117.2.7.1.14\")));\n  events = SDU(events, hqmfjs.OccurrenceAEmergencyDepartmentVisit68(patient));\n  return events;\n}\n\nhqmfjs.DiagnosisActivePsychiatricMentalHealthPatient_precondition_4238 = function(patient) {\n  var events = patient.allProblems();\n  events = events.withStatuses([\"active\"]);\n  events = events.withoutNegation();\n  var codes = getCodes(\"2.16.840.1.113883.3.117.1.7.1.299\");\n  var start = null;\n  var end = null;\n  events = events.match(codes, start, end, true);\n\n  events = filterEventsByField(events, \"ordinal\", new CodeList(getCodes(\"2.16.840.1.113883.3.117.2.7.1.14\")));\n  events = SDU(events, hqmfjs.OccurrenceAEmergencyDepartmentVisit68(patient));\n  return events;\n}\n\nhqmfjs.OccurrenceAEncounterInpatient69_precondition_4240 = function(patient) {\n  var events = patient.encounters();\n  events.specific_occurrence = 'OccurrenceAEncounterInpatient69'\n  events = events.withStatuses([\"performed\"]);\n  events = events.withoutNegation();\n  var codes = getCodes(\"2.16.840.1.113883.3.666.5.307\");\n  var start = null;\n  var end = null;\n  events = events.match(codes, start, end, true);\n\n  events = filterEventsByField(events, \"lengthOfStay\", new IVL_PQ(null, new PQ(120, \"d\", true)));\n  events.specificContext=new Specifics(Row.buildForDataCriteria(events.specific_occurrence, events))\n  return events;\n}\n\nhqmfjs.OccurrenceAEncounterInpatient69_precondition_4242 = function(patient) {\n  var events = patient.encounters();\n  events.specific_occurrence = 'OccurrenceAEncounterInpatient69'\n  events = events.withStatuses([\"performed\"]);\n  events = events.withoutNegation();\n  var codes = getCodes(\"2.16.840.1.113883.3.666.5.307\");\n  var start = null;\n  var end = null;\n  events = events.match(codes, start, end, true);\n\n  events = filterEventsByField(events, \"dischargeDatetime\", new ANYNonNull());\n  events = DURING(events, hqmfjs.MeasurePeriod(patient));\n  return events;\n}\n\n\n\n        // #########################\n        // ##### MEASURE LOGIC #####\n        // #########################\n        \n        hqmfjs.initializeSpecifics = function(patient_api, hqmfjs) { Specifics.initialize(patient_api,hqmfjs,{\"id\":\"OccurrenceAEmergencyDepartmentVisit68\",\"type\":\"\",\"function\":\"OccurrenceAEmergencyDepartmentVisit68\"},{\"id\":\"OccurrenceAEncounterInpatient69\",\"type\":\"\",\"function\":\"OccurrenceAEncounterInpatient69\"}) }\n\n        // INITIAL PATIENT POPULATION\n        hqmfjs.IPP = function(patient) {\n  return allTrue(  \n    allTrue(    \n      hqmfjs.DiagnosisActivePsychiatricMentalHealthPatient_precondition_4238(patient),    \n      hqmfjs.OccurrenceAEncounterInpatient69_precondition_4240(patient),    \n      hqmfjs.OccurrenceAEncounterInpatient69_precondition_4242(patient)\n    )\n  );\n};\n\n\n        // DENOMINATOR\n        hqmfjs.DENOM = function(patient) { return new Boolean(true); }\n        // NUMERATOR\n        hqmfjs.NUMER = function(patient) { return new Boolean(false); }\n        hqmfjs.DENEX = function(patient) { return new Boolean(false); }\n        hqmfjs.DENEXCEP = function(patient) { return new Boolean(false); }\n        \n\n      hqmfjs.initializeSpecifics(patient_api, hqmfjs)\n      \n      var population = function() {\n        return executeIfAvailable(hqmfjs.IPP, patient_api);\n      }\n      var denominator = function() {\n        return executeIfAvailable(hqmfjs.DENOM, patient_api);\n      }\n      var numerator = function() {\n        return executeIfAvailable(hqmfjs.NUMER, patient_api);\n      }\n      var exclusion = function() {\n        return executeIfAvailable(hqmfjs.DENEX, patient_api);\n      }\n      var denexcep = function() {\n        return executeIfAvailable(hqmfjs.DENEXCEP, patient_api);\n      }\n      \n      var executeIfAvailable = function(optionalFunction, arg) {\n        if (typeof(optionalFunction)==='function')\n          return optionalFunction(arg);\n        else\n          return false;\n      }\n\n      if (Logger.enabled) enableMeasureLogging(hqmfjs);\n\n      map(patient, population, denominator, numerator, exclusion, denexcep);\n      \n      };\n      ",
  "sub_id": "d",
  "subtitle": "RS3: ED and inpatient w/ psych",
  "short_subtitle": "RS3: ED and inpatient w/ psych",
  "data_criteria": [
    {
      "OccurrenceAEncounterInpatient69_precondition_4215": {
        "title": "Encounter Inpatient",
        "description": "Encounter, Performed: Encounter Inpatient",
        "standard_category": "encounter",
        "qds_data_type": "encounter",
        "code_list_id": "2.16.840.1.113883.3.666.5.307",
        "type": "encounters",
        "definition": "encounter",
        "status": "performed",
        "hard_status": false,
        "negation": false,
        "specific_occurrence": "A",
        "source_data_criteria": "OccurrenceAEncounterInpatient69",
        "field_values": {
          "LENGTH_OF_STAY": {
            "type": "IVL_PQ",
            "high": {
              "type": "PQ",
              "unit": "d",
              "value": "120",
              "inclusive?": true,
              "derived?": false
            }
          }
        }
      }
    },
    {
      "OccurrenceAEncounterInpatient69_precondition_4217": {
        "title": "Encounter Inpatient",
        "description": "Encounter, Performed: Encounter Inpatient",
        "standard_category": "encounter",
        "qds_data_type": "encounter",
        "code_list_id": "2.16.840.1.113883.3.666.5.307",
        "type": "encounters",
        "definition": "encounter",
        "status": "performed",
        "hard_status": false,
        "negation": false,
        "specific_occurrence": "A",
        "source_data_criteria": "OccurrenceAEncounterInpatient69",
        "field_values": {
          "DISCHARGE_DATETIME": {
            "type": "ANYNonNull"
          }
        },
        "temporal_references": [
          {
            "type": "DURING",
            "reference": "MeasurePeriod"
          }
        ]
      }
    },
    {
      "OccurrenceAEmergencyDepartmentVisit68_precondition_4220": {
        "title": "Emergency Department Visit",
        "description": "Encounter, Performed: Emergency Department Visit",
        "standard_category": "encounter",
        "qds_data_type": "encounter",
        "code_list_id": "2.16.840.1.113883.3.117.1.7.1.293",
        "type": "encounters",
        "definition": "encounter",
        "status": "performed",
        "hard_status": false,
        "negation": false,
        "specific_occurrence": "A",
        "source_data_criteria": "OccurrenceAEmergencyDepartmentVisit68",
        "temporal_references": [
          {
            "type": "EBS",
            "reference": "OccurrenceAEncounterInpatient69",
            "range": {
              "type": "IVL_PQ",
              "high": {
                "type": "PQ",
                "unit": "h",
                "value": "1",
                "inclusive?": true,
                "derived?": false
              }
            }
          }
        ]
      }
    },
    {
      "OccurrenceAEncounterInpatient69": {
        "title": "Encounter Inpatient",
        "description": "Encounter, Performed: Encounter Inpatient",
        "standard_category": "encounter",
        "qds_data_type": "encounter",
        "code_list_id": "2.16.840.1.113883.3.666.5.307",
        "type": "encounters",
        "definition": "encounter",
        "status": "performed",
        "hard_status": false,
        "negation": false,
        "specific_occurrence": "A",
        "source_data_criteria": "OccurrenceAEncounterInpatient69"
      }
    },
    {
      "OccurrenceAEmergencyDepartmentVisit68_precondition_4223": {
        "title": "Emergency Department Visit",
        "description": "Encounter, Performed: Emergency Department Visit",
        "standard_category": "encounter",
        "qds_data_type": "encounter",
        "code_list_id": "2.16.840.1.113883.3.117.1.7.1.293",
        "type": "encounters",
        "definition": "encounter",
        "status": "performed",
        "hard_status": false,
        "negation": false,
        "specific_occurrence": "A",
        "source_data_criteria": "OccurrenceAEmergencyDepartmentVisit68",
        "temporal_references": [
          {
            "type": "EBS",
            "reference": "OccurrenceAEncounterInpatient69",
            "range": {
              "type": "IVL_PQ",
              "high": {
                "type": "PQ",
                "unit": "h",
                "value": "1",
                "inclusive?": true,
                "derived?": false
              }
            }
          }
        ]
      }
    },
    {
      "OccurrenceAEncounterInpatient69_precondition_4225": {
        "title": "Encounter Inpatient",
        "description": "Encounter, Performed: Encounter Inpatient",
        "standard_category": "encounter",
        "qds_data_type": "encounter",
        "code_list_id": "2.16.840.1.113883.3.666.5.307",
        "type": "encounters",
        "definition": "encounter",
        "status": "performed",
        "hard_status": false,
        "negation": false,
        "specific_occurrence": "A",
        "source_data_criteria": "OccurrenceAEncounterInpatient69",
        "field_values": {
          "LENGTH_OF_STAY": {
            "type": "IVL_PQ",
            "high": {
              "type": "PQ",
              "unit": "d",
              "value": "120",
              "inclusive?": true,
              "derived?": false
            }
          }
        }
      }
    },
    {
      "OccurrenceAEncounterInpatient69_precondition_4227": {
        "title": "Encounter Inpatient",
        "description": "Encounter, Performed: Encounter Inpatient",
        "standard_category": "encounter",
        "qds_data_type": "encounter",
        "code_list_id": "2.16.840.1.113883.3.666.5.307",
        "type": "encounters",
        "definition": "encounter",
        "status": "performed",
        "hard_status": false,
        "negation": false,
        "specific_occurrence": "A",
        "source_data_criteria": "OccurrenceAEncounterInpatient69",
        "field_values": {
          "DISCHARGE_DATETIME": {
            "type": "ANYNonNull"
          }
        },
        "temporal_references": [
          {
            "type": "DURING",
            "reference": "MeasurePeriod"
          }
        ]
      }
    },
    {
      "OccurrenceAEncounterInpatient69_precondition_4232": {
        "title": "Encounter Inpatient",
        "description": "Encounter, Performed: Encounter Inpatient",
        "standard_category": "encounter",
        "qds_data_type": "encounter",
        "code_list_id": "2.16.840.1.113883.3.666.5.307",
        "type": "encounters",
        "definition": "encounter",
        "status": "performed",
        "hard_status": false,
        "negation": false,
        "specific_occurrence": "A",
        "source_data_criteria": "OccurrenceAEncounterInpatient69",
        "field_values": {
          "LENGTH_OF_STAY": {
            "type": "IVL_PQ",
            "high": {
              "type": "PQ",
              "unit": "d",
              "value": "120",
              "inclusive?": true,
              "derived?": false
            }
          }
        }
      }
    },
    {
      "OccurrenceAEncounterInpatient69_precondition_4234": {
        "title": "Encounter Inpatient",
        "description": "Encounter, Performed: Encounter Inpatient",
        "standard_category": "encounter",
        "qds_data_type": "encounter",
        "code_list_id": "2.16.840.1.113883.3.666.5.307",
        "type": "encounters",
        "definition": "encounter",
        "status": "performed",
        "hard_status": false,
        "negation": false,
        "specific_occurrence": "A",
        "source_data_criteria": "OccurrenceAEncounterInpatient69",
        "field_values": {
          "DISCHARGE_DATETIME": {
            "type": "ANYNonNull"
          }
        },
        "temporal_references": [
          {
            "type": "DURING",
            "reference": "MeasurePeriod"
          }
        ]
      }
    },
    {
      "DiagnosisActivePsychiatricMentalHealthPatient_precondition_4230": {
        "title": "Psychiatric/Mental Health Patient",
        "description": "Diagnosis, Active: Psychiatric/Mental Health Patient",
        "standard_category": "diagnosis_condition_problem",
        "qds_data_type": "diagnosis_active",
        "code_list_id": "2.16.840.1.113883.3.117.1.7.1.299",
        "type": "conditions",
        "definition": "diagnosis",
        "status": "active",
        "hard_status": false,
        "negation": false,
        "source_data_criteria": "DiagnosisActivePsychiatricMentalHealthPatient",
        "field_values": {
          "ORDINAL": {
            "type": "CD",
            "code_list_id": "2.16.840.1.113883.3.117.2.7.1.14",
            "title": "Principal Diagnosis"
          }
        },
        "temporal_references": [
          {
            "type": "SDU",
            "reference": "OccurrenceAEmergencyDepartmentVisit68"
          }
        ]
      }
    },
    {
      "OccurrenceAEmergencyDepartmentVisit68": {
        "title": "Emergency Department Visit",
        "description": "Encounter, Performed: Emergency Department Visit",
        "standard_category": "encounter",
        "qds_data_type": "encounter",
        "code_list_id": "2.16.840.1.113883.3.117.1.7.1.293",
        "type": "encounters",
        "definition": "encounter",
        "status": "performed",
        "hard_status": false,
        "negation": false,
        "specific_occurrence": "A",
        "source_data_criteria": "OccurrenceAEmergencyDepartmentVisit68"
      }
    },
    {
      "DiagnosisActivePsychiatricMentalHealthPatient_precondition_4238": {
        "title": "Psychiatric/Mental Health Patient",
        "description": "Diagnosis, Active: Psychiatric/Mental Health Patient",
        "standard_category": "diagnosis_condition_problem",
        "qds_data_type": "diagnosis_active",
        "code_list_id": "2.16.840.1.113883.3.117.1.7.1.299",
        "type": "conditions",
        "definition": "diagnosis",
        "status": "active",
        "hard_status": false,
        "negation": false,
        "source_data_criteria": "DiagnosisActivePsychiatricMentalHealthPatient",
        "field_values": {
          "ORDINAL": {
            "type": "CD",
            "code_list_id": "2.16.840.1.113883.3.117.2.7.1.14",
            "title": "Principal Diagnosis"
          }
        },
        "temporal_references": [
          {
            "type": "SDU",
            "reference": "OccurrenceAEmergencyDepartmentVisit68"
          }
        ]
      }
    },
    {
      "OccurrenceAEncounterInpatient69_precondition_4240": {
        "title": "Encounter Inpatient",
        "description": "Encounter, Performed: Encounter Inpatient",
        "standard_category": "encounter",
        "qds_data_type": "encounter",
        "code_list_id": "2.16.840.1.113883.3.666.5.307",
        "type": "encounters",
        "definition": "encounter",
        "status": "performed",
        "hard_status": false,
        "negation": false,
        "specific_occurrence": "A",
        "source_data_criteria": "OccurrenceAEncounterInpatient69",
        "field_values": {
          "LENGTH_OF_STAY": {
            "type": "IVL_PQ",
            "high": {
              "type": "PQ",
              "unit": "d",
              "value": "120",
              "inclusive?": true,
              "derived?": false
            }
          }
        }
      }
    },
    {
      "OccurrenceAEncounterInpatient69_precondition_4242": {
        "title": "Encounter Inpatient",
        "description": "Encounter, Performed: Encounter Inpatient",
        "standard_category": "encounter",
        "qds_data_type": "encounter",
        "code_list_id": "2.16.840.1.113883.3.666.5.307",
        "type": "encounters",
        "definition": "encounter",
        "status": "performed",
        "hard_status": false,
        "negation": false,
        "specific_occurrence": "A",
        "source_data_criteria": "OccurrenceAEncounterInpatient69",
        "field_values": {
          "DISCHARGE_DATETIME": {
            "type": "ANYNonNull"
          }
        },
        "temporal_references": [
          {
            "type": "DURING",
            "reference": "MeasurePeriod"
          }
        ]
      }
    }
  ],
  "oids": [
    "2.16.840.1.113883.3.117.1.7.1.292",
    "2.16.840.1.113883.3.117.1.7.1.298",
    "2.16.840.1.113883.3.117.1.7.1.293",
    "2.16.840.1.113883.3.117.1.7.1.299",
    "2.16.840.1.113883.3.117.1.7.1.296",
    "2.16.840.1.113883.3.117.1.7.1.297",
    "2.16.840.1.113883.3.117.2.7.1.14",
    "2.16.840.1.113883.3.666.5.307"
  ],
  "population_ids": {
    "IPP": "FA8BE62B-09FB-4B01-8CA8-E3CF1F9A16F6",
    "MSRPOPL": "F3441A34-7FEA-4DAB-9907-A19885CFF92F",
    "stratification": "9E194270-FAC8-43CB-AC2D-DC9E2909B1B1"
  }
}