{
  "id": "8A4D92B2-37D1-F95B-0137-DD4B0EB62DE6",
  "nqf_id": "0496",
  "hqmf_id": "8A4D92B2-37D1-F95B-0137-DD4B0EB62DE6",
  "hqmf_set_id": "3FD13096-2C8F-40B5-9297-B714E8DE9133",
  "hqmf_version_number": 1,
  "endorser": null,
  "name": "Median Time from ED Arrival to ED Departure for Discharged ED Patients",
  "description": "Median time from emergency department arrival to time of departure from the emergency room for patients discharged from the emergency department.",
  "type": "eh",
  "category": "Emergency Department",
  "steward": null,
  "population": {
    "conjunction": "and",
    "items": [
      {
        "conjunction": "and",
        "items": [
          {
            "title": "Hospital Measures-Acute care hospital",
            "description": "Transfer To: Hospital Measures-Acute care hospital",
            "standard_category": "",
            "qds_data_type": "",
            "code_list_id": "2.16.840.1.113883.3.666.5.3013",
            "type": "transfers",
            "definition": "transfer_to",
            "hard_status": false,
            "negation": false,
            "source_data_criteria": "TransferToHospitalMeasuresAcuteCareHospital",
            "temporal_references": [
              {
                "type": "SAE",
                "reference": {
                  "title": "Hospital Measures - Encounter ED",
                  "description": "Encounter, Performed: Hospital Measures - Encounter ED",
                  "standard_category": "encounter",
                  "qds_data_type": "encounter",
                  "code_list_id": "2.16.840.1.113883.3.666.5.900",
                  "type": "encounters",
                  "definition": "encounter",
                  "status": "performed",
                  "hard_status": false,
                  "negation": false,
                  "specific_occurrence": "A",
                  "source_data_criteria": "OccurrenceAHospitalMeasuresEncounterEd70"
                },
                "range": {
                  "type": "IVL_PQ",
                  "high": {
                    "type": "PQ",
                    "unit": "h",
                    "value": "6",
                    "inclusive?": true,
                    "derived?": false
                  }
                }
              }
            ]
          },
          {
            "title": "Hospital Measures - Encounter ED",
            "description": "Encounter, Performed: Hospital Measures - Encounter ED",
            "standard_category": "encounter",
            "qds_data_type": "encounter",
            "code_list_id": "2.16.840.1.113883.3.666.5.900",
            "type": "encounters",
            "definition": "encounter",
            "status": "performed",
            "hard_status": false,
            "negation": false,
            "specific_occurrence": "A",
            "source_data_criteria": "OccurrenceAHospitalMeasuresEncounterEd70",
            "field_values": {
              "FACILITY_LOCATION_ARRIVAL_DATETIME": null
            },
            "temporal_references": [
              {
                "type": "DURING",
                "reference": "MeasurePeriod",
                "title": "MeasurePeriod"
              }
            ]
          }
        ],
        "negation": null,
        "precondition_id": 4265
      }
    ]
  },
  "denominator": null,
  "numerator": null,
  "exclusions": null,
  "map_fn": "function() {\n        var patient = this;\n        var effective_date = <%= effective_date %>;\n\n        hqmfjs = {}\n        <%= init_js_frameworks %>\n        \n        \n      var patient_api = new hQuery.Patient(patient);\n\n      \n\n      // clear out logger\n      if (typeof Logger != 'undefined') Logger.logger = [];\n      // turn on logging if it is enabled\n      if (Logger.enabled) enableLogging();\n      \n      \n        // #########################\n        // ##### DATA ELEMENTS #####\n        // #########################\n\n        OidDictionary = <%= oid_dictionary %>;\n        \n        // Measure variables\nvar MeasurePeriod = {\n  \"low\": new TS(\"20100101\", null, true),\n  \"high\": new TS(\"20110101\", null, true)\n}\nhqmfjs.MeasurePeriod = function(patient) {\n  return [new hQuery.CodedEntry(\n    {\n      \"start_time\": MeasurePeriod.low.asDate().getTime()/1000,\n      \"end_time\": MeasurePeriod.high.asDate().getTime()/1000,\n      \"codes\": {}\n    }\n  )];\n}\nif (typeof effective_date === 'number') {\n  MeasurePeriod.high.date = new Date(1000*effective_date);\n  MeasurePeriod.low.date = new Date(1000*effective_date);\n  MeasurePeriod.low.date.setFullYear(MeasurePeriod.low.date.getFullYear()-1);\n}\n\n// Data critera\nhqmfjs.OccurrenceAHospitalMeasuresEncounterEd70 = function(patient) {\n  var events = patient.encounters();\n  events.specific_occurrence = 'OccurrenceAHospitalMeasuresEncounterEd70'\n  events = events.withStatuses([\"performed\"]);\n  events = events.withoutNegation();\n  var codes = getCodes(\"2.16.840.1.113883.3.666.5.900\");\n  var start = null;\n  var end = null;\n  events = events.match(codes, start, end, true);\n\n  events.specificContext=new Specifics(Row.buildForDataCriteria(events.specific_occurrence, events))\n  return events;\n}\n\nhqmfjs.EncounterPerformedHospitalMeasuresEncounterEd = function(patient) {\n  var events = patient.encounters();\n  events = events.withStatuses([\"performed\"]);\n  events = events.withoutNegation();\n  var codes = getCodes(\"2.16.840.1.113883.3.666.5.900\");\n  var start = null;\n  var end = null;\n  events = events.match(codes, start, end, true);\n\n  events.specificContext=Specifics.identity()\n  return events;\n}\n\nhqmfjs.OccurrenceAHospitalMeasuresEncounterEd70 = function(patient) {\n  var events = patient.encounters();\n  events.specific_occurrence = 'OccurrenceAHospitalMeasuresEncounterEd70'\n  events = events.withStatuses([\"performed\"]);\n  events = events.withoutNegation();\n  var codes = getCodes(\"2.16.840.1.113883.3.666.5.900\");\n  var start = null;\n  var end = null;\n  events = events.match(codes, start, end, true);\n\n  events.specificContext=new Specifics(Row.buildForDataCriteria(events.specific_occurrence, events))\n  return events;\n}\n\nhqmfjs.OccurrenceAHospitalMeasuresEncounterEd70_precondition_4245 = function(patient) {\n  var events = patient.encounters();\n  events.specific_occurrence = 'OccurrenceAHospitalMeasuresEncounterEd70'\n  events = events.withStatuses([\"performed\"]);\n  events = events.withoutNegation();\n  var codes = getCodes(\"2.16.840.1.113883.3.666.5.900\");\n  var start = null;\n  var end = null;\n  events = events.match(codes, start, end, true);\n\n  events = filterEventsByField(events, \"facilityLocationArrival\", null);\n  events = DURING(events, hqmfjs.MeasurePeriod(patient));\n  return events;\n}\n\nhqmfjs.EncounterPerformedHospitalMeasuresEncounterInpatient_precondition_4248 = function(patient) {\n  var events = patient.encounters();\n  events = events.withStatuses([\"performed\"]);\n  events = events.withoutNegation();\n  var codes = getCodes(\"2.16.840.1.113883.3.666.5.625\");\n  var start = null;\n  var end = null;\n  events = events.match(codes, start, end, true);\n\n  events = SAE(events, hqmfjs.OccurrenceAHospitalMeasuresEncounterEd70(patient), new IVL_PQ(null, new PQ(6, \"h\", true)));\n  return events;\n}\n\nhqmfjs.OccurrenceAHospitalMeasuresEncounterEd70_precondition_4250 = function(patient) {\n  var events = patient.encounters();\n  events.specific_occurrence = 'OccurrenceAHospitalMeasuresEncounterEd70'\n  events = events.withStatuses([\"performed\"]);\n  events = events.withoutNegation();\n  var codes = getCodes(\"2.16.840.1.113883.3.666.5.900\");\n  var start = null;\n  var end = null;\n  events = events.match(codes, start, end, true);\n\n  events = filterEventsByField(events, \"dischargeStatus\", new CodeList(getCodes(\"2.16.840.1.113883.3.666.5.1146\")));\n  events.specificContext=new Specifics(Row.buildForDataCriteria(events.specific_occurrence, events))\n  return events;\n}\n\nhqmfjs.OccurrenceAHospitalMeasuresEncounterEd70_precondition_4253 = function(patient) {\n  var events = patient.encounters();\n  events.specific_occurrence = 'OccurrenceAHospitalMeasuresEncounterEd70'\n  events = events.withStatuses([\"performed\"]);\n  events = events.withoutNegation();\n  var codes = getCodes(\"2.16.840.1.113883.3.666.5.900\");\n  var start = null;\n  var end = null;\n  events = events.match(codes, start, end, true);\n\n  events = filterEventsByField(events, \"facilityLocationArrival\", null);\n  events = DURING(events, hqmfjs.MeasurePeriod(patient));\n  return events;\n}\n\nhqmfjs.DiagnosisActiveHospitalMeasuresJointCommissionMentalDisorders_precondition_4256 = function(patient) {\n  var events = patient.allProblems();\n  events = events.withStatuses([\"active\"]);\n  events = events.withoutNegation();\n  var codes = getCodes(\"1.3.6.1.4.1.33895.1.3.0.42\");\n  var start = null;\n  var end = null;\n  events = events.match(codes, start, end, true);\n\n  events = filterEventsByField(events, \"ordinal\", new CodeList(getCodes(\"2.16.840.1.113883.3.666.5.3010\")));\n  events = SDU(events, hqmfjs.OccurrenceAHospitalMeasuresEncounterEd70(patient));\n  return events;\n}\n\nhqmfjs.OccurrenceAHospitalMeasuresEncounterEd70_precondition_4258 = function(patient) {\n  var events = patient.encounters();\n  events.specific_occurrence = 'OccurrenceAHospitalMeasuresEncounterEd70'\n  events = events.withStatuses([\"performed\"]);\n  events = events.withoutNegation();\n  var codes = getCodes(\"2.16.840.1.113883.3.666.5.900\");\n  var start = null;\n  var end = null;\n  events = events.match(codes, start, end, true);\n\n  events = filterEventsByField(events, \"facilityLocationArrival\", null);\n  events = DURING(events, hqmfjs.MeasurePeriod(patient));\n  return events;\n}\n\nhqmfjs.TransferToHospitalMeasuresAcuteCareHospital_precondition_4261 = function(patient) {\n  var events = patient.();\n  events = events.withoutNegation();\n  var codes = getCodes(\"2.16.840.1.113883.3.666.5.3013\");\n  var start = null;\n  var end = null;\n  events = events.match(codes, start, end, true);\n\n  events = SAE(events, hqmfjs.OccurrenceAHospitalMeasuresEncounterEd70(patient), new IVL_PQ(null, new PQ(6, \"h\", true)));\n  return events;\n}\n\nhqmfjs.OccurrenceAHospitalMeasuresEncounterEd70_precondition_4263 = function(patient) {\n  var events = patient.encounters();\n  events.specific_occurrence = 'OccurrenceAHospitalMeasuresEncounterEd70'\n  events = events.withStatuses([\"performed\"]);\n  events = events.withoutNegation();\n  var codes = getCodes(\"2.16.840.1.113883.3.666.5.900\");\n  var start = null;\n  var end = null;\n  events = events.match(codes, start, end, true);\n\n  events = filterEventsByField(events, \"facilityLocationArrival\", null);\n  events = DURING(events, hqmfjs.MeasurePeriod(patient));\n  return events;\n}\n\nhqmfjs.OccurrenceAHospitalMeasuresEncounterEd70_precondition_4272 = function(patient) {\n  var events = patient.encounters();\n  events.specific_occurrence = 'OccurrenceAHospitalMeasuresEncounterEd70'\n  events = events.withStatuses([\"performed\"]);\n  events = events.withoutNegation();\n  var codes = getCodes(\"2.16.840.1.113883.3.666.5.900\");\n  var start = null;\n  var end = null;\n  events = events.match(codes, start, end, true);\n\n  events = filterEventsByField(events, \"facilityLocationArrival\", null);\n  events = DURING(events, hqmfjs.MeasurePeriod(patient));\n  return events;\n}\n\nhqmfjs.DiagnosisActiveHospitalMeasuresJointCommissionMentalDisorders_precondition_4266 = function(patient) {\n  var events = patient.allProblems();\n  events = events.withStatuses([\"active\"]);\n  events = events.withoutNegation();\n  var codes = getCodes(\"1.3.6.1.4.1.33895.1.3.0.42\");\n  var start = null;\n  var end = null;\n  events = events.match(codes, start, end, true);\n\n  events = filterEventsByField(events, \"ordinal\", new CodeList(getCodes(\"2.16.840.1.113883.3.666.5.3010\")));\n  events = SDU(events, hqmfjs.OccurrenceAHospitalMeasuresEncounterEd70(patient));\n  return events;\n}\n\nhqmfjs.TransferToHospitalMeasuresAcuteCareHospital_precondition_4268 = function(patient) {\n  var events = patient.();\n  events = events.withoutNegation();\n  var codes = getCodes(\"2.16.840.1.113883.3.666.5.3013\");\n  var start = null;\n  var end = null;\n  events = events.match(codes, start, end, true);\n\n  events = SAE(events, hqmfjs.OccurrenceAHospitalMeasuresEncounterEd70(patient), new IVL_PQ(null, new PQ(6, \"h\", true)));\n  return events;\n}\n\n\n\n        // #########################\n        // ##### MEASURE LOGIC #####\n        // #########################\n        \n        hqmfjs.initializeSpecifics = function(patient_api, hqmfjs) { Specifics.initialize(patient_api,hqmfjs,{\"id\":\"OccurrenceAHospitalMeasuresEncounterEd70\",\"type\":\"\",\"function\":\"OccurrenceAHospitalMeasuresEncounterEd70\"}) }\n\n        // INITIAL PATIENT POPULATION\n        hqmfjs.IPP = function(patient) {\n  return allTrue(  \n    allTrue(    \n      hqmfjs.TransferToHospitalMeasuresAcuteCareHospital_precondition_4261(patient),    \n      hqmfjs.OccurrenceAHospitalMeasuresEncounterEd70_precondition_4263(patient)\n    )\n  );\n};\n\n\n        // DENOMINATOR\n        hqmfjs.DENOM = function(patient) { return new Boolean(true); }\n        // NUMERATOR\n        hqmfjs.NUMER = function(patient) { return new Boolean(false); }\n        hqmfjs.DENEX = function(patient) { return new Boolean(false); }\n        hqmfjs.DENEXCEP = function(patient) { return new Boolean(false); }\n        \n\n      hqmfjs.initializeSpecifics(patient_api, hqmfjs)\n      \n      var population = function() {\n        return executeIfAvailable(hqmfjs.IPP, patient_api);\n      }\n      var denominator = function() {\n        return executeIfAvailable(hqmfjs.DENOM, patient_api);\n      }\n      var numerator = function() {\n        return executeIfAvailable(hqmfjs.NUMER, patient_api);\n      }\n      var exclusion = function() {\n        return executeIfAvailable(hqmfjs.DENEX, patient_api);\n      }\n      var denexcep = function() {\n        return executeIfAvailable(hqmfjs.DENEXCEP, patient_api);\n      }\n      \n      var executeIfAvailable = function(optionalFunction, arg) {\n        if (typeof(optionalFunction)==='function')\n          return optionalFunction(arg);\n        else\n          return false;\n      }\n\n      if (Logger.enabled) enableMeasureLogging(hqmfjs);\n\n      map(patient, population, denominator, numerator, exclusion, denexcep);\n      \n      };\n      ",
  "sub_id": "d",
  "subtitle": "RS3: With Acute care hospital transfer",
  "short_subtitle": "RS3: With Acute care hospital transfer",
  "data_criteria": [
    {
      "OccurrenceAHospitalMeasuresEncounterEd70_precondition_4245": {
        "title": "Hospital Measures - Encounter ED",
        "description": "Encounter, Performed: Hospital Measures - Encounter ED",
        "standard_category": "encounter",
        "qds_data_type": "encounter",
        "code_list_id": "2.16.840.1.113883.3.666.5.900",
        "type": "encounters",
        "definition": "encounter",
        "status": "performed",
        "hard_status": false,
        "negation": false,
        "specific_occurrence": "A",
        "source_data_criteria": "OccurrenceAHospitalMeasuresEncounterEd70",
        "field_values": {
          "FACILITY_LOCATION_ARRIVAL_DATETIME": "null"
        },
        "temporal_references": [
          {
            "type": "DURING",
            "reference": "MeasurePeriod"
          }
        ]
      }
    },
    {
      "EncounterPerformedHospitalMeasuresEncounterInpatient_precondition_4248": {
        "title": "Hospital Measures-Encounter Inpatient",
        "description": "Encounter, Performed: Hospital Measures-Encounter Inpatient",
        "standard_category": "encounter",
        "qds_data_type": "encounter",
        "code_list_id": "2.16.840.1.113883.3.666.5.625",
        "type": "encounters",
        "definition": "encounter",
        "status": "performed",
        "hard_status": false,
        "negation": false,
        "source_data_criteria": "EncounterPerformedHospitalMeasuresEncounterInpatient",
        "temporal_references": [
          {
            "type": "SAE",
            "reference": "OccurrenceAHospitalMeasuresEncounterEd70",
            "range": {
              "type": "IVL_PQ",
              "high": {
                "type": "PQ",
                "unit": "h",
                "value": "6",
                "inclusive?": true,
                "derived?": false
              }
            }
          }
        ]
      }
    },
    {
      "OccurrenceAHospitalMeasuresEncounterEd70": {
        "title": "Hospital Measures - Encounter ED",
        "description": "Encounter, Performed: Hospital Measures - Encounter ED",
        "standard_category": "encounter",
        "qds_data_type": "encounter",
        "code_list_id": "2.16.840.1.113883.3.666.5.900",
        "type": "encounters",
        "definition": "encounter",
        "status": "performed",
        "hard_status": false,
        "negation": false,
        "specific_occurrence": "A",
        "source_data_criteria": "OccurrenceAHospitalMeasuresEncounterEd70"
      }
    },
    {
      "OccurrenceAHospitalMeasuresEncounterEd70_precondition_4250": {
        "title": "Hospital Measures - Encounter ED",
        "description": "Encounter, Performed: Hospital Measures - Encounter ED",
        "standard_category": "encounter",
        "qds_data_type": "encounter",
        "code_list_id": "2.16.840.1.113883.3.666.5.900",
        "type": "encounters",
        "definition": "encounter",
        "status": "performed",
        "hard_status": false,
        "negation": false,
        "specific_occurrence": "A",
        "source_data_criteria": "OccurrenceAHospitalMeasuresEncounterEd70",
        "field_values": {
          "DISCHARGE_STATUS": {
            "type": "CD",
            "code_list_id": "2.16.840.1.113883.3.666.5.1146",
            "title": "Hospital Measures - Expired"
          }
        }
      }
    },
    {
      "OccurrenceAHospitalMeasuresEncounterEd70_precondition_4253": {
        "title": "Hospital Measures - Encounter ED",
        "description": "Encounter, Performed: Hospital Measures - Encounter ED",
        "standard_category": "encounter",
        "qds_data_type": "encounter",
        "code_list_id": "2.16.840.1.113883.3.666.5.900",
        "type": "encounters",
        "definition": "encounter",
        "status": "performed",
        "hard_status": false,
        "negation": false,
        "specific_occurrence": "A",
        "source_data_criteria": "OccurrenceAHospitalMeasuresEncounterEd70",
        "field_values": {
          "FACILITY_LOCATION_ARRIVAL_DATETIME": "null"
        },
        "temporal_references": [
          {
            "type": "DURING",
            "reference": "MeasurePeriod"
          }
        ]
      }
    },
    {
      "DiagnosisActiveHospitalMeasuresJointCommissionMentalDisorders_precondition_4256": {
        "title": "Hospital Measures-Joint Commission Mental Disorders",
        "description": "Diagnosis, Active: Hospital Measures-Joint Commission Mental Disorders",
        "standard_category": "diagnosis_condition_problem",
        "qds_data_type": "diagnosis_active",
        "code_list_id": "1.3.6.1.4.1.33895.1.3.0.42",
        "type": "conditions",
        "definition": "diagnosis",
        "status": "active",
        "hard_status": false,
        "negation": false,
        "source_data_criteria": "DiagnosisActiveHospitalMeasuresJointCommissionMentalDisorders",
        "field_values": {
          "ORDINAL": {
            "type": "CD",
            "code_list_id": "2.16.840.1.113883.3.666.5.3010",
            "title": "Hospital Measures - Principal"
          }
        },
        "temporal_references": [
          {
            "type": "SDU",
            "reference": "OccurrenceAHospitalMeasuresEncounterEd70"
          }
        ]
      }
    },
    {
      "OccurrenceAHospitalMeasuresEncounterEd70_precondition_4258": {
        "title": "Hospital Measures - Encounter ED",
        "description": "Encounter, Performed: Hospital Measures - Encounter ED",
        "standard_category": "encounter",
        "qds_data_type": "encounter",
        "code_list_id": "2.16.840.1.113883.3.666.5.900",
        "type": "encounters",
        "definition": "encounter",
        "status": "performed",
        "hard_status": false,
        "negation": false,
        "specific_occurrence": "A",
        "source_data_criteria": "OccurrenceAHospitalMeasuresEncounterEd70",
        "field_values": {
          "FACILITY_LOCATION_ARRIVAL_DATETIME": "null"
        },
        "temporal_references": [
          {
            "type": "DURING",
            "reference": "MeasurePeriod"
          }
        ]
      }
    },
    {
      "TransferToHospitalMeasuresAcuteCareHospital_precondition_4261": {
        "title": "Hospital Measures-Acute care hospital",
        "description": "Transfer To: Hospital Measures-Acute care hospital",
        "standard_category": "",
        "qds_data_type": "",
        "code_list_id": "2.16.840.1.113883.3.666.5.3013",
        "type": "transfers",
        "definition": "transfer_to",
        "hard_status": false,
        "negation": false,
        "source_data_criteria": "TransferToHospitalMeasuresAcuteCareHospital",
        "temporal_references": [
          {
            "type": "SAE",
            "reference": "OccurrenceAHospitalMeasuresEncounterEd70",
            "range": {
              "type": "IVL_PQ",
              "high": {
                "type": "PQ",
                "unit": "h",
                "value": "6",
                "inclusive?": true,
                "derived?": false
              }
            }
          }
        ]
      }
    },
    {
      "OccurrenceAHospitalMeasuresEncounterEd70_precondition_4263": {
        "title": "Hospital Measures - Encounter ED",
        "description": "Encounter, Performed: Hospital Measures - Encounter ED",
        "standard_category": "encounter",
        "qds_data_type": "encounter",
        "code_list_id": "2.16.840.1.113883.3.666.5.900",
        "type": "encounters",
        "definition": "encounter",
        "status": "performed",
        "hard_status": false,
        "negation": false,
        "specific_occurrence": "A",
        "source_data_criteria": "OccurrenceAHospitalMeasuresEncounterEd70",
        "field_values": {
          "FACILITY_LOCATION_ARRIVAL_DATETIME": "null"
        },
        "temporal_references": [
          {
            "type": "DURING",
            "reference": "MeasurePeriod"
          }
        ]
      }
    },
    {
      "OccurrenceAHospitalMeasuresEncounterEd70_precondition_4272": {
        "title": "Hospital Measures - Encounter ED",
        "description": "Encounter, Performed: Hospital Measures - Encounter ED",
        "standard_category": "encounter",
        "qds_data_type": "encounter",
        "code_list_id": "2.16.840.1.113883.3.666.5.900",
        "type": "encounters",
        "definition": "encounter",
        "status": "performed",
        "hard_status": false,
        "negation": false,
        "specific_occurrence": "A",
        "source_data_criteria": "OccurrenceAHospitalMeasuresEncounterEd70",
        "field_values": {
          "FACILITY_LOCATION_ARRIVAL_DATETIME": "null"
        },
        "temporal_references": [
          {
            "type": "DURING",
            "reference": "MeasurePeriod"
          }
        ]
      }
    },
    {
      "DiagnosisActiveHospitalMeasuresJointCommissionMentalDisorders_precondition_4266": {
        "title": "Hospital Measures-Joint Commission Mental Disorders",
        "description": "Diagnosis, Active: Hospital Measures-Joint Commission Mental Disorders",
        "standard_category": "diagnosis_condition_problem",
        "qds_data_type": "diagnosis_active",
        "code_list_id": "1.3.6.1.4.1.33895.1.3.0.42",
        "type": "conditions",
        "definition": "diagnosis",
        "status": "active",
        "hard_status": false,
        "negation": false,
        "source_data_criteria": "DiagnosisActiveHospitalMeasuresJointCommissionMentalDisorders",
        "field_values": {
          "ORDINAL": {
            "type": "CD",
            "code_list_id": "2.16.840.1.113883.3.666.5.3010",
            "title": "Hospital Measures - Principal"
          }
        },
        "temporal_references": [
          {
            "type": "SDU",
            "reference": "OccurrenceAHospitalMeasuresEncounterEd70"
          }
        ]
      }
    },
    {
      "TransferToHospitalMeasuresAcuteCareHospital_precondition_4268": {
        "title": "Hospital Measures-Acute care hospital",
        "description": "Transfer To: Hospital Measures-Acute care hospital",
        "standard_category": "",
        "qds_data_type": "",
        "code_list_id": "2.16.840.1.113883.3.666.5.3013",
        "type": "transfers",
        "definition": "transfer_to",
        "hard_status": false,
        "negation": false,
        "source_data_criteria": "TransferToHospitalMeasuresAcuteCareHospital",
        "temporal_references": [
          {
            "type": "SAE",
            "reference": "OccurrenceAHospitalMeasuresEncounterEd70",
            "range": {
              "type": "IVL_PQ",
              "high": {
                "type": "PQ",
                "unit": "h",
                "value": "6",
                "inclusive?": true,
                "derived?": false
              }
            }
          }
        ]
      }
    }
  ],
  "oids": [
    "2.16.840.1.113883.3.666.5.625",
    "1.3.6.1.4.1.33895.1.3.0.42",
    "2.16.840.1.113883.3.666.5.1146",
    "2.16.840.1.113883.3.666.5.754",
    "2.16.840.1.113883.3.666.5.900",
    "2.16.840.1.113883.3.666.5.975",
    "2.16.840.1.113883.3.666.5.976",
    "2.16.840.1.113883.3.666.5.1147",
    "2.16.840.1.113883.3.666.5.1148",
    "2.16.840.1.113883.3.666.5.3010",
    "2.16.840.1.113883.3.666.5.3013"
  ],
  "population_ids": {
    "IPP": "0B91E920-C4B4-4716-A26A-04491F62B1FB",
    "MSRPOPL": "F993A1D1-2EAE-4FE9-B8A8-D21899ACA108",
    "stratification": "C0102CF4-F528-4B6C-A804-2C31A55F4F00"
  }
}