{
  "id": "8A4D92B2-3887-5DF3-0139-0C4E00454B35",
  "nqf_id": "0497",
  "hqmf_id": "8A4D92B2-3887-5DF3-0139-0C4E00454B35",
  "hqmf_set_id": "979F21BD-3F93-4CDD-8273-B23DFE9C0513",
  "hqmf_version_number": 1,
  "endorser": null,
  "name": "Median Admit Decision Time to ED Departure Time for Admitted Patients",
  "description": "Median time (in minutes) from admit decision time to time of departure from the emergency department for emergency department patients admitted to inpatient status.",
  "type": "eh",
  "category": "Emergency Department",
  "steward": null,
  "population": {
    "conjunction": "and",
    "items": [
      {
        "conjunction": "and",
        "items": [
          {
            "title": "Encounter Inpatient",
            "description": "Encounter, Performed: Encounter Inpatient",
            "standard_category": "encounter",
            "qds_data_type": "encounter",
            "code_list_id": "2.16.840.1.113883.3.666.5.307",
            "type": "encounters",
            "definition": "encounter",
            "status": "performed",
            "hard_status": false,
            "negation": false,
            "specific_occurrence": "A",
            "source_data_criteria": "OccurrenceAEncounterInpatient71",
            "field_values": {
              "LENGTH_OF_STAY": {
                "type": "IVL_PQ",
                "high": {
                  "type": "PQ",
                  "unit": "d",
                  "value": "120",
                  "inclusive?": true,
                  "derived?": false
                }
              }
            }
          },
          {
            "title": "Encounter Inpatient",
            "description": "Encounter, Performed: Encounter Inpatient",
            "standard_category": "encounter",
            "qds_data_type": "encounter",
            "code_list_id": "2.16.840.1.113883.3.666.5.307",
            "type": "encounters",
            "definition": "encounter",
            "status": "performed",
            "hard_status": false,
            "negation": false,
            "specific_occurrence": "A",
            "source_data_criteria": "OccurrenceAEncounterInpatient71",
            "field_values": {
              "DISCHARGE_DATETIME": {
                "type": "ANYNonNull"
              }
            },
            "temporal_references": [
              {
                "type": "DURING",
                "reference": "MeasurePeriod",
                "title": "MeasurePeriod"
              }
            ]
          }
        ],
        "negation": null,
        "precondition_id": 4280
      }
    ]
  },
  "denominator": null,
  "numerator": null,
  "exclusions": null,
  "map_fn": "function() {\n        var patient = this;\n        var effective_date = <%= effective_date %>;\n\n        hqmfjs = {}\n        <%= init_js_frameworks %>\n        \n        \n      var patient_api = new hQuery.Patient(patient);\n\n      \n\n      // clear out logger\n      if (typeof Logger != 'undefined') Logger.logger = [];\n      // turn on logging if it is enabled\n      if (Logger.enabled) enableLogging();\n      \n      \n        // #########################\n        // ##### DATA ELEMENTS #####\n        // #########################\n\n        OidDictionary = <%= oid_dictionary %>;\n        \n        // Measure variables\nvar MeasurePeriod = {\n  \"low\": new TS(\"20100101\", null, true),\n  \"high\": new TS(\"20110101\", null, true)\n}\nhqmfjs.MeasurePeriod = function(patient) {\n  return [new hQuery.CodedEntry(\n    {\n      \"start_time\": MeasurePeriod.low.asDate().getTime()/1000,\n      \"end_time\": MeasurePeriod.high.asDate().getTime()/1000,\n      \"codes\": {}\n    }\n  )];\n}\nif (typeof effective_date === 'number') {\n  MeasurePeriod.high.date = new Date(1000*effective_date);\n  MeasurePeriod.low.date = new Date(1000*effective_date);\n  MeasurePeriod.low.date.setFullYear(MeasurePeriod.low.date.getFullYear()-1);\n}\n\n// Data critera\nhqmfjs.OccurrenceAEncounterInpatient71 = function(patient) {\n  var events = patient.encounters();\n  events.specific_occurrence = 'OccurrenceAEncounterInpatient71'\n  events = events.withStatuses([\"performed\"]);\n  events = events.withoutNegation();\n  var codes = getCodes(\"2.16.840.1.113883.3.666.5.307\");\n  var start = null;\n  var end = null;\n  events = events.match(codes, start, end, true);\n\n  events.specificContext=new Specifics(Row.buildForDataCriteria(events.specific_occurrence, events))\n  return events;\n}\n\nhqmfjs.OccurrenceAEmergencyDepartmentVisit72 = function(patient) {\n  var events = patient.encounters();\n  events.specific_occurrence = 'OccurrenceAEmergencyDepartmentVisit72'\n  events = events.withStatuses([\"performed\"]);\n  events = events.withoutNegation();\n  var codes = getCodes(\"2.16.840.1.113883.3.117.1.7.1.293\");\n  var start = null;\n  var end = null;\n  events = events.match(codes, start, end, true);\n\n  events.specificContext=new Specifics(Row.buildForDataCriteria(events.specific_occurrence, events))\n  return events;\n}\n\nhqmfjs.OccurrenceADecisionToAdmitToHospitalInpatient73 = function(patient) {\n  var events = patient.encounters();\n  events.specific_occurrence = 'OccurrenceADecisionToAdmitToHospitalInpatient73'\n  events = events.withStatuses([\"ordered\"]);\n  events = events.withoutNegation();\n  var codes = getCodes(\"2.16.840.1.113883.3.117.1.7.1.295\");\n  var start = null;\n  var end = null;\n  events = events.match(codes, start, end, true);\n\n  events.specificContext=new Specifics(Row.buildForDataCriteria(events.specific_occurrence, events))\n  return events;\n}\n\nhqmfjs.EncounterOrderDecisionToAdmitToHospitalInpatient = function(patient) {\n  var events = patient.encounters();\n  events = events.withStatuses([\"ordered\"]);\n  events = events.withoutNegation();\n  var codes = getCodes(\"2.16.840.1.113883.3.117.1.7.1.295\");\n  var start = null;\n  var end = null;\n  events = events.match(codes, start, end, true);\n\n  events.specificContext=Specifics.identity()\n  return events;\n}\n\nhqmfjs.EncounterPerformedEncounterInpatient = function(patient) {\n  var events = patient.encounters();\n  events = events.withStatuses([\"performed\"]);\n  events = events.withoutNegation();\n  var codes = getCodes(\"2.16.840.1.113883.3.666.5.307\");\n  var start = null;\n  var end = null;\n  events = events.match(codes, start, end, true);\n\n  events.specificContext=Specifics.identity()\n  return events;\n}\n\nhqmfjs.EncounterPerformedEmergencyDepartmentVisit = function(patient) {\n  var events = patient.encounters();\n  events = events.withStatuses([\"performed\"]);\n  events = events.withoutNegation();\n  var codes = getCodes(\"2.16.840.1.113883.3.117.1.7.1.293\");\n  var start = null;\n  var end = null;\n  events = events.match(codes, start, end, true);\n\n  events.specificContext=Specifics.identity()\n  return events;\n}\n\nhqmfjs.OccurrenceAEncounterInpatient71 = function(patient) {\n  var events = patient.encounters();\n  events.specific_occurrence = 'OccurrenceAEncounterInpatient71'\n  events = events.withStatuses([\"performed\"]);\n  events = events.withoutNegation();\n  var codes = getCodes(\"2.16.840.1.113883.3.666.5.307\");\n  var start = null;\n  var end = null;\n  events = events.match(codes, start, end, true);\n\n  events.specificContext=new Specifics(Row.buildForDataCriteria(events.specific_occurrence, events))\n  return events;\n}\n\nhqmfjs.OccurrenceAEmergencyDepartmentVisit72 = function(patient) {\n  var events = patient.encounters();\n  events.specific_occurrence = 'OccurrenceAEmergencyDepartmentVisit72'\n  events = events.withStatuses([\"performed\"]);\n  events = events.withoutNegation();\n  var codes = getCodes(\"2.16.840.1.113883.3.117.1.7.1.293\");\n  var start = null;\n  var end = null;\n  events = events.match(codes, start, end, true);\n\n  events.specificContext=new Specifics(Row.buildForDataCriteria(events.specific_occurrence, events))\n  return events;\n}\n\nhqmfjs.OccurrenceAEncounterInpatient71_precondition_4276 = function(patient) {\n  var events = patient.encounters();\n  events.specific_occurrence = 'OccurrenceAEncounterInpatient71'\n  events = events.withStatuses([\"performed\"]);\n  events = events.withoutNegation();\n  var codes = getCodes(\"2.16.840.1.113883.3.666.5.307\");\n  var start = null;\n  var end = null;\n  events = events.match(codes, start, end, true);\n\n  events = filterEventsByField(events, \"lengthOfStay\", new IVL_PQ(null, new PQ(120, \"d\", true)));\n  events.specificContext=new Specifics(Row.buildForDataCriteria(events.specific_occurrence, events))\n  return events;\n}\n\nhqmfjs.OccurrenceAEncounterInpatient71_precondition_4278 = function(patient) {\n  var events = patient.encounters();\n  events.specific_occurrence = 'OccurrenceAEncounterInpatient71'\n  events = events.withStatuses([\"performed\"]);\n  events = events.withoutNegation();\n  var codes = getCodes(\"2.16.840.1.113883.3.666.5.307\");\n  var start = null;\n  var end = null;\n  events = events.match(codes, start, end, true);\n\n  events = filterEventsByField(events, \"dischargeDatetime\", new ANYNonNull());\n  events = DURING(events, hqmfjs.MeasurePeriod(patient));\n  return events;\n}\n\nhqmfjs.OccurrenceAEmergencyDepartmentVisit72_precondition_4281 = function(patient) {\n  var events = patient.encounters();\n  events.specific_occurrence = 'OccurrenceAEmergencyDepartmentVisit72'\n  events = events.withStatuses([\"performed\"]);\n  events = events.withoutNegation();\n  var codes = getCodes(\"2.16.840.1.113883.3.117.1.7.1.293\");\n  var start = null;\n  var end = null;\n  events = events.match(codes, start, end, true);\n\n  events = EBS(events, hqmfjs.OccurrenceAEncounterInpatient71(patient), new IVL_PQ(null, new PQ(1, \"h\", true)));\n  return events;\n}\n\nhqmfjs.OccurrenceADecisionToAdmitToHospitalInpatient73_precondition_4283 = function(patient) {\n  var events = patient.encounters();\n  events.specific_occurrence = 'OccurrenceADecisionToAdmitToHospitalInpatient73'\n  events = events.withStatuses([\"ordered\"]);\n  events = events.withoutNegation();\n  var codes = getCodes(\"2.16.840.1.113883.3.117.1.7.1.295\");\n  var start = null;\n  var end = null;\n  events = events.match(codes, start, end, true);\n\n  events = DURING(events, hqmfjs.OccurrenceAEmergencyDepartmentVisit72(patient));\n  return events;\n}\n\nhqmfjs.OccurrenceAEmergencyDepartmentVisit72_precondition_4286 = function(patient) {\n  var events = patient.encounters();\n  events.specific_occurrence = 'OccurrenceAEmergencyDepartmentVisit72'\n  events = events.withStatuses([\"performed\"]);\n  events = events.withoutNegation();\n  var codes = getCodes(\"2.16.840.1.113883.3.117.1.7.1.293\");\n  var start = null;\n  var end = null;\n  events = events.match(codes, start, end, true);\n\n  events = EBS(events, hqmfjs.OccurrenceAEncounterInpatient71(patient), new IVL_PQ(null, new PQ(1, \"h\", true)));\n  return events;\n}\n\nhqmfjs.OccurrenceAEncounterInpatient71_precondition_4288 = function(patient) {\n  var events = patient.encounters();\n  events.specific_occurrence = 'OccurrenceAEncounterInpatient71'\n  events = events.withStatuses([\"performed\"]);\n  events = events.withoutNegation();\n  var codes = getCodes(\"2.16.840.1.113883.3.666.5.307\");\n  var start = null;\n  var end = null;\n  events = events.match(codes, start, end, true);\n\n  events = filterEventsByField(events, \"lengthOfStay\", new IVL_PQ(null, new PQ(120, \"d\", true)));\n  events.specificContext=new Specifics(Row.buildForDataCriteria(events.specific_occurrence, events))\n  return events;\n}\n\nhqmfjs.OccurrenceAEncounterInpatient71_precondition_4290 = function(patient) {\n  var events = patient.encounters();\n  events.specific_occurrence = 'OccurrenceAEncounterInpatient71'\n  events = events.withStatuses([\"performed\"]);\n  events = events.withoutNegation();\n  var codes = getCodes(\"2.16.840.1.113883.3.666.5.307\");\n  var start = null;\n  var end = null;\n  events = events.match(codes, start, end, true);\n\n  events = filterEventsByField(events, \"dischargeDatetime\", new ANYNonNull());\n  events = DURING(events, hqmfjs.MeasurePeriod(patient));\n  return events;\n}\n\nhqmfjs.OccurrenceAEncounterInpatient71_precondition_4295 = function(patient) {\n  var events = patient.encounters();\n  events.specific_occurrence = 'OccurrenceAEncounterInpatient71'\n  events = events.withStatuses([\"performed\"]);\n  events = events.withoutNegation();\n  var codes = getCodes(\"2.16.840.1.113883.3.666.5.307\");\n  var start = null;\n  var end = null;\n  events = events.match(codes, start, end, true);\n\n  events = filterEventsByField(events, \"lengthOfStay\", new IVL_PQ(null, new PQ(120, \"d\", true)));\n  events.specificContext=new Specifics(Row.buildForDataCriteria(events.specific_occurrence, events))\n  return events;\n}\n\nhqmfjs.OccurrenceAEncounterInpatient71_precondition_4297 = function(patient) {\n  var events = patient.encounters();\n  events.specific_occurrence = 'OccurrenceAEncounterInpatient71'\n  events = events.withStatuses([\"performed\"]);\n  events = events.withoutNegation();\n  var codes = getCodes(\"2.16.840.1.113883.3.666.5.307\");\n  var start = null;\n  var end = null;\n  events = events.match(codes, start, end, true);\n\n  events = filterEventsByField(events, \"dischargeDatetime\", new ANYNonNull());\n  events = DURING(events, hqmfjs.MeasurePeriod(patient));\n  return events;\n}\n\nhqmfjs.DiagnosisActivePsychiatricMentalHealthPatient_precondition_4293 = function(patient) {\n  var events = patient.allProblems();\n  events = events.withStatuses([\"active\"]);\n  events = events.withoutNegation();\n  var codes = getCodes(\"2.16.840.1.113883.3.117.1.7.1.299\");\n  var start = null;\n  var end = null;\n  events = events.match(codes, start, end, true);\n\n  events = filterEventsByField(events, \"ordinal\", new CodeList(getCodes(\"2.16.840.1.113883.3.117.2.7.1.14\")));\n  events = SDU(events, hqmfjs.OccurrenceAEmergencyDepartmentVisit72(patient));\n  return events;\n}\n\nhqmfjs.DiagnosisActivePsychiatricMentalHealthPatient_precondition_4301 = function(patient) {\n  var events = patient.allProblems();\n  events = events.withStatuses([\"active\"]);\n  events = events.withoutNegation();\n  var codes = getCodes(\"2.16.840.1.113883.3.117.1.7.1.299\");\n  var start = null;\n  var end = null;\n  events = events.match(codes, start, end, true);\n\n  events = filterEventsByField(events, \"ordinal\", new CodeList(getCodes(\"2.16.840.1.113883.3.117.2.7.1.14\")));\n  events = SDU(events, hqmfjs.OccurrenceAEmergencyDepartmentVisit72(patient));\n  return events;\n}\n\nhqmfjs.OccurrenceAEncounterInpatient71_precondition_4303 = function(patient) {\n  var events = patient.encounters();\n  events.specific_occurrence = 'OccurrenceAEncounterInpatient71'\n  events = events.withStatuses([\"performed\"]);\n  events = events.withoutNegation();\n  var codes = getCodes(\"2.16.840.1.113883.3.666.5.307\");\n  var start = null;\n  var end = null;\n  events = events.match(codes, start, end, true);\n\n  events = filterEventsByField(events, \"lengthOfStay\", new IVL_PQ(null, new PQ(120, \"d\", true)));\n  events.specificContext=new Specifics(Row.buildForDataCriteria(events.specific_occurrence, events))\n  return events;\n}\n\nhqmfjs.OccurrenceAEncounterInpatient71_precondition_4305 = function(patient) {\n  var events = patient.encounters();\n  events.specific_occurrence = 'OccurrenceAEncounterInpatient71'\n  events = events.withStatuses([\"performed\"]);\n  events = events.withoutNegation();\n  var codes = getCodes(\"2.16.840.1.113883.3.666.5.307\");\n  var start = null;\n  var end = null;\n  events = events.match(codes, start, end, true);\n\n  events = filterEventsByField(events, \"dischargeDatetime\", new ANYNonNull());\n  events = DURING(events, hqmfjs.MeasurePeriod(patient));\n  return events;\n}\n\n\n\n        // #########################\n        // ##### MEASURE LOGIC #####\n        // #########################\n        \n        hqmfjs.initializeSpecifics = function(patient_api, hqmfjs) { Specifics.initialize(patient_api,hqmfjs,{\"id\":\"OccurrenceAEncounterInpatient71\",\"type\":\"\",\"function\":\"OccurrenceAEncounterInpatient71\"},{\"id\":\"OccurrenceAEmergencyDepartmentVisit72\",\"type\":\"\",\"function\":\"OccurrenceAEmergencyDepartmentVisit72\"},{\"id\":\"OccurrenceADecisionToAdmitToHospitalInpatient73\",\"type\":\"\",\"function\":\"OccurrenceADecisionToAdmitToHospitalInpatient73\"}) }\n\n        // INITIAL PATIENT POPULATION\n        hqmfjs.IPP = function(patient) {\n  return allTrue(  \n    allTrue(    \n      hqmfjs.OccurrenceAEncounterInpatient71_precondition_4276(patient),    \n      hqmfjs.OccurrenceAEncounterInpatient71_precondition_4278(patient)\n    )\n  );\n};\n\n\n        // DENOMINATOR\n        hqmfjs.DENOM = function(patient) { return new Boolean(true); }\n        // NUMERATOR\n        hqmfjs.NUMER = function(patient) { return new Boolean(false); }\n        hqmfjs.DENEX = function(patient) { return new Boolean(false); }\n        hqmfjs.DENEXCEP = function(patient) { return new Boolean(false); }\n        \n\n      hqmfjs.initializeSpecifics(patient_api, hqmfjs)\n      \n      var population = function() {\n        return executeIfAvailable(hqmfjs.IPP, patient_api);\n      }\n      var denominator = function() {\n        return executeIfAvailable(hqmfjs.DENOM, patient_api);\n      }\n      var numerator = function() {\n        return executeIfAvailable(hqmfjs.NUMER, patient_api);\n      }\n      var exclusion = function() {\n        return executeIfAvailable(hqmfjs.DENEX, patient_api);\n      }\n      var denexcep = function() {\n        return executeIfAvailable(hqmfjs.DENEXCEP, patient_api);\n      }\n      \n      var executeIfAvailable = function(optionalFunction, arg) {\n        if (typeof(optionalFunction)==='function')\n          return optionalFunction(arg);\n        else\n          return false;\n      }\n\n      if (Logger.enabled) enableMeasureLogging(hqmfjs);\n\n      map(patient, population, denominator, numerator, exclusion, denexcep);\n      \n      };\n      ",
  "sub_id": "a",
  "subtitle": "Unstratified",
  "short_subtitle": "Unstratified",
  "data_criteria": [
    {
      "OccurrenceAEncounterInpatient71_precondition_4276": {
        "title": "Encounter Inpatient",
        "description": "Encounter, Performed: Encounter Inpatient",
        "standard_category": "encounter",
        "qds_data_type": "encounter",
        "code_list_id": "2.16.840.1.113883.3.666.5.307",
        "type": "encounters",
        "definition": "encounter",
        "status": "performed",
        "hard_status": false,
        "negation": false,
        "specific_occurrence": "A",
        "source_data_criteria": "OccurrenceAEncounterInpatient71",
        "field_values": {
          "LENGTH_OF_STAY": {
            "type": "IVL_PQ",
            "high": {
              "type": "PQ",
              "unit": "d",
              "value": "120",
              "inclusive?": true,
              "derived?": false
            }
          }
        }
      }
    },
    {
      "OccurrenceAEncounterInpatient71_precondition_4278": {
        "title": "Encounter Inpatient",
        "description": "Encounter, Performed: Encounter Inpatient",
        "standard_category": "encounter",
        "qds_data_type": "encounter",
        "code_list_id": "2.16.840.1.113883.3.666.5.307",
        "type": "encounters",
        "definition": "encounter",
        "status": "performed",
        "hard_status": false,
        "negation": false,
        "specific_occurrence": "A",
        "source_data_criteria": "OccurrenceAEncounterInpatient71",
        "field_values": {
          "DISCHARGE_DATETIME": {
            "type": "ANYNonNull"
          }
        },
        "temporal_references": [
          {
            "type": "DURING",
            "reference": "MeasurePeriod"
          }
        ]
      }
    },
    {
      "OccurrenceAEmergencyDepartmentVisit72_precondition_4281": {
        "title": "Emergency Department Visit",
        "description": "Encounter, Performed: Emergency Department Visit",
        "standard_category": "encounter",
        "qds_data_type": "encounter",
        "code_list_id": "2.16.840.1.113883.3.117.1.7.1.293",
        "type": "encounters",
        "definition": "encounter",
        "status": "performed",
        "hard_status": false,
        "negation": false,
        "specific_occurrence": "A",
        "source_data_criteria": "OccurrenceAEmergencyDepartmentVisit72",
        "temporal_references": [
          {
            "type": "EBS",
            "reference": "OccurrenceAEncounterInpatient71",
            "range": {
              "type": "IVL_PQ",
              "high": {
                "type": "PQ",
                "unit": "h",
                "value": "1",
                "inclusive?": true,
                "derived?": false
              }
            }
          }
        ]
      }
    },
    {
      "OccurrenceAEncounterInpatient71": {
        "title": "Encounter Inpatient",
        "description": "Encounter, Performed: Encounter Inpatient",
        "standard_category": "encounter",
        "qds_data_type": "encounter",
        "code_list_id": "2.16.840.1.113883.3.666.5.307",
        "type": "encounters",
        "definition": "encounter",
        "status": "performed",
        "hard_status": false,
        "negation": false,
        "specific_occurrence": "A",
        "source_data_criteria": "OccurrenceAEncounterInpatient71"
      }
    },
    {
      "OccurrenceADecisionToAdmitToHospitalInpatient73_precondition_4283": {
        "title": "Decision to Admit to Hospital Inpatient",
        "description": "Encounter, Ordered: Decision to Admit to Hospital Inpatient",
        "standard_category": "encounter",
        "qds_data_type": "encounter",
        "code_list_id": "2.16.840.1.113883.3.117.1.7.1.295",
        "type": "encounters",
        "definition": "encounter",
        "status": "ordered",
        "hard_status": false,
        "negation": false,
        "specific_occurrence": "A",
        "source_data_criteria": "OccurrenceADecisionToAdmitToHospitalInpatient73",
        "temporal_references": [
          {
            "type": "DURING",
            "reference": "OccurrenceAEmergencyDepartmentVisit72"
          }
        ]
      }
    },
    {
      "OccurrenceAEmergencyDepartmentVisit72": {
        "title": "Emergency Department Visit",
        "description": "Encounter, Performed: Emergency Department Visit",
        "standard_category": "encounter",
        "qds_data_type": "encounter",
        "code_list_id": "2.16.840.1.113883.3.117.1.7.1.293",
        "type": "encounters",
        "definition": "encounter",
        "status": "performed",
        "hard_status": false,
        "negation": false,
        "specific_occurrence": "A",
        "source_data_criteria": "OccurrenceAEmergencyDepartmentVisit72"
      }
    },
    {
      "OccurrenceAEmergencyDepartmentVisit72_precondition_4286": {
        "title": "Emergency Department Visit",
        "description": "Encounter, Performed: Emergency Department Visit",
        "standard_category": "encounter",
        "qds_data_type": "encounter",
        "code_list_id": "2.16.840.1.113883.3.117.1.7.1.293",
        "type": "encounters",
        "definition": "encounter",
        "status": "performed",
        "hard_status": false,
        "negation": false,
        "specific_occurrence": "A",
        "source_data_criteria": "OccurrenceAEmergencyDepartmentVisit72",
        "temporal_references": [
          {
            "type": "EBS",
            "reference": "OccurrenceAEncounterInpatient71",
            "range": {
              "type": "IVL_PQ",
              "high": {
                "type": "PQ",
                "unit": "h",
                "value": "1",
                "inclusive?": true,
                "derived?": false
              }
            }
          }
        ]
      }
    },
    {
      "OccurrenceAEncounterInpatient71_precondition_4288": {
        "title": "Encounter Inpatient",
        "description": "Encounter, Performed: Encounter Inpatient",
        "standard_category": "encounter",
        "qds_data_type": "encounter",
        "code_list_id": "2.16.840.1.113883.3.666.5.307",
        "type": "encounters",
        "definition": "encounter",
        "status": "performed",
        "hard_status": false,
        "negation": false,
        "specific_occurrence": "A",
        "source_data_criteria": "OccurrenceAEncounterInpatient71",
        "field_values": {
          "LENGTH_OF_STAY": {
            "type": "IVL_PQ",
            "high": {
              "type": "PQ",
              "unit": "d",
              "value": "120",
              "inclusive?": true,
              "derived?": false
            }
          }
        }
      }
    },
    {
      "OccurrenceAEncounterInpatient71_precondition_4290": {
        "title": "Encounter Inpatient",
        "description": "Encounter, Performed: Encounter Inpatient",
        "standard_category": "encounter",
        "qds_data_type": "encounter",
        "code_list_id": "2.16.840.1.113883.3.666.5.307",
        "type": "encounters",
        "definition": "encounter",
        "status": "performed",
        "hard_status": false,
        "negation": false,
        "specific_occurrence": "A",
        "source_data_criteria": "OccurrenceAEncounterInpatient71",
        "field_values": {
          "DISCHARGE_DATETIME": {
            "type": "ANYNonNull"
          }
        },
        "temporal_references": [
          {
            "type": "DURING",
            "reference": "MeasurePeriod"
          }
        ]
      }
    },
    {
      "OccurrenceAEncounterInpatient71_precondition_4295": {
        "title": "Encounter Inpatient",
        "description": "Encounter, Performed: Encounter Inpatient",
        "standard_category": "encounter",
        "qds_data_type": "encounter",
        "code_list_id": "2.16.840.1.113883.3.666.5.307",
        "type": "encounters",
        "definition": "encounter",
        "status": "performed",
        "hard_status": false,
        "negation": false,
        "specific_occurrence": "A",
        "source_data_criteria": "OccurrenceAEncounterInpatient71",
        "field_values": {
          "LENGTH_OF_STAY": {
            "type": "IVL_PQ",
            "high": {
              "type": "PQ",
              "unit": "d",
              "value": "120",
              "inclusive?": true,
              "derived?": false
            }
          }
        }
      }
    },
    {
      "OccurrenceAEncounterInpatient71_precondition_4297": {
        "title": "Encounter Inpatient",
        "description": "Encounter, Performed: Encounter Inpatient",
        "standard_category": "encounter",
        "qds_data_type": "encounter",
        "code_list_id": "2.16.840.1.113883.3.666.5.307",
        "type": "encounters",
        "definition": "encounter",
        "status": "performed",
        "hard_status": false,
        "negation": false,
        "specific_occurrence": "A",
        "source_data_criteria": "OccurrenceAEncounterInpatient71",
        "field_values": {
          "DISCHARGE_DATETIME": {
            "type": "ANYNonNull"
          }
        },
        "temporal_references": [
          {
            "type": "DURING",
            "reference": "MeasurePeriod"
          }
        ]
      }
    },
    {
      "DiagnosisActivePsychiatricMentalHealthPatient_precondition_4293": {
        "title": "Psychiatric/Mental Health Patient",
        "description": "Diagnosis, Active: Psychiatric/Mental Health Patient",
        "standard_category": "diagnosis_condition_problem",
        "qds_data_type": "diagnosis_active",
        "code_list_id": "2.16.840.1.113883.3.117.1.7.1.299",
        "type": "conditions",
        "definition": "diagnosis",
        "status": "active",
        "hard_status": false,
        "negation": false,
        "source_data_criteria": "DiagnosisActivePsychiatricMentalHealthPatient",
        "field_values": {
          "ORDINAL": {
            "type": "CD",
            "code_list_id": "2.16.840.1.113883.3.117.2.7.1.14",
            "title": "Principal Diagnosis"
          }
        },
        "temporal_references": [
          {
            "type": "SDU",
            "reference": "OccurrenceAEmergencyDepartmentVisit72"
          }
        ]
      }
    },
    {
      "DiagnosisActivePsychiatricMentalHealthPatient_precondition_4301": {
        "title": "Psychiatric/Mental Health Patient",
        "description": "Diagnosis, Active: Psychiatric/Mental Health Patient",
        "standard_category": "diagnosis_condition_problem",
        "qds_data_type": "diagnosis_active",
        "code_list_id": "2.16.840.1.113883.3.117.1.7.1.299",
        "type": "conditions",
        "definition": "diagnosis",
        "status": "active",
        "hard_status": false,
        "negation": false,
        "source_data_criteria": "DiagnosisActivePsychiatricMentalHealthPatient",
        "field_values": {
          "ORDINAL": {
            "type": "CD",
            "code_list_id": "2.16.840.1.113883.3.117.2.7.1.14",
            "title": "Principal Diagnosis"
          }
        },
        "temporal_references": [
          {
            "type": "SDU",
            "reference": "OccurrenceAEmergencyDepartmentVisit72"
          }
        ]
      }
    },
    {
      "OccurrenceAEncounterInpatient71_precondition_4303": {
        "title": "Encounter Inpatient",
        "description": "Encounter, Performed: Encounter Inpatient",
        "standard_category": "encounter",
        "qds_data_type": "encounter",
        "code_list_id": "2.16.840.1.113883.3.666.5.307",
        "type": "encounters",
        "definition": "encounter",
        "status": "performed",
        "hard_status": false,
        "negation": false,
        "specific_occurrence": "A",
        "source_data_criteria": "OccurrenceAEncounterInpatient71",
        "field_values": {
          "LENGTH_OF_STAY": {
            "type": "IVL_PQ",
            "high": {
              "type": "PQ",
              "unit": "d",
              "value": "120",
              "inclusive?": true,
              "derived?": false
            }
          }
        }
      }
    },
    {
      "OccurrenceAEncounterInpatient71_precondition_4305": {
        "title": "Encounter Inpatient",
        "description": "Encounter, Performed: Encounter Inpatient",
        "standard_category": "encounter",
        "qds_data_type": "encounter",
        "code_list_id": "2.16.840.1.113883.3.666.5.307",
        "type": "encounters",
        "definition": "encounter",
        "status": "performed",
        "hard_status": false,
        "negation": false,
        "specific_occurrence": "A",
        "source_data_criteria": "OccurrenceAEncounterInpatient71",
        "field_values": {
          "DISCHARGE_DATETIME": {
            "type": "ANYNonNull"
          }
        },
        "temporal_references": [
          {
            "type": "DURING",
            "reference": "MeasurePeriod"
          }
        ]
      }
    }
  ],
  "oids": [
    "2.16.840.1.113883.3.117.1.7.1.296",
    "2.16.840.1.113883.3.666.5.307",
    "2.16.840.1.113883.3.117.1.7.1.293",
    "2.16.840.1.113883.3.117.1.7.1.295",
    "2.16.840.1.113883.3.117.1.7.1.299",
    "2.16.840.1.113883.3.117.1.7.1.292",
    "2.16.840.1.113883.3.117.1.7.1.294",
    "2.16.840.1.113883.3.117.1.7.1.297",
    "2.16.840.1.113883.3.117.1.7.1.298",
    "2.16.840.1.113883.3.117.2.7.1.14"
  ],
  "population_ids": {
    "IPP": "57927B6F-128E-4B7B-9C61-46EF133F6983",
    "MSRPOPL": "657AF3B1-4054-4927-8DEF-ED99FBD4D148"
  }
}