{
  "id": "8A4D92B2-3887-5DF3-0139-0D071EE37793",
  "nqf_id": "0639",
  "hqmf_id": "8A4D92B2-3887-5DF3-0139-0D071EE37793",
  "hqmf_set_id": "EBFA203E-ACC1-4228-906C-855C4BF11310",
  "hqmf_version_number": 1,
  "endorser": null,
  "name": "Statin Prescribed at Discharge",
  "description": "Acute myocardial infarction (AMI) patients who are prescribed a statin at hospital discharge.",
  "type": "eh",
  "category": "Acute Myocardial Infarction",
  "steward": null,
  "population": {
    "conjunction": "and",
    "items": [
      {
        "conjunction": "and",
        "items": [
          {
            "title": "birth date",
            "description": "Patient Characteristic Birthdate: birth date",
            "standard_category": "individual_characteristic",
            "qds_data_type": "individual_characteristic",
            "code_list_id": "2.16.840.1.113883.3.560.100.4",
            "property": "birthtime",
            "type": "characteristic",
            "definition": "patient_characteristic_birthdate",
            "hard_status": false,
            "negation": false,
            "source_data_criteria": "PatientCharacteristicBirthdateBirthDate",
            "inline_code_list": {
              "LOINC": [
                "21112-8"
              ]
            },
            "temporal_references": [
              {
                "type": "SBS",
                "reference": {
                  "title": "Encounter Inpatient",
                  "description": "Encounter, Performed: Encounter Inpatient",
                  "standard_category": "encounter",
                  "qds_data_type": "encounter",
                  "code_list_id": "2.16.840.1.113883.3.666.5.3001",
                  "type": "encounters",
                  "definition": "encounter",
                  "status": "performed",
                  "hard_status": false,
                  "negation": false,
                  "specific_occurrence": "A",
                  "source_data_criteria": "OccurrenceAEncounterInpatient118",
                  "field_values": {
                    "ADMISSION_DATETIME": {
                      "type": "ANYNonNull"
                    }
                  }
                },
                "range": {
                  "type": "IVL_PQ",
                  "low": {
                    "type": "PQ",
                    "unit": "a",
                    "value": "18",
                    "inclusive?": true,
                    "derived?": false
                  }
                }
              }
            ]
          },
          {
            "title": "AMI",
            "description": "Diagnosis, Active: AMI",
            "standard_category": "diagnosis_condition_problem",
            "qds_data_type": "diagnosis_active",
            "code_list_id": "2.16.840.1.113883.3.117.1.7.1.833",
            "type": "conditions",
            "definition": "diagnosis",
            "status": "active",
            "hard_status": false,
            "negation": false,
            "source_data_criteria": "DiagnosisActiveAmi",
            "field_values": {
              "ORDINAL": {
                "type": "CD",
                "code_list_id": "2.16.840.1.113883.3.117.2.7.1.14",
                "title": "Principal Diagnosis"
              }
            },
            "temporal_references": [
              {
                "type": "SDU",
                "reference": {
                  "title": "Encounter Inpatient",
                  "description": "Encounter, Performed: Encounter Inpatient",
                  "standard_category": "encounter",
                  "qds_data_type": "encounter",
                  "code_list_id": "2.16.840.1.113883.3.666.5.3001",
                  "type": "encounters",
                  "definition": "encounter",
                  "status": "performed",
                  "hard_status": false,
                  "negation": false,
                  "specific_occurrence": "A",
                  "source_data_criteria": "OccurrenceAEncounterInpatient118"
                }
              }
            ]
          },
          {
            "title": "Encounter Inpatient",
            "description": "Encounter, Performed: Encounter Inpatient",
            "standard_category": "encounter",
            "qds_data_type": "encounter",
            "code_list_id": "2.16.840.1.113883.3.666.5.3001",
            "type": "encounters",
            "definition": "encounter",
            "status": "performed",
            "hard_status": false,
            "negation": false,
            "specific_occurrence": "A",
            "source_data_criteria": "OccurrenceAEncounterInpatient118",
            "field_values": {
              "LENGTH_OF_STAY": {
                "type": "IVL_PQ",
                "high": {
                  "type": "PQ",
                  "unit": "d",
                  "value": "120",
                  "inclusive?": true,
                  "derived?": false
                }
              }
            }
          },
          {
            "title": "Encounter Inpatient",
            "description": "Encounter, Performed: Encounter Inpatient",
            "standard_category": "encounter",
            "qds_data_type": "encounter",
            "code_list_id": "2.16.840.1.113883.3.666.5.3001",
            "type": "encounters",
            "definition": "encounter",
            "status": "performed",
            "hard_status": false,
            "negation": false,
            "specific_occurrence": "A",
            "source_data_criteria": "OccurrenceAEncounterInpatient118",
            "field_values": {
              "ADMISSION_DATETIME": {
                "type": "ANYNonNull"
              }
            },
            "temporal_references": [
              {
                "type": "DURING",
                "reference": "MeasurePeriod",
                "title": "MeasurePeriod"
              }
            ]
          }
        ],
        "negation": null,
        "precondition_id": 6481
      }
    ]
  },
  "denominator": {
    "conjunction": "and",
    "items": [

    ]
  },
  "numerator": {
    "conjunction": "and",
    "items": [
      {
        "conjunction": "and",
        "items": [
          {
            "title": "Statins",
            "description": "Medication, Discharge: Statins",
            "standard_category": "medication",
            "qds_data_type": "medication_discharge",
            "code_list_id": "2.16.840.1.113883.3.117.1.7.1.824",
            "type": "medications",
            "definition": "medication_discharge",
            "hard_status": false,
            "negation": false,
            "source_data_criteria": "MedicationDischargeStatins",
            "temporal_references": [
              {
                "type": "DURING",
                "reference": {
                  "title": "Encounter Inpatient",
                  "description": "Encounter, Performed: Encounter Inpatient",
                  "standard_category": "encounter",
                  "qds_data_type": "encounter",
                  "code_list_id": "2.16.840.1.113883.3.666.5.3001",
                  "type": "encounters",
                  "definition": "encounter",
                  "status": "performed",
                  "hard_status": false,
                  "negation": false,
                  "specific_occurrence": "A",
                  "source_data_criteria": "OccurrenceAEncounterInpatient118"
                }
              }
            ]
          }
        ],
        "negation": null,
        "precondition_id": 6471
      }
    ]
  },
  "exclusions": {
    "conjunction": "and",
    "items": [
      {
        "conjunction": "and",
        "items": [
          {
            "conjunction": "or",
            "items": [
              {
                "title": "Hospital Measures - Comfort Measure Only Intervention",
                "description": "Intervention, Performed: Hospital Measures - Comfort Measure Only Intervention",
                "standard_category": "procedure",
                "qds_data_type": "procedure_performed",
                "code_list_id": "2.16.840.1.113883.3.666.5.3002",
                "type": "interventions",
                "definition": "intervention",
                "status": "performed",
                "hard_status": false,
                "negation": false,
                "source_data_criteria": "InterventionPerformedHospitalMeasuresComfortMeasureOnlyIntervention",
                "temporal_references": [
                  {
                    "type": "SDU",
                    "reference": {
                      "title": "Encounter Inpatient",
                      "description": "Encounter, Performed: Encounter Inpatient",
                      "standard_category": "encounter",
                      "qds_data_type": "encounter",
                      "code_list_id": "2.16.840.1.113883.3.666.5.3001",
                      "type": "encounters",
                      "definition": "encounter",
                      "status": "performed",
                      "hard_status": false,
                      "negation": false,
                      "specific_occurrence": "A",
                      "source_data_criteria": "OccurrenceAEncounterInpatient118"
                    }
                  }
                ]
              },
              {
                "title": "Encounter Inpatient",
                "description": "Encounter, Performed: Encounter Inpatient",
                "standard_category": "encounter",
                "qds_data_type": "encounter",
                "code_list_id": "2.16.840.1.113883.3.666.5.3001",
                "type": "encounters",
                "definition": "encounter",
                "status": "performed",
                "hard_status": false,
                "negation": false,
                "specific_occurrence": "A",
                "source_data_criteria": "OccurrenceAEncounterInpatient118",
                "field_values": {
                  "DISCHARGE_STATUS": {
                    "type": "CD",
                    "code_list_id": "2.16.840.1.113883.3.117.1.7.1.86",
                    "title": "Patient Expired"
                  }
                }
              },
              {
                "title": "Encounter Inpatient",
                "description": "Encounter, Performed: Encounter Inpatient",
                "standard_category": "encounter",
                "qds_data_type": "encounter",
                "code_list_id": "2.16.840.1.113883.3.666.5.3001",
                "type": "encounters",
                "definition": "encounter",
                "status": "performed",
                "hard_status": false,
                "negation": false,
                "specific_occurrence": "A",
                "source_data_criteria": "OccurrenceAEncounterInpatient118",
                "field_values": {
                  "DISCHARGE_STATUS": {
                    "type": "CD",
                    "code_list_id": "2.16.840.1.113883.3.117.1.7.1.87",
                    "title": "Discharge To Another Hospital"
                  }
                }
              },
              {
                "title": "Encounter Inpatient",
                "description": "Encounter, Performed: Encounter Inpatient",
                "standard_category": "encounter",
                "qds_data_type": "encounter",
                "code_list_id": "2.16.840.1.113883.3.666.5.3001",
                "type": "encounters",
                "definition": "encounter",
                "status": "performed",
                "hard_status": false,
                "negation": false,
                "specific_occurrence": "A",
                "source_data_criteria": "OccurrenceAEncounterInpatient118",
                "field_values": {
                  "DISCHARGE_STATUS": {
                    "type": "CD",
                    "code_list_id": "2.16.840.1.113883.3.666.5.648",
                    "title": "Home Hospice Care"
                  }
                }
              },
              {
                "title": "Encounter Inpatient",
                "description": "Encounter, Performed: Encounter Inpatient",
                "standard_category": "encounter",
                "qds_data_type": "encounter",
                "code_list_id": "2.16.840.1.113883.3.666.5.3001",
                "type": "encounters",
                "definition": "encounter",
                "status": "performed",
                "hard_status": false,
                "negation": false,
                "specific_occurrence": "A",
                "source_data_criteria": "OccurrenceAEncounterInpatient118",
                "field_values": {
                  "DISCHARGE_STATUS": {
                    "type": "CD",
                    "code_list_id": "2.16.840.1.113883.3.666.5.647",
                    "title": "Inpatient Hospice Care"
                  }
                }
              },
              {
                "title": "Encounter Inpatient",
                "description": "Encounter, Performed: Encounter Inpatient",
                "standard_category": "encounter",
                "qds_data_type": "encounter",
                "code_list_id": "2.16.840.1.113883.3.666.5.3001",
                "type": "encounters",
                "definition": "encounter",
                "status": "performed",
                "hard_status": false,
                "negation": false,
                "specific_occurrence": "A",
                "source_data_criteria": "OccurrenceAEncounterInpatient118",
                "field_values": {
                  "DISCHARGE_STATUS": {
                    "type": "CD",
                    "code_list_id": "2.16.840.1.113883.3.666.5.1106",
                    "title": "Left Against Medical Advice"
                  }
                }
              },
              {
                "conjunction": "and",
                "items": [
                  {
                    "conjunction": "or",
                    "items": [
                      {
                        "title": "LDL-c Test",
                        "description": "Laboratory Test, Result: LDL-c Test",
                        "standard_category": "laboratory_test",
                        "qds_data_type": "laboratory_test",
                        "code_list_id": "2.16.840.1.113883.3.117.1.7.1.799",
                        "type": "laboratory_tests",
                        "definition": "laboratory_test",
                        "hard_status": false,
                        "negation": false,
                        "source_data_criteria": "LaboratoryTestResultLdlCTest",
                        "value": {
                          "type": "IVL_PQ",
                          "high": {
                            "type": "PQ",
                            "unit": "mg/dL",
                            "value": "100",
                            "inclusive?": false,
                            "derived?": false
                          }
                        },
                        "temporal_references": [
                          {
                            "type": "SAS",
                            "reference": {
                              "title": "Encounter Inpatient",
                              "description": "Encounter, Performed: Encounter Inpatient",
                              "standard_category": "encounter",
                              "qds_data_type": "encounter",
                              "code_list_id": "2.16.840.1.113883.3.666.5.3001",
                              "type": "encounters",
                              "definition": "encounter",
                              "status": "performed",
                              "hard_status": false,
                              "negation": false,
                              "specific_occurrence": "A",
                              "source_data_criteria": "OccurrenceAEncounterInpatient118",
                              "field_values": {
                                "FACILITY_LOCATION_ARRIVAL_DATETIME": null
                              }
                            },
                            "range": {
                              "type": "IVL_PQ",
                              "high": {
                                "type": "PQ",
                                "unit": "h",
                                "value": "24",
                                "inclusive?": true,
                                "derived?": false
                              }
                            }
                          }
                        ]
                      },
                      {
                        "title": "LDL-c Test",
                        "description": "Laboratory Test, Result: LDL-c Test",
                        "standard_category": "laboratory_test",
                        "qds_data_type": "laboratory_test",
                        "code_list_id": "2.16.840.1.113883.3.117.1.7.1.799",
                        "type": "laboratory_tests",
                        "definition": "laboratory_test",
                        "hard_status": false,
                        "negation": false,
                        "source_data_criteria": "LaboratoryTestResultLdlCTest",
                        "value": {
                          "type": "IVL_PQ",
                          "high": {
                            "type": "PQ",
                            "unit": "mg/dL",
                            "value": "100",
                            "inclusive?": false,
                            "derived?": false
                          }
                        },
                        "temporal_references": [
                          {
                            "type": "SBS",
                            "reference": {
                              "title": "Encounter Inpatient",
                              "description": "Encounter, Performed: Encounter Inpatient",
                              "standard_category": "encounter",
                              "qds_data_type": "encounter",
                              "code_list_id": "2.16.840.1.113883.3.666.5.3001",
                              "type": "encounters",
                              "definition": "encounter",
                              "status": "performed",
                              "hard_status": false,
                              "negation": false,
                              "specific_occurrence": "A",
                              "source_data_criteria": "OccurrenceAEncounterInpatient118",
                              "field_values": {
                                "FACILITY_LOCATION_ARRIVAL_DATETIME": null
                              }
                            },
                            "range": {
                              "type": "IVL_PQ",
                              "high": {
                                "type": "PQ",
                                "unit": "d",
                                "value": "30",
                                "inclusive?": true,
                                "derived?": false
                              }
                            }
                          }
                        ]
                      },
                      {
                        "title": "Statins",
                        "description": "Medication, Order: Statins",
                        "standard_category": "medication",
                        "qds_data_type": "medication_order",
                        "code_list_id": "2.16.840.1.113883.3.117.1.7.1.824",
                        "type": "medications",
                        "definition": "medication",
                        "status": "ordered",
                        "hard_status": false,
                        "negation": true,
                        "negation_code_list_id": "2.16.840.1.113883.3.666.5.3003",
                        "source_data_criteria": "MedicationOrderStatins",
                        "temporal_references": [
                          {
                            "type": "DURING",
                            "reference": {
                              "title": "Encounter Inpatient",
                              "description": "Encounter, Performed: Encounter Inpatient",
                              "standard_category": "encounter",
                              "qds_data_type": "encounter",
                              "code_list_id": "2.16.840.1.113883.3.666.5.3001",
                              "type": "encounters",
                              "definition": "encounter",
                              "status": "performed",
                              "hard_status": false,
                              "negation": false,
                              "specific_occurrence": "A",
                              "source_data_criteria": "OccurrenceAEncounterInpatient118"
                            }
                          }
                        ]
                      },
                      {
                        "title": "Statins",
                        "description": "Medication, Order: Statins",
                        "standard_category": "medication",
                        "qds_data_type": "medication_order",
                        "code_list_id": "2.16.840.1.113883.3.117.1.7.1.824",
                        "type": "medications",
                        "definition": "medication",
                        "status": "ordered",
                        "hard_status": false,
                        "negation": true,
                        "negation_code_list_id": "2.16.840.1.113883.3.666.5.3004",
                        "source_data_criteria": "MedicationOrderStatins",
                        "temporal_references": [
                          {
                            "type": "DURING",
                            "reference": {
                              "title": "Encounter Inpatient",
                              "description": "Encounter, Performed: Encounter Inpatient",
                              "standard_category": "encounter",
                              "qds_data_type": "encounter",
                              "code_list_id": "2.16.840.1.113883.3.666.5.3001",
                              "type": "encounters",
                              "definition": "encounter",
                              "status": "performed",
                              "hard_status": false,
                              "negation": false,
                              "specific_occurrence": "A",
                              "source_data_criteria": "OccurrenceAEncounterInpatient118"
                            }
                          }
                        ]
                      },
                      {
                        "title": "Statins",
                        "description": "Medication, Order: Statins",
                        "standard_category": "medication",
                        "qds_data_type": "medication_order",
                        "code_list_id": "2.16.840.1.113883.3.117.1.7.1.824",
                        "type": "medications",
                        "definition": "medication",
                        "status": "ordered",
                        "hard_status": false,
                        "negation": true,
                        "negation_code_list_id": "2.16.840.1.113883.3.666.5.3005",
                        "source_data_criteria": "MedicationOrderStatins",
                        "temporal_references": [
                          {
                            "type": "DURING",
                            "reference": {
                              "title": "Encounter Inpatient",
                              "description": "Encounter, Performed: Encounter Inpatient",
                              "standard_category": "encounter",
                              "qds_data_type": "encounter",
                              "code_list_id": "2.16.840.1.113883.3.666.5.3001",
                              "type": "encounters",
                              "definition": "encounter",
                              "status": "performed",
                              "hard_status": false,
                              "negation": false,
                              "specific_occurrence": "A",
                              "source_data_criteria": "OccurrenceAEncounterInpatient118"
                            }
                          }
                        ]
                      }
                    ],
                    "negation": null,
                    "precondition_id": 6454
                  },
                  {
                    "conjunction": "and",
                    "items": [
                      {
                        "title": "Statins",
                        "description": "Medication, Discharge: Statins",
                        "standard_category": "medication",
                        "qds_data_type": "medication_discharge",
                        "code_list_id": "2.16.840.1.113883.3.117.1.7.1.824",
                        "type": "medications",
                        "definition": "medication_discharge",
                        "hard_status": false,
                        "negation": false,
                        "source_data_criteria": "MedicationDischargeStatins",
                        "temporal_references": [
                          {
                            "type": "DURING",
                            "reference": {
                              "title": "Encounter Inpatient",
                              "description": "Encounter, Performed: Encounter Inpatient",
                              "standard_category": "encounter",
                              "qds_data_type": "encounter",
                              "code_list_id": "2.16.840.1.113883.3.666.5.3001",
                              "type": "encounters",
                              "definition": "encounter",
                              "status": "performed",
                              "hard_status": false,
                              "negation": false,
                              "specific_occurrence": "A",
                              "source_data_criteria": "OccurrenceAEncounterInpatient118"
                            }
                          }
                        ]
                      }
                    ],
                    "negation": true,
                    "precondition_id": 6456
                  }
                ],
                "negation": null,
                "precondition_id": 6457
              },
              {
                "conjunction": "and",
                "items": [
                  {
                    "title": "Clinical Trial Participant",
                    "description": "Patient Characteristic Clinical Trial Participant: Clinical Trial Participant",
                    "standard_category": "individual_characteristic",
                    "qds_data_type": "individual_characteristic",
                    "code_list_id": "2.16.840.1.113883.3.526.2.643",
                    "property": "clinicalTrialParticipant",
                    "type": "characteristic",
                    "definition": "patient_characteristic_clinical_trial_participant",
                    "hard_status": false,
                    "negation": false,
                    "specific_occurrence": "A",
                    "source_data_criteria": "OccurrenceAClinicalTrialParticipant119",
                    "inline_code_list": {
                      "SNOMED-CT": [
                        "428024001"
                      ]
                    },
                    "temporal_references": [
                      {
                        "type": "SBE",
                        "reference": {
                          "title": "Encounter Inpatient",
                          "description": "Encounter, Performed: Encounter Inpatient",
                          "standard_category": "encounter",
                          "qds_data_type": "encounter",
                          "code_list_id": "2.16.840.1.113883.3.666.5.3001",
                          "type": "encounters",
                          "definition": "encounter",
                          "status": "performed",
                          "hard_status": false,
                          "negation": false,
                          "specific_occurrence": "A",
                          "source_data_criteria": "OccurrenceAEncounterInpatient118"
                        }
                      }
                    ]
                  },
                  {
                    "conjunction": "and",
                    "items": [
                      {
                        "title": "Clinical Trial Participant",
                        "description": "Patient Characteristic Clinical Trial Participant: Clinical Trial Participant",
                        "standard_category": "individual_characteristic",
                        "qds_data_type": "individual_characteristic",
                        "code_list_id": "2.16.840.1.113883.3.526.2.643",
                        "property": "clinicalTrialParticipant",
                        "type": "characteristic",
                        "definition": "patient_characteristic_clinical_trial_participant",
                        "hard_status": false,
                        "negation": false,
                        "specific_occurrence": "A",
                        "source_data_criteria": "OccurrenceAClinicalTrialParticipant119",
                        "inline_code_list": {
                          "SNOMED-CT": [
                            "428024001"
                          ]
                        },
                        "temporal_references": [
                          {
                            "type": "EBS",
                            "reference": {
                              "title": "Encounter Inpatient",
                              "description": "Encounter, Performed: Encounter Inpatient",
                              "standard_category": "encounter",
                              "qds_data_type": "encounter",
                              "code_list_id": "2.16.840.1.113883.3.666.5.3001",
                              "type": "encounters",
                              "definition": "encounter",
                              "status": "performed",
                              "hard_status": false,
                              "negation": false,
                              "specific_occurrence": "A",
                              "source_data_criteria": "OccurrenceAEncounterInpatient118"
                            }
                          }
                        ]
                      }
                    ],
                    "negation": true,
                    "precondition_id": 6463
                  }
                ],
                "negation": null,
                "precondition_id": 6464
              }
            ],
            "negation": null,
            "precondition_id": 6466
          }
        ],
        "negation": null,
        "precondition_id": 6468
      }
    ]
  },
  "map_fn": "function() {\n        var patient = this;\n        var effective_date = <%= effective_date %>;\n\n        hqmfjs = {}\n        <%= init_js_frameworks %>\n        \n        \n      var patient_api = new hQuery.Patient(patient);\n\n      \n\n      // clear out logger\n      if (typeof Logger != 'undefined') Logger.logger = [];\n      // turn on logging if it is enabled\n      if (Logger.enabled) enableLogging();\n      \n      \n        // #########################\n        // ##### DATA ELEMENTS #####\n        // #########################\n\n        OidDictionary = <%= oid_dictionary %>;\n        \n        // Measure variables\nvar MeasurePeriod = {\n  \"low\": new TS(\"20100101\", null, true),\n  \"high\": new TS(\"20110101\", null, true)\n}\nhqmfjs.MeasurePeriod = function(patient) {\n  return [new hQuery.CodedEntry(\n    {\n      \"start_time\": MeasurePeriod.low.asDate().getTime()/1000,\n      \"end_time\": MeasurePeriod.high.asDate().getTime()/1000,\n      \"codes\": {}\n    }\n  )];\n}\nif (typeof effective_date === 'number') {\n  MeasurePeriod.high.date = new Date(1000*effective_date);\n  MeasurePeriod.low.date = new Date(1000*effective_date);\n  MeasurePeriod.low.date.setFullYear(MeasurePeriod.low.date.getFullYear()-1);\n}\n\n// Data critera\nhqmfjs.OccurrenceAEncounterInpatient118 = function(patient) {\n  var events = patient.encounters();\n  events.specific_occurrence = 'OccurrenceAEncounterInpatient118'\n  events = events.withStatuses([\"performed\"]);\n  events = events.withoutNegation();\n  var codes = getCodes(\"2.16.840.1.113883.3.666.5.3001\");\n  var start = null;\n  var end = null;\n  events = events.match(codes, start, end, true);\n\n  events.specificContext=new Specifics(Row.buildForDataCriteria(events.specific_occurrence, events))\n  return events;\n}\n\nhqmfjs.OccurrenceAClinicalTrialParticipant119 = function(patient) {\nvar value = patient.clinicalTrialParticipant();\nmatching = matchingValue(value, 'true');\nmatching.specificContext=Specifics.identity();\nreturn matching\n\n}\n\nhqmfjs.PatientCharacteristicClinicalTrialParticipantClinicalTrialParticipant = function(patient) {\nvar value = patient.clinicalTrialParticipant();\nmatching = matchingValue(value, 'true');\nmatching.specificContext=Specifics.identity();\nreturn matching\n\n}\n\nhqmfjs.EncounterPerformedEncounterInpatient = function(patient) {\n  var events = patient.encounters();\n  events = events.withStatuses([\"performed\"]);\n  events = events.withoutNegation();\n  var codes = getCodes(\"2.16.840.1.113883.3.666.5.3001\");\n  var start = null;\n  var end = null;\n  events = events.match(codes, start, end, true);\n\n  events.specificContext=Specifics.identity()\n  return events;\n}\n\nhqmfjs.MedicationOrderNotDoneMedicalReasonsAmi = function(patient) {\n  var events = patient.allMedications();\n  events = events.withStatuses([\"ordered\"]);\n  events = events.withNegation();\n  var codes = getCodes(\"2.16.840.1.113883.3.666.5.3003\");\n  var start = null;\n  var end = null;\n  events = events.match(codes, start, end, true);\n\n  events.specificContext=Specifics.identity()\n  return events;\n}\n\nhqmfjs.MedicationOrderNotDonePatientReasonsAmi = function(patient) {\n  var events = patient.allMedications();\n  events = events.withStatuses([\"ordered\"]);\n  events = events.withNegation();\n  var codes = getCodes(\"2.16.840.1.113883.3.666.5.3004\");\n  var start = null;\n  var end = null;\n  events = events.match(codes, start, end, true);\n\n  events.specificContext=Specifics.identity()\n  return events;\n}\n\nhqmfjs.MedicationOrderNotDoneSystemReasonsAmi = function(patient) {\n  var events = patient.allMedications();\n  events = events.withStatuses([\"ordered\"]);\n  events = events.withNegation();\n  var codes = getCodes(\"2.16.840.1.113883.3.666.5.3005\");\n  var start = null;\n  var end = null;\n  events = events.match(codes, start, end, true);\n\n  events.specificContext=Specifics.identity()\n  return events;\n}\n\nhqmfjs.OccurrenceAEncounterInpatient118 = function(patient) {\n  var events = patient.encounters();\n  events.specific_occurrence = 'OccurrenceAEncounterInpatient118'\n  events = events.withStatuses([\"performed\"]);\n  events = events.withoutNegation();\n  var codes = getCodes(\"2.16.840.1.113883.3.666.5.3001\");\n  var start = null;\n  var end = null;\n  events = events.match(codes, start, end, true);\n\n  events.specificContext=new Specifics(Row.buildForDataCriteria(events.specific_occurrence, events))\n  return events;\n}\n\nhqmfjs.InterventionPerformedHospitalMeasuresComfortMeasureOnlyIntervention_precondition_6428 = function(patient) {\n  var events = patient.allProcedures();\n  events = events.withStatuses([\"performed\"]);\n  events = events.withoutNegation();\n  var codes = getCodes(\"2.16.840.1.113883.3.666.5.3002\");\n  var start = null;\n  var end = null;\n  events = events.match(codes, start, end, true);\n\n  events = SDU(events, hqmfjs.OccurrenceAEncounterInpatient118(patient));\n  return events;\n}\n\nhqmfjs.OccurrenceAEncounterInpatient118_precondition_6430 = function(patient) {\n  var events = patient.encounters();\n  events.specific_occurrence = 'OccurrenceAEncounterInpatient118'\n  events = events.withStatuses([\"performed\"]);\n  events = events.withoutNegation();\n  var codes = getCodes(\"2.16.840.1.113883.3.666.5.3001\");\n  var start = null;\n  var end = null;\n  events = events.match(codes, start, end, true);\n\n  events = filterEventsByField(events, \"dischargeStatus\", new CodeList(getCodes(\"2.16.840.1.113883.3.117.1.7.1.86\")));\n  events.specificContext=new Specifics(Row.buildForDataCriteria(events.specific_occurrence, events))\n  return events;\n}\n\nhqmfjs.OccurrenceAEncounterInpatient118_precondition_6432 = function(patient) {\n  var events = patient.encounters();\n  events.specific_occurrence = 'OccurrenceAEncounterInpatient118'\n  events = events.withStatuses([\"performed\"]);\n  events = events.withoutNegation();\n  var codes = getCodes(\"2.16.840.1.113883.3.666.5.3001\");\n  var start = null;\n  var end = null;\n  events = events.match(codes, start, end, true);\n\n  events = filterEventsByField(events, \"dischargeStatus\", new CodeList(getCodes(\"2.16.840.1.113883.3.117.1.7.1.87\")));\n  events.specificContext=new Specifics(Row.buildForDataCriteria(events.specific_occurrence, events))\n  return events;\n}\n\nhqmfjs.OccurrenceAEncounterInpatient118_precondition_6434 = function(patient) {\n  var events = patient.encounters();\n  events.specific_occurrence = 'OccurrenceAEncounterInpatient118'\n  events = events.withStatuses([\"performed\"]);\n  events = events.withoutNegation();\n  var codes = getCodes(\"2.16.840.1.113883.3.666.5.3001\");\n  var start = null;\n  var end = null;\n  events = events.match(codes, start, end, true);\n\n  events = filterEventsByField(events, \"dischargeStatus\", new CodeList(getCodes(\"2.16.840.1.113883.3.666.5.648\")));\n  events.specificContext=new Specifics(Row.buildForDataCriteria(events.specific_occurrence, events))\n  return events;\n}\n\nhqmfjs.OccurrenceAEncounterInpatient118_precondition_6436 = function(patient) {\n  var events = patient.encounters();\n  events.specific_occurrence = 'OccurrenceAEncounterInpatient118'\n  events = events.withStatuses([\"performed\"]);\n  events = events.withoutNegation();\n  var codes = getCodes(\"2.16.840.1.113883.3.666.5.3001\");\n  var start = null;\n  var end = null;\n  events = events.match(codes, start, end, true);\n\n  events = filterEventsByField(events, \"dischargeStatus\", new CodeList(getCodes(\"2.16.840.1.113883.3.666.5.647\")));\n  events.specificContext=new Specifics(Row.buildForDataCriteria(events.specific_occurrence, events))\n  return events;\n}\n\nhqmfjs.OccurrenceAEncounterInpatient118_precondition_6438 = function(patient) {\n  var events = patient.encounters();\n  events.specific_occurrence = 'OccurrenceAEncounterInpatient118'\n  events = events.withStatuses([\"performed\"]);\n  events = events.withoutNegation();\n  var codes = getCodes(\"2.16.840.1.113883.3.666.5.3001\");\n  var start = null;\n  var end = null;\n  events = events.match(codes, start, end, true);\n\n  events = filterEventsByField(events, \"dischargeStatus\", new CodeList(getCodes(\"2.16.840.1.113883.3.666.5.1106\")));\n  events.specificContext=new Specifics(Row.buildForDataCriteria(events.specific_occurrence, events))\n  return events;\n}\n\nhqmfjs.OccurrenceAEncounterInpatient118_precondition_6442 = function(patient) {\n  var events = patient.encounters();\n  events.specific_occurrence = 'OccurrenceAEncounterInpatient118'\n  events = events.withStatuses([\"performed\"]);\n  events = events.withoutNegation();\n  var codes = getCodes(\"2.16.840.1.113883.3.666.5.3001\");\n  var start = null;\n  var end = null;\n  events = events.match(codes, start, end, true);\n\n  events = filterEventsByField(events, \"facilityLocationArrival\", null);\n  events.specificContext=new Specifics(Row.buildForDataCriteria(events.specific_occurrence, events))\n  return events;\n}\n\nhqmfjs.LaboratoryTestResultLdlCTest_precondition_6443 = function(patient) {\n  var events = patient.laboratoryTests();\n  events = events.withoutNegation();\n  var codes = getCodes(\"2.16.840.1.113883.3.117.1.7.1.799\");\n  var start = null;\n  var end = null;\n  events = events.match(codes, start, end, true);\n\n  events = filterEventsByValue(events, new IVL_PQ(null, new PQ(100, \"mg/dL\", false)));\n  events = SAS(events, hqmfjs.OccurrenceAEncounterInpatient118_precondition_6442(patient), new IVL_PQ(null, new PQ(24, \"h\", true)));\n  return events;\n}\n\nhqmfjs.OccurrenceAEncounterInpatient118_precondition_6445 = function(patient) {\n  var events = patient.encounters();\n  events.specific_occurrence = 'OccurrenceAEncounterInpatient118'\n  events = events.withStatuses([\"performed\"]);\n  events = events.withoutNegation();\n  var codes = getCodes(\"2.16.840.1.113883.3.666.5.3001\");\n  var start = null;\n  var end = null;\n  events = events.match(codes, start, end, true);\n\n  events = filterEventsByField(events, \"facilityLocationArrival\", null);\n  events.specificContext=new Specifics(Row.buildForDataCriteria(events.specific_occurrence, events))\n  return events;\n}\n\nhqmfjs.LaboratoryTestResultLdlCTest_precondition_6446 = function(patient) {\n  var events = patient.laboratoryTests();\n  events = events.withoutNegation();\n  var codes = getCodes(\"2.16.840.1.113883.3.117.1.7.1.799\");\n  var start = null;\n  var end = null;\n  events = events.match(codes, start, end, true);\n\n  events = filterEventsByValue(events, new IVL_PQ(null, new PQ(100, \"mg/dL\", false)));\n  events = SBS(events, hqmfjs.OccurrenceAEncounterInpatient118_precondition_6445(patient), new IVL_PQ(null, new PQ(30, \"d\", true)));\n  return events;\n}\n\nhqmfjs.MedicationOrderStatins_precondition_6448 = function(patient) {\n  var events = patient.allMedications();\n  events = events.withStatuses([\"ordered\"]);\n  events = events.withNegation(getCodes(\"2.16.840.1.113883.3.666.5.3003\"));\n  var codes = getCodes(\"2.16.840.1.113883.3.117.1.7.1.824\");\n  var start = null;\n  var end = null;\n  events = events.match(codes, start, end, true);\n\n  events = DURING(events, hqmfjs.OccurrenceAEncounterInpatient118(patient));\n  return events;\n}\n\nhqmfjs.MedicationOrderStatins_precondition_6450 = function(patient) {\n  var events = patient.allMedications();\n  events = events.withStatuses([\"ordered\"]);\n  events = events.withNegation(getCodes(\"2.16.840.1.113883.3.666.5.3004\"));\n  var codes = getCodes(\"2.16.840.1.113883.3.117.1.7.1.824\");\n  var start = null;\n  var end = null;\n  events = events.match(codes, start, end, true);\n\n  events = DURING(events, hqmfjs.OccurrenceAEncounterInpatient118(patient));\n  return events;\n}\n\nhqmfjs.MedicationOrderStatins_precondition_6452 = function(patient) {\n  var events = patient.allMedications();\n  events = events.withStatuses([\"ordered\"]);\n  events = events.withNegation(getCodes(\"2.16.840.1.113883.3.666.5.3005\"));\n  var codes = getCodes(\"2.16.840.1.113883.3.117.1.7.1.824\");\n  var start = null;\n  var end = null;\n  events = events.match(codes, start, end, true);\n\n  events = DURING(events, hqmfjs.OccurrenceAEncounterInpatient118(patient));\n  return events;\n}\n\nhqmfjs.MedicationDischargeStatins_precondition_6440 = function(patient) {\n  var events = patient.allMedications();\n  events = events.withoutNegation();\n  var codes = getCodes(\"2.16.840.1.113883.3.117.1.7.1.824\");\n  var start = null;\n  var end = null;\n  events = events.match(codes, start, end, true);\n\n  events = DURING(events, hqmfjs.OccurrenceAEncounterInpatient118(patient));\n  return events;\n}\n\nhqmfjs.OccurrenceAClinicalTrialParticipant119_precondition_6461 = function(patient) {\nvar value = patient.clinicalTrialParticipant();\nmatching = matchingValue(value, 'true');\nmatching.specificContext=Specifics.identity();\nreturn matching\n\n}\n\nhqmfjs.OccurrenceAClinicalTrialParticipant119_precondition_6459 = function(patient) {\nvar value = patient.clinicalTrialParticipant();\nmatching = matchingValue(value, 'true');\nmatching.specificContext=Specifics.identity();\nreturn matching\n\n}\n\nhqmfjs.MedicationDischargeStatins_precondition_6469 = function(patient) {\n  var events = patient.allMedications();\n  events = events.withoutNegation();\n  var codes = getCodes(\"2.16.840.1.113883.3.117.1.7.1.824\");\n  var start = null;\n  var end = null;\n  events = events.match(codes, start, end, true);\n\n  events = DURING(events, hqmfjs.OccurrenceAEncounterInpatient118(patient));\n  return events;\n}\n\nhqmfjs.OccurrenceAEncounterInpatient118_precondition_6472 = function(patient) {\n  var events = patient.encounters();\n  events.specific_occurrence = 'OccurrenceAEncounterInpatient118'\n  events = events.withStatuses([\"performed\"]);\n  events = events.withoutNegation();\n  var codes = getCodes(\"2.16.840.1.113883.3.666.5.3001\");\n  var start = null;\n  var end = null;\n  events = events.match(codes, start, end, true);\n\n  events = filterEventsByField(events, \"admissionDatetime\", new ANYNonNull());\n  events.specificContext=new Specifics(Row.buildForDataCriteria(events.specific_occurrence, events))\n  return events;\n}\n\nhqmfjs.PatientCharacteristicBirthdateBirthDate_precondition_6473 = function(patient) {\nvar value = patient.birthtime();\nvar events = [value];\nevents = SBS(events, hqmfjs.OccurrenceAEncounterInpatient118_precondition_6472(patient), new IVL_PQ(new PQ(18, \"a\", true), null));\nevents.specificContext=Specifics.identity();\nreturn events;\n\n}\n\nhqmfjs.DiagnosisActiveAmi_precondition_6475 = function(patient) {\n  var events = patient.allProblems();\n  events = events.withStatuses([\"active\"]);\n  events = events.withoutNegation();\n  var codes = getCodes(\"2.16.840.1.113883.3.117.1.7.1.833\");\n  var start = null;\n  var end = null;\n  events = events.match(codes, start, end, true);\n\n  events = filterEventsByField(events, \"ordinal\", new CodeList(getCodes(\"2.16.840.1.113883.3.117.2.7.1.14\")));\n  events = SDU(events, hqmfjs.OccurrenceAEncounterInpatient118(patient));\n  return events;\n}\n\nhqmfjs.OccurrenceAEncounterInpatient118_precondition_6477 = function(patient) {\n  var events = patient.encounters();\n  events.specific_occurrence = 'OccurrenceAEncounterInpatient118'\n  events = events.withStatuses([\"performed\"]);\n  events = events.withoutNegation();\n  var codes = getCodes(\"2.16.840.1.113883.3.666.5.3001\");\n  var start = null;\n  var end = null;\n  events = events.match(codes, start, end, true);\n\n  events = filterEventsByField(events, \"lengthOfStay\", new IVL_PQ(null, new PQ(120, \"d\", true)));\n  events.specificContext=new Specifics(Row.buildForDataCriteria(events.specific_occurrence, events))\n  return events;\n}\n\nhqmfjs.OccurrenceAEncounterInpatient118_precondition_6479 = function(patient) {\n  var events = patient.encounters();\n  events.specific_occurrence = 'OccurrenceAEncounterInpatient118'\n  events = events.withStatuses([\"performed\"]);\n  events = events.withoutNegation();\n  var codes = getCodes(\"2.16.840.1.113883.3.666.5.3001\");\n  var start = null;\n  var end = null;\n  events = events.match(codes, start, end, true);\n\n  events = filterEventsByField(events, \"admissionDatetime\", new ANYNonNull());\n  events = DURING(events, hqmfjs.MeasurePeriod(patient));\n  return events;\n}\n\n\n\n        // #########################\n        // ##### MEASURE LOGIC #####\n        // #########################\n        \n        hqmfjs.initializeSpecifics = function(patient_api, hqmfjs) { Specifics.initialize(patient_api,hqmfjs,{\"id\":\"OccurrenceAEncounterInpatient118\",\"type\":\"\",\"function\":\"OccurrenceAEncounterInpatient118\"},{\"id\":\"OccurrenceAClinicalTrialParticipant119\",\"type\":\"\",\"function\":\"OccurrenceAClinicalTrialParticipant119\"}) }\n\n        // INITIAL PATIENT POPULATION\n        hqmfjs.IPP = function(patient) {\n  return allTrue(  \n    allTrue(    \n      hqmfjs.PatientCharacteristicBirthdateBirthDate_precondition_6473(patient),    \n      hqmfjs.DiagnosisActiveAmi_precondition_6475(patient),    \n      hqmfjs.OccurrenceAEncounterInpatient118_precondition_6477(patient),    \n      hqmfjs.OccurrenceAEncounterInpatient118_precondition_6479(patient)\n    )\n  );\n};\n\n\n        // DENOMINATOR\n        hqmfjs.DENOM = function(patient) { return new Boolean(true); }\n        // NUMERATOR\n        hqmfjs.NUMER = function(patient) {\n  return allTrue(  \n    allTrue(    \n      hqmfjs.MedicationDischargeStatins_precondition_6469(patient)\n    )\n  );\n};\n\n\n        hqmfjs.DENEX = function(patient) {\n  return atLeastOneTrue(  \n    allTrue(    \n      atLeastOneTrue(      \n        hqmfjs.InterventionPerformedHospitalMeasuresComfortMeasureOnlyIntervention_precondition_6428(patient),      \n        hqmfjs.OccurrenceAEncounterInpatient118_precondition_6430(patient),      \n        hqmfjs.OccurrenceAEncounterInpatient118_precondition_6432(patient),      \n        hqmfjs.OccurrenceAEncounterInpatient118_precondition_6434(patient),      \n        hqmfjs.OccurrenceAEncounterInpatient118_precondition_6436(patient),      \n        hqmfjs.OccurrenceAEncounterInpatient118_precondition_6438(patient),      \n        allTrue(        \n          atLeastOneTrue(          \n            hqmfjs.LaboratoryTestResultLdlCTest_precondition_6443(patient),          \n            hqmfjs.LaboratoryTestResultLdlCTest_precondition_6446(patient),          \n            hqmfjs.MedicationOrderStatins_precondition_6448(patient),          \n            hqmfjs.MedicationOrderStatins_precondition_6450(patient),          \n            hqmfjs.MedicationOrderStatins_precondition_6452(patient)\n          ),        \n          atLeastOneFalse(          \n            hqmfjs.MedicationDischargeStatins_precondition_6440(patient)\n          )\n        ),      \n        allTrue(        \n          hqmfjs.OccurrenceAClinicalTrialParticipant119_precondition_6461(patient),        \n          atLeastOneFalse(          \n            hqmfjs.OccurrenceAClinicalTrialParticipant119_precondition_6459(patient)\n          )\n        )\n      )\n    )\n  );\n};\n\n\n        hqmfjs.DENEXCEP = function(patient) { return new Boolean(false); }\n        \n\n      hqmfjs.initializeSpecifics(patient_api, hqmfjs)\n      \n      var population = function() {\n        return executeIfAvailable(hqmfjs.IPP, patient_api);\n      }\n      var denominator = function() {\n        return executeIfAvailable(hqmfjs.DENOM, patient_api);\n      }\n      var numerator = function() {\n        return executeIfAvailable(hqmfjs.NUMER, patient_api);\n      }\n      var exclusion = function() {\n        return executeIfAvailable(hqmfjs.DENEX, patient_api);\n      }\n      var denexcep = function() {\n        return executeIfAvailable(hqmfjs.DENEXCEP, patient_api);\n      }\n      \n      var executeIfAvailable = function(optionalFunction, arg) {\n        if (typeof(optionalFunction)==='function')\n          return optionalFunction(arg);\n        else\n          return false;\n      }\n\n      if (Logger.enabled) enableMeasureLogging(hqmfjs);\n\n      map(patient, population, denominator, numerator, exclusion, denexcep);\n      \n      };\n      ",
  "data_criteria": [
    {
      "InterventionPerformedHospitalMeasuresComfortMeasureOnlyIntervention_precondition_6428": {
        "title": "Hospital Measures - Comfort Measure Only Intervention",
        "description": "Intervention, Performed: Hospital Measures - Comfort Measure Only Intervention",
        "standard_category": "procedure",
        "qds_data_type": "procedure_performed",
        "code_list_id": "2.16.840.1.113883.3.666.5.3002",
        "type": "interventions",
        "definition": "intervention",
        "status": "performed",
        "hard_status": false,
        "negation": false,
        "source_data_criteria": "InterventionPerformedHospitalMeasuresComfortMeasureOnlyIntervention",
        "temporal_references": [
          {
            "type": "SDU",
            "reference": "OccurrenceAEncounterInpatient118"
          }
        ]
      }
    },
    {
      "OccurrenceAEncounterInpatient118": {
        "title": "Encounter Inpatient",
        "description": "Encounter, Performed: Encounter Inpatient",
        "standard_category": "encounter",
        "qds_data_type": "encounter",
        "code_list_id": "2.16.840.1.113883.3.666.5.3001",
        "type": "encounters",
        "definition": "encounter",
        "status": "performed",
        "hard_status": false,
        "negation": false,
        "specific_occurrence": "A",
        "source_data_criteria": "OccurrenceAEncounterInpatient118"
      }
    },
    {
      "OccurrenceAEncounterInpatient118_precondition_6430": {
        "title": "Encounter Inpatient",
        "description": "Encounter, Performed: Encounter Inpatient",
        "standard_category": "encounter",
        "qds_data_type": "encounter",
        "code_list_id": "2.16.840.1.113883.3.666.5.3001",
        "type": "encounters",
        "definition": "encounter",
        "status": "performed",
        "hard_status": false,
        "negation": false,
        "specific_occurrence": "A",
        "source_data_criteria": "OccurrenceAEncounterInpatient118",
        "field_values": {
          "DISCHARGE_STATUS": {
            "type": "CD",
            "code_list_id": "2.16.840.1.113883.3.117.1.7.1.86",
            "title": "Patient Expired"
          }
        }
      }
    },
    {
      "OccurrenceAEncounterInpatient118_precondition_6432": {
        "title": "Encounter Inpatient",
        "description": "Encounter, Performed: Encounter Inpatient",
        "standard_category": "encounter",
        "qds_data_type": "encounter",
        "code_list_id": "2.16.840.1.113883.3.666.5.3001",
        "type": "encounters",
        "definition": "encounter",
        "status": "performed",
        "hard_status": false,
        "negation": false,
        "specific_occurrence": "A",
        "source_data_criteria": "OccurrenceAEncounterInpatient118",
        "field_values": {
          "DISCHARGE_STATUS": {
            "type": "CD",
            "code_list_id": "2.16.840.1.113883.3.117.1.7.1.87",
            "title": "Discharge To Another Hospital"
          }
        }
      }
    },
    {
      "OccurrenceAEncounterInpatient118_precondition_6434": {
        "title": "Encounter Inpatient",
        "description": "Encounter, Performed: Encounter Inpatient",
        "standard_category": "encounter",
        "qds_data_type": "encounter",
        "code_list_id": "2.16.840.1.113883.3.666.5.3001",
        "type": "encounters",
        "definition": "encounter",
        "status": "performed",
        "hard_status": false,
        "negation": false,
        "specific_occurrence": "A",
        "source_data_criteria": "OccurrenceAEncounterInpatient118",
        "field_values": {
          "DISCHARGE_STATUS": {
            "type": "CD",
            "code_list_id": "2.16.840.1.113883.3.666.5.648",
            "title": "Home Hospice Care"
          }
        }
      }
    },
    {
      "OccurrenceAEncounterInpatient118_precondition_6436": {
        "title": "Encounter Inpatient",
        "description": "Encounter, Performed: Encounter Inpatient",
        "standard_category": "encounter",
        "qds_data_type": "encounter",
        "code_list_id": "2.16.840.1.113883.3.666.5.3001",
        "type": "encounters",
        "definition": "encounter",
        "status": "performed",
        "hard_status": false,
        "negation": false,
        "specific_occurrence": "A",
        "source_data_criteria": "OccurrenceAEncounterInpatient118",
        "field_values": {
          "DISCHARGE_STATUS": {
            "type": "CD",
            "code_list_id": "2.16.840.1.113883.3.666.5.647",
            "title": "Inpatient Hospice Care"
          }
        }
      }
    },
    {
      "OccurrenceAEncounterInpatient118_precondition_6438": {
        "title": "Encounter Inpatient",
        "description": "Encounter, Performed: Encounter Inpatient",
        "standard_category": "encounter",
        "qds_data_type": "encounter",
        "code_list_id": "2.16.840.1.113883.3.666.5.3001",
        "type": "encounters",
        "definition": "encounter",
        "status": "performed",
        "hard_status": false,
        "negation": false,
        "specific_occurrence": "A",
        "source_data_criteria": "OccurrenceAEncounterInpatient118",
        "field_values": {
          "DISCHARGE_STATUS": {
            "type": "CD",
            "code_list_id": "2.16.840.1.113883.3.666.5.1106",
            "title": "Left Against Medical Advice"
          }
        }
      }
    },
    {
      "LaboratoryTestResultLdlCTest_precondition_6443": {
        "title": "LDL-c Test",
        "description": "Laboratory Test, Result: LDL-c Test",
        "standard_category": "laboratory_test",
        "qds_data_type": "laboratory_test",
        "code_list_id": "2.16.840.1.113883.3.117.1.7.1.799",
        "type": "laboratory_tests",
        "definition": "laboratory_test",
        "hard_status": false,
        "negation": false,
        "source_data_criteria": "LaboratoryTestResultLdlCTest",
        "value": {
          "type": "IVL_PQ",
          "high": {
            "type": "PQ",
            "unit": "mg/dL",
            "value": "100",
            "inclusive?": false,
            "derived?": false
          }
        },
        "temporal_references": [
          {
            "type": "SAS",
            "reference": "OccurrenceAEncounterInpatient118_precondition_6442",
            "range": {
              "type": "IVL_PQ",
              "high": {
                "type": "PQ",
                "unit": "h",
                "value": "24",
                "inclusive?": true,
                "derived?": false
              }
            }
          }
        ]
      }
    },
    {
      "OccurrenceAEncounterInpatient118_precondition_6442": {
        "title": "Encounter Inpatient",
        "description": "Encounter, Performed: Encounter Inpatient",
        "standard_category": "encounter",
        "qds_data_type": "encounter",
        "code_list_id": "2.16.840.1.113883.3.666.5.3001",
        "type": "encounters",
        "definition": "encounter",
        "status": "performed",
        "hard_status": false,
        "negation": false,
        "specific_occurrence": "A",
        "source_data_criteria": "OccurrenceAEncounterInpatient118",
        "field_values": {
          "FACILITY_LOCATION_ARRIVAL_DATETIME": "null"
        }
      }
    },
    {
      "LaboratoryTestResultLdlCTest_precondition_6446": {
        "title": "LDL-c Test",
        "description": "Laboratory Test, Result: LDL-c Test",
        "standard_category": "laboratory_test",
        "qds_data_type": "laboratory_test",
        "code_list_id": "2.16.840.1.113883.3.117.1.7.1.799",
        "type": "laboratory_tests",
        "definition": "laboratory_test",
        "hard_status": false,
        "negation": false,
        "source_data_criteria": "LaboratoryTestResultLdlCTest",
        "value": {
          "type": "IVL_PQ",
          "high": {
            "type": "PQ",
            "unit": "mg/dL",
            "value": "100",
            "inclusive?": false,
            "derived?": false
          }
        },
        "temporal_references": [
          {
            "type": "SBS",
            "reference": "OccurrenceAEncounterInpatient118_precondition_6445",
            "range": {
              "type": "IVL_PQ",
              "high": {
                "type": "PQ",
                "unit": "d",
                "value": "30",
                "inclusive?": true,
                "derived?": false
              }
            }
          }
        ]
      }
    },
    {
      "OccurrenceAEncounterInpatient118_precondition_6445": {
        "title": "Encounter Inpatient",
        "description": "Encounter, Performed: Encounter Inpatient",
        "standard_category": "encounter",
        "qds_data_type": "encounter",
        "code_list_id": "2.16.840.1.113883.3.666.5.3001",
        "type": "encounters",
        "definition": "encounter",
        "status": "performed",
        "hard_status": false,
        "negation": false,
        "specific_occurrence": "A",
        "source_data_criteria": "OccurrenceAEncounterInpatient118",
        "field_values": {
          "FACILITY_LOCATION_ARRIVAL_DATETIME": "null"
        }
      }
    },
    {
      "MedicationOrderStatins_precondition_6448": {
        "title": "Statins",
        "description": "Medication, Order: Statins",
        "standard_category": "medication",
        "qds_data_type": "medication_order",
        "code_list_id": "2.16.840.1.113883.3.117.1.7.1.824",
        "type": "medications",
        "definition": "medication",
        "status": "ordered",
        "hard_status": false,
        "negation": true,
        "negation_code_list_id": "2.16.840.1.113883.3.666.5.3003",
        "source_data_criteria": "MedicationOrderStatins",
        "temporal_references": [
          {
            "type": "DURING",
            "reference": "OccurrenceAEncounterInpatient118"
          }
        ]
      }
    },
    {
      "MedicationOrderStatins_precondition_6450": {
        "title": "Statins",
        "description": "Medication, Order: Statins",
        "standard_category": "medication",
        "qds_data_type": "medication_order",
        "code_list_id": "2.16.840.1.113883.3.117.1.7.1.824",
        "type": "medications",
        "definition": "medication",
        "status": "ordered",
        "hard_status": false,
        "negation": true,
        "negation_code_list_id": "2.16.840.1.113883.3.666.5.3004",
        "source_data_criteria": "MedicationOrderStatins",
        "temporal_references": [
          {
            "type": "DURING",
            "reference": "OccurrenceAEncounterInpatient118"
          }
        ]
      }
    },
    {
      "MedicationOrderStatins_precondition_6452": {
        "title": "Statins",
        "description": "Medication, Order: Statins",
        "standard_category": "medication",
        "qds_data_type": "medication_order",
        "code_list_id": "2.16.840.1.113883.3.117.1.7.1.824",
        "type": "medications",
        "definition": "medication",
        "status": "ordered",
        "hard_status": false,
        "negation": true,
        "negation_code_list_id": "2.16.840.1.113883.3.666.5.3005",
        "source_data_criteria": "MedicationOrderStatins",
        "temporal_references": [
          {
            "type": "DURING",
            "reference": "OccurrenceAEncounterInpatient118"
          }
        ]
      }
    },
    {
      "MedicationDischargeStatins_precondition_6440": {
        "title": "Statins",
        "description": "Medication, Discharge: Statins",
        "standard_category": "medication",
        "qds_data_type": "medication_discharge",
        "code_list_id": "2.16.840.1.113883.3.117.1.7.1.824",
        "type": "medications",
        "definition": "medication_discharge",
        "hard_status": false,
        "negation": false,
        "source_data_criteria": "MedicationDischargeStatins",
        "temporal_references": [
          {
            "type": "DURING",
            "reference": "OccurrenceAEncounterInpatient118"
          }
        ]
      }
    },
    {
      "OccurrenceAClinicalTrialParticipant119_precondition_6461": {
        "title": "Clinical Trial Participant",
        "description": "Patient Characteristic Clinical Trial Participant: Clinical Trial Participant",
        "standard_category": "individual_characteristic",
        "qds_data_type": "individual_characteristic",
        "code_list_id": "2.16.840.1.113883.3.526.2.643",
        "property": "clinicalTrialParticipant",
        "type": "characteristic",
        "definition": "patient_characteristic_clinical_trial_participant",
        "hard_status": false,
        "negation": false,
        "specific_occurrence": "A",
        "source_data_criteria": "OccurrenceAClinicalTrialParticipant119",
        "inline_code_list": {
          "SNOMED-CT": [
            "428024001"
          ]
        },
        "temporal_references": [
          {
            "type": "SBE",
            "reference": "OccurrenceAEncounterInpatient118"
          }
        ]
      }
    },
    {
      "OccurrenceAClinicalTrialParticipant119_precondition_6459": {
        "title": "Clinical Trial Participant",
        "description": "Patient Characteristic Clinical Trial Participant: Clinical Trial Participant",
        "standard_category": "individual_characteristic",
        "qds_data_type": "individual_characteristic",
        "code_list_id": "2.16.840.1.113883.3.526.2.643",
        "property": "clinicalTrialParticipant",
        "type": "characteristic",
        "definition": "patient_characteristic_clinical_trial_participant",
        "hard_status": false,
        "negation": false,
        "specific_occurrence": "A",
        "source_data_criteria": "OccurrenceAClinicalTrialParticipant119",
        "inline_code_list": {
          "SNOMED-CT": [
            "428024001"
          ]
        },
        "temporal_references": [
          {
            "type": "EBS",
            "reference": "OccurrenceAEncounterInpatient118"
          }
        ]
      }
    },
    {
      "MedicationDischargeStatins_precondition_6469": {
        "title": "Statins",
        "description": "Medication, Discharge: Statins",
        "standard_category": "medication",
        "qds_data_type": "medication_discharge",
        "code_list_id": "2.16.840.1.113883.3.117.1.7.1.824",
        "type": "medications",
        "definition": "medication_discharge",
        "hard_status": false,
        "negation": false,
        "source_data_criteria": "MedicationDischargeStatins",
        "temporal_references": [
          {
            "type": "DURING",
            "reference": "OccurrenceAEncounterInpatient118"
          }
        ]
      }
    },
    {
      "PatientCharacteristicBirthdateBirthDate_precondition_6473": {
        "title": "birth date",
        "description": "Patient Characteristic Birthdate: birth date",
        "standard_category": "individual_characteristic",
        "qds_data_type": "individual_characteristic",
        "code_list_id": "2.16.840.1.113883.3.560.100.4",
        "property": "birthtime",
        "type": "characteristic",
        "definition": "patient_characteristic_birthdate",
        "hard_status": false,
        "negation": false,
        "source_data_criteria": "PatientCharacteristicBirthdateBirthDate",
        "inline_code_list": {
          "LOINC": [
            "21112-8"
          ]
        },
        "temporal_references": [
          {
            "type": "SBS",
            "reference": "OccurrenceAEncounterInpatient118_precondition_6472",
            "range": {
              "type": "IVL_PQ",
              "low": {
                "type": "PQ",
                "unit": "a",
                "value": "18",
                "inclusive?": true,
                "derived?": false
              }
            }
          }
        ]
      }
    },
    {
      "OccurrenceAEncounterInpatient118_precondition_6472": {
        "title": "Encounter Inpatient",
        "description": "Encounter, Performed: Encounter Inpatient",
        "standard_category": "encounter",
        "qds_data_type": "encounter",
        "code_list_id": "2.16.840.1.113883.3.666.5.3001",
        "type": "encounters",
        "definition": "encounter",
        "status": "performed",
        "hard_status": false,
        "negation": false,
        "specific_occurrence": "A",
        "source_data_criteria": "OccurrenceAEncounterInpatient118",
        "field_values": {
          "ADMISSION_DATETIME": {
            "type": "ANYNonNull"
          }
        }
      }
    },
    {
      "DiagnosisActiveAmi_precondition_6475": {
        "title": "AMI",
        "description": "Diagnosis, Active: AMI",
        "standard_category": "diagnosis_condition_problem",
        "qds_data_type": "diagnosis_active",
        "code_list_id": "2.16.840.1.113883.3.117.1.7.1.833",
        "type": "conditions",
        "definition": "diagnosis",
        "status": "active",
        "hard_status": false,
        "negation": false,
        "source_data_criteria": "DiagnosisActiveAmi",
        "field_values": {
          "ORDINAL": {
            "type": "CD",
            "code_list_id": "2.16.840.1.113883.3.117.2.7.1.14",
            "title": "Principal Diagnosis"
          }
        },
        "temporal_references": [
          {
            "type": "SDU",
            "reference": "OccurrenceAEncounterInpatient118"
          }
        ]
      }
    },
    {
      "OccurrenceAEncounterInpatient118_precondition_6477": {
        "title": "Encounter Inpatient",
        "description": "Encounter, Performed: Encounter Inpatient",
        "standard_category": "encounter",
        "qds_data_type": "encounter",
        "code_list_id": "2.16.840.1.113883.3.666.5.3001",
        "type": "encounters",
        "definition": "encounter",
        "status": "performed",
        "hard_status": false,
        "negation": false,
        "specific_occurrence": "A",
        "source_data_criteria": "OccurrenceAEncounterInpatient118",
        "field_values": {
          "LENGTH_OF_STAY": {
            "type": "IVL_PQ",
            "high": {
              "type": "PQ",
              "unit": "d",
              "value": "120",
              "inclusive?": true,
              "derived?": false
            }
          }
        }
      }
    },
    {
      "OccurrenceAEncounterInpatient118_precondition_6479": {
        "title": "Encounter Inpatient",
        "description": "Encounter, Performed: Encounter Inpatient",
        "standard_category": "encounter",
        "qds_data_type": "encounter",
        "code_list_id": "2.16.840.1.113883.3.666.5.3001",
        "type": "encounters",
        "definition": "encounter",
        "status": "performed",
        "hard_status": false,
        "negation": false,
        "specific_occurrence": "A",
        "source_data_criteria": "OccurrenceAEncounterInpatient118",
        "field_values": {
          "ADMISSION_DATETIME": {
            "type": "ANYNonNull"
          }
        },
        "temporal_references": [
          {
            "type": "DURING",
            "reference": "MeasurePeriod"
          }
        ]
      }
    }
  ],
  "oids": [
    "2.16.840.1.113883.3.117.1.7.1.87",
    "2.16.840.1.113883.3.117.1.7.1.86",
    "2.16.840.1.113883.3.117.1.7.1.833",
    "2.16.840.1.113883.3.117.1.7.1.72",
    "2.16.840.1.113883.3.117.1.7.1.85",
    "2.16.840.1.113883.3.117.1.7.1.799",
    "2.16.840.1.113883.3.117.1.7.1.824",
    "2.16.840.1.113883.3.117.1.7.1.827",
    "2.16.840.1.113883.3.117.1.7.1.831",
    "2.16.840.1.113883.3.117.2.7.1.14",
    "2.16.840.1.113883.3.526.2.643",
    "2.16.840.1.113883.3.560.100.4",
    "2.16.840.1.113883.3.666.5.647",
    "2.16.840.1.113883.3.666.5.648",
    "2.16.840.1.113883.3.666.5.1106",
    "2.16.840.1.113883.3.666.5.3001",
    "2.16.840.1.113883.3.666.5.3002",
    "2.16.840.1.113883.3.666.5.3003",
    "2.16.840.1.113883.3.666.5.3004",
    "2.16.840.1.113883.3.666.5.3005"
  ],
  "population_ids": {
    "IPP": "0406B148-063C-422E-A4D3-EC85580E7B96",
    "DENOM": "C8E6DF16-AB9F-441C-A5F9-F533AAEE434A",
    "NUMER": "F845B0EC-F113-4C50-80DB-0F2B7DF526BD",
    "DENEX": "652BC917-B5A4-43B1-9087-E839A3046318"
  }
}