<?xml version="1.0" encoding="utf-8"?>
<QualityMeasureDocument xmlns="urn:hl7-org:v3" xmlns:xsi="http://www.w3.org/2001/XMLSchema-instance">
  <id root="2.16.840.1.113883.3.100.1" extension="" />
  <code code="57024-2" codeSystem="2.16.840.1.113883.6.1"/>
  <title value="Home Management Plan of Care (HMPC) Document Given to Patient/Caregiver"/>
  <text value="An assessment that there is documentation in the medical record that a Home Management Plan of Care (HMPC) document was given to the pediatric asthma patient/caregiver."/>
  <statusCode code="completed" />
  <setId root="2.16.840.1.113883.3.100.1" extension="" />
  <versionNumber value=""/>
  <author typeCode="AUT" contextControlCode="OP">
    <responsibleParty classCode="ASSIGNED" />
  </author>
  <custodian typeCode="CST">
    <responsibleParty classCode="ASSIGNED" />
  </custodian>
  <controlVariable>
    <measurePeriod>
      <code code="MSRTP" codeSystem="2.16.840.1.113883.3.560">
        <displayName value="Measurement period"/>
      </code>
      <value>
        <low value="20100101" />
        <high value="20110101" />
      </value>
    </measurePeriod>
  </controlVariable>
  	<subjectOf>
		<measureAttribute>
			<id root="2.16.840.1.113883.3.100.1" extension="COPYRIGHT"/>
			<code code="COPY">
				<displayName value="Copyright"/>
			</code>
			<value xsi:type="ED" value="LOINC(R) is a registered trademark of the Regenstrief Institute.

This material contains SNOMED Clinical Terms (R) (SNOMED CT(c)) copyright 2004-2010 International Health Terminology Standards Development Organization. All rights reserved."/>
		</measureAttribute>
	</subjectOf>

  	<subjectOf>
		<measureAttribute>
			<id root="2.16.840.1.113883.3.100.1" extension="MEASURE_SCORING"/>
			<code code="MSRSCORE">
				<displayName value="Measure Scoring"/>
			</code>
		</measureAttribute>
	</subjectOf>

  	<subjectOf>
		<measureAttribute>
			<id root="2.16.840.1.113883.3.100.1" extension="MEASURE_TYPE"/>
			<code code="MSRTYPE">
				<displayName value="Measure Type"/>
			</code>
		</measureAttribute>
	</subjectOf>

  	<subjectOf>
		<measureAttribute>
			<id root="2.16.840.1.113883.3.100.1" extension="STRATIFICATION"/>
			<code code="STRAT">
				<displayName value="Stratification"/>
			</code>
			<value xsi:type="ED" value="None"/>
		</measureAttribute>
	</subjectOf>

  	<subjectOf>
		<measureAttribute>
			<id root="2.16.840.1.113883.3.100.1" extension="RISK_ADJUSTMENT"/>
			<code code="MSRADJ">
				<displayName value="Risk Adjustment"/>
			</code>
			<value xsi:type="ED" value="None"/>
		</measureAttribute>
	</subjectOf>

  	<subjectOf>
		<measureAttribute>
			<id root="2.16.840.1.113883.3.100.1" extension="RATE_AGGREGATION"/>
			<code code="MSRAGG">
				<displayName value="Rate Aggregation"/>
			</code>
			<value xsi:type="ED" value="None"/>
		</measureAttribute>
	</subjectOf>

  	<subjectOf>
		<measureAttribute>
			<id root="2.16.840.1.113883.3.100.1" extension="RATIONALE"/>
			<code code="RAT">
				<displayName value="Rationale"/>
			</code>
			<value xsi:type="ED" value="Asthma is the most common chronic disease in children and a major cause of morbidity and health care costs nationally (Adams, et al., 2001). For children, asthma is one of the most frequent reasons for admission to hospitals (McCormick, et al., 1999). Silber, et al., (2003) noted that there are approximately 200,000 admissions for childhood asthma in the United States annually, representing more than $3 billion dollars in expenditures. Under-treatment and/or inappropriate treatment of asthma are recognized as major contributors to asthma morbidity and mortality. Guidelines developed by the National Asthma Education and Prevention Program (NAEPP) of the National Heart, Lung and Blood Institute (NHLBI), as well as by the American Academy of Pediatrics (AAP) for the diagnosis and management of asthma in children, recommend establishing a plan for maintaining control of asthma and for establishing plans for managing exacerbations. Both aspects of care would include instructions related to pharmacotherapy and assessment of lung function. 

According to the Agency for Healthcare Research and Quality (AHRQ), an Evidence-based Practice Center (EPC) and Aronson, Lefevere, Piper, et al. (2001) reported that increasing use of controller medications improves outcomes. Children with asthma who are seen by specialists or receive follow-up appointments are more likely to use appropriate long-term control medications (ACQA, 2004; Finklestein, Lozano, Farber, et al., 2002). 

Organization of care towards patient self-management and patient/caregiver routine education on appropriate use of asthma medications, identification of symptoms of exacerbation, avoidance of environmental triggers cannot be overemphasized (AHRQ, 2005). For children, it is particularly important to involve both the patient and the caregiver in this educational component of asthma care as participation in the plan of care by both will provide the greatest opportunity to promote compliance with the treatment plan, control of asthma, and treatment of exacerbations in a safe and timely manner."/>
		</measureAttribute>
	</subjectOf>

  	<subjectOf>
		<measureAttribute>
			<id root="2.16.840.1.113883.3.100.1" extension="CLINICAL_RECOMMENDATION_STATEMENT"/>
			<code code="CRS">
				<displayName value="Clinical Recommendation Statement"/>
			</code>
			<value xsi:type="ED" value="Under-treatment and/or inappropriate treatment of asthma are recognized as major contributors to asthma morbidity and mortality. National guidelines for the diagnosis and management of asthma in children, recommend establishing a plan for maintaining control of asthma and for establishing plans for managing exacerbation."/>
		</measureAttribute>
	</subjectOf>

  	<subjectOf>
		<measureAttribute>
			<id root="2.16.840.1.113883.3.100.1" extension="IMPROVEMENT_NOTATION"/>
			<code code="IDUR">
				<displayName value="Improvement Notation"/>
			</code>
			<value xsi:type="ED" value="An increase in the rate."/>
		</measureAttribute>
	</subjectOf>

  	<subjectOf>
		<measureAttribute>
			<id root="2.16.840.1.113883.3.100.1" extension="NQF_ID_NUMBER"/>
			<code code="OTH">
				<displayName value="NQF ID Number"/>
			</code>
			<value xsi:type="ED" value="0338"/>
		</measureAttribute>
	</subjectOf>

  	<subjectOf>
		<measureAttribute>
			<id root="2.16.840.1.113883.3.100.1" extension="DISCLAIMER"/>
			<code code="DISC">
				<displayName value="Disclaimer"/>
			</code>
			<value xsi:type="ED" value="None"/>
		</measureAttribute>
	</subjectOf>

  	<subjectOf>
		<measureAttribute>
			<id root="2.16.840.1.113883.3.100.1" extension="EMEASURE_IDENTIFIER"/>
			<code code="OTH">
				<displayName value="eMeasure Identifier"/>
			</code>
			<value xsi:type="ED" value="26"/>
		</measureAttribute>
	</subjectOf>

  	<subjectOf>
		<measureAttribute>
			<id root="2.16.840.1.113883.3.100.1" extension="REFERENCE"/>
			<code code="REF">
				<displayName value="Reference"/>
			</code>
			<value xsi:type="ED" value="Stanton MW, Dougherty D, Rutherford MK. (2005). Chronic care for low-income children with asthma: strategies for improvement. Rockville (MD): Agency for Healthcare Research and Quality. Research in Action Issue 18. AHRQ Pub. No. 05-0073."/>
		</measureAttribute>
	</subjectOf>

  	<subjectOf>
		<measureAttribute>
			<id root="2.16.840.1.113883.3.100.1" extension="DEFINITION"/>
			<code code="DEF">
				<displayName value="Definition"/>
			</code>
			<value xsi:type="ED" value="None"/>
		</measureAttribute>
	</subjectOf>

  	<subjectOf>
		<measureAttribute>
			<id root="2.16.840.1.113883.3.100.1" extension="GUIDANCE"/>
			<code code="GUIDE">
				<displayName value="Guidance"/>
			</code>
			<value xsi:type="ED" value="The home management plan of care document should be a separate and patient-specific written instruction. The document must be present in the form of an explicit and separate document specific to the patient rather than components or segments of the plan spread across discharge instruction sheets, discharge orders, education sheets, or other instruction sheets.

The home management plan of care is represented in the eMeasure logic by a LOINC code for an asthma action plan document. This form, or equivalent, contains most of the components required for the home management plan of care, including information on:
•	Methods and timing of rescue actions: the home management plan of care addresses what to do if asthma symptoms worsen after discharge, including all of the following: 1) When to take action, i.e., assessment of severity (e.g., peak flow meter reading, signs and symptoms to watch for); 2) What specific steps to take, i.e., initial treatment instructions (e.g., inhaled relievers up to three treatments of 2-4 puffs by MDI at 20-minute intervals or single nebulizer treatment); 3) Contact information to be used, when an asthma attack occurs or is about to occur.
•	Appropriate use of long-term asthma medications (controllers), including the medication name, dose, frequency, and method of administration.
•	Appropriate use of rescue, quick-relief, or short acting medications of choice to quickly relieve asthma exacerbations (relievers), including the medication name, dose, frequency, and method of administration.
•	Environmental control and control of other triggers: information on avoidance or mitigation of environmental and other triggers.

In addition to the information outlined in the asthma action plan form (or equivalent document), the home management plan of care is required to include information regarding arrangements for referral or follow-up care with a healthcare provider, namely:
•	If an appointment for referral or follow-up care with a healthcare provider has been made, the home management plan of care is required to include the provider/clinic/office name, as well as the date and time of the appointment.
•	If an appointment for referral of follow-up care with a healthcare provider has NOT been made, the home management plan of care is required to include information for the patient/caregiver to be able to make arrangements for follow-up care, i.e., provider/clinic/office name, telephone number and time frame for appointment for follow-up care (e.g., 7-10 days).

The home management plan of care can only be considered to comply with the criteria outlined in the measure logic if it meets the requirements outlined above and is appropriately filled-out with information specific to the patient.

Patient refusal includes refusal by a caregiver. The caregiver is defined as the patient’s family or any other person (e.g., home health, VNA provider, prison official or other law enforcement personnel) who will be responsible for care of the patient after discharge.

The “Discharge To Home Or Police Custody” value set also intends to capture the following discharge disposition values:
• Assisted Living Facilities
• Court/Law Enforcement – includes detention facilities, jails, and prison
• Home – includes board and care, foster or residential care, group or personal care homes, and homeless shelters
• Home with Home Health Services
• Outpatient Services including outpatient procedures at another hospital, Outpatient Chemical Dependency Programs and Partial Hospitalization.

The unit of measurement for this measure is an inpatient episode of care. Each distinct hospitalization should be reported, regardless of whether the same patient is admitted for inpatient care more than once during the measurement period. In addition, the eMeasure logic intends to represent events within or surrounding a single occurrence of an inpatient hospitalization."/>
		</measureAttribute>
	</subjectOf>

  	<subjectOf>
		<measureAttribute>
			<id root="2.16.840.1.113883.3.100.1" extension="TRANSMISSION_FORMAT"/>
			<code code="OTH">
				<displayName value="Transmission Format"/>
			</code>
			<value xsi:type="ED" value="None"/>
		</measureAttribute>
	</subjectOf>

  	<subjectOf>
		<measureAttribute>
			<id root="2.16.840.1.113883.3.100.1" extension="INITIAL_PATIENT_POPULATION"/>
			<code code="IPP">
				<displayName value="Initial Patient Population"/>
			</code>
			<value xsi:type="ED" value="Pediatric asthma inpatients with an age of 2 through 17 years, and length of stay less than or equal to 120 days."/>
		</measureAttribute>
	</subjectOf>

  	<subjectOf>
		<measureAttribute>
			<id root="2.16.840.1.113883.3.100.1" extension="DENOMINATOR"/>
			<code code="DENOM">
				<displayName value="Denominator"/>
			</code>
			<value xsi:type="ED" value="Pediatric asthma inpatients with an age of 2 through 17 years, length of stay less than or equal to 120 days, and discharged to home or police custody."/>
		</measureAttribute>
	</subjectOf>

  	<subjectOf>
		<measureAttribute>
			<id root="2.16.840.1.113883.3.100.1" extension="DENOMINATOR_EXCLUSIONS"/>
			<code code="OTH">
				<displayName value="Denominator Exclusions"/>
			</code>
			<value xsi:type="ED" value="None"/>
		</measureAttribute>
	</subjectOf>

  	<subjectOf>
		<measureAttribute>
			<id root="2.16.840.1.113883.3.100.1" extension="NUMERATOR"/>
			<code code="NUMER">
				<displayName value="Numerator"/>
			</code>
			<value xsi:type="ED" value="Pediatric asthma inpatients with documentation that they or their caregivers were given a written Home Management Plan of Care (HMPC) document that addresses all of the following: 
1. Arrangements for follow-up care 
2. Environmental control and control of other triggers
3. Method and timing of rescue actions
4. Use of controllers 
5. Use of relievers"/>
		</measureAttribute>
	</subjectOf>

  	<subjectOf>
		<measureAttribute>
			<id root="2.16.840.1.113883.3.100.1" extension="NUMERATOR_EXCLUSIONS"/>
			<code code="OTH">
				<displayName value="Numerator Exclusions"/>
			</code>
			<value xsi:type="ED" value="Not applicable"/>
		</measureAttribute>
	</subjectOf>

  	<subjectOf>
		<measureAttribute>
			<id root="2.16.840.1.113883.3.100.1" extension="DENOMINATOR_EXCEPTIONS"/>
			<code code="DENEXCEP">
				<displayName value="Denominator Exceptions"/>
			</code>
			<value xsi:type="ED" value="None"/>
		</measureAttribute>
	</subjectOf>

  	<subjectOf>
		<measureAttribute>
			<id root="2.16.840.1.113883.3.100.1" extension="MEASURE_POPULATION"/>
			<code code="MSRPOPL">
				<displayName value="Measure Population"/>
			</code>
			<value xsi:type="ED" value="Not applicable"/>
		</measureAttribute>
	</subjectOf>

  	<subjectOf>
		<measureAttribute>
			<id root="2.16.840.1.113883.3.100.1" extension="MEASURE_OBSERVATIONS"/>
			<code code="OTH">
				<displayName value="Measure Observations"/>
			</code>
			<value xsi:type="ED" value="Not applicable"/>
		</measureAttribute>
	</subjectOf>

  	<subjectOf>
		<measureAttribute>
			<id root="2.16.840.1.113883.3.100.1" extension="SUPPLEMENTAL_DATA_ELEMENTS"/>
			<code code="OTH">
				<displayName value="Supplemental Data Elements"/>
			</code>
			<value xsi:type="ED" value="For every patient evaluated by this measure also identify payer, race, ethnicity and sex."/>
		</measureAttribute>
	</subjectOf>

  <component>
    <dataCriteriaSection>
      <code code="57025-9" codeSystem="2.16.840.1.113883.6.1"/>
      <title value="Data Criteria Section"/>
      <text>This section describes the data criteria.</text>
            <entry typeCode="DRIV">
        <encounterCriteria moodCode="EVN" classCode="ENC">
                    <templateId>
            <item root="2.16.840.1.113883.3.560.1.79" identifierName="encounter, performed template"/>
          </templateId>

          <id>
            <item root="2.16.840.1.113883.3.100.1" extension="EncounterPerformedInpatientEncounter"/>
          </id>
                    <code xsi:type="CD" valueSet="2.16.840.1.113883.3.117.1.7.1.23">
            <displayName value="Inpatient Encounter"/>
          </code>

                    <text value="Encounter, Performed: Inpatient Encounter"/>
          
          
          <definition>
            <encounterReference moodCode="EVN" classCode="ENC">
              <id root="2.16.840.1.113883.3.100.1" extension="encounter"/>
            </encounterReference>
          </definition>
          
                    <outboundRelationship typeCode="SUBJ">
            <subsetCode code="SOURCE"/>
            <observationReference classCode="OBS" moodCode="EVN">
              <id root="2.16.840.1.113883.3.100.1" extension="EncounterPerformedInpatientEncounter"/>
            </observationReference>
          </outboundRelationship>
          
          
        </encounterCriteria>
      </entry>

            <entry typeCode="DRIV">
        <observationCriteria moodCode="EVN" classCode="OBS" actionNegationInd='true'>
                    <templateId>
            <item root="2.16.840.1.113883.3.560.1.131" identifierName="communication, from provider to patient template"/>
          </templateId>

          <id>
            <item root="2.16.840.1.113883.3.100.1" extension="CommunicationFromProviderToPatientNotDonePatientRefusal"/>
          </id>
                    <code xsi:type="CD" valueSet="2.16.840.1.113883.3.117.1.7.1.93">
            <displayName value="Patient Refusal"/>
          </code>

                    <text value="Communication: From Provider to Patient not done: Patient Refusal"/>
          
          
          
          <definition>
            <observationReference moodCode="EVN" classCode="OBS">
              <id root="2.16.840.1.113883.3.100.1" extension="communication_from_provider_to_patient"/>
            </observationReference>
          </definition>
          
                    <outboundRelationship typeCode="SUBJ">
            <subsetCode code="SOURCE"/>
            <observationReference classCode="OBS" moodCode="EVN">
              <id root="2.16.840.1.113883.3.100.1" extension="CommunicationFromProviderToPatientNotDonePatientRefusal"/>
            </observationReference>
          </outboundRelationship>
          
          
        </observationCriteria>
      </entry>

            <entry typeCode="DRIV">
        <encounterCriteria moodCode="EVN" classCode="ENC">
                    <templateId>
            <item root="2.16.840.1.113883.3.560.1.79" identifierName="encounter, performed template"/>
          </templateId>

          <id>
            <item root="2.16.840.1.113883.3.100.1" extension="OccurrenceAInpatientEncounter19"/>
          </id>
                    <code xsi:type="CD" valueSet="2.16.840.1.113883.3.117.1.7.1.23">
            <displayName value="Inpatient Encounter"/>
          </code>

                    <text value="Encounter, Performed: Inpatient Encounter"/>
          
          
          <definition>
            <encounterReference moodCode="EVN" classCode="ENC">
              <id root="2.16.840.1.113883.3.100.1" extension="encounter"/>
            </encounterReference>
          </definition>
          
                    <outboundRelationship typeCode="SUBJ">
            <localVariableName controlInformationRoot="" controlInformationExtension="A"/>
            <subsetCode code="SPECIFIC"/>
            <observationReference classCode="OBS" moodCode="EVN">
              <id root="2.16.840.1.113883.3.100.1" extension="OccurrenceAInpatientEncounter19"/>
            </observationReference>
          </outboundRelationship>
          
          
        </encounterCriteria>
      </entry>

            <entry typeCode="DRIV">
        <encounterCriteria moodCode="EVN" classCode="ENC">
                    <templateId>
            <item root="2.16.840.1.113883.3.560.1.79" identifierName="encounter, performed template"/>
          </templateId>

          <id>
            <item root="2.16.840.1.113883.3.100.1" extension="OccurrenceAInpatientEncounter19_precondition_1787"/>
          </id>
                    <code xsi:type="CD" valueSet="2.16.840.1.113883.3.117.1.7.1.23">
            <displayName value="Inpatient Encounter"/>
          </code>

                    <text value="Encounter, Performed: Inpatient Encounter"/>
          
          
          <definition>
            <encounterReference moodCode="EVN" classCode="ENC">
              <id root="2.16.840.1.113883.3.100.1" extension="encounter"/>
            </encounterReference>
          </definition>
          
                    <outboundRelationship typeCode="SUBJ">
            <localVariableName controlInformationRoot="" controlInformationExtension="A"/>
            <subsetCode code="SPECIFIC"/>
            <observationReference classCode="OBS" moodCode="EVN">
              <id root="2.16.840.1.113883.3.100.1" extension="OccurrenceAInpatientEncounter19"/>
            </observationReference>
          </outboundRelationship>
          
          
        </encounterCriteria>
      </entry>

            <entry typeCode="DRIV">
        <observationCriteria moodCode="EVN" classCode="OBS">
                    <templateId>
            <item root="2.16.840.1.113883.3.560.1.31" identifierName="communication, from provider to patient template"/>
          </templateId>

          <id>
            <item root="2.16.840.1.113883.3.100.1" extension="CommunicationFromProviderToPatientAsthmaManagementPlan_precondition_1782"/>
          </id>
                    <code xsi:type="CD" valueSet="2.16.840.1.113883.3.117.1.7.1.131">
            <displayName value="Asthma Management Plan"/>
          </code>

                    <text value="Communication: From Provider to Patient: Asthma Management Plan"/>
          
          
          
          <definition>
            <observationReference moodCode="EVN" classCode="OBS">
              <id root="2.16.840.1.113883.3.100.1" extension="communication_from_provider_to_patient"/>
            </observationReference>
          </definition>
                    <temporallyRelatedInformation typeCode="DURING">
                        <encounterReference moodCode="EVN" classCode="ENC">
              <id root="2.16.840.1.113883.3.100.1" extension="OccurrenceAInpatientEncounter19_precondition_1787"/>
            </encounterReference>

          </temporallyRelatedInformation>

                    <outboundRelationship typeCode="SUBJ">
            <subsetCode code="SOURCE"/>
            <observationReference classCode="OBS" moodCode="EVN">
              <id root="2.16.840.1.113883.3.100.1" extension="CommunicationFromProviderToPatientAsthmaManagementPlan"/>
            </observationReference>
          </outboundRelationship>
          
          
        </observationCriteria>
      </entry>

            <entry typeCode="DRIV">
        <observationCriteria moodCode="EVN" classCode="OBS" actionNegationInd='true'>
                    <templateId>
            <item root="2.16.840.1.113883.3.560.1.131" identifierName="communication, from provider to patient template"/>
          </templateId>

          <id>
            <item root="2.16.840.1.113883.3.100.1" extension="CommunicationFromProviderToPatientAsthmaManagementPlan_precondition_1784"/>
          </id>
                    <code xsi:type="CD" valueSet="2.16.840.1.113883.3.117.1.7.1.131">
            <displayName value="Asthma Management Plan"/>
          </code>

                    <text value="Communication: From Provider to Patient: Asthma Management Plan"/>
          
          
                    <reasonCode>
            <item valueSet="2.16.840.1.113883.3.117.1.7.1.93"/>
          </reasonCode>

          <definition>
            <observationReference moodCode="EVN" classCode="OBS">
              <id root="2.16.840.1.113883.3.100.1" extension="communication_from_provider_to_patient"/>
            </observationReference>
          </definition>
                    <temporallyRelatedInformation typeCode="DURING">
                        <encounterReference moodCode="EVN" classCode="ENC">
              <id root="2.16.840.1.113883.3.100.1" extension="OccurrenceAInpatientEncounter19_precondition_1787"/>
            </encounterReference>

          </temporallyRelatedInformation>

                    <outboundRelationship typeCode="SUBJ">
            <subsetCode code="SOURCE"/>
            <observationReference classCode="OBS" moodCode="EVN">
              <id root="2.16.840.1.113883.3.100.1" extension="CommunicationFromProviderToPatientAsthmaManagementPlan"/>
            </observationReference>
          </outboundRelationship>
          
          
        </observationCriteria>
      </entry>

            <entry typeCode="DRIV">
        <encounterCriteria moodCode="EVN" classCode="ENC">
                    <templateId>
            <item root="2.16.840.1.113883.3.560.1.79" identifierName="encounter, performed template"/>
          </templateId>

          <id>
            <item root="2.16.840.1.113883.3.100.1" extension="OccurrenceAInpatientEncounter19_precondition_1790"/>
          </id>
                    <code xsi:type="CD" valueSet="2.16.840.1.113883.3.117.1.7.1.23">
            <displayName value="Inpatient Encounter"/>
          </code>

                    <text value="Encounter, Performed: Inpatient Encounter"/>
          
          
          <definition>
            <encounterReference moodCode="EVN" classCode="ENC">
              <id root="2.16.840.1.113883.3.100.1" extension="encounter"/>
            </encounterReference>
          </definition>
          
                    <outboundRelationship typeCode="SUBJ">
            <observationCriteria classCode="OBS" moodCode="EVN">
              <code code="309039003" codeSystem="2.16.840.1.113883.6.96" codeSystemName="SNOMED-CT">
                <displayName value="Discharge Status"/> 
              </code>
                <value xsi:type="CD" valueSet="2.16.840.1.113883.3.117.1.7.1.82">
     <displayName value="Discharge To Home Or Police Custody"/>
  </value>

            </observationCriteria>
          </outboundRelationship>
          <outboundRelationship typeCode="SUBJ">
            <localVariableName controlInformationRoot="" controlInformationExtension="A"/>
            <subsetCode code="SPECIFIC"/>
            <observationReference classCode="OBS" moodCode="EVN">
              <id root="2.16.840.1.113883.3.100.1" extension="OccurrenceAInpatientEncounter19"/>
            </observationReference>
          </outboundRelationship>
          
          
        </encounterCriteria>
      </entry>

            <entry typeCode="DRIV">
        <observationCriteria  moodCode="EVN" classCode="OBS">
                    <templateId>
            <item root="2.16.840.1.113883.3.560.1.2" identifierName="diagnosis, active template"/>
          </templateId>

          <id>
            <item root="2.16.840.1.113883.3.100.1" extension="DiagnosisActiveAsthma_precondition_1793"/>
          </id>
                    <text value="Diagnosis, Active: Asthma"/>
          <statusCode code="active"/>
          
          
                    <value xsi:type="CD" valueSet="2.16.840.1.113883.3.117.1.7.1.271">
            <displayName value="Asthma"/>
          </value>

          <definition>
            <observationReference moodCode="EVN" classCode="OBS">
              <id root="2.16.840.1.113883.3.100.1" extension="diagnosis"/>
            </observationReference>
          </definition>
                    <temporallyRelatedInformation typeCode="SDU">
                        <encounterReference moodCode="EVN" classCode="ENC">
              <id root="2.16.840.1.113883.3.100.1" extension="OccurrenceAInpatientEncounter19"/>
            </encounterReference>

          </temporallyRelatedInformation>

                    <outboundRelationship typeCode="SUBJ">
            <observationCriteria classCode="OBS" moodCode="EVN">
              <code code="117363000" codeSystem="2.16.840.1.113883.6.96" codeSystemName="SNOMED-CT">
                <displayName value="Ordinal"/> 
              </code>
                <value xsi:type="CD" valueSet="2.16.840.1.113883.3.117.2.7.1.14">
     <displayName value="Principal Diagnosis"/>
  </value>

            </observationCriteria>
          </outboundRelationship>
          <outboundRelationship typeCode="SUBJ">
            <subsetCode code="SOURCE"/>
            <observationReference classCode="OBS" moodCode="EVN">
              <id root="2.16.840.1.113883.3.100.1" extension="DiagnosisActiveAsthma"/>
            </observationReference>
          </outboundRelationship>
          
          
        </observationCriteria>
      </entry>

            <entry typeCode="DRIV">
        <observationCriteria moodCode="EVN" classCode="OBS">
                    <templateId>
            <item root="2.16.840.1.113883.3.560.1.25" identifierName="patient characteristic, birthdate template"/>
          </templateId>

          <id>
            <item root="2.16.840.1.113883.3.100.1" extension="PatientCharacteristicBirthdateBirthDate_precondition_1795"/>
          </id>
                    <code codeSystemName="LOINC" codeSystem="2.16.840.1.113883.6.1"
            code="21112-8">
            <displayName value="birth date"/>
          </code>

                    <text value="Patient Characteristic Birthdate: birth date"/>
          
          <definition>
            <observationReference moodCode="EVN" classCode="OBS">
              <id root="2.16.840.1.113883.3.100.1" extension="patient_characteristic_birthdate"/>
            </observationReference>
          </definition>
                    <temporallyRelatedInformation typeCode="SBS">
              <pauseQuantity xsi:type="IVL_PQ">
      <low  value="2" unit="a"/>
      </pauseQuantity>

                        <encounterReference moodCode="EVN" classCode="ENC">
              <id root="2.16.840.1.113883.3.100.1" extension="OccurrenceAInpatientEncounter19"/>
            </encounterReference>

          </temporallyRelatedInformation>

                    <outboundRelationship typeCode="SUBJ">
            <subsetCode code="SOURCE"/>
            <observationReference classCode="OBS" moodCode="EVN">
              <id root="2.16.840.1.113883.3.100.1" extension="PatientCharacteristicBirthdateBirthDate"/>
            </observationReference>
          </outboundRelationship>
        </observationCriteria>
      </entry>

            <entry typeCode="DRIV">
        <observationCriteria moodCode="EVN" classCode="OBS">
                    <templateId>
            <item root="2.16.840.1.113883.3.560.1.25" identifierName="patient characteristic, birthdate template"/>
          </templateId>

          <id>
            <item root="2.16.840.1.113883.3.100.1" extension="PatientCharacteristicBirthdateBirthDate_precondition_1797"/>
          </id>
                    <code codeSystemName="LOINC" codeSystem="2.16.840.1.113883.6.1"
            code="21112-8">
            <displayName value="birth date"/>
          </code>

                    <text value="Patient Characteristic Birthdate: birth date"/>
          
          <definition>
            <observationReference moodCode="EVN" classCode="OBS">
              <id root="2.16.840.1.113883.3.100.1" extension="patient_characteristic_birthdate"/>
            </observationReference>
          </definition>
                    <temporallyRelatedInformation typeCode="SBS">
              <pauseQuantity xsi:type="IVL_PQ">
          <high  value="17" unit="a"/>
  </pauseQuantity>

                        <encounterReference moodCode="EVN" classCode="ENC">
              <id root="2.16.840.1.113883.3.100.1" extension="OccurrenceAInpatientEncounter19"/>
            </encounterReference>

          </temporallyRelatedInformation>

                    <outboundRelationship typeCode="SUBJ">
            <subsetCode code="SOURCE"/>
            <observationReference classCode="OBS" moodCode="EVN">
              <id root="2.16.840.1.113883.3.100.1" extension="PatientCharacteristicBirthdateBirthDate"/>
            </observationReference>
          </outboundRelationship>
        </observationCriteria>
      </entry>

            <entry typeCode="DRIV">
        <encounterCriteria moodCode="EVN" classCode="ENC">
                    <templateId>
            <item root="2.16.840.1.113883.3.560.1.79" identifierName="encounter, performed template"/>
          </templateId>

          <id>
            <item root="2.16.840.1.113883.3.100.1" extension="OccurrenceAInpatientEncounter19_precondition_1799"/>
          </id>
                    <code xsi:type="CD" valueSet="2.16.840.1.113883.3.117.1.7.1.23">
            <displayName value="Inpatient Encounter"/>
          </code>

                    <text value="Encounter, Performed: Inpatient Encounter"/>
          
          
          <definition>
            <encounterReference moodCode="EVN" classCode="ENC">
              <id root="2.16.840.1.113883.3.100.1" extension="encounter"/>
            </encounterReference>
          </definition>
          
                    <outboundRelationship typeCode="SUBJ">
            <observationCriteria classCode="OBS" moodCode="EVN">
              <code code="183797002" codeSystem="2.16.840.1.113883.6.96" codeSystemName="SNOMED-CT">
                <displayName value="Length of Stay"/> 
              </code>
                <value xsi:type="IVL_PQ">
          <high  value="120" unit="d"/>
  </value>

            </observationCriteria>
          </outboundRelationship>
          <outboundRelationship typeCode="SUBJ">
            <localVariableName controlInformationRoot="" controlInformationExtension="A"/>
            <subsetCode code="SPECIFIC"/>
            <observationReference classCode="OBS" moodCode="EVN">
              <id root="2.16.840.1.113883.3.100.1" extension="OccurrenceAInpatientEncounter19"/>
            </observationReference>
          </outboundRelationship>
          
          
        </encounterCriteria>
      </entry>

            <entry typeCode="DRIV">
        <encounterCriteria moodCode="EVN" classCode="ENC">
                    <templateId>
            <item root="2.16.840.1.113883.3.560.1.79" identifierName="encounter, performed template"/>
          </templateId>

          <id>
            <item root="2.16.840.1.113883.3.100.1" extension="OccurrenceAInpatientEncounter19_precondition_1801"/>
          </id>
                    <code xsi:type="CD" valueSet="2.16.840.1.113883.3.117.1.7.1.23">
            <displayName value="Inpatient Encounter"/>
          </code>

                    <text value="Encounter, Performed: Inpatient Encounter"/>
          
          
          <definition>
            <encounterReference moodCode="EVN" classCode="ENC">
              <id root="2.16.840.1.113883.3.100.1" extension="encounter"/>
            </encounterReference>
          </definition>
                    <temporallyRelatedInformation typeCode="DURING">
                        <observationReference moodCode="EVN" classCode="OBS">
              <id root="2.16.840.1.113883.3.100.1" extension="MeasurePeriod"/>
            </observationReference>

          </temporallyRelatedInformation>

                    <outboundRelationship typeCode="SUBJ">
            <observationCriteria classCode="OBS" moodCode="EVN">
              <code code="442864001" codeSystem="2.16.840.1.113883.6.96" codeSystemName="SNOMED-CT">
                <displayName value="Discharge Date/Time"/> 
              </code>
                <value xsi:type="ANY" nullFlavor="NI"/>

            </observationCriteria>
          </outboundRelationship>
          <outboundRelationship typeCode="SUBJ">
            <localVariableName controlInformationRoot="" controlInformationExtension="A"/>
            <subsetCode code="SPECIFIC"/>
            <observationReference classCode="OBS" moodCode="EVN">
              <id root="2.16.840.1.113883.3.100.1" extension="OccurrenceAInpatientEncounter19"/>
            </observationReference>
          </outboundRelationship>
          
          
        </encounterCriteria>
      </entry>

            <entry typeCode="DRIV">
        <observationCriteria  moodCode="EVN" classCode="OBS">
                    <templateId>
            <item root="2.16.840.1.113883.3.560.1.2" identifierName="diagnosis, active template"/>
            <item root="2.16.840.1.113883.3.100.1.1" identifierName="Source data criteria template"/>
          </templateId>

          <id>
            <item root="2.16.840.1.113883.3.100.1" extension="DiagnosisActiveAsthma"/>
          </id>
                    <text value="Diagnosis, Active: Asthma"/>
          <statusCode code="active"/>
          
          
                    <value xsi:type="CD" valueSet="2.16.840.1.113883.3.117.1.7.1.271">
            <displayName value="Asthma"/>
          </value>

          <definition>
            <observationReference moodCode="EVN" classCode="OBS">
              <id root="2.16.840.1.113883.3.100.1" extension="diagnosis"/>
            </observationReference>
          </definition>
          
                    <outboundRelationship typeCode="SUBJ">
            <subsetCode code="SOURCE"/>
            <observationReference classCode="OBS" moodCode="EVN">
              <id root="2.16.840.1.113883.3.100.1" extension="DiagnosisActiveAsthma"/>
            </observationReference>
          </outboundRelationship>
          
          
        </observationCriteria>
      </entry>

            <entry typeCode="DRIV">
        <encounterCriteria moodCode="EVN" classCode="ENC">
                    <templateId>
            <item root="2.16.840.1.113883.3.560.1.79" identifierName="encounter, performed template"/>
            <item root="2.16.840.1.113883.3.100.1.1" identifierName="Source data criteria template"/>
          </templateId>

          <id>
            <item root="2.16.840.1.113883.3.100.1" extension="EncounterPerformedInpatientEncounter"/>
          </id>
                    <code xsi:type="CD" valueSet="2.16.840.1.113883.3.117.1.7.1.23">
            <displayName value="Inpatient Encounter"/>
          </code>

                    <text value="Encounter, Performed: Inpatient Encounter"/>
          
          
          <definition>
            <encounterReference moodCode="EVN" classCode="ENC">
              <id root="2.16.840.1.113883.3.100.1" extension="encounter"/>
            </encounterReference>
          </definition>
          
                    <outboundRelationship typeCode="SUBJ">
            <subsetCode code="SOURCE"/>
            <observationReference classCode="OBS" moodCode="EVN">
              <id root="2.16.840.1.113883.3.100.1" extension="EncounterPerformedInpatientEncounter"/>
            </observationReference>
          </outboundRelationship>
          
          
        </encounterCriteria>
      </entry>

            <entry typeCode="DRIV">
        <observationCriteria moodCode="EVN" classCode="OBS">
                    <templateId>
            <item root="2.16.840.1.113883.3.560.1.25" identifierName="patient characteristic, birthdate template"/>
            <item root="2.16.840.1.113883.3.100.1.1" identifierName="Source data criteria template"/>
          </templateId>

          <id>
            <item root="2.16.840.1.113883.3.100.1" extension="PatientCharacteristicBirthdateBirthDate"/>
          </id>
                    <code codeSystemName="LOINC" codeSystem="2.16.840.1.113883.6.1"
            code="21112-8">
            <displayName value="birth date"/>
          </code>

                    <text value="Patient Characteristic Birthdate: birth date"/>
          
          <definition>
            <observationReference moodCode="EVN" classCode="OBS">
              <id root="2.16.840.1.113883.3.100.1" extension="patient_characteristic_birthdate"/>
            </observationReference>
          </definition>
          
                    <outboundRelationship typeCode="SUBJ">
            <subsetCode code="SOURCE"/>
            <observationReference classCode="OBS" moodCode="EVN">
              <id root="2.16.840.1.113883.3.100.1" extension="PatientCharacteristicBirthdateBirthDate"/>
            </observationReference>
          </outboundRelationship>
        </observationCriteria>
      </entry>

            <entry typeCode="DRIV">
        <observationCriteria moodCode="EVN" classCode="OBS">
                    <templateId>
            <item root="2.16.840.1.113883.3.560.1.31" identifierName="communication, from provider to patient template"/>
            <item root="2.16.840.1.113883.3.100.1.1" identifierName="Source data criteria template"/>
          </templateId>

          <id>
            <item root="2.16.840.1.113883.3.100.1" extension="CommunicationFromProviderToPatientAsthmaManagementPlan"/>
          </id>
                    <code xsi:type="CD" valueSet="2.16.840.1.113883.3.117.1.7.1.131">
            <displayName value="Asthma Management Plan"/>
          </code>

                    <text value="Communication: From Provider to Patient: Asthma Management Plan"/>
          
          
          
          <definition>
            <observationReference moodCode="EVN" classCode="OBS">
              <id root="2.16.840.1.113883.3.100.1" extension="communication_from_provider_to_patient"/>
            </observationReference>
          </definition>
          
                    <outboundRelationship typeCode="SUBJ">
            <subsetCode code="SOURCE"/>
            <observationReference classCode="OBS" moodCode="EVN">
              <id root="2.16.840.1.113883.3.100.1" extension="CommunicationFromProviderToPatientAsthmaManagementPlan"/>
            </observationReference>
          </outboundRelationship>
          
          
        </observationCriteria>
      </entry>

            <entry typeCode="DRIV">
        <observationCriteria moodCode="EVN" classCode="OBS" actionNegationInd='true'>
                    <templateId>
            <item root="2.16.840.1.113883.3.560.1.131" identifierName="communication, from provider to patient template"/>
            <item root="2.16.840.1.113883.3.100.1.1" identifierName="Source data criteria template"/>
          </templateId>

          <id>
            <item root="2.16.840.1.113883.3.100.1" extension="CommunicationFromProviderToPatientNotDonePatientRefusal"/>
          </id>
                    <code xsi:type="CD" valueSet="2.16.840.1.113883.3.117.1.7.1.93">
            <displayName value="Patient Refusal"/>
          </code>

                    <text value="Communication: From Provider to Patient not done: Patient Refusal"/>
          
          
          
          <definition>
            <observationReference moodCode="EVN" classCode="OBS">
              <id root="2.16.840.1.113883.3.100.1" extension="communication_from_provider_to_patient"/>
            </observationReference>
          </definition>
          
                    <outboundRelationship typeCode="SUBJ">
            <subsetCode code="SOURCE"/>
            <observationReference classCode="OBS" moodCode="EVN">
              <id root="2.16.840.1.113883.3.100.1" extension="CommunicationFromProviderToPatientNotDonePatientRefusal"/>
            </observationReference>
          </outboundRelationship>
          
          
        </observationCriteria>
      </entry>

            <entry typeCode="DRIV">
        <encounterCriteria moodCode="EVN" classCode="ENC">
                    <templateId>
            <item root="2.16.840.1.113883.3.560.1.79" identifierName="encounter, performed template"/>
            <item root="2.16.840.1.113883.3.100.1.1" identifierName="Source data criteria template"/>
          </templateId>

          <id>
            <item root="2.16.840.1.113883.3.100.1" extension="OccurrenceAInpatientEncounter19"/>
          </id>
                    <code xsi:type="CD" valueSet="2.16.840.1.113883.3.117.1.7.1.23">
            <displayName value="Inpatient Encounter"/>
          </code>

                    <text value="Encounter, Performed: Inpatient Encounter"/>
          
          
          <definition>
            <encounterReference moodCode="EVN" classCode="ENC">
              <id root="2.16.840.1.113883.3.100.1" extension="encounter"/>
            </encounterReference>
          </definition>
          
                    <outboundRelationship typeCode="SUBJ">
            <localVariableName controlInformationRoot="" controlInformationExtension="A"/>
            <subsetCode code="SPECIFIC"/>
            <observationReference classCode="OBS" moodCode="EVN">
              <id root="2.16.840.1.113883.3.100.1" extension="OccurrenceAInpatientEncounter19"/>
            </observationReference>
          </outboundRelationship>
          
          
        </encounterCriteria>
      </entry>

    </dataCriteriaSection>
  </component>
  <component>
    <populationCriteriaSection>
      <id root="2.16.840.1.113883.3.100.1" extension="Population0"/>
      <code code="57026-7" codeSystem="2.16.840.1.113883.6.1"/>
      <title value=""/>
      <text>This section describes the Initial Patient Population,
        Numerator, Denominator, Denominator Exceptions, and Measure
        Populations</text>
            <component typeCode="COMP">
        <patientPopulationCriteria  classCode="OBS" moodCode="EVN">
          <id root="c75181d0-73eb-11de-8a39-0800200c9a66"
            extension="9D87B158-4A9F-46C8-B49C-8AA49084372D"/>
          <code codeSystem="2.16.840.1.113883.5.1063"
              codeSystemName="HL7 Observation Value"
              code="IPP">
            <displayName value="Initial Patient Population"/>
          </code>
          <isCriterionInd value="true"/>
          <precondition typeCode="PRCN">
  <allTrue>
    <id/>
    <precondition typeCode="PRCN">
    <observationReference moodCode="EVN" classCode="OBS">
      <id root="2.16.840.1.113883.3.100.1" extension="DiagnosisActiveAsthma_precondition_1793"/>
    </observationReference>
</precondition>
    <precondition typeCode="PRCN">
    <observationReference moodCode="EVN" classCode="OBS">
      <id root="2.16.840.1.113883.3.100.1" extension="PatientCharacteristicBirthdateBirthDate_precondition_1795"/>
    </observationReference>
</precondition>
    <precondition typeCode="PRCN">
    <observationReference moodCode="EVN" classCode="OBS">
      <id root="2.16.840.1.113883.3.100.1" extension="PatientCharacteristicBirthdateBirthDate_precondition_1797"/>
    </observationReference>
</precondition>
    <precondition typeCode="PRCN">
    <encounterReference moodCode="EVN" classCode="ENC">
      <id root="2.16.840.1.113883.3.100.1" extension="OccurrenceAInpatientEncounter19_precondition_1799"/>
    </encounterReference>
</precondition>
    <precondition typeCode="PRCN">
    <encounterReference moodCode="EVN" classCode="ENC">
      <id root="2.16.840.1.113883.3.100.1" extension="OccurrenceAInpatientEncounter19_precondition_1801"/>
    </encounterReference>
</precondition>
  </allTrue>
</precondition>
        </patientPopulationCriteria>
      </component>

            <component typeCode="COMP">
        <denominatorCriteria  classCode="OBS" moodCode="EVN">
          <id root="c75181d0-73eb-11de-8a39-0800200c9a66"
            extension="34CCB5C0-82C7-4B60-8492-255CAD81D868"/>
          <code codeSystem="2.16.840.1.113883.5.1063"
              codeSystemName="HL7 Observation Value"
              code="DENOM">
            <displayName value="Denominator"/>
          </code>
          <isCriterionInd value="true"/>
          <precondition typeCode="PRCN">
  <allTrue>
    <id/>
    <precondition typeCode="PRCN">
    <encounterReference moodCode="EVN" classCode="ENC">
      <id root="2.16.840.1.113883.3.100.1" extension="OccurrenceAInpatientEncounter19_precondition_1790"/>
    </encounterReference>
</precondition>
  </allTrue>
</precondition>
        </denominatorCriteria>
      </component>

            <component typeCode="COMP">
        <numeratorCriteria  classCode="OBS" moodCode="EVN">
          <id root="c75181d0-73eb-11de-8a39-0800200c9a66"
            extension="A61B4390-F385-4BF1-90CB-09E149170D17"/>
          <code codeSystem="2.16.840.1.113883.5.1063"
              codeSystemName="HL7 Observation Value"
              code="NUMER">
            <displayName value="Numerator"/>
          </code>
          <isCriterionInd value="true"/>
          <precondition typeCode="PRCN">
  <allTrue>
    <id/>
    <precondition typeCode="PRCN">
  <atLeastOneTrue>
    <id/>
    <precondition typeCode="PRCN">
    <observationReference moodCode="EVN" classCode="OBS">
      <id root="2.16.840.1.113883.3.100.1" extension="CommunicationFromProviderToPatientAsthmaManagementPlan_precondition_1782"/>
    </observationReference>
</precondition>
    <precondition typeCode="PRCN">
    <observationReference moodCode="EVN" classCode="OBS">
      <id root="2.16.840.1.113883.3.100.1" extension="CommunicationFromProviderToPatientAsthmaManagementPlan_precondition_1784"/>
    </observationReference>
</precondition>
  </atLeastOneTrue>
</precondition>
  </allTrue>
</precondition>
        </numeratorCriteria>
      </component>

      
            <component typeCode="COMP">
        <denominatorExclusionCriteria  classCode="OBS" moodCode="EVN">
          <id root="c75181d0-73eb-11de-8a39-0800200c9a66"
            extension="D65B0EAA-7A1F-4904-915D-198120B11FE9"/>
          <code codeSystem="2.16.840.1.113883.5.1063"
              codeSystemName="HL7 Observation Value"
              code="DENEX">
            <displayName value="Denominator"/>
          </code>
          <isCriterionInd value="true"/>
          <precondition typeCode="PRCN" nullFlavor="NA">
            <allTrue>
              <id/>
            </allTrue>
          </precondition>
        </denominatorExclusionCriteria>
      </component>

    </populationCriteriaSection>
  </component>
</QualityMeasureDocument>
