<?xml version="1.0" encoding="UTF-8"?>
<?xml-stylesheet type="text/xsl" href="xslt/eMeasure.xsl"?>
<QualityMeasureDocument xmlns:xsi="http://www.w3.org/2001/XMLSchema-instance" xmlns="urn:hl7-org:v3">
         
      <!--
         **************************************************************   
         Measure Header Section
         **************************************************************
      --><typeId root="2.16.840.1.113883.1.3" extension="POQM_HD000001"/>
   <id root="8a4d92b2-37bf-6f1b-0137-ccd612a40d0e"/>
   <code code="57024-2" codeSystem="2.16.840.1.113883.6.1" displayName="Health Quality Measure Document"/>
   <title>Home Management Plan of Care (HMPC) Document Given to Patient/Caregiver</title>
   <text>An assessment that there is documentation in the medical record that a Home Management Plan of Care (HMPC) document was given to the pediatric asthma patient/caregiver.</text>
   <statusCode code="InProgress"/>
   <setId root="e1cb05e0-97d5-40fc-b456-15c5dbf44309"/>
   <versionNumber value="1"/>
   <author typeCode="AUT">
      <assignedPerson classCode="ASSIGNED">
         <representedOrganization classCode="ORG" determinerCode="INSTANCE">
            <id root="1.3.6.1.4.1.33895"/>
            <name>Joint Commission</name>
            <contactParty classCode="CON" nullFlavor="UNK"/>
         </representedOrganization>
      </assignedPerson>
   </author>
   <custodian>
      <assignedPerson classCode="ASSIGNED">
         <representedOrganization classCode="ORG" determinerCode="INSTANCE">
            <id root="1.3.6.1.4.1.33895"/>
            <name>Joint Commission</name>
            <contactParty classCode="CON" nullFlavor="UNK"/>
         </representedOrganization>
      </assignedPerson>
   </custodian>
   <verifier typeCode="VRF">
      <assignedPerson classCode="ASSIGNED">
         <representedOrganization classCode="ORG" determinerCode="INSTANCE">
            <name>National Quality Forum</name>
            <contactParty classCode="CON" nullFlavor="UNK"/>
         </representedOrganization>
      </assignedPerson>
   </verifier>
   <subjectOf>
      <measureAttribute>
         <code code="COPY" codeSystem="2.16.840.1.113883.5.4" displayName="Copyright"/>
         <value xsi:type="ED" mediaType="text/plain">LOINC(R) is a registered trademark of the Regenstrief Institute.&#xD;
&#xD;
This material contains SNOMED Clinical Terms (R) (SNOMED CT(c)) copyright 2004-2010 International Health Terminology Standards Development Organization. All rights reserved.</value>
      </measureAttribute>
   </subjectOf>
   <subjectOf>
      <measureAttribute>
         <code code="MSRSCORE" codeSystem="2.16.840.1.113883.5.4" displayName="Measure Scoring"/>
         <value xsi:type="CD" code="PROPOR" codeSystem="2.16.840.1.113883.1.11.20367" displayName="Proportion"/>
      </measureAttribute>
   </subjectOf>
   <subjectOf>
      <measureAttribute>
         <code code="MSRTYPE" codeSystem="2.16.840.1.113883.5.4" displayName="Measure Type"/>
         <value xsi:type="CD" code="PROCESS" codeSystem="2.16.840.1.113883.1.11.20368" displayName="Process"/>
      </measureAttribute>
   </subjectOf>
   <subjectOf>
      <measureAttribute>
         <code code="STRAT" codeSystem="2.16.840.1.113883.5.4" displayName="Stratification"/>
         <value xsi:type="ED" mediaType="text/plain">None</value>
      </measureAttribute>
   </subjectOf>
   <subjectOf>
      <measureAttribute>
         <code code="MSRADJ" codeSystem="2.16.840.1.113883.5.4" displayName="Risk Adjustment"/>
         <value xsi:type="ED" mediaType="text/plain">None</value>
      </measureAttribute>
   </subjectOf>
   <subjectOf>
      <measureAttribute>
         <code code="MSRAGG" codeSystem="2.16.840.1.113883.5.4" displayName="Rate Aggregation"/>
         <value xsi:type="ED" mediaType="text/plain">None</value>
      </measureAttribute>
   </subjectOf>
   <subjectOf>
      <measureAttribute>
         <code code="RAT" codeSystem="2.16.840.1.113883.5.4" displayName="Rationale"/>
         <value xsi:type="ED" mediaType="text/plain">Asthma is the most common chronic disease in children and a major cause of morbidity and health care costs nationally (Adams, et al., 2001). For children, asthma is one of the most frequent reasons for admission to hospitals (McCormick, et al., 1999). Silber, et al., (2003) noted that there are approximately 200,000 admissions for childhood asthma in the United States annually, representing more than $3 billion dollars in expenditures. Under-treatment and/or inappropriate treatment of asthma are recognized as major contributors to asthma morbidity and mortality. Guidelines developed by the National Asthma Education and Prevention Program (NAEPP) of the National Heart, Lung and Blood Institute (NHLBI), as well as by the American Academy of Pediatrics (AAP) for the diagnosis and management of asthma in children, recommend establishing a plan for maintaining control of asthma and for establishing plans for managing exacerbations. Both aspects of care would include instructions related to pharmacotherapy and assessment of lung function. &#xD;
&#xD;
According to the Agency for Healthcare Research and Quality (AHRQ), an Evidence-based Practice Center (EPC) and Aronson, Lefevere, Piper, et al. (2001) reported that increasing use of controller medications improves outcomes. Children with asthma who are seen by specialists or receive follow-up appointments are more likely to use appropriate long-term control medications (ACQA, 2004; Finklestein, Lozano, Farber, et al., 2002). &#xD;
&#xD;
Organization of care towards patient self-management and patient/caregiver routine education on appropriate use of asthma medications, identification of symptoms of exacerbation, avoidance of environmental triggers cannot be overemphasized (AHRQ, 2005). For children, it is particularly important to involve both the patient and the caregiver in this educational component of asthma care as participation in the plan of care by both will provide the greatest opportunity to promote compliance with the treatment plan, control of asthma, and treatment of exacerbations in a safe and timely manner.</value>
      </measureAttribute>
   </subjectOf>
   <subjectOf>
      <measureAttribute>
         <code code="CRS" codeSystem="2.16.840.1.113883.3.560" displayName="Clinical Recommendation Statement"/>
         <value xsi:type="ED" mediaType="text/plain">Under-treatment and/or inappropriate treatment of asthma are recognized as major contributors to asthma morbidity and mortality. National guidelines for the diagnosis and management of asthma in children, recommend establishing a plan for maintaining control of asthma and for establishing plans for managing exacerbation.</value>
      </measureAttribute>
   </subjectOf>
   <subjectOf>
      <measureAttribute>
         <code code="IDUR" codeSystem="2.16.840.1.113883.3.560" displayName="Improvement Notation"/>
         <value xsi:type="ED" mediaType="text/plain">An increase in the rate.</value>
      </measureAttribute>
   </subjectOf>
   <subjectOf>
      <measureAttribute>
         <code nullFlavor="OTH">
            <originalText>NQF ID Number</originalText>
         </code>
         <value xsi:type="II" root="2.16.840.1.113883.3.560.1" extension="0338"/>
      </measureAttribute>
   </subjectOf>
   <subjectOf>
      <measureAttribute>
         <code code="DISC" codeSystem="2.16.840.1.113883.5.4" displayName="Disclaimer">
            <originalText>Disclaimer</originalText>
         </code>
         <value xsi:type="ED" mediaType="text/plain">None</value>
      </measureAttribute>
   </subjectOf>
   <subjectOf>
      <measureAttribute>
         <code nullFlavor="OTH">
            <originalText>eMeasure Identifier</originalText>
         </code>
         <value xsi:type="ED" mediaType="text/plain">26</value>
      </measureAttribute>
   </subjectOf>
   <subjectOf>
      <measureAttribute>
         <templateId root="2.16.840.1.113883.3.560.1.74"/>
         <id root="f8070a0c-0270-46b1-b9ec-cb1057709ad1"/>
         <code code="MSRTP" displayName="Measurement period" codeSystem="2.16.840.1.113883.3.560"/>
         <value xsi:type="IVL_TS">
            <low value="00000101"/>
            <high value="00001231"/>
         </value>
      </measureAttribute>
   </subjectOf>
   <subjectOf>
      <localVariableName>measureStartDate</localVariableName>
      <measureAttribute>
         <templateId root="2.16.840.1.113883.3.560.1.75"/>
         <id root="5faac238-ee65-4389-9428-b7f8c934a7e3"/>
         <code code="MSRSD" displayName="Measurement start date" codeSystem="2.16.840.1.113883.3.560"/>
         <value xsi:type="TS" value="00000101"/>
      </measureAttribute>
   </subjectOf>
   <subjectOf>
      <localVariableName>measureEndDate</localVariableName>
      <measureAttribute>
         <templateId root="2.16.840.1.113883.3.560.1.75"/>
         <id root="0ae275a9-197a-4b65-b8a8-b901bed52b6d"/>
         <code code="MSRED" displayName="Measurement end date" codeSystem="2.16.840.1.113883.3.560"/>
         <value xsi:type="TS" value="00001231"/>
      </measureAttribute>
   </subjectOf>
   <subjectOf>
      <measureAttribute>
         <code code="REF" codeSystem="2.16.840.1.113883.5.4" displayName="Reference"/>
         <value xsi:type="ED" mediaType="text/plain">Adams RJ, Fuhlbrigge A, Finkelstein JA, Lozano P, Livingston JM, Weiss KB, and Weiss ST (2001). Use of Inhaled Anti-inflammatory Medication in Children with Asthma in Managed Care Settings. Archives of Pediatrics and Adolescent Medicine, 155, 501-507.</value>
      </measureAttribute>
   </subjectOf>
   <subjectOf>
      <measureAttribute>
         <code code="REF" codeSystem="2.16.840.1.113883.5.4" displayName="Reference"/>
         <value xsi:type="ED" mediaType="text/plain">Aronson N, Lefevere F, Piper M, et al. (September 2001). Management of chronic asthma. Evidence Report/Technology Assessment Number 44. (Prepared by Blue Cross and Blue Shield Association Technology Evaluation Center under Contract No. 290-97-0015.) AHRQ Pub. No. 01-E044. Rockville (MD): Agency for Healthcare Research and Quality.</value>
      </measureAttribute>
   </subjectOf>
   <subjectOf>
      <measureAttribute>
         <code code="REF" codeSystem="2.16.840.1.113883.5.4" displayName="Reference"/>
         <value xsi:type="ED" mediaType="text/plain">Asthma Care Quality Assessment Study (ACQA) (1998-2003). Asthma care quality in varying managed care Medicaid plans. Harvard Medical School. Grant No. U01-HS09935.</value>
      </measureAttribute>
   </subjectOf>
   <subjectOf>
      <measureAttribute>
         <code code="REF" codeSystem="2.16.840.1.113883.5.4" displayName="Reference"/>
         <value xsi:type="ED" mediaType="text/plain">Asthma Management Model System, http://www.nhlbi.nih.gov</value>
      </measureAttribute>
   </subjectOf>
   <subjectOf>
      <measureAttribute>
         <code code="REF" codeSystem="2.16.840.1.113883.5.4" displayName="Reference"/>
         <value xsi:type="ED" mediaType="text/plain">Bhogal S, Zemek R, Ducharme FM, Written action plans for asthma in children.  Cochrane Database Syst Rev. 2006 Jul 19;3:CD005306.</value>
      </measureAttribute>
   </subjectOf>
   <subjectOf>
      <measureAttribute>
         <code code="REF" codeSystem="2.16.840.1.113883.5.4" displayName="Reference"/>
         <value xsi:type="ED" mediaType="text/plain">Clinical Practice Guidelines of the American Academy of Pediatrics: A Compendium of Evidence-Based Research for Pediatric Practice. American Academy of Pediatrics (1999).</value>
      </measureAttribute>
   </subjectOf>
   <subjectOf>
      <measureAttribute>
         <code code="REF" codeSystem="2.16.840.1.113883.5.4" displayName="Reference"/>
         <value xsi:type="ED" mediaType="text/plain">Crain EF, Weiss KB and Fagan MJ (1995). Pediatric Asthma Care in U.S. Emergency Departments. Archives of Pediatric and Adolescent Medicine. 149, 893-901.</value>
      </measureAttribute>
   </subjectOf>
   <subjectOf>
      <measureAttribute>
         <code code="REF" codeSystem="2.16.840.1.113883.5.4" displayName="Reference"/>
         <value xsi:type="ED" mediaType="text/plain">Ducharme FM, Bhogal SK. The role of written action plans in childhood asthma.  Curr Opin Allergy Clin Immunol. 2008 Apr;8(2):177-88.</value>
      </measureAttribute>
   </subjectOf>
   <subjectOf>
      <measureAttribute>
         <code code="REF" codeSystem="2.16.840.1.113883.5.4" displayName="Reference"/>
         <value xsi:type="ED" mediaType="text/plain">Finkelstein JA, Lozano P, Farber HJ, et al. (2002). Underuse of controller medications among Medicaid-insured children with asthma. Arch Pediatr Adolesc Med 156(6):562-7.</value>
      </measureAttribute>
   </subjectOf>
   <subjectOf>
      <measureAttribute>
         <code code="REF" codeSystem="2.16.840.1.113883.5.4" displayName="Reference"/>
         <value xsi:type="ED" mediaType="text/plain">McCormick MC, Kass B, Elixhauser A, Thompson J and Simpson L (2000). Annual Report on Access to and Utilization of Health Care for Children and Youth in the United States – 1999. Pediatrics, 105:1, 219-230.</value>
      </measureAttribute>
   </subjectOf>
   <subjectOf>
      <measureAttribute>
         <code code="REF" codeSystem="2.16.840.1.113883.5.4" displayName="Reference"/>
         <value xsi:type="ED" mediaType="text/plain">National Asthma Education and Prevention Program, http://www.nhlbi.nih.gov</value>
      </measureAttribute>
   </subjectOf>
   <subjectOf>
      <measureAttribute>
         <code code="REF" codeSystem="2.16.840.1.113883.5.4" displayName="Reference"/>
         <value xsi:type="ED" mediaType="text/plain">National Institutes of Health, National Heart, Lung, and Blood Institute. National Asthma Education and Prevention Program. Expert panel report 3: guidelines for the diagnosis and management of asthma, National Institutes of Health, Bethesda (2007) NIH publication no. 07-4051.</value>
      </measureAttribute>
   </subjectOf>
   <subjectOf>
      <measureAttribute>
         <code code="REF" codeSystem="2.16.840.1.113883.5.4" displayName="Reference"/>
         <value xsi:type="ED" mediaType="text/plain">Schramm CM, Carroll CL. Advances in treating acute asthma exacerbations in children.  Curr Opin Pediatr. 2009 Jun;21(3):326-32.</value>
      </measureAttribute>
   </subjectOf>
   <subjectOf>
      <measureAttribute>
         <code code="REF" codeSystem="2.16.840.1.113883.5.4" displayName="Reference"/>
         <value xsi:type="ED" mediaType="text/plain">Silber JH, Rosenbaum PR, Even-Shoshan O, Shabbout M, Zhang X, Bradlow ET, and Marsh RR (2003). Length of Stay, Conditional Length of Stay, and Prolonged Stay in Pediatric Asthma. Health Services Research, 38: 3, 867-886.</value>
      </measureAttribute>
   </subjectOf>
   <subjectOf>
      <measureAttribute>
         <code code="REF" codeSystem="2.16.840.1.113883.5.4" displayName="Reference"/>
         <value xsi:type="ED" mediaType="text/plain">Stanton MW, Dougherty D, Rutherford MK. (2005). Chronic care for low-income children with asthma: strategies for improvement. Rockville (MD): Agency for Healthcare Research and Quality. Research in Action Issue 18. AHRQ Pub. No. 05-0073.</value>
      </measureAttribute>
   </subjectOf>
   <subjectOf>
      <measureAttribute>
         <code code="DEF" codeSystem="2.16.840.1.113883.3.560" displayName="Definition"/>
         <value xsi:type="ED" mediaType="text/plain">None</value>
      </measureAttribute>
   </subjectOf>
   <subjectOf>
      <measureAttribute>
         <code code="GUIDE" codeSystem="2.16.840.1.113883.5.4" displayName="Guidance"/>
         <value xsi:type="ED" mediaType="text/plain">The home management plan of care document should be a separate and patient-specific written instruction. The document must be present in the form of an explicit and separate document specific to the patient rather than components or segments of the plan spread across discharge instruction sheets, discharge orders, education sheets, or other instruction sheets.&#xD;
&#xD;
The home management plan of care is represented in the eMeasure logic by a LOINC code for an asthma action plan document. This form, or equivalent, contains most of the components required for the home management plan of care, including information on:&#xD;
•	Methods and timing of rescue actions: the home management plan of care addresses what to do if asthma symptoms worsen after discharge, including all of the following: 1) When to take action, i.e., assessment of severity (e.g., peak flow meter reading, signs and symptoms to watch for); 2) What specific steps to take, i.e., initial treatment instructions (e.g., inhaled relievers up to three treatments of 2-4 puffs by MDI at 20-minute intervals or single nebulizer treatment); 3) Contact information to be used, when an asthma attack occurs or is about to occur.&#xD;
•	Appropriate use of long-term asthma medications (controllers), including the medication name, dose, frequency, and method of administration.&#xD;
•	Appropriate use of rescue, quick-relief, or short acting medications of choice to quickly relieve asthma exacerbations (relievers), including the medication name, dose, frequency, and method of administration.&#xD;
•	Environmental control and control of other triggers: information on avoidance or mitigation of environmental and other triggers.&#xD;
&#xD;
In addition to the information outlined in the asthma action plan form (or equivalent document), the home management plan of care is required to include information regarding arrangements for referral or follow-up care with a healthcare provider, namely:&#xD;
•	If an appointment for referral or follow-up care with a healthcare provider has been made, the home management plan of care is required to include the provider/clinic/office name, as well as the date and time of the appointment.&#xD;
•	If an appointment for referral of follow-up care with a healthcare provider has NOT been made, the home management plan of care is required to include information for the patient/caregiver to be able to make arrangements for follow-up care, i.e., provider/clinic/office name, telephone number and time frame for appointment for follow-up care (e.g., 7-10 days).&#xD;
&#xD;
The home management plan of care can only be considered to comply with the criteria outlined in the measure logic if it meets the requirements outlined above and is appropriately filled-out with information specific to the patient.&#xD;
&#xD;
Patient refusal includes refusal by a caregiver. The caregiver is defined as the patient’s family or any other person (e.g., home health, VNA provider, prison official or other law enforcement personnel) who will be responsible for care of the patient after discharge.&#xD;
&#xD;
The “Discharge To Home Or Police Custody” value set also intends to capture the following discharge disposition values:&#xD;
• Assisted Living Facilities&#xD;
• Court/Law Enforcement – includes detention facilities, jails, and prison&#xD;
• Home – includes board and care, foster or residential care, group or personal care homes, and homeless shelters&#xD;
• Home with Home Health Services&#xD;
• Outpatient Services including outpatient procedures at another hospital, Outpatient Chemical Dependency Programs and Partial Hospitalization.&#xD;
&#xD;
The unit of measurement for this measure is an inpatient episode of care. Each distinct hospitalization should be reported, regardless of whether the same patient is admitted for inpatient care more than once during the measurement period. In addition, the eMeasure logic intends to represent events within or surrounding a single occurrence of an inpatient hospitalization.</value>
      </measureAttribute>
   </subjectOf>
   <subjectOf>
      <measureAttribute>
         <code nullFlavor="OTH">
            <originalText>Transmission Format</originalText>
         </code>
         <value xsi:type="ED" mediaType="text/plain">None</value>
      </measureAttribute>
   </subjectOf>
   <subjectOf>
      <measureAttribute>
         <code code="IPP" codeSystem="2.16.840.1.113883.5.1063">
            <originalText>Initial Patient Population</originalText>
         </code>
         <value xsi:type="ED" mediaType="text/plain">Pediatric asthma inpatients with an age of 2 through 17 years, and length of stay less than or equal to 120 days.</value>
      </measureAttribute>
   </subjectOf>
   <subjectOf>
      <measureAttribute>
         <code code="DENOM" codeSystem="2.16.840.1.113883.5.1063">
            <originalText>Denominator</originalText>
         </code>
         <value xsi:type="ED" mediaType="text/plain">Pediatric asthma inpatients with an age of 2 through 17 years, length of stay less than or equal to 120 days, and discharged to home or police custody.</value>
      </measureAttribute>
   </subjectOf>
   <subjectOf>
      <measureAttribute>
         <code nullFlavor="OTH">
            <originalText>Denominator Exclusions</originalText>
         </code>
         <value xsi:type="ED" mediaType="text/plain">None</value>
      </measureAttribute>
   </subjectOf>
   <subjectOf>
      <measureAttribute>
         <code code="NUMER" codeSystem="2.16.840.1.113883.5.1063">
            <originalText>Numerator</originalText>
         </code>
         <value xsi:type="ED" mediaType="text/plain">Pediatric asthma inpatients with documentation that they or their caregivers were given a written Home Management Plan of Care (HMPC) document that addresses all of the following: &#xD;
1. Arrangements for follow-up care &#xD;
2. Environmental control and control of other triggers&#xD;
3. Method and timing of rescue actions&#xD;
4. Use of controllers &#xD;
5. Use of relievers</value>
      </measureAttribute>
   </subjectOf>
   <subjectOf>
      <measureAttribute>
         <code nullFlavor="OTH">
            <originalText>Numerator Exclusions</originalText>
         </code>
         <value xsi:type="ED" mediaType="text/plain">Not applicable</value>
      </measureAttribute>
   </subjectOf>
   <subjectOf>
      <measureAttribute>
         <code code="DENEXCEP" codeSystem="2.16.840.1.113883.5.1063">
            <originalText>Denominator Exceptions</originalText>
         </code>
         <value xsi:type="ED" mediaType="text/plain">None</value>
      </measureAttribute>
   </subjectOf>
   <subjectOf>
      <measureAttribute>
         <code code="MSRPOPL" codeSystem="2.16.840.1.113883.5.1063">
            <originalText>Measure Population</originalText>
         </code>
         <value xsi:type="ED" mediaType="text/plain">Not applicable</value>
      </measureAttribute>
   </subjectOf>
   <subjectOf>
      <measureAttribute>
         <code nullFlavor="OTH">
            <originalText>Measure Observations</originalText>
         </code>
         <value xsi:type="ED" mediaType="text/plain">Not applicable</value>
      </measureAttribute>
   </subjectOf>
   <subjectOf>
      <measureAttribute>
         <code nullFlavor="OTH">
            <originalText>Supplemental Data Elements</originalText>
         </code>
         <value xsi:type="ED" mediaType="text/plain">For every patient evaluated by this measure also identify payer, race, ethnicity and sex.</value>
      </measureAttribute>
   </subjectOf>
   <componentOf>
      <qualityMeasureSet classCode="ACT">
         <id root="1326435b-78a6-44ad-ac21-725bcf57f97e"/>
         <title>eMeasure Children’s Asthma Care (eCAC)</title>
      </qualityMeasureSet>
   </componentOf>
         
      <!--
         **************************************************************   
         Population Criteria Section
         **************************************************************
      --><component typeCode="COMP">
      <section>
         <code code="57026-7" codeSystem="2.16.840.1.113883.6.1" displayName="Population criteria"/>
         <title>Population criteria</title>
         <text>
            <list>
               <item>
                  <content styleCode="Bold">Initial Patient Population =</content>
                  <list>
                     <item>AND: "Diagnosis, Active: Asthma (ordinality: 'Principal Diagnosis')" starts during "Occurrence A of Encounter, Performed: Inpatient Encounter"</item>
                     <item>AND: "Patient Characteristic Birthdate: birth date"  &gt;= 2 year(s) starts before start of "Occurrence A of Encounter, Performed: Inpatient Encounter"</item>
                     <item>AND: "Patient Characteristic Birthdate: birth date"  &lt;= 17 year(s) starts before start of "Occurrence A of Encounter, Performed: Inpatient Encounter"</item>
                     <item>AND: "Occurrence A of Encounter, Performed: Inpatient Encounter (length of stay &lt;= 120 day(s))"</item>
                     <item>AND: "Occurrence A of Encounter, Performed: Inpatient Encounter (discharge datetime)" during "Measurement Period"</item>
                  </list>
               </item>
               <item>
                  <content styleCode="Bold">Denominator =</content>
                  <list>
                     <item>AND: "Initial Patient Population"</item>
                     <item>AND: "Occurrence A of Encounter, Performed: Inpatient Encounter (discharge status: 'Discharge To Home Or Police Custody')"</item>
                  </list>
               </item>
               <item>
                  <content styleCode="Bold">Denominator Exclusions =</content>
                  <list>
                     <item>None</item>
                  </list>
               </item>
               <item>
                  <content styleCode="Bold">Numerator =</content>
                  <list>
                     <item>AND: <list>
                           <item>OR: "Communication: From Provider to Patient: Asthma Management Plan"</item>
                           <item>OR: "Communication: From Provider to Patient not done: Patient Refusal" for "Asthma Management Plan LOINC Value Set"</item>
                           <item> during "Occurrence A of Encounter, Performed: Inpatient Encounter"</item>
                        </list>
                     </item>
                  </list>
               </item>
               <item>
                  <content styleCode="Bold">Denominator Exceptions =</content>
                  <list>
                     <item>None</item>
                  </list>
               </item>
            </list>
         </text><!--
            **************************************************************   
            Population Criteria Section: exclusions 
            **************************************************************
      -->
         <entry typeCode="DRIV">
            <observation classCode="OBS" moodCode="EVN" isCriterionInd="true" actionNegationInd="true">
               <id root="D65B0EAA-7A1F-4904-915D-198120B11FE9"/>
               <code code="ASSERTION" codeSystem="2.16.840.1.113883.5.4"/>
               <value xsi:type="CD" code="DENOM" codeSystem="2.16.840.1.113883.5.1063" codeSystemName="HL7 Observation Value" displayName="Denominator"/><!--  top and/or -->
            </observation>
         </entry><!--
            **************************************************************   
            Population Criteria Section: numerator 
            **************************************************************
      -->
         <entry typeCode="DRIV">
            <observation classCode="OBS" moodCode="EVN" isCriterionInd="true">
               <id root="A61B4390-F385-4BF1-90CB-09E149170D17"/>
               <code code="ASSERTION" codeSystem="2.16.840.1.113883.5.4"/>
               <value xsi:type="CD" code="NUMER" codeSystem="2.16.840.1.113883.5.1063" codeSystemName="HL7 Observation Value" displayName="Numerator"/><!--  top and/or -->
               <sourceOf typeCode="PRCN">
                  <conjunctionCode code="AND"/>
                  <act classCode="ACT" moodCode="EVN" isCriterionInd="true">
                     <sourceOf typeCode="PRCN">
                        <conjunctionCode code="OR"/>
                        <act classCode="ACT" moodCode="EVN" isCriterionInd="true"><!-- Communication: From Provider to Patient pattern -->
                           <templateId root="2.16.840.1.113883.3.560.1.31"/>
                           <id root="16ad9253-9cae-4059-911d-c077dcada677"/>
                           <code code="COMMGR_X" displayName="Communication Manager" codeSystem="2.16.840.1.113883.6.1"/>
                           <sourceOf typeCode="COMP">
                              <act classCode="ACT" moodCode="EVN" isCriterionInd="true">
                                 <code code="2.16.840.1.113883.3.117.1.7.1.131" displayName="Asthma Management Plan LOINC Value Set" codeSystem="2.16.840.1.113883.3.560.101.1"/>
                                 <title>Communication: From Provider to Patient: Asthma Management Plan</title>
                                 <participant typeCode="AUT">
                                    <roleParticipant classCode="ASSIGNED">
                                       <code code="158965000" codeSystem="2.16.840.1.113883.6.96" displayName="Medical Practitioner"/>
                                    </roleParticipant>
                                 </participant>
                                 <participant typeCode="IRCP">
                                    <signatureCode code="S"/>
                                    <patientParticipant classCode="PAT"/>
                                 </participant>
                              </act>
                           </sourceOf>
                        </act>
                     </sourceOf>
                     <sourceOf typeCode="PRCN">
                        <conjunctionCode code="OR"/>
                        <act classCode="ACT" moodCode="EVN" isCriterionInd="true" actionNegationInd="true"><!-- Communication: From Provider to Patient pattern -->
                           <templateId root="2.16.840.1.113883.3.560.1.131"/>
                           <id root="16ad9253-9cae-4059-911d-c077dcada677"/>
                           <code code="COMMGR_X" displayName="Communication Manager" codeSystem="2.16.840.1.113883.6.1"/>
                           <sourceOf typeCode="COMP">
                              <act classCode="ACT" moodCode="EVN" isCriterionInd="true">
                                 <code code="2.16.840.1.113883.3.117.1.7.1.131" displayName="Asthma Management Plan LOINC Value Set" codeSystem="2.16.840.1.113883.3.560.101.1"/>
                                 <title>Communication: From Provider to Patient not done: Patient Refusal</title>
                                 <participant typeCode="AUT">
                                    <roleParticipant classCode="ASSIGNED">
                                       <code code="158965000" codeSystem="2.16.840.1.113883.6.96" displayName="Medical Practitioner"/>
                                    </roleParticipant>
                                 </participant>
                                 <participant typeCode="IRCP">
                                    <signatureCode code="S"/>
                                    <patientParticipant classCode="PAT"/>
                                 </participant>
                                 <sourceOf typeCode="RSON">
                                    <observation classCode="OBS" moodCode="EVN" isCriterionInd="true">
                                       <code code="ASSERTION" codeSystem="2.16.840.1.113883.5.4"/>
                                       <value xsi:type="CD" code="2.16.840.1.113883.3.117.1.7.1.93" displayName="Patient Refusal SNOMED-CT Value Set"/>
                                    </observation>
                                 </sourceOf>
                              </act>
                           </sourceOf>
                        </act>
                     </sourceOf>
                     <sourceOf typeCode="DURING">
                        <act classCode="ACT" moodCode="EVN" isCriterionInd="true"><!-- Encounter, Performed pattern -->
                           <templateId root="2.16.840.1.113883.3.560.1.79"/>
                           <id root="3d60a18d-9848-4768-ac97-5adc9cc619a9"/>
                           <code code="46240-8" codeSystem="2.16.840.1.113883.6.1" displayName="Encounter list"/>
                           <sourceOf typeCode="COMP">
                              <encounter classCode="ENC" moodCode="EVN" isCriterionInd="true">
                                 <code code="2.16.840.1.113883.3.117.1.7.1.23" displayName="Inpatient Encounter SNOMED-CT Value Set" codeSystem="2.16.840.1.113883.3.560.101.1"/>
                                 <title>Occurrence A of Encounter, Performed: Inpatient Encounter</title>
                                 <statusCode code="completed"/>
                              </encounter>
                           </sourceOf>
                        </act>
                     </sourceOf>
                  </act>
               </sourceOf>
            </observation>
         </entry><!--
            **************************************************************   
            Population Criteria Section: denominator 
            **************************************************************
      -->
         <entry typeCode="DRIV">
            <observation classCode="OBS" moodCode="EVN" isCriterionInd="true">
               <id root="34CCB5C0-82C7-4B60-8492-255CAD81D868"/>
               <code code="ASSERTION" codeSystem="2.16.840.1.113883.5.4"/>
               <value xsi:type="CD" code="DENOM" codeSystem="2.16.840.1.113883.5.1063" codeSystemName="HL7 Observation Value" displayName="Denominator"/><!--  top and/or -->
               <sourceOf typeCode="PRCN">
                  <conjunctionCode code="AND"/>
                  <observation classCode="OBS" moodCode="EVN" isCriterionInd="true">
                     <id root="9D87B158-4A9F-46C8-B49C-8AA49084372D"/>
                     <title>Initial Patient Population</title>
                  </observation>
               </sourceOf>
               <sourceOf typeCode="PRCN">
                  <conjunctionCode code="AND"/>
                  <act classCode="ACT" moodCode="EVN" isCriterionInd="true"><!-- Encounter, Performed pattern -->
                     <templateId root="2.16.840.1.113883.3.560.1.79"/>
                     <id root="3d60a18d-9848-4768-ac97-5adc9cc619a9"/>
                     <code code="46240-8" codeSystem="2.16.840.1.113883.6.1" displayName="Encounter list"/>
                     <sourceOf typeCode="COMP">
                        <encounter classCode="ENC" moodCode="EVN" isCriterionInd="true">
                           <code code="2.16.840.1.113883.3.117.1.7.1.23" displayName="Inpatient Encounter SNOMED-CT Value Set" codeSystem="2.16.840.1.113883.3.560.101.1"/>
                           <title>Occurrence A of Encounter, Performed: Inpatient Encounter (discharge status: 'Discharge To Home Or Police Custody')</title>
                           <statusCode code="completed"/>
                           <sourceOf typeCode="REFR">
                              <observation classCode="OBS" moodCode="EVN" isCriterionInd="true">
                                 <templateId root="2.16.840.1.113883.3.560.1.1003.2"/>
                                 <code code="309039003" codeSystem="2.16.840.1.113883.6.96" displayName="discharge status" codeSystemName="SNOMED-CT"/>
                                 <value xsi:type="CD" code="2.16.840.1.113883.3.117.1.7.1.82" codeSystem="2.16.840.1.113883.3.560.101.1" displayName="Discharge To Home Or Police Custody"/>
                              </observation>
                           </sourceOf>
                        </encounter>
                     </sourceOf>
                  </act>
               </sourceOf>
            </observation>
         </entry><!--
            **************************************************************   
            Population Criteria Section: population 
            **************************************************************
      -->
         <entry typeCode="DRIV">
            <observation classCode="OBS" moodCode="EVN" isCriterionInd="true">
               <id root="9D87B158-4A9F-46C8-B49C-8AA49084372D"/>
               <code code="ASSERTION" codeSystem="2.16.840.1.113883.5.4"/>
               <value xsi:type="CD" code="IPP" codeSystem="2.16.840.1.113883.5.1063" codeSystemName="HL7 Observation Value" displayName="Initial Patient Population"/><!--  top and/or -->
               <sourceOf typeCode="PRCN">
                  <conjunctionCode code="AND"/>
                  <act classCode="ACT" moodCode="EVN" isCriterionInd="true"><!-- Diagnosis, Active pattern -->
                     <templateId root="2.16.840.1.113883.3.560.1.2"/>
                     <id root="d4011748-91ac-4520-8f16-c2038165663b"/>
                     <code code="11450-4" displayName="Problem" codeSystem="2.16.840.1.113883.6.1"/>
                     <sourceOf typeCode="COMP">
                        <observation classCode="OBS" moodCode="EVN" isCriterionInd="true">
                           <code code="55607006" codeSystem="2.16.840.1.113883.6.96" displayName="Problem"/>
                           <title>Diagnosis, Active: Asthma (ordinality: 'Principal Diagnosis')</title>
                           <value xsi:type="CD" code="2.16.840.1.113883.3.117.1.7.1.271" displayName="Asthma Grouping Value Set"/>
                           <sourceOf typeCode="REFR">
                              <observation classCode="OBS" moodCode="EVN" isCriterionInd="true">
                                 <code code="33999-4" codeSystem="2.16.840.1.113883.6.1" displayName="Status"/>
                                 <value xsi:type="CD" code="55561003" displayName="active" codeSystem="2.16.840.1.113883.6.96"/>
                              </observation>
                           </sourceOf>
                           <sourceOf typeCode="SUBJ">
                              <observation classCode="OBS" moodCode="EVN" isCriterionInd="true">
                                 <templateId root="2.16.840.1.113883.3.560.1.1012.2"/>
                                 <code code="117363000" codeSystem="2.16.840.1.113883.6.96" displayName="ordinality" codeSystemName="SNOMED-CT"/>
                                 <value xsi:type="CD" code="2.16.840.1.113883.3.117.2.7.1.14" codeSystem="2.16.840.1.113883.3.560.101.1" displayName="Principal Diagnosis"/>
                              </observation>
                           </sourceOf>
                           <sourceOf typeCode="SDU">
                              <observation classCode="OBS" moodCode="EVN" isCriterionInd="true">
                                 <id root="3d60a18d-9848-4768-ac97-5adc9cc619a9"/>
                                 <title>Occurrence A of Encounter, Performed: Inpatient Encounter</title>
                              </observation>
                           </sourceOf>
                        </observation>
                     </sourceOf>
                  </act>
               </sourceOf>
               <sourceOf typeCode="PRCN">
                  <conjunctionCode code="AND"/>
                  <act classCode="ACT" moodCode="EVN" isCriterionInd="true"><!-- Patient Characteristic Birthdate pattern -->
                     <templateId root="2.16.840.1.113883.3.560.1.400"/>
                     <id root="3f47f7d2-a4b7-4b32-9a85-456923097a2a"/>
                     <code code="45970-1" displayName="Demographics" codeSystem="2.16.840.1.113883.6.1"/>
                     <sourceOf typeCode="COMP">
                        <observation classCode="OBS" moodCode="EVN" isCriterionInd="true">
                           <code code="21112-8" codeSystem="2.16.840.1.113883.6.1" displayName="Birth date"/>
                           <title>Patient Characteristic Birthdate: birth date</title>
                           <value xsi:type="CD" code="2.16.840.1.113883.3.560.100.4" codeSystem="2.16.840.1.113883.3.560.101.1" displayName="birth date LOINC Value Set"/>
                           <sourceOf typeCode="SBS">
                              <pauseQuantity xsi:type="IVL_PQ">
                                 <low value="2" unit="a" inclusive="true"/>
                              </pauseQuantity>
                              <observation classCode="OBS" moodCode="EVN" isCriterionInd="true">
                                 <id root="3d60a18d-9848-4768-ac97-5adc9cc619a9"/>
                                 <title>Occurrence A of Encounter, Performed: Inpatient Encounter</title>
                              </observation>
                           </sourceOf>
                        </observation>
                     </sourceOf>
                  </act>
               </sourceOf>
               <sourceOf typeCode="PRCN">
                  <conjunctionCode code="AND"/>
                  <act classCode="ACT" moodCode="EVN" isCriterionInd="true"><!-- Patient Characteristic Birthdate pattern -->
                     <templateId root="2.16.840.1.113883.3.560.1.400"/>
                     <id root="3f47f7d2-a4b7-4b32-9a85-456923097a2a"/>
                     <code code="45970-1" displayName="Demographics" codeSystem="2.16.840.1.113883.6.1"/>
                     <sourceOf typeCode="COMP">
                        <observation classCode="OBS" moodCode="EVN" isCriterionInd="true">
                           <code code="21112-8" codeSystem="2.16.840.1.113883.6.1" displayName="Birth date"/>
                           <title>Patient Characteristic Birthdate: birth date</title>
                           <value xsi:type="CD" code="2.16.840.1.113883.3.560.100.4" codeSystem="2.16.840.1.113883.3.560.101.1" displayName="birth date LOINC Value Set"/>
                           <sourceOf typeCode="SBS">
                              <pauseQuantity xsi:type="IVL_PQ">
                                 <high value="17" unit="a" inclusive="true"/>
                              </pauseQuantity>
                              <observation classCode="OBS" moodCode="EVN" isCriterionInd="true">
                                 <id root="3d60a18d-9848-4768-ac97-5adc9cc619a9"/>
                                 <title>Occurrence A of Encounter, Performed: Inpatient Encounter</title>
                              </observation>
                           </sourceOf>
                        </observation>
                     </sourceOf>
                  </act>
               </sourceOf>
               <sourceOf typeCode="PRCN">
                  <conjunctionCode code="AND"/>
                  <act classCode="ACT" moodCode="EVN" isCriterionInd="true"><!-- Encounter, Performed pattern -->
                     <templateId root="2.16.840.1.113883.3.560.1.79"/>
                     <id root="3d60a18d-9848-4768-ac97-5adc9cc619a9"/>
                     <code code="46240-8" codeSystem="2.16.840.1.113883.6.1" displayName="Encounter list"/>
                     <sourceOf typeCode="COMP">
                        <encounter classCode="ENC" moodCode="EVN" isCriterionInd="true">
                           <code code="2.16.840.1.113883.3.117.1.7.1.23" displayName="Inpatient Encounter SNOMED-CT Value Set" codeSystem="2.16.840.1.113883.3.560.101.1"/>
                           <title>Occurrence A of Encounter, Performed: Inpatient Encounter (length of stay &lt;= 120  day(s))</title>
                           <statusCode code="completed"/>
                           <sourceOf typeCode="SUBJ">
                              <observation classCode="OBS" moodCode="EVN" isCriterionInd="true">
                                 <templateId root="2.16.840.1.113883.3.560.1.1029.3"/>
                                 <code code="183797002" codeSystem="2.16.840.1.113883.6.96" displayName="length of stay" codeSystemName="SNOMED-CT"/>
                                 <value xsi:type="IVL_PQ">
                                    <high value="120" unit="d" inclusive="true"/>
                                 </value>
                              </observation>
                           </sourceOf>
                        </encounter>
                     </sourceOf>
                  </act>
               </sourceOf>
               <sourceOf typeCode="PRCN">
                  <conjunctionCode code="AND"/>
                  <act classCode="ACT" moodCode="EVN" isCriterionInd="true"><!-- Encounter, Performed pattern -->
                     <templateId root="2.16.840.1.113883.3.560.1.79"/>
                     <id root="3d60a18d-9848-4768-ac97-5adc9cc619a9"/>
                     <code code="46240-8" codeSystem="2.16.840.1.113883.6.1" displayName="Encounter list"/>
                     <sourceOf typeCode="COMP">
                        <encounter classCode="ENC" moodCode="EVN" isCriterionInd="true">
                           <code code="2.16.840.1.113883.3.117.1.7.1.23" displayName="Inpatient Encounter SNOMED-CT Value Set" codeSystem="2.16.840.1.113883.3.560.101.1"/>
                           <title>Occurrence A of Encounter, Performed: Inpatient Encounter (discharge datetime)</title>
                           <statusCode code="completed"/>
                           <sourceOf typeCode="REFR">
                              <observation classCode="OBS" moodCode="EVN" isCriterionInd="true">
                                 <templateId root="2.16.840.1.113883.3.560.1.1025.1"/>
                                 <code code="442864001" codeSystem="2.16.840.1.113883.6.96" displayName="discharge datetime" codeSystemName="SNOMED-CT"/>
                                 <value xsi:type="ANYNonNull"/>
                              </observation>
                           </sourceOf>
                           <sourceOf typeCode="DURING">
                              <observation classCode="OBS" moodCode="EVN" isCriterionInd="true">
                                 <id root="f8070a0c-0270-46b1-b9ec-cb1057709ad1"/>
                                 <title>Measurement Period</title>
                              </observation>
                           </sourceOf>
                        </encounter>
                     </sourceOf>
                  </act>
               </sourceOf>
            </observation>
         </entry>
      </section>
   </component>
         
      <!--
         ******************************************   
         Data Criteria Section
         ******************************************
      --><component typeCode="COMP">
      <section>
         <code code="57025-9" codeSystem="2.16.840.1.113883.6.1" displayName="Data criteria (QDM Data Elements)"/>
         <title>Data criteria (QDM Data Elements)</title>
         <text>
            <list>
               <item>
                  <content>"Communication: From Provider to Patient: Asthma Management Plan"</content> using "Asthma Management Plan LOINC Value Set (2.16.840.1.113883.3.117.1.7.1.131)"</item>
               <item>
                  <content>"Communication: From Provider to Patient not done: Patient Refusal"</content> using "Patient Refusal SNOMED-CT Value Set (2.16.840.1.113883.3.117.1.7.1.93)"</item>
               <item>
                  <content>"Diagnosis, Active: Asthma"</content> using "Asthma Grouping Value Set (2.16.840.1.113883.3.117.1.7.1.271)"</item>
               <item>
                  <content>"Encounter, Performed: Inpatient Encounter"</content> using "Inpatient Encounter SNOMED-CT Value Set (2.16.840.1.113883.3.117.1.7.1.23)"</item>
               <item>
                  <content>"Patient Characteristic Birthdate: birth date"</content> using "birth date LOINC Value Set (2.16.840.1.113883.3.560.100.4)"</item>
               <item>
                  <content>Attribute: "Ordinality: Principal Diagnosis"</content> using "Principal Diagnosis SNOMED-CT Value Set  (2.16.840.1.113883.3.117.2.7.1.14)"</item>
               <item>
                  <content>Attribute: "Discharge status: Discharge To Home Or Police Custody"</content> using "Discharge To Home Or Police Custody SNOMED-CT Value Set  (2.16.840.1.113883.3.117.1.7.1.82)"</item>
            </list>
         </text>
         <entry typeCode="DRIV">
            <act classCode="ACT" moodCode="EVN" isCriterionInd="true"><!-- Diagnosis, Active pattern -->
               <templateId root="2.16.840.1.113883.3.560.1.2"/>
               <id root="d4011748-91ac-4520-8f16-c2038165663b"/>
               <code code="11450-4" displayName="Problem" codeSystem="2.16.840.1.113883.6.1"/>
               <sourceOf typeCode="COMP">
                  <observation classCode="OBS" moodCode="EVN" isCriterionInd="true">
                     <code code="55607006" codeSystem="2.16.840.1.113883.6.96" displayName="Problem"/>
                     <title>Diagnosis, Active: Asthma</title>
                     <value xsi:type="CD" code="2.16.840.1.113883.3.117.1.7.1.271" displayName="Asthma Grouping Value Set"/>
                     <sourceOf typeCode="REFR">
                        <observation classCode="OBS" moodCode="EVN" isCriterionInd="true">
                           <code code="33999-4" codeSystem="2.16.840.1.113883.6.1" displayName="Status"/>
                           <value xsi:type="CD" code="55561003" displayName="active" codeSystem="2.16.840.1.113883.6.96"/>
                        </observation>
                     </sourceOf>
                  </observation>
               </sourceOf>
            </act>
         </entry>
         <entry typeCode="DRIV">
            <act classCode="ACT" moodCode="EVN" isCriterionInd="true"><!-- Encounter, Performed pattern -->
               <templateId root="2.16.840.1.113883.3.560.1.79"/>
               <id root="3837157b-b34f-414b-b793-0bf94dbfc8bd"/>
               <code code="46240-8" codeSystem="2.16.840.1.113883.6.1" displayName="Encounter list"/>
               <sourceOf typeCode="COMP">
                  <encounter classCode="ENC" moodCode="EVN" isCriterionInd="true">
                     <code code="2.16.840.1.113883.3.117.1.7.1.23" displayName="Inpatient Encounter SNOMED-CT Value Set" codeSystem="2.16.840.1.113883.3.560.101.1"/>
                     <title>Encounter, Performed: Inpatient Encounter</title>
                     <statusCode code="completed"/>
                  </encounter>
               </sourceOf>
            </act>
         </entry>
         <entry typeCode="DRIV">
            <act classCode="ACT" moodCode="EVN" isCriterionInd="true"><!-- Patient Characteristic Birthdate pattern -->
               <templateId root="2.16.840.1.113883.3.560.1.400"/>
               <id root="3f47f7d2-a4b7-4b32-9a85-456923097a2a"/>
               <code code="45970-1" displayName="Demographics" codeSystem="2.16.840.1.113883.6.1"/>
               <sourceOf typeCode="COMP">
                  <observation classCode="OBS" moodCode="EVN" isCriterionInd="true">
                     <code code="21112-8" codeSystem="2.16.840.1.113883.6.1" displayName="Birth date"/>
                     <title>Patient Characteristic Birthdate: birth date</title>
                     <value xsi:type="CD" code="2.16.840.1.113883.3.560.100.4" codeSystem="2.16.840.1.113883.3.560.101.1" displayName="birth date LOINC Value Set"/>
                  </observation>
               </sourceOf>
            </act>
         </entry>
         <entry typeCode="DRIV">
            <act classCode="ACT" moodCode="EVN" isCriterionInd="true"><!-- Communication: From Provider to Patient pattern -->
               <templateId root="2.16.840.1.113883.3.560.1.31"/>
               <id root="16ad9253-9cae-4059-911d-c077dcada677"/>
               <code code="COMMGR_X" displayName="Communication Manager" codeSystem="2.16.840.1.113883.6.1"/>
               <sourceOf typeCode="COMP">
                  <act classCode="ACT" moodCode="EVN" isCriterionInd="true">
                     <code code="2.16.840.1.113883.3.117.1.7.1.131" displayName="Asthma Management Plan LOINC Value Set" codeSystem="2.16.840.1.113883.3.560.101.1"/>
                     <title>Communication: From Provider to Patient: Asthma Management Plan</title>
                     <participant typeCode="AUT">
                        <roleParticipant classCode="ASSIGNED">
                           <code code="158965000" codeSystem="2.16.840.1.113883.6.96" displayName="Medical Practitioner"/>
                        </roleParticipant>
                     </participant>
                     <participant typeCode="IRCP">
                        <signatureCode code="S"/>
                        <patientParticipant classCode="PAT"/>
                     </participant>
                  </act>
               </sourceOf>
            </act>
         </entry>
         <entry typeCode="DRIV">
            <act classCode="ACT" moodCode="EVN" isCriterionInd="true"><!-- Communication: From Provider to Patient not done pattern -->
               <templateId root="2.16.840.1.113883.3.560.1.131"/>
               <id root="90fb2506-52ce-4b98-97c5-81f0800af0a7"/>
               <code code="COMMGR_X" displayName="Communication Manager" codeSystem="2.16.840.1.113883.6.1"/>
               <sourceOf typeCode="COMP">
                  <act classCode="ACT" moodCode="EVN" isCriterionInd="true">
                     <code code="2.16.840.1.113883.3.117.1.7.1.93" displayName="Patient Refusal SNOMED-CT Value Set" codeSystem="2.16.840.1.113883.3.560.101.1"/>
                     <title>Communication: From Provider to Patient not done: Patient Refusal</title>
                     <participant typeCode="AUT">
                        <roleParticipant classCode="ASSIGNED">
                           <code code="158965000" codeSystem="2.16.840.1.113883.6.96" displayName="Medical Practitioner"/>
                        </roleParticipant>
                     </participant>
                     <participant typeCode="IRCP">
                        <signatureCode code="S"/>
                        <patientParticipant classCode="PAT"/>
                     </participant>
                  </act>
               </sourceOf>
            </act>
         </entry>
         <entry typeCode="COMP">
            <observation classCode="OBS" moodCode="DEF">
               <templateId root="2.16.840.1.113883.3.560.1.79"/>
               <id root="3d60a18d-9848-4768-ac97-5adc9cc619a9"/>
               <sourceOf typeCode="DRIV">
                  <localVariableName>Inpatient Encounter</localVariableName>
                  <observation classCode="OBS" moodCode="EVN" isCriterionInd="true">
                     <id root="3837157b-b34f-414b-b793-0bf94dbfc8bd"/>
                  </observation>
               </sourceOf>
            </observation>
         </entry>
      </section>
   </component>
            
         <!--
            **************************************************************   
            Stratification Section
            **************************************************************
         --><component typeCode="COMP">
      <section>
         <code code="69669-0" codeSystem="2.16.840.1.113883.6.1" displayName="Population stratification description"/>
         <title>Reporting Stratification</title>
         <text>
            <list>
               <item>None</item>
            </list>
         </text>
      </section>
   </component>
         
      <!--
         ******************************************   
         Supplemental Data Elements Section
         ******************************************
      --><component typeCode="COMP">
      <section>
         <code code="69670-8" codeSystem="2.16.840.1.113883.6.1" displayName="Supplemental Data Elements"/>
         <title>Supplemental Data Elements</title>
         <text>
            <list>
               <item>
                  <content>"Patient Characteristic Ethnicity: Ethnicity"</content> using "Ethnicity CDC Value Set (2.16.840.1.114222.4.11.837)"</item>
               <item>
                  <content>"Patient Characteristic Payer: Payer"</content> using "Payer Source of Payment Typology Value Set (2.16.840.1.114222.4.11.3591)"</item>
               <item>
                  <content>"Patient Characteristic Race: Race"</content> using "Race CDC Value Set (2.16.840.1.114222.4.11.836)"</item>
               <item>
                  <content>"Patient Characteristic Sex: ONC Administrative Sex"</content> using "ONC Administrative Sex Administrative Sex Value Set (2.16.840.1.113762.1.4.1)"</item>
            </list>
         </text>
         <entry typeCode="DRIV">
            <act classCode="ACT" moodCode="EVN" isCriterionInd="true"><!-- Patient Characteristic Sex pattern -->
               <templateId root="2.16.840.1.113883.3.560.1.402"/>
               <id root="62c30daf-b92e-4233-ab9e-00fffa93f0f1"/>
               <code code="45970-1" displayName="Demographics" codeSystem="2.16.840.1.113883.6.1"/>
               <sourceOf typeCode="COMP">
                  <observation classCode="OBS" moodCode="EVN" isCriterionInd="true">
                     <code code="263495000" codeSystem="2.16.840.1.113883.6.96" displayName="Sex"/>
                     <title>Patient Characteristic Sex: ONC Administrative Sex</title>
                     <value xsi:type="CD" code="2.16.840.1.113762.1.4.1" codeSystem="2.16.840.1.113883.3.560.101.1" displayName="ONC Administrative Sex Administrative Sex Value Set"/>
                  </observation>
               </sourceOf>
            </act>
         </entry>
         <entry typeCode="DRIV">
            <act classCode="ACT" moodCode="EVN" isCriterionInd="true"><!-- Patient Characteristic Race pattern -->
               <templateId root="2.16.840.1.113883.3.560.1.406"/>
               <id root="076a290e-5ff4-497b-af85-d61a5f2b0d6c"/>
               <code code="45970-1" displayName="Demographics" codeSystem="2.16.840.1.113883.6.1"/>
               <sourceOf typeCode="COMP">
                  <observation classCode="OBS" moodCode="EVN" isCriterionInd="true">
                     <code code="32624-9" codeSystem="2.16.840.1.113883.6.1" displayName="Race"/>
                     <title>Patient Characteristic Race: Race</title>
                     <value xsi:type="CD" code="2.16.840.1.114222.4.11.836" codeSystem="2.16.840.1.113883.3.560.101.1" displayName="Race CDC Value Set"/>
                  </observation>
               </sourceOf>
            </act>
         </entry>
         <entry typeCode="DRIV">
            <act classCode="ACT" moodCode="EVN" isCriterionInd="true"><!-- Patient Characteristic Ethnicity pattern -->
               <templateId root="2.16.840.1.113883.3.560.1.403"/>
               <id root="076377f3-4d3d-44dc-a4a4-add0421312cf"/>
               <code code="45970-1" displayName="Demographics" codeSystem="2.16.840.1.113883.6.1"/>
               <sourceOf typeCode="COMP">
                  <observation classCode="OBS" moodCode="EVN" isCriterionInd="true">
                     <code code="54133-4" codeSystem="2.16.840.1.113883.6.1" displayName="Ethnicity"/>
                     <title>Patient Characteristic Ethnicity: Ethnicity</title>
                     <value xsi:type="CD" code="2.16.840.1.114222.4.11.837" codeSystem="2.16.840.1.113883.3.560.101.1" displayName="Ethnicity CDC Value Set"/>
                  </observation>
               </sourceOf>
            </act>
         </entry>
         <entry typeCode="DRIV">
            <act classCode="ACT" moodCode="EVN" isCriterionInd="true"><!-- Patient Characteristic Payer pattern -->
               <templateId root="2.16.840.1.113883.3.560.1.405"/>
               <id root="424c6d40-758e-4552-8715-94ed6cf18b24"/>
               <code code="45970-1" displayName="Demographics" codeSystem="2.16.840.1.113883.6.1"/>
               <sourceOf typeCode="COMP">
                  <observation classCode="OBS" moodCode="EVN" isCriterionInd="true">
                     <code code="48768-6" codeSystem="2.16.840.1.113883.6.1" displayName="Payer"/>
                     <title>Patient Characteristic Payer: Payer</title>
                     <value xsi:type="CD" code="2.16.840.1.114222.4.11.3591" codeSystem="2.16.840.1.113883.3.560.101.1" displayName="Payer Source of Payment Typology Value Set"/>
                  </observation>
               </sourceOf>
            </act>
         </entry>
      </section>
   </component>
</QualityMeasureDocument>