<ContinuityOfCareRecord xmlns:xsi="http://www.w3.org/2001/XMLSchema-instance" xsi:schemaLocation="urn:astm-org:CCR CCR_20051109.xsd http://www.w3.org/2001/XMLSchema xmldsig-core-schema.xsd" xmlns="urn:astm-org:CCR">
  <CCRDocumentObjectID>503352e4044a114c600000da</CCRDocumentObjectID>
  <Language>
    <Text>English</Text>
  </Language>
  <Version>V1.0</Version>
  <DateTime>
    <ExactDateTime>2012-11-15T15:14:41-05:00</ExactDateTime>
  </DateTime>
  <Patient>
    <ActorID>503352e4044a114c600000da</ActorID>
  </Patient>
  <From>
    <ActorLink>
      <ActorID>AA0002</ActorID>
    </ActorLink>
  </From>
  <Purpose>
    <Description>
      <Text>Cypress Test Patient CCR XML Record</Text>
    </Description>
    <Indications>
      <Indication>
        <Source>
          <Actor>
            <ActorID>AA0002</ActorID>
          </Actor>
        </Source>
        <InternalCCRLink>
          <LinkID/>
        </InternalCCRLink>
      </Indication>
    </Indications>
  </Purpose>
  <Body>
    <Problems>
      <Problem>
        <CCRDataObjectID>PR0001</CCRDataObjectID>
        <DateTime>
          <Type>
            <Text>Start date</Text>
          </Type>
          <ExactDateTime>2010-02-01T05:00:00Z</ExactDateTime>
        </DateTime>
        <Type>
          <Text>Diagnosis</Text>
        </Type>
        <Description>
          <Text>Diagnosis, Active: Pregnancy Dx (Code List: 2.16.840.1.113883.3.600.1.1623)</Text>
          <Code>
            <Value>A34</Value>
            <CodingSystem>ICD-10-CM</CodingSystem>
            <Version>2005</Version>
          </Code>
          <Code>
            <Value>630</Value>
            <CodingSystem>ICD-9-CM</CodingSystem>
            <Version>2005</Version>
          </Code>
          <Code>
            <Value>9279009</Value>
            <CodingSystem>SNOMED-CT</CodingSystem>
            <Version>2005</Version>
          </Code>
        </Description>
        <Status>
          <Text>Active</Text>
        </Status>
        <Source>
          <Actor>
            <ActorID>503352e4044a114c600000da</ActorID>
          </Actor>
        </Source>
      </Problem>
      <Problem>
        <CCRDataObjectID>PR0002</CCRDataObjectID>
        <DateTime>
          <Type>
            <Text>Start date</Text>
          </Type>
          <ExactDateTime>2010-02-01T05:00:00Z</ExactDateTime>
        </DateTime>
        <Type>
          <Text>Diagnosis</Text>
        </Type>
        <Description>
          <Text>Diagnosis, Active: Full Term Delivery (Code List: 2.16.840.1.113883.3.67.1.101.1.273)</Text>
          <Code>
            <Value>F53</Value>
            <CodingSystem>ICD-10-CM</CodingSystem>
            <Version>2005</Version>
          </Code>
          <Code>
            <Value>4787007</Value>
            <CodingSystem>SNOMED-CT</CodingSystem>
            <Version>2005</Version>
          </Code>
          <Code>
            <Value>642.01</Value>
            <CodingSystem>ICD-9-CM</CodingSystem>
            <Version>2005</Version>
          </Code>
        </Description>
        <Status>
          <Text>Active</Text>
        </Status>
        <Source>
          <Actor>
            <ActorID>503352e4044a114c600000da</ActorID>
          </Actor>
        </Source>
      </Problem>
    </Problems>
    <VitalSigns>
      <Result>
        <CCRDataObjectID>VT0001</CCRDataObjectID>
        <DateTime>
          <Type>
            <Text>Start date</Text>
          </Type>
          <ExactDateTime>2010-02-04T05:00:00Z</ExactDateTime>
        </DateTime>
        <Source/>
        <Test>
          <CCRDataObjectID>VT0001TestResult</CCRDataObjectID>
          <Description>
            <Text>Laboratory Test, Performed: HBsAg (Code List: 2.16.840.1.113883.3.67.1.101.1.279)</Text>
            <Code>
              <Value>10674-0</Value>
              <CodingSystem>LOINC</CodingSystem>
              <Version>2005</Version>
            </Code>
          </Description>
          <Source/>
          <TestResult>
          </TestResult>
        </Test>
      </Result>
    </VitalSigns>
    <Procedures>
      <Procedure>
        <CCRDataObjectID>PR0001</CCRDataObjectID>
        <DateTime>
          <Type>
            <Text>Service date</Text>
          </Type>
          <ExactDateTime>2010-10-20T04:00:00Z</ExactDateTime>
        </DateTime>
        <Description>
          <Text>Procedure, Performed: Delivery (Code List: 2.16.840.1.113883.3.67.1.101.1.278)</Text>
          <Code>
            <Value>5556001</Value>
            <CodingSystem>SNOMED-CT</CodingSystem>
            <Version>2005</Version>
          </Code>
          <Code>
            <Value>72.0</Value>
            <CodingSystem>ICD-9-CM</CodingSystem>
            <Version>2005</Version>
          </Code>
          <Code>
            <Value>59400</Value>
            <CodingSystem>CPT</CodingSystem>
            <Version>2005</Version>
          </Code>
        </Description>
        <Status>
          <Text>Active</Text>
        </Status>
        <Source/>
      </Procedure>
    </Procedures>
    <Encounters>
      <Encounter>
        <CCRDataObjectID>EN0001</CCRDataObjectID>
        <DateTime>
          <Type>
            <Text>Encounter Date</Text>
          </Type>
          <ExactDateTime>2010-03-01T05:00:00Z</ExactDateTime>
        </DateTime>
        <Description>
          <Text>Encounter, Performed: Office Visit (Code List: 2.16.840.1.113883.3.464.1003.101.12.1001)</Text>
          <Code>
            <Value>99201</Value>
            <CodingSystem>CPT</CodingSystem>
            <Version>2005</Version>
          </Code>
        </Description>
        <Status>
          <Text>Active</Text>
        </Status>
        <Source>
          <Actor>
            <ActorID>503352e4044a114c600000da</ActorID>
          </Actor>
        </Source>
      </Encounter>
    </Encounters>
  </Body>
  <Actors>
    <Actor>
      <ActorObjectID>503352e4044a114c600000da</ActorObjectID>
      <Person>
        <Name>
          <CurrentName>
            <Given>10_11_12_Pregnancy_Adult_NUM</Given>
            <Family>0608</Family>
          </CurrentName>
        </Name>
        <DateOfBirth>
          <ExactDateTime>1986-12-01T08:30:00Z</ExactDateTime>
        </DateOfBirth>
        <Gender>
          <Text>Female</Text>
        </Gender>
      </Person>
      <Source/>
    </Actor>
  </Actors>
</ContinuityOfCareRecord>
