<ContinuityOfCareRecord xmlns:xsi="http://www.w3.org/2001/XMLSchema-instance" xsi:schemaLocation="urn:astm-org:CCR CCR_20051109.xsd http://www.w3.org/2001/XMLSchema xmldsig-core-schema.xsd" xmlns="urn:astm-org:CCR">
  <CCRDocumentObjectID>50324c38044a111444000114</CCRDocumentObjectID>
  <Language>
    <Text>English</Text>
  </Language>
  <Version>V1.0</Version>
  <DateTime>
    <ExactDateTime>2012-11-15T15:14:40-05:00</ExactDateTime>
  </DateTime>
  <Patient>
    <ActorID>50324c38044a111444000114</ActorID>
  </Patient>
  <From>
    <ActorLink>
      <ActorID>AA0002</ActorID>
    </ActorLink>
  </From>
  <Purpose>
    <Description>
      <Text>Cypress Test Patient CCR XML Record</Text>
    </Description>
    <Indications>
      <Indication>
        <Source>
          <Actor>
            <ActorID>AA0002</ActorID>
          </Actor>
        </Source>
        <InternalCCRLink>
          <LinkID/>
        </InternalCCRLink>
      </Indication>
    </Indications>
  </Purpose>
  <Body>
    <Problems>
      <Problem>
        <CCRDataObjectID>PR0001</CCRDataObjectID>
        <DateTime>
          <Type>
            <Text>Start date</Text>
          </Type>
          <ExactDateTime>2010-04-01T04:00:00Z</ExactDateTime>
        </DateTime>
        <Type>
          <Text>Diagnosis</Text>
        </Type>
        <Description>
          <Text>Diagnosis, Active: Upper Respiratory Infection (Code List: 2.16.840.1.113883.3.464.1003.102.12.1022)</Text>
          <Code>
            <Value>J00</Value>
            <CodingSystem>ICD-10-CM</CodingSystem>
            <Version>2005</Version>
          </Code>
          <Code>
            <Value>54150009</Value>
            <CodingSystem>SNOMED-CT</CodingSystem>
            <Version>2005</Version>
          </Code>
          <Code>
            <Value>460</Value>
            <CodingSystem>ICD-9-CM</CodingSystem>
            <Version>2005</Version>
          </Code>
        </Description>
        <Status>
          <Text>Active</Text>
        </Status>
        <Source>
          <Actor>
            <ActorID>50324c38044a111444000114</ActorID>
          </Actor>
        </Source>
      </Problem>
    </Problems>
    <Medications>
      <Medication>
        <CCRDataObjectID>MD0001</CCRDataObjectID>
        <DateTime>
          <Type>
            <Text>Prescription Date</Text>
          </Type>
          <ExactDateTime>2009-12-01T05:00:00Z</ExactDateTime>
        </DateTime>
        <Type>
          <Text>Medication</Text>
        </Type>
        <Status>
          <Text>Active</Text>
        </Status>
        <Source>
          <Actor>
            <ActorID>50324c38044a111444000114</ActorID>
          </Actor>
        </Source>
        <Product>
          <ProductName>
            <Text>Medication, Administered: DTaP Vaccine (Code List: 2.16.840.1.113883.3.464.1003.196.12.1214)</Text>
          </ProductName>
          <BrandName>
            <Text>Medication, Administered: DTaP Vaccine (Code List: 2.16.840.1.113883.3.464.1003.196.12.1214)</Text>
            <Code>
              <Value>20</Value>
              <CodingSystem>CVX</CodingSystem>
              <Version>2005</Version>
            </Code>
          </BrandName>
        </Product>
      </Medication>
      <Medication>
        <CCRDataObjectID>MD0002</CCRDataObjectID>
        <DateTime>
          <Type>
            <Text>Prescription Date</Text>
          </Type>
          <ExactDateTime>2009-12-01T05:00:00Z</ExactDateTime>
        </DateTime>
        <Type>
          <Text>Medication</Text>
        </Type>
        <Status>
          <Text>Active</Text>
        </Status>
        <Source>
          <Actor>
            <ActorID>50324c38044a111444000114</ActorID>
          </Actor>
        </Source>
        <Product>
          <ProductName>
            <Text>Medication, Administered: Hemophilus Influenze B (HiB) Vaccine (Code List: 2.16.840.1.113883.3.464.1003.196.12.1217)</Text>
          </ProductName>
          <BrandName>
            <Text>Medication, Administered: Hemophilus Influenze B (HiB) Vaccine (Code List: 2.16.840.1.113883.3.464.1003.196.12.1217)</Text>
            <Code>
              <Value>48</Value>
              <CodingSystem>CVX</CodingSystem>
              <Version>2005</Version>
            </Code>
          </BrandName>
        </Product>
      </Medication>
      <Medication>
        <CCRDataObjectID>MD0003</CCRDataObjectID>
        <DateTime>
          <Type>
            <Text>Prescription Date</Text>
          </Type>
          <ExactDateTime>2008-09-01T04:00:00Z</ExactDateTime>
        </DateTime>
        <Type>
          <Text>Medication</Text>
        </Type>
        <Status>
          <Text>Active</Text>
        </Status>
        <Source>
          <Actor>
            <ActorID>50324c38044a111444000114</ActorID>
          </Actor>
        </Source>
        <Product>
          <ProductName>
            <Text>Medication, Administered: Pneumococcal Conjugate Vaccine (Code List: 2.16.840.1.113883.3.464.1003.196.12.1221)</Text>
          </ProductName>
          <BrandName>
            <Text>Medication, Administered: Pneumococcal Conjugate Vaccine (Code List: 2.16.840.1.113883.3.464.1003.196.12.1221)</Text>
            <Code>
              <Value>33</Value>
              <CodingSystem>CVX</CodingSystem>
              <Version>2005</Version>
            </Code>
          </BrandName>
        </Product>
      </Medication>
      <Medication>
        <CCRDataObjectID>MD0004</CCRDataObjectID>
        <DateTime>
          <Type>
            <Text>Prescription Date</Text>
          </Type>
          <ExactDateTime>2008-09-01T04:00:00Z</ExactDateTime>
        </DateTime>
        <Type>
          <Text>Medication</Text>
        </Type>
        <Status>
          <Text>Active</Text>
        </Status>
        <Source>
          <Actor>
            <ActorID>50324c38044a111444000114</ActorID>
          </Actor>
        </Source>
        <Product>
          <ProductName>
            <Text>Medication, Administered: Hepatitis B Vaccine (Code List: 2.16.840.1.113883.3.464.1003.196.12.1216)</Text>
          </ProductName>
          <BrandName>
            <Text>Medication, Administered: Hepatitis B Vaccine (Code List: 2.16.840.1.113883.3.464.1003.196.12.1216)</Text>
            <Code>
              <Value>08</Value>
              <CodingSystem>CVX</CodingSystem>
              <Version>2005</Version>
            </Code>
          </BrandName>
        </Product>
      </Medication>
      <Medication>
        <CCRDataObjectID>MD0005</CCRDataObjectID>
        <DateTime>
          <Type>
            <Text>Prescription Date</Text>
          </Type>
          <ExactDateTime>2008-09-01T04:00:00Z</ExactDateTime>
        </DateTime>
        <Type>
          <Text>Medication</Text>
        </Type>
        <Status>
          <Text>Active</Text>
        </Status>
        <Source>
          <Actor>
            <ActorID>50324c38044a111444000114</ActorID>
          </Actor>
        </Source>
        <Product>
          <ProductName>
            <Text>Medication, Administered: Inactivated Polio Vaccine (IPV) (Code List: 2.16.840.1.113883.3.464.1003.196.12.1219)</Text>
          </ProductName>
          <BrandName>
            <Text>Medication, Administered: Inactivated Polio Vaccine (IPV) (Code List: 2.16.840.1.113883.3.464.1003.196.12.1219)</Text>
            <Code>
              <Value>10</Value>
              <CodingSystem>CVX</CodingSystem>
              <Version>2005</Version>
            </Code>
          </BrandName>
        </Product>
      </Medication>
      <Medication>
        <CCRDataObjectID>MD0006</CCRDataObjectID>
        <DateTime>
          <Type>
            <Text>Prescription Date</Text>
          </Type>
          <ExactDateTime>2008-09-01T04:00:00Z</ExactDateTime>
        </DateTime>
        <Type>
          <Text>Medication</Text>
        </Type>
        <Status>
          <Text>Active</Text>
        </Status>
        <Source>
          <Actor>
            <ActorID>50324c38044a111444000114</ActorID>
          </Actor>
        </Source>
        <Product>
          <ProductName>
            <Text>Medication, Administered: DTaP Vaccine (Code List: 2.16.840.1.113883.3.464.1003.196.12.1214)</Text>
          </ProductName>
          <BrandName>
            <Text>Medication, Administered: DTaP Vaccine (Code List: 2.16.840.1.113883.3.464.1003.196.12.1214)</Text>
            <Code>
              <Value>20</Value>
              <CodingSystem>CVX</CodingSystem>
              <Version>2005</Version>
            </Code>
          </BrandName>
        </Product>
      </Medication>
      <Medication>
        <CCRDataObjectID>MD0007</CCRDataObjectID>
        <DateTime>
          <Type>
            <Text>Prescription Date</Text>
          </Type>
          <ExactDateTime>2008-09-01T04:00:00Z</ExactDateTime>
        </DateTime>
        <Type>
          <Text>Medication</Text>
        </Type>
        <Status>
          <Text>Active</Text>
        </Status>
        <Source>
          <Actor>
            <ActorID>50324c38044a111444000114</ActorID>
          </Actor>
        </Source>
        <Product>
          <ProductName>
            <Text>Medication, Administered: Hemophilus Influenze B (HiB) Vaccine (Code List: 2.16.840.1.113883.3.464.1003.196.12.1217)</Text>
          </ProductName>
          <BrandName>
            <Text>Medication, Administered: Hemophilus Influenze B (HiB) Vaccine (Code List: 2.16.840.1.113883.3.464.1003.196.12.1217)</Text>
            <Code>
              <Value>48</Value>
              <CodingSystem>CVX</CodingSystem>
              <Version>2005</Version>
            </Code>
          </BrandName>
        </Product>
      </Medication>
      <Medication>
        <CCRDataObjectID>MD0008</CCRDataObjectID>
        <DateTime>
          <Type>
            <Text>Prescription Date</Text>
          </Type>
          <ExactDateTime>2009-03-01T05:00:00Z</ExactDateTime>
        </DateTime>
        <Type>
          <Text>Medication</Text>
        </Type>
        <Status>
          <Text>Active</Text>
        </Status>
        <Source>
          <Actor>
            <ActorID>50324c38044a111444000114</ActorID>
          </Actor>
        </Source>
        <Product>
          <ProductName>
            <Text>Medication, Administered: Pneumococcal Conjugate Vaccine (Code List: 2.16.840.1.113883.3.464.1003.196.12.1221)</Text>
          </ProductName>
          <BrandName>
            <Text>Medication, Administered: Pneumococcal Conjugate Vaccine (Code List: 2.16.840.1.113883.3.464.1003.196.12.1221)</Text>
            <Code>
              <Value>33</Value>
              <CodingSystem>CVX</CodingSystem>
              <Version>2005</Version>
            </Code>
          </BrandName>
        </Product>
      </Medication>
      <Medication>
        <CCRDataObjectID>MD0009</CCRDataObjectID>
        <DateTime>
          <Type>
            <Text>Prescription Date</Text>
          </Type>
          <ExactDateTime>2009-03-01T05:00:00Z</ExactDateTime>
        </DateTime>
        <Type>
          <Text>Medication</Text>
        </Type>
        <Status>
          <Text>Active</Text>
        </Status>
        <Source>
          <Actor>
            <ActorID>50324c38044a111444000114</ActorID>
          </Actor>
        </Source>
        <Product>
          <ProductName>
            <Text>Medication, Administered: Hemophilus Influenze B (HiB) Vaccine (Code List: 2.16.840.1.113883.3.464.1003.196.12.1217)</Text>
          </ProductName>
          <BrandName>
            <Text>Medication, Administered: Hemophilus Influenze B (HiB) Vaccine (Code List: 2.16.840.1.113883.3.464.1003.196.12.1217)</Text>
            <Code>
              <Value>48</Value>
              <CodingSystem>CVX</CodingSystem>
              <Version>2005</Version>
            </Code>
          </BrandName>
        </Product>
      </Medication>
      <Medication>
        <CCRDataObjectID>MD00010</CCRDataObjectID>
        <DateTime>
          <Type>
            <Text>Prescription Date</Text>
          </Type>
          <ExactDateTime>2009-03-01T05:00:00Z</ExactDateTime>
        </DateTime>
        <Type>
          <Text>Medication</Text>
        </Type>
        <Status>
          <Text>Active</Text>
        </Status>
        <Source>
          <Actor>
            <ActorID>50324c38044a111444000114</ActorID>
          </Actor>
        </Source>
        <Product>
          <ProductName>
            <Text>Medication, Administered: Hepatitis B Vaccine (Code List: 2.16.840.1.113883.3.464.1003.196.12.1216)</Text>
          </ProductName>
          <BrandName>
            <Text>Medication, Administered: Hepatitis B Vaccine (Code List: 2.16.840.1.113883.3.464.1003.196.12.1216)</Text>
            <Code>
              <Value>08</Value>
              <CodingSystem>CVX</CodingSystem>
              <Version>2005</Version>
            </Code>
          </BrandName>
        </Product>
      </Medication>
      <Medication>
        <CCRDataObjectID>MD00011</CCRDataObjectID>
        <DateTime>
          <Type>
            <Text>Prescription Date</Text>
          </Type>
          <ExactDateTime>2009-03-01T05:00:00Z</ExactDateTime>
        </DateTime>
        <Type>
          <Text>Medication</Text>
        </Type>
        <Status>
          <Text>Active</Text>
        </Status>
        <Source>
          <Actor>
            <ActorID>50324c38044a111444000114</ActorID>
          </Actor>
        </Source>
        <Product>
          <ProductName>
            <Text>Medication, Administered: Inactivated Polio Vaccine (IPV) (Code List: 2.16.840.1.113883.3.464.1003.196.12.1219)</Text>
          </ProductName>
          <BrandName>
            <Text>Medication, Administered: Inactivated Polio Vaccine (IPV) (Code List: 2.16.840.1.113883.3.464.1003.196.12.1219)</Text>
            <Code>
              <Value>10</Value>
              <CodingSystem>CVX</CodingSystem>
              <Version>2005</Version>
            </Code>
          </BrandName>
        </Product>
      </Medication>
      <Medication>
        <CCRDataObjectID>MD00012</CCRDataObjectID>
        <DateTime>
          <Type>
            <Text>Prescription Date</Text>
          </Type>
          <ExactDateTime>2009-03-01T05:00:00Z</ExactDateTime>
        </DateTime>
        <Type>
          <Text>Medication</Text>
        </Type>
        <Status>
          <Text>Active</Text>
        </Status>
        <Source>
          <Actor>
            <ActorID>50324c38044a111444000114</ActorID>
          </Actor>
        </Source>
        <Product>
          <ProductName>
            <Text>Medication, Administered: Rotavirus Vaccine (3 dose schedule) (Code List: 2.16.840.1.113883.3.464.1003.196.12.1223)</Text>
          </ProductName>
          <BrandName>
            <Text>Medication, Administered: Rotavirus Vaccine (3 dose schedule) (Code List: 2.16.840.1.113883.3.464.1003.196.12.1223)</Text>
            <Code>
              <Value>116</Value>
              <CodingSystem>CVX</CodingSystem>
              <Version>2005</Version>
            </Code>
          </BrandName>
        </Product>
      </Medication>
      <Medication>
        <CCRDataObjectID>MD00013</CCRDataObjectID>
        <DateTime>
          <Type>
            <Text>Prescription Date</Text>
          </Type>
          <ExactDateTime>2009-03-01T05:00:00Z</ExactDateTime>
        </DateTime>
        <Type>
          <Text>Medication</Text>
        </Type>
        <Status>
          <Text>Active</Text>
        </Status>
        <Source>
          <Actor>
            <ActorID>50324c38044a111444000114</ActorID>
          </Actor>
        </Source>
        <Product>
          <ProductName>
            <Text>Medication, Administered: DTaP Vaccine (Code List: 2.16.840.1.113883.3.464.1003.196.12.1214)</Text>
          </ProductName>
          <BrandName>
            <Text>Medication, Administered: DTaP Vaccine (Code List: 2.16.840.1.113883.3.464.1003.196.12.1214)</Text>
            <Code>
              <Value>20</Value>
              <CodingSystem>CVX</CodingSystem>
              <Version>2005</Version>
            </Code>
          </BrandName>
        </Product>
      </Medication>
      <Medication>
        <CCRDataObjectID>MD00014</CCRDataObjectID>
        <DateTime>
          <Type>
            <Text>Prescription Date</Text>
          </Type>
          <ExactDateTime>2009-03-01T05:00:00Z</ExactDateTime>
        </DateTime>
        <Type>
          <Text>Medication</Text>
        </Type>
        <Status>
          <Text>Active</Text>
        </Status>
        <Source>
          <Actor>
            <ActorID>50324c38044a111444000114</ActorID>
          </Actor>
        </Source>
        <Product>
          <ProductName>
            <Text>Medication, Administered: Influenza Vaccine (Code List: 2.16.840.1.113883.3.464.1003.196.12.1218)</Text>
          </ProductName>
          <BrandName>
            <Text>Medication, Administered: Influenza Vaccine (Code List: 2.16.840.1.113883.3.464.1003.196.12.1218)</Text>
            <Code>
              <Value>111</Value>
              <CodingSystem>CVX</CodingSystem>
              <Version>2005</Version>
            </Code>
          </BrandName>
        </Product>
      </Medication>
      <Medication>
        <CCRDataObjectID>MD00015</CCRDataObjectID>
        <DateTime>
          <Type>
            <Text>Prescription Date</Text>
          </Type>
          <ExactDateTime>2009-12-01T05:00:00Z</ExactDateTime>
        </DateTime>
        <Type>
          <Text>Medication</Text>
        </Type>
        <Status>
          <Text>Active</Text>
        </Status>
        <Source>
          <Actor>
            <ActorID>50324c38044a111444000114</ActorID>
          </Actor>
        </Source>
        <Product>
          <ProductName>
            <Text>Medication, Administered: Hepatitis B Vaccine (Code List: 2.16.840.1.113883.3.464.1003.196.12.1216)</Text>
          </ProductName>
          <BrandName>
            <Text>Medication, Administered: Hepatitis B Vaccine (Code List: 2.16.840.1.113883.3.464.1003.196.12.1216)</Text>
            <Code>
              <Value>08</Value>
              <CodingSystem>CVX</CodingSystem>
              <Version>2005</Version>
            </Code>
          </BrandName>
        </Product>
      </Medication>
      <Medication>
        <CCRDataObjectID>MD00016</CCRDataObjectID>
        <DateTime>
          <Type>
            <Text>Prescription Date</Text>
          </Type>
          <ExactDateTime>2009-12-01T05:00:00Z</ExactDateTime>
        </DateTime>
        <Type>
          <Text>Medication</Text>
        </Type>
        <Status>
          <Text>Active</Text>
        </Status>
        <Source>
          <Actor>
            <ActorID>50324c38044a111444000114</ActorID>
          </Actor>
        </Source>
        <Product>
          <ProductName>
            <Text>Medication, Administered: Inactivated Polio Vaccine (IPV) (Code List: 2.16.840.1.113883.3.464.1003.196.12.1219)</Text>
          </ProductName>
          <BrandName>
            <Text>Medication, Administered: Inactivated Polio Vaccine (IPV) (Code List: 2.16.840.1.113883.3.464.1003.196.12.1219)</Text>
            <Code>
              <Value>10</Value>
              <CodingSystem>CVX</CodingSystem>
              <Version>2005</Version>
            </Code>
          </BrandName>
        </Product>
      </Medication>
      <Medication>
        <CCRDataObjectID>MD00017</CCRDataObjectID>
        <DateTime>
          <Type>
            <Text>Prescription Date</Text>
          </Type>
          <ExactDateTime>2009-12-01T05:00:00Z</ExactDateTime>
        </DateTime>
        <Type>
          <Text>Medication</Text>
        </Type>
        <Status>
          <Text>Active</Text>
        </Status>
        <Source>
          <Actor>
            <ActorID>50324c38044a111444000114</ActorID>
          </Actor>
        </Source>
        <Product>
          <ProductName>
            <Text>Medication, Administered: Rotavirus Vaccine (3 dose schedule) (Code List: 2.16.840.1.113883.3.464.1003.196.12.1223)</Text>
          </ProductName>
          <BrandName>
            <Text>Medication, Administered: Rotavirus Vaccine (3 dose schedule) (Code List: 2.16.840.1.113883.3.464.1003.196.12.1223)</Text>
            <Code>
              <Value>116</Value>
              <CodingSystem>CVX</CodingSystem>
              <Version>2005</Version>
            </Code>
          </BrandName>
        </Product>
      </Medication>
      <Medication>
        <CCRDataObjectID>MD00018</CCRDataObjectID>
        <DateTime>
          <Type>
            <Text>Prescription Date</Text>
          </Type>
          <ExactDateTime>2009-12-01T05:00:00Z</ExactDateTime>
        </DateTime>
        <Type>
          <Text>Medication</Text>
        </Type>
        <Status>
          <Text>Active</Text>
        </Status>
        <Source>
          <Actor>
            <ActorID>50324c38044a111444000114</ActorID>
          </Actor>
        </Source>
        <Product>
          <ProductName>
            <Text>Medication, Administered: Influenza Vaccine (Code List: 2.16.840.1.113883.3.464.1003.196.12.1218)</Text>
          </ProductName>
          <BrandName>
            <Text>Medication, Administered: Influenza Vaccine (Code List: 2.16.840.1.113883.3.464.1003.196.12.1218)</Text>
            <Code>
              <Value>111</Value>
              <CodingSystem>CVX</CodingSystem>
              <Version>2005</Version>
            </Code>
          </BrandName>
        </Product>
      </Medication>
      <Medication>
        <CCRDataObjectID>MD00019</CCRDataObjectID>
        <DateTime>
          <Type>
            <Text>Prescription Date</Text>
          </Type>
          <ExactDateTime>2009-12-01T05:00:00Z</ExactDateTime>
        </DateTime>
        <Type>
          <Text>Medication</Text>
        </Type>
        <Status>
          <Text>Active</Text>
        </Status>
        <Source>
          <Actor>
            <ActorID>50324c38044a111444000114</ActorID>
          </Actor>
        </Source>
        <Product>
          <ProductName>
            <Text>Medication, Administered: Pneumococcal Conjugate Vaccine (Code List: 2.16.840.1.113883.3.464.1003.196.12.1221)</Text>
          </ProductName>
          <BrandName>
            <Text>Medication, Administered: Pneumococcal Conjugate Vaccine (Code List: 2.16.840.1.113883.3.464.1003.196.12.1221)</Text>
            <Code>
              <Value>33</Value>
              <CodingSystem>CVX</CodingSystem>
              <Version>2005</Version>
            </Code>
          </BrandName>
        </Product>
      </Medication>
      <Medication>
        <CCRDataObjectID>MD00020</CCRDataObjectID>
        <DateTime>
          <Type>
            <Text>Prescription Date</Text>
          </Type>
          <ExactDateTime>2010-03-01T05:00:00Z</ExactDateTime>
        </DateTime>
        <Type>
          <Text>Medication</Text>
        </Type>
        <Status>
          <Text>Active</Text>
        </Status>
        <Source>
          <Actor>
            <ActorID>50324c38044a111444000114</ActorID>
          </Actor>
        </Source>
        <Product>
          <ProductName>
            <Text>Medication, Administered: Inactivated Polio Vaccine (IPV) (Code List: 2.16.840.1.113883.3.464.1003.196.12.1219)</Text>
          </ProductName>
          <BrandName>
            <Text>Medication, Administered: Inactivated Polio Vaccine (IPV) (Code List: 2.16.840.1.113883.3.464.1003.196.12.1219)</Text>
            <Code>
              <Value>10</Value>
              <CodingSystem>CVX</CodingSystem>
              <Version>2005</Version>
            </Code>
          </BrandName>
        </Product>
      </Medication>
      <Medication>
        <CCRDataObjectID>MD00021</CCRDataObjectID>
        <DateTime>
          <Type>
            <Text>Prescription Date</Text>
          </Type>
          <ExactDateTime>2010-04-01T04:00:00Z</ExactDateTime>
        </DateTime>
        <Type>
          <Text>Medication</Text>
        </Type>
        <Status>
          <Text>Active</Text>
        </Status>
        <Source>
          <Actor>
            <ActorID>50324c38044a111444000114</ActorID>
          </Actor>
        </Source>
        <Product>
          <ProductName>
            <Text>Medication, Administered: Influenza Vaccine (Code List: 2.16.840.1.113883.3.464.1003.196.12.1218)</Text>
          </ProductName>
          <BrandName>
            <Text>Medication, Administered: Influenza Vaccine (Code List: 2.16.840.1.113883.3.464.1003.196.12.1218)</Text>
            <Code>
              <Value>111</Value>
              <CodingSystem>CVX</CodingSystem>
              <Version>2005</Version>
            </Code>
          </BrandName>
        </Product>
      </Medication>
      <Medication>
        <CCRDataObjectID>MD00022</CCRDataObjectID>
        <DateTime>
          <Type>
            <Text>Prescription Date</Text>
          </Type>
          <ExactDateTime>2010-04-01T04:00:00Z</ExactDateTime>
        </DateTime>
        <Type>
          <Text>Medication</Text>
        </Type>
        <Status>
          <Text>Active</Text>
        </Status>
        <Source>
          <Actor>
            <ActorID>50324c38044a111444000114</ActorID>
          </Actor>
        </Source>
        <Product>
          <ProductName>
            <Text>Medication, Administered: Hepatitis A Vaccine (Code List: 2.16.840.1.113883.3.464.1003.196.12.1215)</Text>
          </ProductName>
          <BrandName>
            <Text>Medication, Administered: Hepatitis A Vaccine (Code List: 2.16.840.1.113883.3.464.1003.196.12.1215)</Text>
            <Code>
              <Value>83</Value>
              <CodingSystem>CVX</CodingSystem>
              <Version>2005</Version>
            </Code>
          </BrandName>
        </Product>
      </Medication>
      <Medication>
        <CCRDataObjectID>MD00023</CCRDataObjectID>
        <DateTime>
          <Type>
            <Text>Prescription Date</Text>
          </Type>
          <ExactDateTime>2010-04-01T04:00:00Z</ExactDateTime>
        </DateTime>
        <Type>
          <Text>Medication</Text>
        </Type>
        <Status>
          <Text>Active</Text>
        </Status>
        <Source>
          <Actor>
            <ActorID>50324c38044a111444000114</ActorID>
          </Actor>
        </Source>
        <Product>
          <ProductName>
            <Text>Medication, Administered: Measles, Mumps and Rubella (MMR) Vaccine (Code List: 2.16.840.1.113883.3.464.1003.196.12.1224)</Text>
          </ProductName>
          <BrandName>
            <Text>Medication, Administered: Measles, Mumps and Rubella (MMR) Vaccine (Code List: 2.16.840.1.113883.3.464.1003.196.12.1224)</Text>
            <Code>
              <Value>03</Value>
              <CodingSystem>CVX</CodingSystem>
              <Version>2005</Version>
            </Code>
          </BrandName>
        </Product>
      </Medication>
      <Medication>
        <CCRDataObjectID>MD00024</CCRDataObjectID>
        <DateTime>
          <Type>
            <Text>Prescription Date</Text>
          </Type>
          <ExactDateTime>2010-04-01T04:00:00Z</ExactDateTime>
        </DateTime>
        <Type>
          <Text>Medication</Text>
        </Type>
        <Status>
          <Text>Active</Text>
        </Status>
        <Source>
          <Actor>
            <ActorID>50324c38044a111444000114</ActorID>
          </Actor>
        </Source>
        <Product>
          <ProductName>
            <Text>Medication, Administered: Pneumococcal Conjugate Vaccine (Code List: 2.16.840.1.113883.3.464.1003.196.12.1221)</Text>
          </ProductName>
          <BrandName>
            <Text>Medication, Administered: Pneumococcal Conjugate Vaccine (Code List: 2.16.840.1.113883.3.464.1003.196.12.1221)</Text>
            <Code>
              <Value>33</Value>
              <CodingSystem>CVX</CodingSystem>
              <Version>2005</Version>
            </Code>
          </BrandName>
        </Product>
      </Medication>
      <Medication>
        <CCRDataObjectID>MD00025</CCRDataObjectID>
        <DateTime>
          <Type>
            <Text>Prescription Date</Text>
          </Type>
          <ExactDateTime>2010-04-01T04:00:00Z</ExactDateTime>
        </DateTime>
        <Type>
          <Text>Medication</Text>
        </Type>
        <Status>
          <Text>Active</Text>
        </Status>
        <Source>
          <Actor>
            <ActorID>50324c38044a111444000114</ActorID>
          </Actor>
        </Source>
        <Product>
          <ProductName>
            <Text>Medication, Administered: Varicella Zoster Vaccine (VZV) (Code List: 2.16.840.1.113883.3.464.1003.196.12.1170)</Text>
          </ProductName>
          <BrandName>
            <Text>Medication, Administered: Varicella Zoster Vaccine (VZV) (Code List: 2.16.840.1.113883.3.464.1003.196.12.1170)</Text>
            <Code>
              <Value>21</Value>
              <CodingSystem>CVX</CodingSystem>
              <Version>2005</Version>
            </Code>
          </BrandName>
        </Product>
      </Medication>
      <Medication>
        <CCRDataObjectID>MD00026</CCRDataObjectID>
        <DateTime>
          <Type>
            <Text>Prescription Date</Text>
          </Type>
          <ExactDateTime>2010-04-01T04:00:00Z</ExactDateTime>
        </DateTime>
        <Type>
          <Text>Medication</Text>
        </Type>
        <Status>
          <Text>Active</Text>
        </Status>
        <Source>
          <Actor>
            <ActorID>50324c38044a111444000114</ActorID>
          </Actor>
        </Source>
        <Product>
          <ProductName>
            <Text>Medication, Administered: Hemophilus Influenze B (HiB) Vaccine (Code List: 2.16.840.1.113883.3.464.1003.196.12.1217)</Text>
          </ProductName>
          <BrandName>
            <Text>Medication, Administered: Hemophilus Influenze B (HiB) Vaccine (Code List: 2.16.840.1.113883.3.464.1003.196.12.1217)</Text>
            <Code>
              <Value>48</Value>
              <CodingSystem>CVX</CodingSystem>
              <Version>2005</Version>
            </Code>
          </BrandName>
        </Product>
      </Medication>
      <Medication>
        <CCRDataObjectID>MD00027</CCRDataObjectID>
        <DateTime>
          <Type>
            <Text>Prescription Date</Text>
          </Type>
          <ExactDateTime>2010-04-01T04:00:00Z</ExactDateTime>
        </DateTime>
        <Type>
          <Text>Medication</Text>
        </Type>
        <Status>
          <Text>Active</Text>
        </Status>
        <Source>
          <Actor>
            <ActorID>50324c38044a111444000114</ActorID>
          </Actor>
        </Source>
        <Product>
          <ProductName>
            <Text>Medication, Administered: DTaP Vaccine (Code List: 2.16.840.1.113883.3.464.1003.196.12.1214)</Text>
          </ProductName>
          <BrandName>
            <Text>Medication, Administered: DTaP Vaccine (Code List: 2.16.840.1.113883.3.464.1003.196.12.1214)</Text>
            <Code>
              <Value>20</Value>
              <CodingSystem>CVX</CodingSystem>
              <Version>2005</Version>
            </Code>
          </BrandName>
        </Product>
      </Medication>
      <Medication>
        <CCRDataObjectID>MD00028</CCRDataObjectID>
        <DateTime>
          <Type>
            <Text>Prescription Date</Text>
          </Type>
          <ExactDateTime>2010-04-01T04:00:00Z</ExactDateTime>
        </DateTime>
        <Type>
          <Text>Medication</Text>
        </Type>
        <Status>
          <Text>Active</Text>
        </Status>
        <Source>
          <Actor>
            <ActorID>50324c38044a111444000114</ActorID>
          </Actor>
        </Source>
        <Product>
          <ProductName>
            <Text>Medication, Administered: Rotavirus Vaccine (3 dose schedule) (Code List: 2.16.840.1.113883.3.464.1003.196.12.1223)</Text>
          </ProductName>
          <BrandName>
            <Text>Medication, Administered: Rotavirus Vaccine (3 dose schedule) (Code List: 2.16.840.1.113883.3.464.1003.196.12.1223)</Text>
            <Code>
              <Value>116</Value>
              <CodingSystem>CVX</CodingSystem>
              <Version>2005</Version>
            </Code>
          </BrandName>
        </Product>
      </Medication>
      <Medication>
        <CCRDataObjectID>MD00029</CCRDataObjectID>
        <DateTime>
          <Type>
            <Text>Prescription Date</Text>
          </Type>
          <ExactDateTime>2010-04-01T04:00:00Z</ExactDateTime>
        </DateTime>
        <Type>
          <Text>Medication</Text>
        </Type>
        <Status>
          <Text>Active</Text>
        </Status>
        <Source>
          <Actor>
            <ActorID>50324c38044a111444000114</ActorID>
          </Actor>
        </Source>
        <Product>
          <ProductName>
            <Text>Medication, Administered: Hepatitis B Vaccine (Code List: 2.16.840.1.113883.3.464.1003.196.12.1216)</Text>
          </ProductName>
          <BrandName>
            <Text>Medication, Administered: Hepatitis B Vaccine (Code List: 2.16.840.1.113883.3.464.1003.196.12.1216)</Text>
            <Code>
              <Value>08</Value>
              <CodingSystem>CVX</CodingSystem>
              <Version>2005</Version>
            </Code>
          </BrandName>
        </Product>
      </Medication>
    </Medications>
    <Encounters>
      <Encounter>
        <CCRDataObjectID>EN0001</CCRDataObjectID>
        <DateTime>
          <Type>
            <Text>Encounter Date</Text>
          </Type>
          <ExactDateTime>2008-09-01T04:00:00Z</ExactDateTime>
        </DateTime>
        <Description>
          <Text>Encounter, Performed: Office Visit (Code List: 2.16.840.1.113883.3.464.1003.101.12.1001)</Text>
          <Code>
            <Value>99201</Value>
            <CodingSystem>CPT</CodingSystem>
            <Version>2005</Version>
          </Code>
        </Description>
        <Status>
          <Text>Active</Text>
        </Status>
        <Source>
          <Actor>
            <ActorID>50324c38044a111444000114</ActorID>
          </Actor>
        </Source>
      </Encounter>
      <Encounter>
        <CCRDataObjectID>EN0002</CCRDataObjectID>
        <DateTime>
          <Type>
            <Text>Encounter Date</Text>
          </Type>
          <ExactDateTime>2009-03-01T05:00:00Z</ExactDateTime>
        </DateTime>
        <Description>
          <Text>Encounter, Performed: Office Visit (Code List: 2.16.840.1.113883.3.464.1003.101.12.1001)</Text>
          <Code>
            <Value>99201</Value>
            <CodingSystem>CPT</CodingSystem>
            <Version>2005</Version>
          </Code>
        </Description>
        <Status>
          <Text>Active</Text>
        </Status>
        <Source>
          <Actor>
            <ActorID>50324c38044a111444000114</ActorID>
          </Actor>
        </Source>
      </Encounter>
      <Encounter>
        <CCRDataObjectID>EN0003</CCRDataObjectID>
        <DateTime>
          <Type>
            <Text>Encounter Date</Text>
          </Type>
          <ExactDateTime>2009-12-01T05:00:00Z</ExactDateTime>
        </DateTime>
        <Description>
          <Text>Encounter, Performed: Office Visit (Code List: 2.16.840.1.113883.3.464.1003.101.12.1001)</Text>
          <Code>
            <Value>99201</Value>
            <CodingSystem>CPT</CodingSystem>
            <Version>2005</Version>
          </Code>
        </Description>
        <Status>
          <Text>Active</Text>
        </Status>
        <Source>
          <Actor>
            <ActorID>50324c38044a111444000114</ActorID>
          </Actor>
        </Source>
      </Encounter>
      <Encounter>
        <CCRDataObjectID>EN0004</CCRDataObjectID>
        <DateTime>
          <Type>
            <Text>Encounter Date</Text>
          </Type>
          <ExactDateTime>2010-04-01T04:00:00Z</ExactDateTime>
        </DateTime>
        <Description>
          <Text>Encounter, Performed: Office Visit (Code List: 2.16.840.1.113883.3.464.1003.101.12.1001)</Text>
          <Code>
            <Value>99201</Value>
            <CodingSystem>CPT</CodingSystem>
            <Version>2005</Version>
          </Code>
        </Description>
        <Status>
          <Text>Active</Text>
        </Status>
        <Source>
          <Actor>
            <ActorID>50324c38044a111444000114</ActorID>
          </Actor>
        </Source>
      </Encounter>
    </Encounters>
  </Body>
  <Actors>
    <Actor>
      <ActorObjectID>50324c38044a111444000114</ActorObjectID>
      <Person>
        <Name>
          <CurrentName>
            <Given>10_11_12_GP_Peds_Immuninzations_NUM</Given>
            <Family>0038</Family>
          </CurrentName>
        </Name>
        <DateOfBirth>
          <ExactDateTime>2008-06-18T07:30:00Z</ExactDateTime>
        </DateOfBirth>
        <Gender>
          <Text>Male</Text>
        </Gender>
      </Person>
      <Source/>
    </Actor>
  </Actors>
</ContinuityOfCareRecord>
