<?xml version="1.0" encoding="utf-8"?>
<QualityMeasureDocument xmlns="urn:hl7-org:v3" xmlns:xsi="http://www.w3.org/2001/XMLSchema-instance">
  <id root="2.16.840.1.113883.3.100.1" extension="" />
  <code code="57024-2" codeSystem="2.16.840.1.113883.6.1"/>
  <title value="Exclusive Breast Milk Feeding"/>
  <text value="Exclusive breast milk feeding during the newborn's entire hospitalization"/>
  <statusCode code="completed" />
  <setId root="2.16.840.1.113883.3.100.1" extension="" />
  <versionNumber value=""/>
  <author typeCode="AUT" contextControlCode="OP">
    <responsibleParty classCode="ASSIGNED" />
  </author>
  <custodian typeCode="CST">
    <responsibleParty classCode="ASSIGNED" />
  </custodian>
  <controlVariable>
    <measurePeriod>
      <code code="MSRTP" codeSystem="2.16.840.1.113883.3.560">
        <displayName value="Measurement period"/>
      </code>
      <value>
        <low value="20100101" />
        <high value="20110101" />
      </value>
    </measurePeriod>
  </controlVariable>
  	<subjectOf>
		<measureAttribute>
			<id root="2.16.840.1.113883.3.100.1" extension="COPYRIGHT"/>
			<code code="COPY">
				<displayName value="Copyright"/>
			</code>
			<value xsi:type="ED" value="LOINC(R) is a registered trademark of the Regenstrief Institute.
 
This material contains SNOMED Clinical Terms (R) (SNOMED CT(c)) copyright 2004-2010 International Health Terminology Standards Development Organization. All rights reserved."/>
		</measureAttribute>
	</subjectOf>

  	<subjectOf>
		<measureAttribute>
			<id root="2.16.840.1.113883.3.100.1" extension="MEASURE_SCORING"/>
			<code code="MSRSCORE">
				<displayName value="Measure Scoring"/>
			</code>
		</measureAttribute>
	</subjectOf>

  	<subjectOf>
		<measureAttribute>
			<id root="2.16.840.1.113883.3.100.1" extension="MEASURE_TYPE"/>
			<code code="MSRTYPE">
				<displayName value="Measure Type"/>
			</code>
		</measureAttribute>
	</subjectOf>

  	<subjectOf>
		<measureAttribute>
			<id root="2.16.840.1.113883.3.100.1" extension="STRATIFICATION"/>
			<code code="STRAT">
				<displayName value="Stratification"/>
			</code>
			<value xsi:type="ED" value="None"/>
		</measureAttribute>
	</subjectOf>

  	<subjectOf>
		<measureAttribute>
			<id root="2.16.840.1.113883.3.100.1" extension="RISK_ADJUSTMENT"/>
			<code code="MSRADJ">
				<displayName value="Risk Adjustment"/>
			</code>
			<value xsi:type="ED" value="None"/>
		</measureAttribute>
	</subjectOf>

  	<subjectOf>
		<measureAttribute>
			<id root="2.16.840.1.113883.3.100.1" extension="RATE_AGGREGATION"/>
			<code code="MSRAGG">
				<displayName value="Rate Aggregation"/>
			</code>
			<value xsi:type="ED" value="None"/>
		</measureAttribute>
	</subjectOf>

  	<subjectOf>
		<measureAttribute>
			<id root="2.16.840.1.113883.3.100.1" extension="RATIONALE"/>
			<code code="RAT">
				<displayName value="Rationale"/>
			</code>
			<value xsi:type="ED" value="Exclusive breast milk feeding for the first 6 months of neonatal life has long been the expressed goal of World Health Organization (WHO), Department of Health and Human Services (DHHS), American Academy of Pediatrics (AAP) and American College of Obstetricians and Gynecologists (ACOG). ACOG has recently reiterated its position (ACOG, 2007). A recent Cochrane review substantiates the benefits (Kramer et al., 2002). Much evidence has now focused on the prenatal and intrapartum period as critical for the success of exclusive (or any) BF (Centers for Disease Control and Prevention [CDC], 2007; Petrova et al., 2007; Shealy et al., 2005; Taveras et al., 2004). Exclusive breast milk feeding rate during birth hospital stay has been calculated by the California Department of Public Health for the last several years using newborn genetic disease testing data. Healthy People 2010 and the CDC have also been active in promoting this goal."/>
		</measureAttribute>
	</subjectOf>

  	<subjectOf>
		<measureAttribute>
			<id root="2.16.840.1.113883.3.100.1" extension="CLINICAL_RECOMMENDATION_STATEMENT"/>
			<code code="CRS">
				<displayName value="Clinical Recommendation Statement"/>
			</code>
			<value xsi:type="ED" value="Exclusive breast milk feeding for the first 6 months of neonatal life can result in numerous long-term health benefits for both mother and newborn and is recommended by a number of national and international organizations. Evidence suggests that the prenatal and intrapartum period is critical for the success of exclusive (or any) breast feeding. Therefore, it is recommended that newborns are fed breast milk only from birth to discharge."/>
		</measureAttribute>
	</subjectOf>

  	<subjectOf>
		<measureAttribute>
			<id root="2.16.840.1.113883.3.100.1" extension="IMPROVEMENT_NOTATION"/>
			<code code="IDUR">
				<displayName value="Improvement Notation"/>
			</code>
			<value xsi:type="ED" value="Increase in the rate"/>
		</measureAttribute>
	</subjectOf>

  	<subjectOf>
		<measureAttribute>
			<id root="2.16.840.1.113883.3.100.1" extension="NQF_ID_NUMBER"/>
			<code code="OTH">
				<displayName value="NQF ID Number"/>
			</code>
			<value xsi:type="ED" value="0480"/>
		</measureAttribute>
	</subjectOf>

  	<subjectOf>
		<measureAttribute>
			<id root="2.16.840.1.113883.3.100.1" extension="DISCLAIMER"/>
			<code code="DISC">
				<displayName value="Disclaimer"/>
			</code>
			<value xsi:type="ED" value="None"/>
		</measureAttribute>
	</subjectOf>

  	<subjectOf>
		<measureAttribute>
			<id root="2.16.840.1.113883.3.100.1" extension="EMEASURE_IDENTIFIER"/>
			<code code="OTH">
				<displayName value="eMeasure Identifier"/>
			</code>
			<value xsi:type="ED" value="9"/>
		</measureAttribute>
	</subjectOf>

  	<subjectOf>
		<measureAttribute>
			<id root="2.16.840.1.113883.3.100.1" extension="REFERENCE"/>
			<code code="REF">
				<displayName value="Reference"/>
			</code>
			<value xsi:type="ED" value="World Health Organization. (1991). Indicators for assessing breastfeeding practices. Geneva, Switzerland: World Health Organization. Available at: http://www.who.int/child-adolescent-health/new_publications/nutrition/who_cdd_ser_91.14.pdf."/>
		</measureAttribute>
	</subjectOf>

  	<subjectOf>
		<measureAttribute>
			<id root="2.16.840.1.113883.3.100.1" extension="DEFINITION"/>
			<code code="DEF">
				<displayName value="Definition"/>
			</code>
			<value xsi:type="ED" value="None"/>
		</measureAttribute>
	</subjectOf>

  	<subjectOf>
		<measureAttribute>
			<id root="2.16.840.1.113883.3.100.1" extension="GUIDANCE"/>
			<code code="GUIDE">
				<displayName value="Guidance"/>
			</code>
			<value xsi:type="ED" value="Maternal reasons for not exclusively breastfeeding are limited to the following situations:
• HIV infection 
• Human t-lymphotrophic virus type I or II 
• Substance abuse and/or alcohol abuse 
• Active, untreated tuberculosis 
• Taking certain medications, i.e., prescribed cancer chemotherapy, radioactive isotopes, antimetabolites, antiretroviral medications and other medications where the risk of morbidity outweighs the benefits of breast milk feeding 
• Undergoing radiation therapy 
• Active, untreated varicella 
• Active herpes simplex virus with breast lesions 
• Admission to Intensive Care Unit (ICU) post-partum

A discharge to a designated cancer center or children’s hospital should be captured as a discharge to another hospital.

The unit of measurement for this measure is an inpatient episode of care. Each distinct hospitalization should be reported, regardless of whether the same patient is admitted for inpatient care more than once during the measurement period. In addition, the eMeasure logic intends to represent events within or surrounding a single occurrence of an inpatient hospitalization.

The logic phrase AND: “Occurrence A of Encounter, Performed: Inpatient Encounter (reason: 'Birth')” intends to capture admission type of newborn for the encounter. Where this information is available in existing EHR structured fields (e.g. data that is fed to UB 04, field location 14), it can be used to map the criterion specified in the logic.

The logic phrase AND: “Diagnosis, Active: Liveborn Born In Hospital” starts during “Occurrence A of Encounter, Performed: Inpatient Encounter” intends to capture the point of origin for the inpatient admission. Where this information is available in existing EHR structured fields (e.g. data that is fed to UB-04, field location 15), it can be used to map the criterion specified in the logic."/>
		</measureAttribute>
	</subjectOf>

  	<subjectOf>
		<measureAttribute>
			<id root="2.16.840.1.113883.3.100.1" extension="TRANSMISSION_FORMAT"/>
			<code code="OTH">
				<displayName value="Transmission Format"/>
			</code>
			<value xsi:type="ED" value="None"/>
		</measureAttribute>
	</subjectOf>

  	<subjectOf>
		<measureAttribute>
			<id root="2.16.840.1.113883.3.100.1" extension="INITIAL_PATIENT_POPULATION"/>
			<code code="IPP">
				<displayName value="Initial Patient Population"/>
			</code>
			<value xsi:type="ED" value="Single term newborns discharged from the hospital who has no diagnosis of galactosemia, no performed procedure of parenteral infusion, no diagnosis of premature newborn, and length of stay less than or equal to 120 days."/>
		</measureAttribute>
	</subjectOf>

  	<subjectOf>
		<measureAttribute>
			<id root="2.16.840.1.113883.3.100.1" extension="DENOMINATOR"/>
			<code code="DENOM">
				<displayName value="Denominator"/>
			</code>
			<value xsi:type="ED" value="Single term newborns discharged from the hospital who has no diagnosis of galactosemia, no procedure of parenteral infusion, no diagnosis of premature newborn, and length of stay less than or equal to 120 days."/>
		</measureAttribute>
	</subjectOf>

  	<subjectOf>
		<measureAttribute>
			<id root="2.16.840.1.113883.3.100.1" extension="DENOMINATOR_EXCLUSIONS"/>
			<code code="OTH">
				<displayName value="Denominator Exclusions"/>
			</code>
			<value xsi:type="ED" value="Admitted to the Neonatal Intensive Care Unit (NICU) at this hospital during the hospitalization; Experienced death; Had documented reason for not exclusively feeding breast milk; Patients transferred to another hospital."/>
		</measureAttribute>
	</subjectOf>

  	<subjectOf>
		<measureAttribute>
			<id root="2.16.840.1.113883.3.100.1" extension="NUMERATOR"/>
			<code code="NUMER">
				<displayName value="Numerator"/>
			</code>
			<value xsi:type="ED" value="Newborns that were fed breast milk only since birth"/>
		</measureAttribute>
	</subjectOf>

  	<subjectOf>
		<measureAttribute>
			<id root="2.16.840.1.113883.3.100.1" extension="NUMERATOR_EXCLUSIONS"/>
			<code code="OTH">
				<displayName value="Numerator Exclusions"/>
			</code>
			<value xsi:type="ED" value="Not applicable"/>
		</measureAttribute>
	</subjectOf>

  	<subjectOf>
		<measureAttribute>
			<id root="2.16.840.1.113883.3.100.1" extension="DENOMINATOR_EXCEPTIONS"/>
			<code code="DENEXCEP">
				<displayName value="Denominator Exceptions"/>
			</code>
			<value xsi:type="ED" value="None"/>
		</measureAttribute>
	</subjectOf>

  	<subjectOf>
		<measureAttribute>
			<id root="2.16.840.1.113883.3.100.1" extension="MEASURE_POPULATION"/>
			<code code="MSRPOPL">
				<displayName value="Measure Population"/>
			</code>
			<value xsi:type="ED" value="Not applicable"/>
		</measureAttribute>
	</subjectOf>

  	<subjectOf>
		<measureAttribute>
			<id root="2.16.840.1.113883.3.100.1" extension="MEASURE_OBSERVATIONS"/>
			<code code="OTH">
				<displayName value="Measure Observations"/>
			</code>
			<value xsi:type="ED" value="Not applicable"/>
		</measureAttribute>
	</subjectOf>

  	<subjectOf>
		<measureAttribute>
			<id root="2.16.840.1.113883.3.100.1" extension="SUPPLEMENTAL_DATA_ELEMENTS"/>
			<code code="OTH">
				<displayName value="Supplemental Data Elements"/>
			</code>
			<value xsi:type="ED" value="For every patient evaluated by this measure also identify payer, race, ethnicity and sex."/>
		</measureAttribute>
	</subjectOf>

  <component>
    <dataCriteriaSection>
      <code code="57025-9" codeSystem="2.16.840.1.113883.6.1"/>
      <title value="Data Criteria Section"/>
      <text>This section describes the data criteria.</text>
            <entry typeCode="DRIV">
        <observationCriteria moodCode="EVN" classCode="OBS" actionNegationInd='true'>
                    <templateId>
            <item root="2.16.840.1.113883.3.560.1.164" identifierName="substance, administered template"/>
          </templateId>

          <id>
            <item root="2.16.840.1.113883.3.100.1" extension="SubstanceAdministeredNotDoneMaternalReason"/>
          </id>
                    <code xsi:type="CD" valueSet="2.16.840.1.113883.3.117.1.7.1.84">
            <displayName value="Maternal Reason"/>
          </code>

                    <text value="Substance, Administered not done: Maternal Reason"/>
          <statusCode code="administered"/>
          
          
          <definition>
            <observationReference moodCode="EVN" classCode="OBS">
              <id root="2.16.840.1.113883.3.100.1" extension="substance"/>
            </observationReference>
          </definition>
          
                    <outboundRelationship typeCode="SUBJ">
            <subsetCode code="SOURCE"/>
            <observationReference classCode="OBS" moodCode="EVN">
              <id root="2.16.840.1.113883.3.100.1" extension="SubstanceAdministeredNotDoneMaternalReason"/>
            </observationReference>
          </outboundRelationship>
          
          
        </observationCriteria>
      </entry>

            <entry typeCode="DRIV">
        <encounterCriteria moodCode="EVN" classCode="ENC">
                    <templateId>
            <item root="2.16.840.1.113883.3.560.1.79" identifierName="encounter, performed template"/>
          </templateId>

          <id>
            <item root="2.16.840.1.113883.3.100.1" extension="OccurrenceAInpatientEncounter67"/>
          </id>
                    <code xsi:type="CD" valueSet="2.16.840.1.113883.3.117.1.7.1.23">
            <displayName value="Inpatient Encounter"/>
          </code>

                    <text value="Encounter, Performed: Inpatient Encounter"/>
          
          
          <definition>
            <encounterReference moodCode="EVN" classCode="ENC">
              <id root="2.16.840.1.113883.3.100.1" extension="encounter"/>
            </encounterReference>
          </definition>
          
                    <outboundRelationship typeCode="SUBJ">
            <localVariableName controlInformationRoot="" controlInformationExtension="A"/>
            <subsetCode code="SPECIFIC"/>
            <observationReference classCode="OBS" moodCode="EVN">
              <id root="2.16.840.1.113883.3.100.1" extension="OccurrenceAInpatientEncounter67"/>
            </observationReference>
          </outboundRelationship>
          
          
        </encounterCriteria>
      </entry>

            <entry typeCode="DRIV">
        <observationCriteria moodCode="EVN" classCode="OBS" actionNegationInd='true'>
                    <templateId>
            <item root="2.16.840.1.113883.3.560.1.164" identifierName="substance, administered template"/>
          </templateId>

          <id>
            <item root="2.16.840.1.113883.3.100.1" extension="SubstanceAdministeredBreastMilk_precondition_4170"/>
          </id>
                    <code xsi:type="CD" valueSet="2.16.840.1.113883.3.117.1.7.1.30">
            <displayName value="Breast Milk"/>
          </code>

                    <text value="Substance, Administered: Breast Milk"/>
          <statusCode code="administered"/>
          
                    <reasonCode>
            <item valueSet="2.16.840.1.113883.3.117.1.7.1.84"/>
          </reasonCode>

          <definition>
            <observationReference moodCode="EVN" classCode="OBS">
              <id root="2.16.840.1.113883.3.100.1" extension="substance"/>
            </observationReference>
          </definition>
                    <temporallyRelatedInformation typeCode="DURING">
                        <encounterReference moodCode="EVN" classCode="ENC">
              <id root="2.16.840.1.113883.3.100.1" extension="OccurrenceAInpatientEncounter67"/>
            </encounterReference>

          </temporallyRelatedInformation>

                    <outboundRelationship typeCode="SUBJ">
            <subsetCode code="SOURCE"/>
            <observationReference classCode="OBS" moodCode="EVN">
              <id root="2.16.840.1.113883.3.100.1" extension="SubstanceAdministeredBreastMilk"/>
            </observationReference>
          </outboundRelationship>
          
          
        </observationCriteria>
      </entry>

            <entry typeCode="DRIV">
        <encounterCriteria moodCode="EVN" classCode="ENC">
                    <templateId>
            <item root="2.16.840.1.113883.3.560.1.79" identifierName="encounter, performed template"/>
          </templateId>

          <id>
            <item root="2.16.840.1.113883.3.100.1" extension="EncounterPerformedInpatientEncounter_precondition_4173"/>
          </id>
                    <code xsi:type="CD" valueSet="2.16.840.1.113883.3.117.1.7.1.23">
            <displayName value="Inpatient Encounter"/>
          </code>

                    <text value="Encounter, Performed: Inpatient Encounter"/>
          
          
          <definition>
            <encounterReference moodCode="EVN" classCode="ENC">
              <id root="2.16.840.1.113883.3.100.1" extension="encounter"/>
            </encounterReference>
          </definition>
                    <temporallyRelatedInformation typeCode="DURING">
                        <encounterReference moodCode="EVN" classCode="ENC">
              <id root="2.16.840.1.113883.3.100.1" extension="OccurrenceAInpatientEncounter67"/>
            </encounterReference>

          </temporallyRelatedInformation>

                    <outboundRelationship typeCode="SUBJ">
            <encounterCriteria classCode="ENC" moodCode="EVN">
              <participation typeCode="LOC">
                <role classCode="SDLOC">
                    <code xsi:type="CD" valueSet="2.16.840.1.113883.3.117.1.7.1.75">
     <displayName value="Neonatal Intensive Care Unit (NICU)"/>
  </code>

                </role>
              </participation>
            </encounterCriteria>
          </outboundRelationship>
          <outboundRelationship typeCode="SUBJ">
            <subsetCode code="SOURCE"/>
            <observationReference classCode="OBS" moodCode="EVN">
              <id root="2.16.840.1.113883.3.100.1" extension="EncounterPerformedInpatientEncounter"/>
            </observationReference>
          </outboundRelationship>
          
          
        </encounterCriteria>
      </entry>

            <entry typeCode="DRIV">
        <encounterCriteria moodCode="EVN" classCode="ENC">
                    <templateId>
            <item root="2.16.840.1.113883.3.560.1.79" identifierName="encounter, performed template"/>
          </templateId>

          <id>
            <item root="2.16.840.1.113883.3.100.1" extension="OccurrenceAInpatientEncounter67_precondition_4175"/>
          </id>
                    <code xsi:type="CD" valueSet="2.16.840.1.113883.3.117.1.7.1.23">
            <displayName value="Inpatient Encounter"/>
          </code>

                    <text value="Encounter, Performed: Inpatient Encounter"/>
          
          
          <definition>
            <encounterReference moodCode="EVN" classCode="ENC">
              <id root="2.16.840.1.113883.3.100.1" extension="encounter"/>
            </encounterReference>
          </definition>
          
                    <outboundRelationship typeCode="SUBJ">
            <observationCriteria classCode="OBS" moodCode="EVN">
              <code code="309039003" codeSystem="2.16.840.1.113883.6.96" codeSystemName="SNOMED-CT">
                <displayName value="Discharge Status"/> 
              </code>
                <value xsi:type="CD" valueSet="2.16.840.1.113883.3.117.1.7.1.309">
     <displayName value="Patient Expired"/>
  </value>

            </observationCriteria>
          </outboundRelationship>
          <outboundRelationship typeCode="SUBJ">
            <localVariableName controlInformationRoot="" controlInformationExtension="A"/>
            <subsetCode code="SPECIFIC"/>
            <observationReference classCode="OBS" moodCode="EVN">
              <id root="2.16.840.1.113883.3.100.1" extension="OccurrenceAInpatientEncounter67"/>
            </observationReference>
          </outboundRelationship>
          
          
        </encounterCriteria>
      </entry>

            <entry typeCode="DRIV">
        <encounterCriteria moodCode="EVN" classCode="ENC">
                    <templateId>
            <item root="2.16.840.1.113883.3.560.1.79" identifierName="encounter, performed template"/>
          </templateId>

          <id>
            <item root="2.16.840.1.113883.3.100.1" extension="OccurrenceAInpatientEncounter67_precondition_4177"/>
          </id>
                    <code xsi:type="CD" valueSet="2.16.840.1.113883.3.117.1.7.1.23">
            <displayName value="Inpatient Encounter"/>
          </code>

                    <text value="Encounter, Performed: Inpatient Encounter"/>
          
          
          <definition>
            <encounterReference moodCode="EVN" classCode="ENC">
              <id root="2.16.840.1.113883.3.100.1" extension="encounter"/>
            </encounterReference>
          </definition>
          
                    <outboundRelationship typeCode="SUBJ">
            <observationCriteria classCode="OBS" moodCode="EVN">
              <code code="309039003" codeSystem="2.16.840.1.113883.6.96" codeSystemName="SNOMED-CT">
                <displayName value="Discharge Status"/> 
              </code>
                <value xsi:type="CD" valueSet="2.16.840.1.113883.3.117.1.7.1.87">
     <displayName value="Discharge To Another Hospital"/>
  </value>

            </observationCriteria>
          </outboundRelationship>
          <outboundRelationship typeCode="SUBJ">
            <localVariableName controlInformationRoot="" controlInformationExtension="A"/>
            <subsetCode code="SPECIFIC"/>
            <observationReference classCode="OBS" moodCode="EVN">
              <id root="2.16.840.1.113883.3.100.1" extension="OccurrenceAInpatientEncounter67"/>
            </observationReference>
          </outboundRelationship>
          
          
        </encounterCriteria>
      </entry>

            <entry typeCode="DRIV">
        <encounterCriteria moodCode="EVN" classCode="ENC">
                    <templateId>
            <item root="2.16.840.1.113883.3.560.1.79" identifierName="encounter, performed template"/>
          </templateId>

          <id>
            <item root="2.16.840.1.113883.3.100.1" extension="OccurrenceAInpatientEncounter67_precondition_4188"/>
          </id>
                    <code xsi:type="CD" valueSet="2.16.840.1.113883.3.117.1.7.1.23">
            <displayName value="Inpatient Encounter"/>
          </code>

                    <text value="Encounter, Performed: Inpatient Encounter"/>
          
          
          <definition>
            <encounterReference moodCode="EVN" classCode="ENC">
              <id root="2.16.840.1.113883.3.100.1" extension="encounter"/>
            </encounterReference>
          </definition>
          
                    <outboundRelationship typeCode="SUBJ">
            <localVariableName controlInformationRoot="" controlInformationExtension="A"/>
            <subsetCode code="SPECIFIC"/>
            <observationReference classCode="OBS" moodCode="EVN">
              <id root="2.16.840.1.113883.3.100.1" extension="OccurrenceAInpatientEncounter67"/>
            </observationReference>
          </outboundRelationship>
          
          
        </encounterCriteria>
      </entry>

            <entry typeCode="DRIV">
        <observationCriteria moodCode="EVN" classCode="OBS">
                    <templateId>
            <item root="2.16.840.1.113883.3.560.1.64" identifierName="substance, administered template"/>
          </templateId>

          <id>
            <item root="2.16.840.1.113883.3.100.1" extension="SubstanceAdministeredBreastMilk_precondition_4184"/>
          </id>
                    <code xsi:type="CD" valueSet="2.16.840.1.113883.3.117.1.7.1.30">
            <displayName value="Breast Milk"/>
          </code>

                    <text value="Substance, Administered: Breast Milk"/>
          <statusCode code="administered"/>
          
          
          <definition>
            <observationReference moodCode="EVN" classCode="OBS">
              <id root="2.16.840.1.113883.3.100.1" extension="substance"/>
            </observationReference>
          </definition>
                    <temporallyRelatedInformation typeCode="DURING">
                        <encounterReference moodCode="EVN" classCode="ENC">
              <id root="2.16.840.1.113883.3.100.1" extension="OccurrenceAInpatientEncounter67_precondition_4188"/>
            </encounterReference>

          </temporallyRelatedInformation>

                    <outboundRelationship typeCode="SUBJ">
            <subsetCode code="SOURCE"/>
            <observationReference classCode="OBS" moodCode="EVN">
              <id root="2.16.840.1.113883.3.100.1" extension="SubstanceAdministeredBreastMilk"/>
            </observationReference>
          </outboundRelationship>
          
          
        </observationCriteria>
      </entry>

            <entry typeCode="DRIV">
        <observationCriteria moodCode="EVN" classCode="OBS">
                    <templateId>
            <item root="2.16.840.1.113883.3.560.1.64" identifierName="substance, administered template"/>
          </templateId>

          <id>
            <item root="2.16.840.1.113883.3.100.1" extension="SubstanceAdministeredDietaryIntakeOtherThanBreastMilk_precondition_4182"/>
          </id>
                    <code xsi:type="CD" valueSet="2.16.840.1.113883.3.117.1.7.1.27">
            <displayName value="Dietary Intake Other than Breast Milk"/>
          </code>

                    <text value="Substance, Administered: Dietary Intake Other than Breast Milk"/>
          <statusCode code="administered"/>
          
          
          <definition>
            <observationReference moodCode="EVN" classCode="OBS">
              <id root="2.16.840.1.113883.3.100.1" extension="substance"/>
            </observationReference>
          </definition>
                    <temporallyRelatedInformation typeCode="DURING">
                        <encounterReference moodCode="EVN" classCode="ENC">
              <id root="2.16.840.1.113883.3.100.1" extension="OccurrenceAInpatientEncounter67_precondition_4188"/>
            </encounterReference>

          </temporallyRelatedInformation>

                    <outboundRelationship typeCode="SUBJ">
            <subsetCode code="SOURCE"/>
            <observationReference classCode="OBS" moodCode="EVN">
              <id root="2.16.840.1.113883.3.100.1" extension="SubstanceAdministeredDietaryIntakeOtherThanBreastMilk"/>
            </observationReference>
          </outboundRelationship>
          
          
        </observationCriteria>
      </entry>

            <entry typeCode="DRIV">
        <encounterCriteria moodCode="EVN" classCode="ENC">
                    <templateId>
            <item root="2.16.840.1.113883.3.560.1.79" identifierName="encounter, performed template"/>
          </templateId>

          <id>
            <item root="2.16.840.1.113883.3.100.1" extension="OccurrenceAInpatientEncounter67_precondition_4195"/>
          </id>
                    <code xsi:type="CD" valueSet="2.16.840.1.113883.3.117.1.7.1.23">
            <displayName value="Inpatient Encounter"/>
          </code>

                    <text value="Encounter, Performed: Inpatient Encounter"/>
          
          
          <definition>
            <encounterReference moodCode="EVN" classCode="ENC">
              <id root="2.16.840.1.113883.3.100.1" extension="encounter"/>
            </encounterReference>
          </definition>
                    <temporallyRelatedInformation typeCode="DURING">
                        <observationReference moodCode="EVN" classCode="OBS">
              <id root="2.16.840.1.113883.3.100.1" extension="MeasurePeriod"/>
            </observationReference>

          </temporallyRelatedInformation>

                    <outboundRelationship typeCode="SUBJ">
            <observationCriteria classCode="OBS" moodCode="EVN">
              <code code="442864001" codeSystem="2.16.840.1.113883.6.96" codeSystemName="SNOMED-CT">
                <displayName value="Discharge Date/Time"/> 
              </code>
                <value xsi:type="ANY" nullFlavor="NI"/>

            </observationCriteria>
          </outboundRelationship>
          <outboundRelationship typeCode="SUBJ">
            <localVariableName controlInformationRoot="" controlInformationExtension="A"/>
            <subsetCode code="SPECIFIC"/>
            <observationReference classCode="OBS" moodCode="EVN">
              <id root="2.16.840.1.113883.3.100.1" extension="OccurrenceAInpatientEncounter67"/>
            </observationReference>
          </outboundRelationship>
          
          
        </encounterCriteria>
      </entry>

            <entry typeCode="DRIV">
        <encounterCriteria moodCode="EVN" classCode="ENC">
                    <templateId>
            <item root="2.16.840.1.113883.3.560.1.79" identifierName="encounter, performed template"/>
          </templateId>

          <id>
            <item root="2.16.840.1.113883.3.100.1" extension="OccurrenceAInpatientEncounter67_precondition_4197"/>
          </id>
                    <code xsi:type="CD" valueSet="2.16.840.1.113883.3.117.1.7.1.23">
            <displayName value="Inpatient Encounter"/>
          </code>

                    <text value="Encounter, Performed: Inpatient Encounter"/>
          
          
          <definition>
            <encounterReference moodCode="EVN" classCode="ENC">
              <id root="2.16.840.1.113883.3.100.1" extension="encounter"/>
            </encounterReference>
          </definition>
          
                    <outboundRelationship typeCode="SUBJ">
            <observationCriteria classCode="OBS" moodCode="EVN">
              <code code="183797002" codeSystem="2.16.840.1.113883.6.96" codeSystemName="SNOMED-CT">
                <displayName value="Length of Stay"/> 
              </code>
                <value xsi:type="IVL_PQ">
          <high  value="120" unit="d"/>
  </value>

            </observationCriteria>
          </outboundRelationship>
          <outboundRelationship typeCode="SUBJ">
            <localVariableName controlInformationRoot="" controlInformationExtension="A"/>
            <subsetCode code="SPECIFIC"/>
            <observationReference classCode="OBS" moodCode="EVN">
              <id root="2.16.840.1.113883.3.100.1" extension="OccurrenceAInpatientEncounter67"/>
            </observationReference>
          </outboundRelationship>
          
          
        </encounterCriteria>
      </entry>

            <entry typeCode="DRIV">
        <observationCriteria  moodCode="EVN" classCode="OBS">
                    <templateId>
            <item root="2.16.840.1.113883.3.560.1.2" identifierName="diagnosis, active template"/>
          </templateId>

          <id>
            <item root="2.16.840.1.113883.3.100.1" extension="DiagnosisActiveGestationalAge37Weeks_precondition_4199"/>
          </id>
                    <text value="Diagnosis, Active: Gestational age >= 37 weeks"/>
          <statusCode code="active"/>
          
          
                    <value xsi:type="CD" valueSet="2.16.840.1.113883.3.666.5.1596">
            <displayName value="Gestational age >= 37 weeks"/>
          </value>

          <definition>
            <observationReference moodCode="EVN" classCode="OBS">
              <id root="2.16.840.1.113883.3.100.1" extension="diagnosis"/>
            </observationReference>
          </definition>
                    <temporallyRelatedInformation typeCode="SDU">
                        <encounterReference moodCode="EVN" classCode="ENC">
              <id root="2.16.840.1.113883.3.100.1" extension="OccurrenceAInpatientEncounter67"/>
            </encounterReference>

          </temporallyRelatedInformation>

                    <outboundRelationship typeCode="SUBJ">
            <subsetCode code="SOURCE"/>
            <observationReference classCode="OBS" moodCode="EVN">
              <id root="2.16.840.1.113883.3.100.1" extension="DiagnosisActiveGestationalAge37Weeks"/>
            </observationReference>
          </outboundRelationship>
          
          
        </observationCriteria>
      </entry>

            <entry typeCode="DRIV">
        <observationCriteria  moodCode="EVN" classCode="OBS">
                    <templateId>
            <item root="2.16.840.1.113883.3.560.1.2" identifierName="diagnosis, active template"/>
          </templateId>

          <id>
            <item root="2.16.840.1.113883.3.100.1" extension="DiagnosisActiveSingleLivebornNewbornBornInHospital_precondition_4201"/>
          </id>
                    <text value="Diagnosis, Active: Single Liveborn Newborn Born in Hospital"/>
          <statusCode code="active"/>
          
          
                    <value xsi:type="CD" valueSet="2.16.840.1.113883.3.117.1.7.1.26">
            <displayName value="Single Liveborn Newborn Born in Hospital"/>
          </value>

          <definition>
            <observationReference moodCode="EVN" classCode="OBS">
              <id root="2.16.840.1.113883.3.100.1" extension="diagnosis"/>
            </observationReference>
          </definition>
                    <temporallyRelatedInformation typeCode="SDU">
                        <encounterReference moodCode="EVN" classCode="ENC">
              <id root="2.16.840.1.113883.3.100.1" extension="OccurrenceAInpatientEncounter67"/>
            </encounterReference>

          </temporallyRelatedInformation>

                    <outboundRelationship typeCode="SUBJ">
            <subsetCode code="SOURCE"/>
            <observationReference classCode="OBS" moodCode="EVN">
              <id root="2.16.840.1.113883.3.100.1" extension="DiagnosisActiveSingleLivebornNewbornBornInHospital"/>
            </observationReference>
          </outboundRelationship>
          
          
        </observationCriteria>
      </entry>

            <entry typeCode="DRIV">
        <observationCriteria  moodCode="EVN" classCode="OBS">
                    <templateId>
            <item root="2.16.840.1.113883.3.560.1.2" identifierName="diagnosis, active template"/>
          </templateId>

          <id>
            <item root="2.16.840.1.113883.3.100.1" extension="DiagnosisActiveSingleLiveBirth_precondition_4203"/>
          </id>
                    <text value="Diagnosis, Active: Single Live Birth"/>
          <statusCode code="active"/>
          
          
                    <value xsi:type="CD" valueSet="2.16.840.1.113883.3.117.1.7.1.25">
            <displayName value="Single Live Birth"/>
          </value>

          <definition>
            <observationReference moodCode="EVN" classCode="OBS">
              <id root="2.16.840.1.113883.3.100.1" extension="diagnosis"/>
            </observationReference>
          </definition>
                    <temporallyRelatedInformation typeCode="SDU">
                        <encounterReference moodCode="EVN" classCode="ENC">
              <id root="2.16.840.1.113883.3.100.1" extension="OccurrenceAInpatientEncounter67"/>
            </encounterReference>

          </temporallyRelatedInformation>

                    <outboundRelationship typeCode="SUBJ">
            <subsetCode code="SOURCE"/>
            <observationReference classCode="OBS" moodCode="EVN">
              <id root="2.16.840.1.113883.3.100.1" extension="DiagnosisActiveSingleLiveBirth"/>
            </observationReference>
          </outboundRelationship>
          
          
        </observationCriteria>
      </entry>

            <entry typeCode="DRIV">
        <observationCriteria  moodCode="EVN" classCode="OBS">
                    <templateId>
            <item root="2.16.840.1.113883.3.560.1.2" identifierName="diagnosis, active template"/>
          </templateId>

          <id>
            <item root="2.16.840.1.113883.3.100.1" extension="DiagnosisActiveLivebornBornInHospital_precondition_4205"/>
          </id>
                    <text value="Diagnosis, Active: Liveborn Born In Hospital"/>
          <statusCode code="active"/>
          
          
                    <value xsi:type="CD" valueSet="2.16.840.1.113883.3.117.1.7.1.29">
            <displayName value="Liveborn Born In Hospital"/>
          </value>

          <definition>
            <observationReference moodCode="EVN" classCode="OBS">
              <id root="2.16.840.1.113883.3.100.1" extension="diagnosis"/>
            </observationReference>
          </definition>
                    <temporallyRelatedInformation typeCode="SDU">
                        <encounterReference moodCode="EVN" classCode="ENC">
              <id root="2.16.840.1.113883.3.100.1" extension="OccurrenceAInpatientEncounter67"/>
            </encounterReference>

          </temporallyRelatedInformation>

                    <outboundRelationship typeCode="SUBJ">
            <subsetCode code="SOURCE"/>
            <observationReference classCode="OBS" moodCode="EVN">
              <id root="2.16.840.1.113883.3.100.1" extension="DiagnosisActiveLivebornBornInHospital"/>
            </observationReference>
          </outboundRelationship>
          
          
        </observationCriteria>
      </entry>

            <entry typeCode="DRIV">
        <encounterCriteria moodCode="EVN" classCode="ENC">
                    <templateId>
            <item root="2.16.840.1.113883.3.560.1.79" identifierName="encounter, performed template"/>
          </templateId>

          <id>
            <item root="2.16.840.1.113883.3.100.1" extension="OccurrenceAInpatientEncounter67_precondition_4207"/>
          </id>
                    <code xsi:type="CD" valueSet="2.16.840.1.113883.3.117.1.7.1.23">
            <displayName value="Inpatient Encounter"/>
          </code>

                    <text value="Encounter, Performed: Inpatient Encounter"/>
          
          
          <definition>
            <encounterReference moodCode="EVN" classCode="ENC">
              <id root="2.16.840.1.113883.3.100.1" extension="encounter"/>
            </encounterReference>
          </definition>
          
                    <outboundRelationship typeCode="SUBJ">
            <observationCriteria classCode="OBS" moodCode="EVN">
              <code code="410666004" codeSystem="2.16.840.1.113883.6.96" codeSystemName="SNOMED-CT">
                <displayName value="Reason"/> 
              </code>
                <value xsi:type="CD" valueSet="2.16.840.1.113883.3.117.1.7.1.70">
     <displayName value="Birth"/>
  </value>

            </observationCriteria>
          </outboundRelationship>
          <outboundRelationship typeCode="SUBJ">
            <localVariableName controlInformationRoot="" controlInformationExtension="A"/>
            <subsetCode code="SPECIFIC"/>
            <observationReference classCode="OBS" moodCode="EVN">
              <id root="2.16.840.1.113883.3.100.1" extension="OccurrenceAInpatientEncounter67"/>
            </observationReference>
          </outboundRelationship>
          
          
        </encounterCriteria>
      </entry>

            <entry typeCode="DRIV">
        <observationCriteria  moodCode="EVN" classCode="OBS">
                    <templateId>
            <item root="2.16.840.1.113883.3.560.1.2" identifierName="diagnosis, active template"/>
          </templateId>

          <id>
            <item root="2.16.840.1.113883.3.100.1" extension="DiagnosisActiveGalactosemia_precondition_4191"/>
          </id>
                    <text value="Diagnosis, Active: Galactosemia"/>
          <statusCode code="active"/>
          
          
                    <value xsi:type="CD" valueSet="2.16.840.1.113883.3.117.1.7.1.35">
            <displayName value="Galactosemia"/>
          </value>

          <definition>
            <observationReference moodCode="EVN" classCode="OBS">
              <id root="2.16.840.1.113883.3.100.1" extension="diagnosis"/>
            </observationReference>
          </definition>
                    <temporallyRelatedInformation typeCode="SDU">
                        <encounterReference moodCode="EVN" classCode="ENC">
              <id root="2.16.840.1.113883.3.100.1" extension="OccurrenceAInpatientEncounter67"/>
            </encounterReference>

          </temporallyRelatedInformation>

                    <outboundRelationship typeCode="SUBJ">
            <subsetCode code="SOURCE"/>
            <observationReference classCode="OBS" moodCode="EVN">
              <id root="2.16.840.1.113883.3.100.1" extension="DiagnosisActiveGalactosemia"/>
            </observationReference>
          </outboundRelationship>
          
          
        </observationCriteria>
      </entry>

            <entry typeCode="DRIV">
        <procedureCriteria moodCode="EVN" classCode="PROC">
                    <templateId>
            <item root="2.16.840.1.113883.3.560.1.6" identifierName="procedure, performed template"/>
          </templateId>

          <id>
            <item root="2.16.840.1.113883.3.100.1" extension="ProcedurePerformedParenteralInfusion_precondition_4193"/>
          </id>
                    <code xsi:type="CD" valueSet="2.16.840.1.113883.3.117.1.7.1.38">
            <displayName value="Parenteral Infusion"/>
          </code>

                    <text value="Procedure, Performed: Parenteral Infusion"/>
          <statusCode code="performed"/>
          
          
          <definition>
            <procedureReference moodCode="EVN" classCode="PROC">
              <id root="2.16.840.1.113883.3.100.1" extension="procedure"/>
            </procedureReference>
          </definition>
                    <temporallyRelatedInformation typeCode="DURING">
                        <encounterReference moodCode="EVN" classCode="ENC">
              <id root="2.16.840.1.113883.3.100.1" extension="OccurrenceAInpatientEncounter67"/>
            </encounterReference>

          </temporallyRelatedInformation>

                    <outboundRelationship typeCode="SUBJ">
            <subsetCode code="SOURCE"/>
            <observationReference classCode="OBS" moodCode="EVN">
              <id root="2.16.840.1.113883.3.100.1" extension="ProcedurePerformedParenteralInfusion"/>
            </observationReference>
          </outboundRelationship>
          
          
        </procedureCriteria>
      </entry>

            <entry typeCode="DRIV">
        <observationCriteria  moodCode="EVN" classCode="OBS">
                    <templateId>
            <item root="2.16.840.1.113883.3.560.1.2" identifierName="diagnosis, active template"/>
            <item root="2.16.840.1.113883.3.100.1.1" identifierName="Source data criteria template"/>
          </templateId>

          <id>
            <item root="2.16.840.1.113883.3.100.1" extension="DiagnosisActiveSingleLivebornNewbornBornInHospital"/>
          </id>
                    <text value="Diagnosis, Active: Single Liveborn Newborn Born in Hospital"/>
          <statusCode code="active"/>
          
          
                    <value xsi:type="CD" valueSet="2.16.840.1.113883.3.117.1.7.1.26">
            <displayName value="Single Liveborn Newborn Born in Hospital"/>
          </value>

          <definition>
            <observationReference moodCode="EVN" classCode="OBS">
              <id root="2.16.840.1.113883.3.100.1" extension="diagnosis"/>
            </observationReference>
          </definition>
          
                    <outboundRelationship typeCode="SUBJ">
            <subsetCode code="SOURCE"/>
            <observationReference classCode="OBS" moodCode="EVN">
              <id root="2.16.840.1.113883.3.100.1" extension="DiagnosisActiveSingleLivebornNewbornBornInHospital"/>
            </observationReference>
          </outboundRelationship>
          
          
        </observationCriteria>
      </entry>

            <entry typeCode="DRIV">
        <observationCriteria  moodCode="EVN" classCode="OBS">
                    <templateId>
            <item root="2.16.840.1.113883.3.560.1.2" identifierName="diagnosis, active template"/>
            <item root="2.16.840.1.113883.3.100.1.1" identifierName="Source data criteria template"/>
          </templateId>

          <id>
            <item root="2.16.840.1.113883.3.100.1" extension="DiagnosisActiveLivebornBornInHospital"/>
          </id>
                    <text value="Diagnosis, Active: Liveborn Born In Hospital"/>
          <statusCode code="active"/>
          
          
                    <value xsi:type="CD" valueSet="2.16.840.1.113883.3.117.1.7.1.29">
            <displayName value="Liveborn Born In Hospital"/>
          </value>

          <definition>
            <observationReference moodCode="EVN" classCode="OBS">
              <id root="2.16.840.1.113883.3.100.1" extension="diagnosis"/>
            </observationReference>
          </definition>
          
                    <outboundRelationship typeCode="SUBJ">
            <subsetCode code="SOURCE"/>
            <observationReference classCode="OBS" moodCode="EVN">
              <id root="2.16.840.1.113883.3.100.1" extension="DiagnosisActiveLivebornBornInHospital"/>
            </observationReference>
          </outboundRelationship>
          
          
        </observationCriteria>
      </entry>

            <entry typeCode="DRIV">
        <observationCriteria moodCode="EVN" classCode="OBS">
                    <templateId>
            <item root="2.16.840.1.113883.3.560.1.64" identifierName="substance, administered template"/>
            <item root="2.16.840.1.113883.3.100.1.1" identifierName="Source data criteria template"/>
          </templateId>

          <id>
            <item root="2.16.840.1.113883.3.100.1" extension="SubstanceAdministeredBreastMilk"/>
          </id>
                    <code xsi:type="CD" valueSet="2.16.840.1.113883.3.117.1.7.1.30">
            <displayName value="Breast Milk"/>
          </code>

                    <text value="Substance, Administered: Breast Milk"/>
          <statusCode code="administered"/>
          
          
          <definition>
            <observationReference moodCode="EVN" classCode="OBS">
              <id root="2.16.840.1.113883.3.100.1" extension="substance"/>
            </observationReference>
          </definition>
          
                    <outboundRelationship typeCode="SUBJ">
            <subsetCode code="SOURCE"/>
            <observationReference classCode="OBS" moodCode="EVN">
              <id root="2.16.840.1.113883.3.100.1" extension="SubstanceAdministeredBreastMilk"/>
            </observationReference>
          </outboundRelationship>
          
          
        </observationCriteria>
      </entry>

            <entry typeCode="DRIV">
        <observationCriteria  moodCode="EVN" classCode="OBS">
                    <templateId>
            <item root="2.16.840.1.113883.3.560.1.2" identifierName="diagnosis, active template"/>
            <item root="2.16.840.1.113883.3.100.1.1" identifierName="Source data criteria template"/>
          </templateId>

          <id>
            <item root="2.16.840.1.113883.3.100.1" extension="DiagnosisActiveGalactosemia"/>
          </id>
                    <text value="Diagnosis, Active: Galactosemia"/>
          <statusCode code="active"/>
          
          
                    <value xsi:type="CD" valueSet="2.16.840.1.113883.3.117.1.7.1.35">
            <displayName value="Galactosemia"/>
          </value>

          <definition>
            <observationReference moodCode="EVN" classCode="OBS">
              <id root="2.16.840.1.113883.3.100.1" extension="diagnosis"/>
            </observationReference>
          </definition>
          
                    <outboundRelationship typeCode="SUBJ">
            <subsetCode code="SOURCE"/>
            <observationReference classCode="OBS" moodCode="EVN">
              <id root="2.16.840.1.113883.3.100.1" extension="DiagnosisActiveGalactosemia"/>
            </observationReference>
          </outboundRelationship>
          
          
        </observationCriteria>
      </entry>

            <entry typeCode="DRIV">
        <procedureCriteria moodCode="EVN" classCode="PROC">
                    <templateId>
            <item root="2.16.840.1.113883.3.560.1.6" identifierName="procedure, performed template"/>
            <item root="2.16.840.1.113883.3.100.1.1" identifierName="Source data criteria template"/>
          </templateId>

          <id>
            <item root="2.16.840.1.113883.3.100.1" extension="ProcedurePerformedParenteralInfusion"/>
          </id>
                    <code xsi:type="CD" valueSet="2.16.840.1.113883.3.117.1.7.1.38">
            <displayName value="Parenteral Infusion"/>
          </code>

                    <text value="Procedure, Performed: Parenteral Infusion"/>
          <statusCode code="performed"/>
          
          
          <definition>
            <procedureReference moodCode="EVN" classCode="PROC">
              <id root="2.16.840.1.113883.3.100.1" extension="procedure"/>
            </procedureReference>
          </definition>
          
                    <outboundRelationship typeCode="SUBJ">
            <subsetCode code="SOURCE"/>
            <observationReference classCode="OBS" moodCode="EVN">
              <id root="2.16.840.1.113883.3.100.1" extension="ProcedurePerformedParenteralInfusion"/>
            </observationReference>
          </outboundRelationship>
          
          
        </procedureCriteria>
      </entry>

            <entry typeCode="DRIV">
        <encounterCriteria moodCode="EVN" classCode="ENC">
                    <templateId>
            <item root="2.16.840.1.113883.3.560.1.79" identifierName="encounter, performed template"/>
            <item root="2.16.840.1.113883.3.100.1.1" identifierName="Source data criteria template"/>
          </templateId>

          <id>
            <item root="2.16.840.1.113883.3.100.1" extension="EncounterPerformedInpatientEncounter"/>
          </id>
                    <code xsi:type="CD" valueSet="2.16.840.1.113883.3.117.1.7.1.23">
            <displayName value="Inpatient Encounter"/>
          </code>

                    <text value="Encounter, Performed: Inpatient Encounter"/>
          
          
          <definition>
            <encounterReference moodCode="EVN" classCode="ENC">
              <id root="2.16.840.1.113883.3.100.1" extension="encounter"/>
            </encounterReference>
          </definition>
          
                    <outboundRelationship typeCode="SUBJ">
            <subsetCode code="SOURCE"/>
            <observationReference classCode="OBS" moodCode="EVN">
              <id root="2.16.840.1.113883.3.100.1" extension="EncounterPerformedInpatientEncounter"/>
            </observationReference>
          </outboundRelationship>
          
          
        </encounterCriteria>
      </entry>

            <entry typeCode="DRIV">
        <observationCriteria moodCode="EVN" classCode="OBS">
                    <templateId>
            <item root="2.16.840.1.113883.3.560.1.64" identifierName="substance, administered template"/>
            <item root="2.16.840.1.113883.3.100.1.1" identifierName="Source data criteria template"/>
          </templateId>

          <id>
            <item root="2.16.840.1.113883.3.100.1" extension="SubstanceAdministeredDietaryIntakeOtherThanBreastMilk"/>
          </id>
                    <code xsi:type="CD" valueSet="2.16.840.1.113883.3.117.1.7.1.27">
            <displayName value="Dietary Intake Other than Breast Milk"/>
          </code>

                    <text value="Substance, Administered: Dietary Intake Other than Breast Milk"/>
          <statusCode code="administered"/>
          
          
          <definition>
            <observationReference moodCode="EVN" classCode="OBS">
              <id root="2.16.840.1.113883.3.100.1" extension="substance"/>
            </observationReference>
          </definition>
          
                    <outboundRelationship typeCode="SUBJ">
            <subsetCode code="SOURCE"/>
            <observationReference classCode="OBS" moodCode="EVN">
              <id root="2.16.840.1.113883.3.100.1" extension="SubstanceAdministeredDietaryIntakeOtherThanBreastMilk"/>
            </observationReference>
          </outboundRelationship>
          
          
        </observationCriteria>
      </entry>

            <entry typeCode="DRIV">
        <observationCriteria  moodCode="EVN" classCode="OBS">
                    <templateId>
            <item root="2.16.840.1.113883.3.560.1.2" identifierName="diagnosis, active template"/>
            <item root="2.16.840.1.113883.3.100.1.1" identifierName="Source data criteria template"/>
          </templateId>

          <id>
            <item root="2.16.840.1.113883.3.100.1" extension="DiagnosisActiveSingleLiveBirth"/>
          </id>
                    <text value="Diagnosis, Active: Single Live Birth"/>
          <statusCode code="active"/>
          
          
                    <value xsi:type="CD" valueSet="2.16.840.1.113883.3.117.1.7.1.25">
            <displayName value="Single Live Birth"/>
          </value>

          <definition>
            <observationReference moodCode="EVN" classCode="OBS">
              <id root="2.16.840.1.113883.3.100.1" extension="diagnosis"/>
            </observationReference>
          </definition>
          
                    <outboundRelationship typeCode="SUBJ">
            <subsetCode code="SOURCE"/>
            <observationReference classCode="OBS" moodCode="EVN">
              <id root="2.16.840.1.113883.3.100.1" extension="DiagnosisActiveSingleLiveBirth"/>
            </observationReference>
          </outboundRelationship>
          
          
        </observationCriteria>
      </entry>

            <entry typeCode="DRIV">
        <observationCriteria  moodCode="EVN" classCode="OBS">
                    <templateId>
            <item root="2.16.840.1.113883.3.560.1.2" identifierName="diagnosis, active template"/>
            <item root="2.16.840.1.113883.3.100.1.1" identifierName="Source data criteria template"/>
          </templateId>

          <id>
            <item root="2.16.840.1.113883.3.100.1" extension="DiagnosisActiveGestationalAge37Weeks"/>
          </id>
                    <text value="Diagnosis, Active: Gestational age >= 37 weeks"/>
          <statusCode code="active"/>
          
          
                    <value xsi:type="CD" valueSet="2.16.840.1.113883.3.666.5.1596">
            <displayName value="Gestational age >= 37 weeks"/>
          </value>

          <definition>
            <observationReference moodCode="EVN" classCode="OBS">
              <id root="2.16.840.1.113883.3.100.1" extension="diagnosis"/>
            </observationReference>
          </definition>
          
                    <outboundRelationship typeCode="SUBJ">
            <subsetCode code="SOURCE"/>
            <observationReference classCode="OBS" moodCode="EVN">
              <id root="2.16.840.1.113883.3.100.1" extension="DiagnosisActiveGestationalAge37Weeks"/>
            </observationReference>
          </outboundRelationship>
          
          
        </observationCriteria>
      </entry>

            <entry typeCode="DRIV">
        <observationCriteria moodCode="EVN" classCode="OBS" actionNegationInd='true'>
                    <templateId>
            <item root="2.16.840.1.113883.3.560.1.164" identifierName="substance, administered template"/>
            <item root="2.16.840.1.113883.3.100.1.1" identifierName="Source data criteria template"/>
          </templateId>

          <id>
            <item root="2.16.840.1.113883.3.100.1" extension="SubstanceAdministeredNotDoneMaternalReason"/>
          </id>
                    <code xsi:type="CD" valueSet="2.16.840.1.113883.3.117.1.7.1.84">
            <displayName value="Maternal Reason"/>
          </code>

                    <text value="Substance, Administered not done: Maternal Reason"/>
          <statusCode code="administered"/>
          
          
          <definition>
            <observationReference moodCode="EVN" classCode="OBS">
              <id root="2.16.840.1.113883.3.100.1" extension="substance"/>
            </observationReference>
          </definition>
          
                    <outboundRelationship typeCode="SUBJ">
            <subsetCode code="SOURCE"/>
            <observationReference classCode="OBS" moodCode="EVN">
              <id root="2.16.840.1.113883.3.100.1" extension="SubstanceAdministeredNotDoneMaternalReason"/>
            </observationReference>
          </outboundRelationship>
          
          
        </observationCriteria>
      </entry>

            <entry typeCode="DRIV">
        <encounterCriteria moodCode="EVN" classCode="ENC">
                    <templateId>
            <item root="2.16.840.1.113883.3.560.1.79" identifierName="encounter, performed template"/>
            <item root="2.16.840.1.113883.3.100.1.1" identifierName="Source data criteria template"/>
          </templateId>

          <id>
            <item root="2.16.840.1.113883.3.100.1" extension="OccurrenceAInpatientEncounter67"/>
          </id>
                    <code xsi:type="CD" valueSet="2.16.840.1.113883.3.117.1.7.1.23">
            <displayName value="Inpatient Encounter"/>
          </code>

                    <text value="Encounter, Performed: Inpatient Encounter"/>
          
          
          <definition>
            <encounterReference moodCode="EVN" classCode="ENC">
              <id root="2.16.840.1.113883.3.100.1" extension="encounter"/>
            </encounterReference>
          </definition>
          
                    <outboundRelationship typeCode="SUBJ">
            <localVariableName controlInformationRoot="" controlInformationExtension="A"/>
            <subsetCode code="SPECIFIC"/>
            <observationReference classCode="OBS" moodCode="EVN">
              <id root="2.16.840.1.113883.3.100.1" extension="OccurrenceAInpatientEncounter67"/>
            </observationReference>
          </outboundRelationship>
          
          
        </encounterCriteria>
      </entry>

    </dataCriteriaSection>
  </component>
  <component>
    <populationCriteriaSection>
      <id root="2.16.840.1.113883.3.100.1" extension="Population0"/>
      <code code="57026-7" codeSystem="2.16.840.1.113883.6.1"/>
      <title value=""/>
      <text>This section describes the Initial Patient Population,
        Numerator, Denominator, Denominator Exceptions, and Measure
        Populations</text>
            <component typeCode="COMP">
        <patientPopulationCriteria  classCode="OBS" moodCode="EVN">
          <id root="c75181d0-73eb-11de-8a39-0800200c9a66"
            extension="76A6E46B-39BF-4377-B57F-BE68CEDE031D"/>
          <code codeSystem="2.16.840.1.113883.5.1063"
              codeSystemName="HL7 Observation Value"
              code="IPP">
            <displayName value="Initial Patient Population"/>
          </code>
          <isCriterionInd value="true"/>
          <precondition typeCode="PRCN">
  <allTrue>
    <id/>
    <precondition typeCode="PRCN">
    <encounterReference moodCode="EVN" classCode="ENC">
      <id root="2.16.840.1.113883.3.100.1" extension="OccurrenceAInpatientEncounter67_precondition_4195"/>
    </encounterReference>
</precondition>
    <precondition typeCode="PRCN">
    <encounterReference moodCode="EVN" classCode="ENC">
      <id root="2.16.840.1.113883.3.100.1" extension="OccurrenceAInpatientEncounter67_precondition_4197"/>
    </encounterReference>
</precondition>
    <precondition typeCode="PRCN">
    <observationReference moodCode="EVN" classCode="OBS">
      <id root="2.16.840.1.113883.3.100.1" extension="DiagnosisActiveGestationalAge37Weeks_precondition_4199"/>
    </observationReference>
</precondition>
    <precondition typeCode="PRCN">
  <atLeastOneTrue>
    <id/>
    <precondition typeCode="PRCN">
    <observationReference moodCode="EVN" classCode="OBS">
      <id root="2.16.840.1.113883.3.100.1" extension="DiagnosisActiveSingleLivebornNewbornBornInHospital_precondition_4201"/>
    </observationReference>
</precondition>
    <precondition typeCode="PRCN">
  <allTrue>
    <id/>
    <precondition typeCode="PRCN">
    <observationReference moodCode="EVN" classCode="OBS">
      <id root="2.16.840.1.113883.3.100.1" extension="DiagnosisActiveSingleLiveBirth_precondition_4203"/>
    </observationReference>
</precondition>
    <precondition typeCode="PRCN">
    <observationReference moodCode="EVN" classCode="OBS">
      <id root="2.16.840.1.113883.3.100.1" extension="DiagnosisActiveLivebornBornInHospital_precondition_4205"/>
    </observationReference>
</precondition>
    <precondition typeCode="PRCN">
    <encounterReference moodCode="EVN" classCode="ENC">
      <id root="2.16.840.1.113883.3.100.1" extension="OccurrenceAInpatientEncounter67_precondition_4207"/>
    </encounterReference>
</precondition>
  </allTrue>
</precondition>
  </atLeastOneTrue>
</precondition>
    <precondition typeCode="PRCN">
  <atLeastOneFalse>
    <id/>
    <precondition typeCode="PRCN">
    <observationReference moodCode="EVN" classCode="OBS">
      <id root="2.16.840.1.113883.3.100.1" extension="DiagnosisActiveGalactosemia_precondition_4191"/>
    </observationReference>
</precondition>
    <precondition typeCode="PRCN">
    <procedureReference moodCode="EVN" classCode="PROC">
      <id root="2.16.840.1.113883.3.100.1" extension="ProcedurePerformedParenteralInfusion_precondition_4193"/>
    </procedureReference>
</precondition>
  </atLeastOneFalse>
</precondition>
  </allTrue>
</precondition>
        </patientPopulationCriteria>
      </component>

            <component typeCode="COMP">
        <denominatorCriteria  classCode="OBS" moodCode="EVN">
          <id root="c75181d0-73eb-11de-8a39-0800200c9a66"
            extension="0F42D7F1-E6F3-48B7-89F9-BAB29C26BDCA"/>
          <code codeSystem="2.16.840.1.113883.5.1063"
              codeSystemName="HL7 Observation Value"
              code="DENOM">
            <displayName value="Denominator"/>
          </code>
          <isCriterionInd value="true"/>
          <precondition typeCode="PRCN" nullFlavor="NA">
            <allTrue>
              <id/>
            </allTrue>
          </precondition>
        </denominatorCriteria>
      </component>

            <component typeCode="COMP">
        <numeratorCriteria  classCode="OBS" moodCode="EVN">
          <id root="c75181d0-73eb-11de-8a39-0800200c9a66"
            extension="83077920-F251-4984-9D77-45373359FD07"/>
          <code codeSystem="2.16.840.1.113883.5.1063"
              codeSystemName="HL7 Observation Value"
              code="NUMER">
            <displayName value="Numerator"/>
          </code>
          <isCriterionInd value="true"/>
          <precondition typeCode="PRCN">
  <allTrue>
    <id/>
    <precondition typeCode="PRCN">
  <allTrue>
    <id/>
    <precondition typeCode="PRCN">
    <observationReference moodCode="EVN" classCode="OBS">
      <id root="2.16.840.1.113883.3.100.1" extension="SubstanceAdministeredBreastMilk_precondition_4184"/>
    </observationReference>
</precondition>
    <precondition typeCode="PRCN">
  <atLeastOneFalse>
    <id/>
    <precondition typeCode="PRCN">
    <observationReference moodCode="EVN" classCode="OBS">
      <id root="2.16.840.1.113883.3.100.1" extension="SubstanceAdministeredDietaryIntakeOtherThanBreastMilk_precondition_4182"/>
    </observationReference>
</precondition>
  </atLeastOneFalse>
</precondition>
  </allTrue>
</precondition>
  </allTrue>
</precondition>
        </numeratorCriteria>
      </component>

            <component typeCode="COMP">
        <denominatorExceptionCriteria  classCode="OBS" moodCode="EVN">
          <id root="c75181d0-73eb-11de-8a39-0800200c9a66"
            extension="B1722AA5-D231-442B-9D6F-6E225F457B09"/>
          <code codeSystem="2.16.840.1.113883.5.1063"
              codeSystemName="HL7 Observation Value"
              code="DENEXCEP">
            <displayName value="Denominator Exception"/>
          </code>
          <isCriterionInd value="true"/>
          <precondition typeCode="PRCN">
  <allTrue>
    <id/>
    <precondition typeCode="PRCN">
    <observationReference moodCode="EVN" classCode="OBS">
      <id root="2.16.840.1.113883.3.100.1" extension="SubstanceAdministeredBreastMilk_precondition_4170"/>
    </observationReference>
</precondition>
  </allTrue>
</precondition>
        </denominatorExceptionCriteria>
      </component>

            <component typeCode="COMP">
        <denominatorExclusionCriteria  classCode="OBS" moodCode="EVN">
          <id root="c75181d0-73eb-11de-8a39-0800200c9a66"
            extension="35D980DC-0276-4374-8081-BAC526A2E986"/>
          <code codeSystem="2.16.840.1.113883.5.1063"
              codeSystemName="HL7 Observation Value"
              code="DENEX">
            <displayName value="Denominator"/>
          </code>
          <isCriterionInd value="true"/>
          <precondition typeCode="PRCN">
  <allTrue>
    <id/>
    <precondition typeCode="PRCN">
  <atLeastOneTrue>
    <id/>
    <precondition typeCode="PRCN">
    <encounterReference moodCode="EVN" classCode="ENC">
      <id root="2.16.840.1.113883.3.100.1" extension="EncounterPerformedInpatientEncounter_precondition_4173"/>
    </encounterReference>
</precondition>
    <precondition typeCode="PRCN">
    <encounterReference moodCode="EVN" classCode="ENC">
      <id root="2.16.840.1.113883.3.100.1" extension="OccurrenceAInpatientEncounter67_precondition_4175"/>
    </encounterReference>
</precondition>
    <precondition typeCode="PRCN">
    <encounterReference moodCode="EVN" classCode="ENC">
      <id root="2.16.840.1.113883.3.100.1" extension="OccurrenceAInpatientEncounter67_precondition_4177"/>
    </encounterReference>
</precondition>
  </atLeastOneTrue>
</precondition>
  </allTrue>
</precondition>
        </denominatorExclusionCriteria>
      </component>

    </populationCriteriaSection>
  </component>
</QualityMeasureDocument>
