﻿<?xml version="1.0" encoding="UTF-8"?>
<RetrieveValueSetResponse xmlns:xsi="http://www.w3.org/2001/XMLSchema-instance" xmlns:xsd="http://www.w3.org/2001/XMLSchema" cacheExpirationHint="2012-09-20T00:00:00-04:00" xmlns="urn:ihe:iti:svs:2008">
  <ValueSet id="2.16.840.1.113883.11.20.9.25" version="" displayName="Plan of Care moodCode (Observation)">
    <ConceptList>
      <Concept xsi:type="CE" code="INT" codeSystem="2.16.840.1.113883.5.1001" codeSystemName="ActMood" displayName="Intent" />
      <Concept xsi:type="CE" code="GOL" codeSystem="2.16.840.1.113883.5.1001" codeSystemName="ActMood" displayName="Goal" />
      <Concept xsi:type="CE" code="PRMS" codeSystem="2.16.840.1.113883.5.1001" codeSystemName="ActMood" displayName="Promise" />
      <Concept xsi:type="CE" code="PRP" codeSystem="2.16.840.1.113883.5.1001" codeSystemName="ActMood" displayName="Proposal" />
      <Concept xsi:type="CE" code="RQO" codeSystem="2.16.840.1.113883.5.1001" codeSystemName="ActMood" displayName="Request" />
    </ConceptList>
  </ValueSet>
</RetrieveValueSetResponse>