﻿<?xml version="1.0" encoding="UTF-8"?>
<RetrieveValueSetResponse xmlns:xsi="http://www.w3.org/2001/XMLSchema-instance" xmlns:xsd="http://www.w3.org/2001/XMLSchema" cacheExpirationHint="2012-09-20T00:00:00-04:00" xmlns="urn:ihe:iti:svs:2008">
  <ValueSet id="2.16.840.1.113883.3.88.12.3221.7.2" version="" displayName="Problem Type Value Set">
    <ConceptList>
      <Concept xsi:type="CE" code="404684003" codeSystem="2.16.840.1.113883.6.96" codeSystemName="SNOMED-CT" displayName="Clinical finding (finding)" />
      <Concept xsi:type="CE" code="409586006" codeSystem="2.16.840.1.113883.6.96" codeSystemName="SNOMED-CT" displayName="Complaint (finding)" />
      <Concept xsi:type="CE" code="282291009" codeSystem="2.16.840.1.113883.6.96" codeSystemName="SNOMED-CT" displayName="Diagnosis interpretation (observable entity)" />
      <Concept xsi:type="CE" code="64572001" codeSystem="2.16.840.1.113883.6.96" codeSystemName="SNOMED-CT" displayName="Disease (disorder)" />
      <Concept xsi:type="CE" code="248536006" codeSystem="2.16.840.1.113883.6.96" codeSystemName="SNOMED-CT" displayName="Finding of functional performance and activity (finding)" />
      <Concept xsi:type="CE" code="418799008" codeSystem="2.16.840.1.113883.6.96" codeSystemName="SNOMED-CT" displayName="Finding reported by subject or history provider (finding)" />
      <Concept xsi:type="CE" code="55607006" codeSystem="2.16.840.1.113883.6.96" codeSystemName="SNOMED-CT" displayName="Problem (finding)" />
    </ConceptList>
  </ValueSet>
</RetrieveValueSetResponse>