{
  "id": "8A4D92B2-3946-CDAE-0139-77F580AE6690",
  "nqf_id": "0002",
  "hqmf_id": "8A4D92B2-3946-CDAE-0139-77F580AE6690",
  "hqmf_set_id": "BEB1C33C-2549-4E7F-9567-05ED38448464",
  "hqmf_version_number": 1,
  "endorser": null,
  "name": "Appropriate Testing for Children with Pharyngitis",
  "description": "Percentage of children 2-18 years of age who were diagnosed with pharyngitis, ordered an antibiotic and received a group A streptococcus (strep) test for the episode.",
  "type": "ep",
  "category": "Core Pediatric",
  "steward": null,
  "population": {
    "conjunction": "and",
    "items": [
      {
        "conjunction": "and",
        "items": [
          {
            "title": "birth date",
            "description": "Patient Characteristic Birthdate: birth date",
            "standard_category": "individual_characteristic",
            "qds_data_type": "individual_characteristic",
            "code_list_id": "2.16.840.1.113883.3.560.100.4",
            "property": "birthtime",
            "type": "characteristic",
            "definition": "patient_characteristic_birthdate",
            "hard_status": false,
            "negation": false,
            "source_data_criteria": "PatientCharacteristicBirthdateBirthDate",
            "inline_code_list": {
              "LOINC": [
                "21112-8"
              ]
            },
            "temporal_references": [
              {
                "type": "SBS",
                "reference": "MeasurePeriod",
                "range": {
                  "type": "IVL_PQ",
                  "low": {
                    "type": "PQ",
                    "unit": "a",
                    "value": "2",
                    "inclusive?": true,
                    "derived?": false
                  }
                },
                "title": "MeasurePeriod"
              }
            ]
          },
          {
            "title": "birth date",
            "description": "Patient Characteristic Birthdate: birth date",
            "standard_category": "individual_characteristic",
            "qds_data_type": "individual_characteristic",
            "code_list_id": "2.16.840.1.113883.3.560.100.4",
            "property": "birthtime",
            "type": "characteristic",
            "definition": "patient_characteristic_birthdate",
            "hard_status": false,
            "negation": false,
            "source_data_criteria": "PatientCharacteristicBirthdateBirthDate",
            "inline_code_list": {
              "LOINC": [
                "21112-8"
              ]
            },
            "temporal_references": [
              {
                "type": "SBS",
                "reference": "MeasurePeriod",
                "range": {
                  "type": "IVL_PQ",
                  "high": {
                    "type": "PQ",
                    "unit": "a",
                    "value": "18",
                    "inclusive?": true,
                    "derived?": false
                  }
                },
                "title": "MeasurePeriod"
              }
            ]
          },
          {
            "conjunction": "and",
            "items": [
              {
                "title": "Ambulatory/ED Visit",
                "description": "Encounter, Performed: Ambulatory/ED Visit",
                "standard_category": "encounter",
                "qds_data_type": "encounter",
                "code_list_id": "2.16.840.1.113883.3.464.1003.101.12.1061",
                "type": "encounters",
                "definition": "encounter",
                "status": "performed",
                "hard_status": false,
                "negation": false,
                "specific_occurrence": "A",
                "source_data_criteria": "OccurrenceAAmbulatoryEdVisit320",
                "temporal_references": [
                  {
                    "type": "DURING",
                    "reference": "MeasurePeriod",
                    "title": "MeasurePeriod"
                  }
                ]
              },
              {
                "conjunction": "or",
                "items": [
                  {
                    "title": "Antibiotic Medications",
                    "description": "Medication, Order: Antibiotic Medications",
                    "standard_category": "medication",
                    "qds_data_type": "medication_order",
                    "code_list_id": "2.16.840.1.113883.3.464.1003.196.12.1001",
                    "type": "medications",
                    "definition": "medication",
                    "status": "ordered",
                    "hard_status": false,
                    "negation": false,
                    "source_data_criteria": "MedicationOrderAntibioticMedications",
                    "temporal_references": [
                      {
                        "type": "DURING",
                        "reference": {
                          "title": "Ambulatory/ED Visit",
                          "description": "Encounter, Performed: Ambulatory/ED Visit",
                          "standard_category": "encounter",
                          "qds_data_type": "encounter",
                          "code_list_id": "2.16.840.1.113883.3.464.1003.101.12.1061",
                          "type": "encounters",
                          "definition": "encounter",
                          "status": "performed",
                          "hard_status": false,
                          "negation": false,
                          "specific_occurrence": "A",
                          "source_data_criteria": "OccurrenceAAmbulatoryEdVisit320"
                        }
                      }
                    ]
                  },
                  {
                    "title": "Antibiotic Medications",
                    "description": "Medication, Order: Antibiotic Medications",
                    "standard_category": "medication",
                    "qds_data_type": "medication_order",
                    "code_list_id": "2.16.840.1.113883.3.464.1003.196.12.1001",
                    "type": "medications",
                    "definition": "medication",
                    "status": "ordered",
                    "hard_status": false,
                    "negation": false,
                    "source_data_criteria": "MedicationOrderAntibioticMedications",
                    "temporal_references": [
                      {
                        "type": "SAS",
                        "reference": {
                          "title": "Ambulatory/ED Visit",
                          "description": "Encounter, Performed: Ambulatory/ED Visit",
                          "standard_category": "encounter",
                          "qds_data_type": "encounter",
                          "code_list_id": "2.16.840.1.113883.3.464.1003.101.12.1061",
                          "type": "encounters",
                          "definition": "encounter",
                          "status": "performed",
                          "hard_status": false,
                          "negation": false,
                          "specific_occurrence": "A",
                          "source_data_criteria": "OccurrenceAAmbulatoryEdVisit320"
                        },
                        "range": {
                          "type": "IVL_PQ",
                          "high": {
                            "type": "PQ",
                            "unit": "d",
                            "value": "3",
                            "inclusive?": true,
                            "derived?": false
                          }
                        }
                      }
                    ]
                  }
                ],
                "negation": null,
                "precondition_id": 6926
              },
              {
                "conjunction": "or",
                "items": [
                  {
                    "title": "Ambulatory/ED Visit",
                    "description": "Encounter, Performed: Ambulatory/ED Visit",
                    "standard_category": "encounter",
                    "qds_data_type": "encounter",
                    "code_list_id": "2.16.840.1.113883.3.464.1003.101.12.1061",
                    "type": "encounters",
                    "definition": "encounter",
                    "status": "performed",
                    "hard_status": false,
                    "negation": false,
                    "specific_occurrence": "A",
                    "source_data_criteria": "OccurrenceAAmbulatoryEdVisit320",
                    "temporal_references": [
                      {
                        "type": "DURING",
                        "reference": {
                          "title": "GROUP_DURING_CHILDREN_127",
                          "description": "",
                          "standard_category": "",
                          "qds_data_type": "",
                          "children_criteria": [
                            {
                              "title": "Acute Pharyngitis",
                              "description": "Diagnosis, Active: Acute Pharyngitis",
                              "standard_category": "diagnosis_condition_problem",
                              "qds_data_type": "diagnosis_active",
                              "code_list_id": "2.16.840.1.113883.3.464.1003.102.12.1011",
                              "type": "conditions",
                              "definition": "diagnosis",
                              "status": "active",
                              "hard_status": false,
                              "negation": false,
                              "specific_occurrence": "A",
                              "source_data_criteria": "OccurrenceAAcutePharyngitis318"
                            },
                            {
                              "title": "Acute Tonsillitis",
                              "description": "Diagnosis, Active: Acute Tonsillitis",
                              "standard_category": "diagnosis_condition_problem",
                              "qds_data_type": "diagnosis_active",
                              "code_list_id": "2.16.840.1.113883.3.464.1003.102.12.1012",
                              "type": "conditions",
                              "definition": "diagnosis",
                              "status": "active",
                              "hard_status": false,
                              "negation": false,
                              "specific_occurrence": "A",
                              "source_data_criteria": "OccurrenceAAcuteTonsillitis319"
                            }
                          ],
                          "derivation_operator": "UNION",
                          "type": "derived",
                          "definition": "derived",
                          "hard_status": false,
                          "negation": false,
                          "source_data_criteria": "GROUP_DURING_CHILDREN_127"
                        }
                      }
                    ]
                  },
                  {
                    "conjunction": "or",
                    "items": [
                      {
                        "title": "Acute Pharyngitis",
                        "description": "Diagnosis, Active: Acute Pharyngitis",
                        "standard_category": "diagnosis_condition_problem",
                        "qds_data_type": "diagnosis_active",
                        "code_list_id": "2.16.840.1.113883.3.464.1003.102.12.1011",
                        "type": "conditions",
                        "definition": "diagnosis",
                        "status": "active",
                        "hard_status": false,
                        "negation": false,
                        "specific_occurrence": "A",
                        "source_data_criteria": "OccurrenceAAcutePharyngitis318",
                        "temporal_references": [
                          {
                            "type": "SDU",
                            "reference": {
                              "title": "Ambulatory/ED Visit",
                              "description": "Encounter, Performed: Ambulatory/ED Visit",
                              "standard_category": "encounter",
                              "qds_data_type": "encounter",
                              "code_list_id": "2.16.840.1.113883.3.464.1003.101.12.1061",
                              "type": "encounters",
                              "definition": "encounter",
                              "status": "performed",
                              "hard_status": false,
                              "negation": false,
                              "specific_occurrence": "A",
                              "source_data_criteria": "OccurrenceAAmbulatoryEdVisit320"
                            }
                          }
                        ]
                      },
                      {
                        "title": "Acute Tonsillitis",
                        "description": "Diagnosis, Active: Acute Tonsillitis",
                        "standard_category": "diagnosis_condition_problem",
                        "qds_data_type": "diagnosis_active",
                        "code_list_id": "2.16.840.1.113883.3.464.1003.102.12.1012",
                        "type": "conditions",
                        "definition": "diagnosis",
                        "status": "active",
                        "hard_status": false,
                        "negation": false,
                        "specific_occurrence": "A",
                        "source_data_criteria": "OccurrenceAAcuteTonsillitis319",
                        "temporal_references": [
                          {
                            "type": "SDU",
                            "reference": {
                              "title": "Ambulatory/ED Visit",
                              "description": "Encounter, Performed: Ambulatory/ED Visit",
                              "standard_category": "encounter",
                              "qds_data_type": "encounter",
                              "code_list_id": "2.16.840.1.113883.3.464.1003.101.12.1061",
                              "type": "encounters",
                              "definition": "encounter",
                              "status": "performed",
                              "hard_status": false,
                              "negation": false,
                              "specific_occurrence": "A",
                              "source_data_criteria": "OccurrenceAAmbulatoryEdVisit320"
                            }
                          }
                        ]
                      }
                    ],
                    "negation": null,
                    "precondition_id": 6939
                  }
                ],
                "negation": null,
                "precondition_id": 6942
              }
            ],
            "negation": null,
            "precondition_id": 6944
          },
          {
            "conjunction": "and",
            "items": [
              {
                "conjunction": "and",
                "items": [
                  {
                    "title": "Ambulatory/ED Visit",
                    "description": "Encounter, Performed: Ambulatory/ED Visit",
                    "standard_category": "encounter",
                    "qds_data_type": "encounter",
                    "code_list_id": "2.16.840.1.113883.3.464.1003.101.12.1061",
                    "type": "encounters",
                    "definition": "encounter",
                    "status": "performed",
                    "hard_status": false,
                    "negation": false,
                    "specific_occurrence": "B",
                    "source_data_criteria": "OccurrenceBAmbulatoryEdVisit321",
                    "temporal_references": [
                      {
                        "type": "DURING",
                        "reference": "MeasurePeriod",
                        "title": "MeasurePeriod"
                      }
                    ]
                  },
                  {
                    "title": "Ambulatory/ED Visit",
                    "description": "Encounter, Performed: Ambulatory/ED Visit",
                    "standard_category": "encounter",
                    "qds_data_type": "encounter",
                    "code_list_id": "2.16.840.1.113883.3.464.1003.101.12.1061",
                    "type": "encounters",
                    "definition": "encounter",
                    "status": "performed",
                    "hard_status": false,
                    "negation": false,
                    "specific_occurrence": "B",
                    "source_data_criteria": "OccurrenceBAmbulatoryEdVisit321",
                    "temporal_references": [
                      {
                        "type": "SBS",
                        "reference": {
                          "title": "Ambulatory/ED Visit",
                          "description": "Encounter, Performed: Ambulatory/ED Visit",
                          "standard_category": "encounter",
                          "qds_data_type": "encounter",
                          "code_list_id": "2.16.840.1.113883.3.464.1003.101.12.1061",
                          "type": "encounters",
                          "definition": "encounter",
                          "status": "performed",
                          "hard_status": false,
                          "negation": false,
                          "specific_occurrence": "A",
                          "source_data_criteria": "OccurrenceAAmbulatoryEdVisit320"
                        }
                      }
                    ]
                  },
                  {
                    "conjunction": "or",
                    "items": [
                      {
                        "title": "Antibiotic Medications",
                        "description": "Medication, Order: Antibiotic Medications",
                        "standard_category": "medication",
                        "qds_data_type": "medication_order",
                        "code_list_id": "2.16.840.1.113883.3.464.1003.196.12.1001",
                        "type": "medications",
                        "definition": "medication",
                        "status": "ordered",
                        "hard_status": false,
                        "negation": false,
                        "source_data_criteria": "MedicationOrderAntibioticMedications",
                        "temporal_references": [
                          {
                            "type": "DURING",
                            "reference": {
                              "title": "Ambulatory/ED Visit",
                              "description": "Encounter, Performed: Ambulatory/ED Visit",
                              "standard_category": "encounter",
                              "qds_data_type": "encounter",
                              "code_list_id": "2.16.840.1.113883.3.464.1003.101.12.1061",
                              "type": "encounters",
                              "definition": "encounter",
                              "status": "performed",
                              "hard_status": false,
                              "negation": false,
                              "specific_occurrence": "B",
                              "source_data_criteria": "OccurrenceBAmbulatoryEdVisit321"
                            }
                          }
                        ]
                      },
                      {
                        "title": "Antibiotic Medications",
                        "description": "Medication, Order: Antibiotic Medications",
                        "standard_category": "medication",
                        "qds_data_type": "medication_order",
                        "code_list_id": "2.16.840.1.113883.3.464.1003.196.12.1001",
                        "type": "medications",
                        "definition": "medication",
                        "status": "ordered",
                        "hard_status": false,
                        "negation": false,
                        "source_data_criteria": "MedicationOrderAntibioticMedications",
                        "temporal_references": [
                          {
                            "type": "SAS",
                            "reference": {
                              "title": "Ambulatory/ED Visit",
                              "description": "Encounter, Performed: Ambulatory/ED Visit",
                              "standard_category": "encounter",
                              "qds_data_type": "encounter",
                              "code_list_id": "2.16.840.1.113883.3.464.1003.101.12.1061",
                              "type": "encounters",
                              "definition": "encounter",
                              "status": "performed",
                              "hard_status": false,
                              "negation": false,
                              "specific_occurrence": "B",
                              "source_data_criteria": "OccurrenceBAmbulatoryEdVisit321"
                            },
                            "range": {
                              "type": "IVL_PQ",
                              "high": {
                                "type": "PQ",
                                "unit": "d",
                                "value": "3",
                                "inclusive?": true,
                                "derived?": false
                              }
                            }
                          }
                        ]
                      }
                    ],
                    "negation": null,
                    "precondition_id": 6896
                  },
                  {
                    "conjunction": "or",
                    "items": [
                      {
                        "title": "Ambulatory/ED Visit",
                        "description": "Encounter, Performed: Ambulatory/ED Visit",
                        "standard_category": "encounter",
                        "qds_data_type": "encounter",
                        "code_list_id": "2.16.840.1.113883.3.464.1003.101.12.1061",
                        "type": "encounters",
                        "definition": "encounter",
                        "status": "performed",
                        "hard_status": false,
                        "negation": false,
                        "specific_occurrence": "B",
                        "source_data_criteria": "OccurrenceBAmbulatoryEdVisit321",
                        "temporal_references": [
                          {
                            "type": "DURING",
                            "reference": {
                              "title": "GROUP_DURING_CHILDREN_128",
                              "description": "",
                              "standard_category": "",
                              "qds_data_type": "",
                              "children_criteria": [
                                {
                                  "title": "Acute Pharyngitis",
                                  "description": "Diagnosis, Active: Acute Pharyngitis",
                                  "standard_category": "diagnosis_condition_problem",
                                  "qds_data_type": "diagnosis_active",
                                  "code_list_id": "2.16.840.1.113883.3.464.1003.102.12.1011",
                                  "type": "conditions",
                                  "definition": "diagnosis",
                                  "status": "active",
                                  "hard_status": false,
                                  "negation": false,
                                  "specific_occurrence": "A",
                                  "source_data_criteria": "OccurrenceAAcutePharyngitis318"
                                },
                                {
                                  "title": "Acute Tonsillitis",
                                  "description": "Diagnosis, Active: Acute Tonsillitis",
                                  "standard_category": "diagnosis_condition_problem",
                                  "qds_data_type": "diagnosis_active",
                                  "code_list_id": "2.16.840.1.113883.3.464.1003.102.12.1012",
                                  "type": "conditions",
                                  "definition": "diagnosis",
                                  "status": "active",
                                  "hard_status": false,
                                  "negation": false,
                                  "specific_occurrence": "A",
                                  "source_data_criteria": "OccurrenceAAcuteTonsillitis319"
                                }
                              ],
                              "derivation_operator": "UNION",
                              "type": "derived",
                              "definition": "derived",
                              "hard_status": false,
                              "negation": false,
                              "source_data_criteria": "GROUP_DURING_CHILDREN_128"
                            }
                          }
                        ]
                      },
                      {
                        "conjunction": "or",
                        "items": [
                          {
                            "title": "Acute Pharyngitis",
                            "description": "Diagnosis, Active: Acute Pharyngitis",
                            "standard_category": "diagnosis_condition_problem",
                            "qds_data_type": "diagnosis_active",
                            "code_list_id": "2.16.840.1.113883.3.464.1003.102.12.1011",
                            "type": "conditions",
                            "definition": "diagnosis",
                            "status": "active",
                            "hard_status": false,
                            "negation": false,
                            "specific_occurrence": "A",
                            "source_data_criteria": "OccurrenceAAcutePharyngitis318",
                            "temporal_references": [
                              {
                                "type": "SDU",
                                "reference": {
                                  "title": "Ambulatory/ED Visit",
                                  "description": "Encounter, Performed: Ambulatory/ED Visit",
                                  "standard_category": "encounter",
                                  "qds_data_type": "encounter",
                                  "code_list_id": "2.16.840.1.113883.3.464.1003.101.12.1061",
                                  "type": "encounters",
                                  "definition": "encounter",
                                  "status": "performed",
                                  "hard_status": false,
                                  "negation": false,
                                  "specific_occurrence": "B",
                                  "source_data_criteria": "OccurrenceBAmbulatoryEdVisit321"
                                }
                              }
                            ]
                          },
                          {
                            "title": "Acute Tonsillitis",
                            "description": "Diagnosis, Active: Acute Tonsillitis",
                            "standard_category": "diagnosis_condition_problem",
                            "qds_data_type": "diagnosis_active",
                            "code_list_id": "2.16.840.1.113883.3.464.1003.102.12.1012",
                            "type": "conditions",
                            "definition": "diagnosis",
                            "status": "active",
                            "hard_status": false,
                            "negation": false,
                            "specific_occurrence": "A",
                            "source_data_criteria": "OccurrenceAAcuteTonsillitis319",
                            "temporal_references": [
                              {
                                "type": "SDU",
                                "reference": {
                                  "title": "Ambulatory/ED Visit",
                                  "description": "Encounter, Performed: Ambulatory/ED Visit",
                                  "standard_category": "encounter",
                                  "qds_data_type": "encounter",
                                  "code_list_id": "2.16.840.1.113883.3.464.1003.101.12.1061",
                                  "type": "encounters",
                                  "definition": "encounter",
                                  "status": "performed",
                                  "hard_status": false,
                                  "negation": false,
                                  "specific_occurrence": "B",
                                  "source_data_criteria": "OccurrenceBAmbulatoryEdVisit321"
                                }
                              }
                            ]
                          }
                        ],
                        "negation": null,
                        "precondition_id": 6909
                      }
                    ],
                    "negation": null,
                    "precondition_id": 6912
                  }
                ],
                "negation": null,
                "precondition_id": 6914
              }
            ],
            "negation": true,
            "precondition_id": 6946
          }
        ],
        "negation": null,
        "precondition_id": 6947
      }
    ]
  },
  "denominator": {
    "conjunction": "and",
    "items": [

    ]
  },
  "numerator": {
    "conjunction": "and",
    "items": [
      {
        "conjunction": "and",
        "items": [
          {
            "conjunction": "or",
            "items": [
              {
                "title": "Group A Streptococcus Test",
                "description": "Laboratory Test, Result: Group A Streptococcus Test",
                "standard_category": "laboratory_test",
                "qds_data_type": "laboratory_test",
                "code_list_id": "2.16.840.1.113883.3.464.1003.198.12.1012",
                "type": "laboratory_tests",
                "definition": "laboratory_test",
                "hard_status": false,
                "negation": false,
                "source_data_criteria": "LaboratoryTestResultGroupAStreptococcusTest",
                "value": {
                  "type": "ANYNonNull"
                },
                "temporal_references": [
                  {
                    "type": "SBE",
                    "reference": {
                      "title": "Ambulatory/ED Visit",
                      "description": "Encounter, Performed: Ambulatory/ED Visit",
                      "standard_category": "encounter",
                      "qds_data_type": "encounter",
                      "code_list_id": "2.16.840.1.113883.3.464.1003.101.12.1061",
                      "type": "encounters",
                      "definition": "encounter",
                      "status": "performed",
                      "hard_status": false,
                      "negation": false,
                      "specific_occurrence": "A",
                      "source_data_criteria": "OccurrenceAAmbulatoryEdVisit320"
                    },
                    "range": {
                      "type": "IVL_PQ",
                      "high": {
                        "type": "PQ",
                        "unit": "d",
                        "value": "3",
                        "inclusive?": true,
                        "derived?": false
                      }
                    }
                  }
                ]
              },
              {
                "title": "Group A Streptococcus Test",
                "description": "Laboratory Test, Result: Group A Streptococcus Test",
                "standard_category": "laboratory_test",
                "qds_data_type": "laboratory_test",
                "code_list_id": "2.16.840.1.113883.3.464.1003.198.12.1012",
                "type": "laboratory_tests",
                "definition": "laboratory_test",
                "hard_status": false,
                "negation": false,
                "source_data_criteria": "LaboratoryTestResultGroupAStreptococcusTest",
                "value": {
                  "type": "ANYNonNull"
                },
                "temporal_references": [
                  {
                    "type": "SAE",
                    "reference": {
                      "title": "Ambulatory/ED Visit",
                      "description": "Encounter, Performed: Ambulatory/ED Visit",
                      "standard_category": "encounter",
                      "qds_data_type": "encounter",
                      "code_list_id": "2.16.840.1.113883.3.464.1003.101.12.1061",
                      "type": "encounters",
                      "definition": "encounter",
                      "status": "performed",
                      "hard_status": false,
                      "negation": false,
                      "specific_occurrence": "A",
                      "source_data_criteria": "OccurrenceAAmbulatoryEdVisit320"
                    },
                    "range": {
                      "type": "IVL_PQ",
                      "high": {
                        "type": "PQ",
                        "unit": "d",
                        "value": "3",
                        "inclusive?": true,
                        "derived?": false
                      }
                    }
                  }
                ]
              }
            ],
            "negation": null,
            "precondition_id": 6885
          }
        ],
        "negation": null,
        "precondition_id": 6887
      }
    ]
  },
  "exclusions": {
    "conjunction": "and",
    "items": [
      {
        "conjunction": "and",
        "items": [
          {
            "title": "Antibiotic Medications",
            "description": "Medication, Active: Antibiotic Medications",
            "standard_category": "medication",
            "qds_data_type": "medication_active",
            "code_list_id": "2.16.840.1.113883.3.464.1003.196.12.1001",
            "type": "medications",
            "definition": "medication",
            "status": "active",
            "hard_status": false,
            "negation": false,
            "source_data_criteria": "MedicationActiveAntibioticMedications",
            "temporal_references": [
              {
                "type": "SBS",
                "reference": {
                  "title": "GROUP_SBS_CHILDREN_126",
                  "description": "",
                  "standard_category": "",
                  "qds_data_type": "",
                  "children_criteria": [
                    {
                      "title": "Acute Pharyngitis",
                      "description": "Diagnosis, Active: Acute Pharyngitis",
                      "standard_category": "diagnosis_condition_problem",
                      "qds_data_type": "diagnosis_active",
                      "code_list_id": "2.16.840.1.113883.3.464.1003.102.12.1011",
                      "type": "conditions",
                      "definition": "diagnosis",
                      "status": "active",
                      "hard_status": false,
                      "negation": false,
                      "specific_occurrence": "A",
                      "source_data_criteria": "OccurrenceAAcutePharyngitis318"
                    },
                    {
                      "title": "Acute Tonsillitis",
                      "description": "Diagnosis, Active: Acute Tonsillitis",
                      "standard_category": "diagnosis_condition_problem",
                      "qds_data_type": "diagnosis_active",
                      "code_list_id": "2.16.840.1.113883.3.464.1003.102.12.1012",
                      "type": "conditions",
                      "definition": "diagnosis",
                      "status": "active",
                      "hard_status": false,
                      "negation": false,
                      "specific_occurrence": "A",
                      "source_data_criteria": "OccurrenceAAcuteTonsillitis319"
                    }
                  ],
                  "derivation_operator": "UNION",
                  "type": "derived",
                  "definition": "derived",
                  "hard_status": false,
                  "negation": false,
                  "source_data_criteria": "GROUP_SBS_CHILDREN_126"
                },
                "range": {
                  "type": "IVL_PQ",
                  "high": {
                    "type": "PQ",
                    "unit": "d",
                    "value": "30",
                    "inclusive?": true,
                    "derived?": false
                  }
                }
              }
            ]
          }
        ],
        "negation": null,
        "precondition_id": 6880
      }
    ]
  },
  "map_fn": "function() {\n        var patient = this;\n        var effective_date = <%= effective_date %>;\n\n        hqmfjs = {}\n        <%= init_js_frameworks %>\n        \n        \n      var patient_api = new hQuery.Patient(patient);\n\n      \n\n      // clear out logger\n      if (typeof Logger != 'undefined') Logger.logger = [];\n      // turn on logging if it is enabled\n      if (Logger.enabled) enableLogging();\n      \n      \n        // #########################\n        // ##### DATA ELEMENTS #####\n        // #########################\n\n        OidDictionary = <%= oid_dictionary %>;\n        \n        // Measure variables\nvar MeasurePeriod = {\n  \"low\": new TS(\"20100101\", null, true),\n  \"high\": new TS(\"20110101\", null, true)\n}\nhqmfjs.MeasurePeriod = function(patient) {\n  return [new hQuery.CodedEntry(\n    {\n      \"start_time\": MeasurePeriod.low.asDate().getTime()/1000,\n      \"end_time\": MeasurePeriod.high.asDate().getTime()/1000,\n      \"codes\": {}\n    }\n  )];\n}\nif (typeof effective_date === 'number') {\n  MeasurePeriod.high.date = new Date(1000*effective_date);\n  MeasurePeriod.low.date = new Date(1000*effective_date);\n  MeasurePeriod.low.date.setFullYear(MeasurePeriod.low.date.getFullYear()-1);\n}\n\n// Data critera\nhqmfjs.OccurrenceAAcutePharyngitis318 = function(patient) {\n  var events = patient.allProblems();\n  events.specific_occurrence = 'OccurrenceAAcutePharyngitis318'\n  events = events.withStatuses([\"active\"]);\n  events = events.withoutNegation();\n  var codes = getCodes(\"2.16.840.1.113883.3.464.1003.102.12.1011\");\n  var start = null;\n  var end = null;\n  events = events.match(codes, start, end, true);\n\n  events.specificContext=new Specifics(Row.buildForDataCriteria(events.specific_occurrence, events))\n  return events;\n}\n\nhqmfjs.OccurrenceAAcuteTonsillitis319 = function(patient) {\n  var events = patient.allProblems();\n  events.specific_occurrence = 'OccurrenceAAcuteTonsillitis319'\n  events = events.withStatuses([\"active\"]);\n  events = events.withoutNegation();\n  var codes = getCodes(\"2.16.840.1.113883.3.464.1003.102.12.1012\");\n  var start = null;\n  var end = null;\n  events = events.match(codes, start, end, true);\n\n  events.specificContext=new Specifics(Row.buildForDataCriteria(events.specific_occurrence, events))\n  return events;\n}\n\nhqmfjs.OccurrenceAAmbulatoryEdVisit320 = function(patient) {\n  var events = patient.encounters();\n  events.specific_occurrence = 'OccurrenceAAmbulatoryEdVisit320'\n  events = events.withStatuses([\"performed\"]);\n  events = events.withoutNegation();\n  var codes = getCodes(\"2.16.840.1.113883.3.464.1003.101.12.1061\");\n  var start = null;\n  var end = null;\n  events = events.match(codes, start, end, true);\n\n  events.specificContext=new Specifics(Row.buildForDataCriteria(events.specific_occurrence, events))\n  return events;\n}\n\nhqmfjs.OccurrenceBAmbulatoryEdVisit321 = function(patient) {\n  var events = patient.encounters();\n  events.specific_occurrence = 'OccurrenceBAmbulatoryEdVisit321'\n  events = events.withStatuses([\"performed\"]);\n  events = events.withoutNegation();\n  var codes = getCodes(\"2.16.840.1.113883.3.464.1003.101.12.1061\");\n  var start = null;\n  var end = null;\n  events = events.match(codes, start, end, true);\n\n  events.specificContext=new Specifics(Row.buildForDataCriteria(events.specific_occurrence, events))\n  return events;\n}\n\nhqmfjs.DiagnosisActiveAcutePharyngitis = function(patient) {\n  var events = patient.allProblems();\n  events = events.withStatuses([\"active\"]);\n  events = events.withoutNegation();\n  var codes = getCodes(\"2.16.840.1.113883.3.464.1003.102.12.1011\");\n  var start = null;\n  var end = null;\n  events = events.match(codes, start, end, true);\n\n  events.specificContext=Specifics.identity()\n  return events;\n}\n\nhqmfjs.DiagnosisActiveAcuteTonsillitis = function(patient) {\n  var events = patient.allProblems();\n  events = events.withStatuses([\"active\"]);\n  events = events.withoutNegation();\n  var codes = getCodes(\"2.16.840.1.113883.3.464.1003.102.12.1012\");\n  var start = null;\n  var end = null;\n  events = events.match(codes, start, end, true);\n\n  events.specificContext=Specifics.identity()\n  return events;\n}\n\nhqmfjs.EncounterPerformedAmbulatoryEdVisit = function(patient) {\n  var events = patient.encounters();\n  events = events.withStatuses([\"performed\"]);\n  events = events.withoutNegation();\n  var codes = getCodes(\"2.16.840.1.113883.3.464.1003.101.12.1061\");\n  var start = null;\n  var end = null;\n  events = events.match(codes, start, end, true);\n\n  events.specificContext=Specifics.identity()\n  return events;\n}\n\nhqmfjs.OccurrenceAAmbulatoryEdVisit320 = function(patient) {\n  var events = patient.encounters();\n  events.specific_occurrence = 'OccurrenceAAmbulatoryEdVisit320'\n  events = events.withStatuses([\"performed\"]);\n  events = events.withoutNegation();\n  var codes = getCodes(\"2.16.840.1.113883.3.464.1003.101.12.1061\");\n  var start = null;\n  var end = null;\n  events = events.match(codes, start, end, true);\n\n  events.specificContext=new Specifics(Row.buildForDataCriteria(events.specific_occurrence, events))\n  return events;\n}\n\nhqmfjs.OccurrenceBAmbulatoryEdVisit321 = function(patient) {\n  var events = patient.encounters();\n  events.specific_occurrence = 'OccurrenceBAmbulatoryEdVisit321'\n  events = events.withStatuses([\"performed\"]);\n  events = events.withoutNegation();\n  var codes = getCodes(\"2.16.840.1.113883.3.464.1003.101.12.1061\");\n  var start = null;\n  var end = null;\n  events = events.match(codes, start, end, true);\n\n  events.specificContext=new Specifics(Row.buildForDataCriteria(events.specific_occurrence, events))\n  return events;\n}\n\nhqmfjs.OccurrenceAAcutePharyngitis318_precondition_6873 = function(patient) {\n  var events = patient.allProblems();\n  events.specific_occurrence = 'OccurrenceAAcutePharyngitis318'\n  events = events.withStatuses([\"active\"]);\n  events = events.withoutNegation();\n  var codes = getCodes(\"2.16.840.1.113883.3.464.1003.102.12.1011\");\n  var start = null;\n  var end = null;\n  events = events.match(codes, start, end, true);\n\n  events.specificContext=new Specifics(Row.buildForDataCriteria(events.specific_occurrence, events))\n  return events;\n}\n\nhqmfjs.OccurrenceAAcuteTonsillitis319_precondition_6875 = function(patient) {\n  var events = patient.allProblems();\n  events.specific_occurrence = 'OccurrenceAAcuteTonsillitis319'\n  events = events.withStatuses([\"active\"]);\n  events = events.withoutNegation();\n  var codes = getCodes(\"2.16.840.1.113883.3.464.1003.102.12.1012\");\n  var start = null;\n  var end = null;\n  events = events.match(codes, start, end, true);\n\n  events.specificContext=new Specifics(Row.buildForDataCriteria(events.specific_occurrence, events))\n  return events;\n}\n\nhqmfjs.MedicationActiveAntibioticMedications_precondition_6878 = function(patient) {\n  var events = patient.allMedications();\n  events = events.withStatuses([\"active\"]);\n  events = events.withoutNegation();\n  var codes = getCodes(\"2.16.840.1.113883.3.464.1003.196.12.1001\");\n  var start = null;\n  var end = null;\n  events = events.match(codes, start, end, true);\n\n  events = SBS(events, hqmfjs.GROUP_SBS_CHILDREN_126(patient), new IVL_PQ(null, new PQ(30, \"d\", true)));\n  return events;\n}\n\nhqmfjs.GROUP_SBS_CHILDREN_126 = function(patient) {\n  var events = UNION(\n    hqmfjs.OccurrenceAAcutePharyngitis318_precondition_6873(patient),\n    hqmfjs.OccurrenceAAcuteTonsillitis319_precondition_6875(patient)\n  );\n\n  events.specificContext=Specifics.identity()\n  return events;\n}\n\nhqmfjs.LaboratoryTestResultGroupAStreptococcusTest_precondition_6881 = function(patient) {\n  var events = patient.laboratoryTests();\n  events = events.withoutNegation();\n  var codes = getCodes(\"2.16.840.1.113883.3.464.1003.198.12.1012\");\n  var start = null;\n  var end = null;\n  events = events.match(codes, start, end, true);\n\n  events = filterEventsByValue(events, new ANYNonNull());\n  events = SBE(events, hqmfjs.OccurrenceAAmbulatoryEdVisit320(patient), new IVL_PQ(null, new PQ(3, \"d\", true)));\n  return events;\n}\n\nhqmfjs.LaboratoryTestResultGroupAStreptococcusTest_precondition_6883 = function(patient) {\n  var events = patient.laboratoryTests();\n  events = events.withoutNegation();\n  var codes = getCodes(\"2.16.840.1.113883.3.464.1003.198.12.1012\");\n  var start = null;\n  var end = null;\n  events = events.match(codes, start, end, true);\n\n  events = filterEventsByValue(events, new ANYNonNull());\n  events = SAE(events, hqmfjs.OccurrenceAAmbulatoryEdVisit320(patient), new IVL_PQ(null, new PQ(3, \"d\", true)));\n  return events;\n}\n\nhqmfjs.PatientCharacteristicBirthdateBirthDate_precondition_6916 = function(patient) {\nvar value = patient.birthtime();\nvar events = [value];\nevents = SBS(events, hqmfjs.MeasurePeriod(patient), new IVL_PQ(new PQ(2, \"a\", true), null));\nevents.specificContext=Specifics.identity();\nreturn events;\n\n}\n\nhqmfjs.PatientCharacteristicBirthdateBirthDate_precondition_6918 = function(patient) {\nvar value = patient.birthtime();\nvar events = [value];\nevents = SBS(events, hqmfjs.MeasurePeriod(patient), new IVL_PQ(null, new PQ(18, \"a\", true)));\nevents.specificContext=Specifics.identity();\nreturn events;\n\n}\n\nhqmfjs.OccurrenceAAmbulatoryEdVisit320_precondition_6920 = function(patient) {\n  var events = patient.encounters();\n  events.specific_occurrence = 'OccurrenceAAmbulatoryEdVisit320'\n  events = events.withStatuses([\"performed\"]);\n  events = events.withoutNegation();\n  var codes = getCodes(\"2.16.840.1.113883.3.464.1003.101.12.1061\");\n  var start = null;\n  var end = null;\n  events = events.match(codes, start, end, true);\n\n  events = DURING(events, hqmfjs.MeasurePeriod(patient));\n  return events;\n}\n\nhqmfjs.MedicationOrderAntibioticMedications_precondition_6922 = function(patient) {\n  var events = patient.allMedications();\n  events = events.withStatuses([\"ordered\"]);\n  events = events.withoutNegation();\n  var codes = getCodes(\"2.16.840.1.113883.3.464.1003.196.12.1001\");\n  var start = null;\n  var end = null;\n  events = events.match(codes, start, end, true);\n\n  events = DURING(events, hqmfjs.OccurrenceAAmbulatoryEdVisit320(patient));\n  return events;\n}\n\nhqmfjs.MedicationOrderAntibioticMedications_precondition_6924 = function(patient) {\n  var events = patient.allMedications();\n  events = events.withStatuses([\"ordered\"]);\n  events = events.withoutNegation();\n  var codes = getCodes(\"2.16.840.1.113883.3.464.1003.196.12.1001\");\n  var start = null;\n  var end = null;\n  events = events.match(codes, start, end, true);\n\n  events = SAS(events, hqmfjs.OccurrenceAAmbulatoryEdVisit320(patient), new IVL_PQ(null, new PQ(3, \"d\", true)));\n  return events;\n}\n\nhqmfjs.OccurrenceAAcutePharyngitis318_precondition_6928 = function(patient) {\n  var events = patient.allProblems();\n  events.specific_occurrence = 'OccurrenceAAcutePharyngitis318'\n  events = events.withStatuses([\"active\"]);\n  events = events.withoutNegation();\n  var codes = getCodes(\"2.16.840.1.113883.3.464.1003.102.12.1011\");\n  var start = null;\n  var end = null;\n  events = events.match(codes, start, end, true);\n\n  events.specificContext=new Specifics(Row.buildForDataCriteria(events.specific_occurrence, events))\n  return events;\n}\n\nhqmfjs.OccurrenceAAcuteTonsillitis319_precondition_6930 = function(patient) {\n  var events = patient.allProblems();\n  events.specific_occurrence = 'OccurrenceAAcuteTonsillitis319'\n  events = events.withStatuses([\"active\"]);\n  events = events.withoutNegation();\n  var codes = getCodes(\"2.16.840.1.113883.3.464.1003.102.12.1012\");\n  var start = null;\n  var end = null;\n  events = events.match(codes, start, end, true);\n\n  events.specificContext=new Specifics(Row.buildForDataCriteria(events.specific_occurrence, events))\n  return events;\n}\n\nhqmfjs.OccurrenceAAmbulatoryEdVisit320_precondition_6933 = function(patient) {\n  var events = patient.encounters();\n  events.specific_occurrence = 'OccurrenceAAmbulatoryEdVisit320'\n  events = events.withStatuses([\"performed\"]);\n  events = events.withoutNegation();\n  var codes = getCodes(\"2.16.840.1.113883.3.464.1003.101.12.1061\");\n  var start = null;\n  var end = null;\n  events = events.match(codes, start, end, true);\n\n  events = DURING(events, hqmfjs.GROUP_DURING_CHILDREN_127(patient));\n  return events;\n}\n\nhqmfjs.GROUP_DURING_CHILDREN_127 = function(patient) {\n  var events = UNION(\n    hqmfjs.OccurrenceAAcutePharyngitis318_precondition_6928(patient),\n    hqmfjs.OccurrenceAAcuteTonsillitis319_precondition_6930(patient)\n  );\n\n  events.specificContext=Specifics.identity()\n  return events;\n}\n\nhqmfjs.OccurrenceAAmbulatoryEdVisit320_precondition_6940 = function(patient) {\n  var events = patient.encounters();\n  events.specific_occurrence = 'OccurrenceAAmbulatoryEdVisit320'\n  events = events.withStatuses([\"performed\"]);\n  events = events.withoutNegation();\n  var codes = getCodes(\"2.16.840.1.113883.3.464.1003.101.12.1061\");\n  var start = null;\n  var end = null;\n  events = events.match(codes, start, end, true);\n\n  events.specificContext=new Specifics(Row.buildForDataCriteria(events.specific_occurrence, events))\n  return events;\n}\n\nhqmfjs.OccurrenceAAcutePharyngitis318_precondition_6935 = function(patient) {\n  var events = patient.allProblems();\n  events.specific_occurrence = 'OccurrenceAAcutePharyngitis318'\n  events = events.withStatuses([\"active\"]);\n  events = events.withoutNegation();\n  var codes = getCodes(\"2.16.840.1.113883.3.464.1003.102.12.1011\");\n  var start = null;\n  var end = null;\n  events = events.match(codes, start, end, true);\n\n  events = SDU(events, hqmfjs.OccurrenceAAmbulatoryEdVisit320_precondition_6940(patient));\n  return events;\n}\n\nhqmfjs.OccurrenceAAcuteTonsillitis319_precondition_6937 = function(patient) {\n  var events = patient.allProblems();\n  events.specific_occurrence = 'OccurrenceAAcuteTonsillitis319'\n  events = events.withStatuses([\"active\"]);\n  events = events.withoutNegation();\n  var codes = getCodes(\"2.16.840.1.113883.3.464.1003.102.12.1012\");\n  var start = null;\n  var end = null;\n  events = events.match(codes, start, end, true);\n\n  events = SDU(events, hqmfjs.OccurrenceAAmbulatoryEdVisit320_precondition_6940(patient));\n  return events;\n}\n\nhqmfjs.OccurrenceBAmbulatoryEdVisit321_precondition_6888 = function(patient) {\n  var events = patient.encounters();\n  events.specific_occurrence = 'OccurrenceBAmbulatoryEdVisit321'\n  events = events.withStatuses([\"performed\"]);\n  events = events.withoutNegation();\n  var codes = getCodes(\"2.16.840.1.113883.3.464.1003.101.12.1061\");\n  var start = null;\n  var end = null;\n  events = events.match(codes, start, end, true);\n\n  events = DURING(events, hqmfjs.MeasurePeriod(patient));\n  return events;\n}\n\nhqmfjs.OccurrenceBAmbulatoryEdVisit321_precondition_6890 = function(patient) {\n  var events = patient.encounters();\n  events.specific_occurrence = 'OccurrenceBAmbulatoryEdVisit321'\n  events = events.withStatuses([\"performed\"]);\n  events = events.withoutNegation();\n  var codes = getCodes(\"2.16.840.1.113883.3.464.1003.101.12.1061\");\n  var start = null;\n  var end = null;\n  events = events.match(codes, start, end, true);\n\n  events = SBS(events, hqmfjs.OccurrenceAAmbulatoryEdVisit320(patient));\n  return events;\n}\n\nhqmfjs.MedicationOrderAntibioticMedications_precondition_6892 = function(patient) {\n  var events = patient.allMedications();\n  events = events.withStatuses([\"ordered\"]);\n  events = events.withoutNegation();\n  var codes = getCodes(\"2.16.840.1.113883.3.464.1003.196.12.1001\");\n  var start = null;\n  var end = null;\n  events = events.match(codes, start, end, true);\n\n  events = DURING(events, hqmfjs.OccurrenceBAmbulatoryEdVisit321(patient));\n  return events;\n}\n\nhqmfjs.MedicationOrderAntibioticMedications_precondition_6894 = function(patient) {\n  var events = patient.allMedications();\n  events = events.withStatuses([\"ordered\"]);\n  events = events.withoutNegation();\n  var codes = getCodes(\"2.16.840.1.113883.3.464.1003.196.12.1001\");\n  var start = null;\n  var end = null;\n  events = events.match(codes, start, end, true);\n\n  events = SAS(events, hqmfjs.OccurrenceBAmbulatoryEdVisit321(patient), new IVL_PQ(null, new PQ(3, \"d\", true)));\n  return events;\n}\n\nhqmfjs.OccurrenceAAcutePharyngitis318_precondition_6898 = function(patient) {\n  var events = patient.allProblems();\n  events.specific_occurrence = 'OccurrenceAAcutePharyngitis318'\n  events = events.withStatuses([\"active\"]);\n  events = events.withoutNegation();\n  var codes = getCodes(\"2.16.840.1.113883.3.464.1003.102.12.1011\");\n  var start = null;\n  var end = null;\n  events = events.match(codes, start, end, true);\n\n  events.specificContext=new Specifics(Row.buildForDataCriteria(events.specific_occurrence, events))\n  return events;\n}\n\nhqmfjs.OccurrenceAAcuteTonsillitis319_precondition_6900 = function(patient) {\n  var events = patient.allProblems();\n  events.specific_occurrence = 'OccurrenceAAcuteTonsillitis319'\n  events = events.withStatuses([\"active\"]);\n  events = events.withoutNegation();\n  var codes = getCodes(\"2.16.840.1.113883.3.464.1003.102.12.1012\");\n  var start = null;\n  var end = null;\n  events = events.match(codes, start, end, true);\n\n  events.specificContext=new Specifics(Row.buildForDataCriteria(events.specific_occurrence, events))\n  return events;\n}\n\nhqmfjs.OccurrenceBAmbulatoryEdVisit321_precondition_6903 = function(patient) {\n  var events = patient.encounters();\n  events.specific_occurrence = 'OccurrenceBAmbulatoryEdVisit321'\n  events = events.withStatuses([\"performed\"]);\n  events = events.withoutNegation();\n  var codes = getCodes(\"2.16.840.1.113883.3.464.1003.101.12.1061\");\n  var start = null;\n  var end = null;\n  events = events.match(codes, start, end, true);\n\n  events = DURING(events, hqmfjs.GROUP_DURING_CHILDREN_128(patient));\n  return events;\n}\n\nhqmfjs.GROUP_DURING_CHILDREN_128 = function(patient) {\n  var events = UNION(\n    hqmfjs.OccurrenceAAcutePharyngitis318_precondition_6898(patient),\n    hqmfjs.OccurrenceAAcuteTonsillitis319_precondition_6900(patient)\n  );\n\n  events.specificContext=Specifics.identity()\n  return events;\n}\n\nhqmfjs.OccurrenceBAmbulatoryEdVisit321_precondition_6910 = function(patient) {\n  var events = patient.encounters();\n  events.specific_occurrence = 'OccurrenceBAmbulatoryEdVisit321'\n  events = events.withStatuses([\"performed\"]);\n  events = events.withoutNegation();\n  var codes = getCodes(\"2.16.840.1.113883.3.464.1003.101.12.1061\");\n  var start = null;\n  var end = null;\n  events = events.match(codes, start, end, true);\n\n  events.specificContext=new Specifics(Row.buildForDataCriteria(events.specific_occurrence, events))\n  return events;\n}\n\nhqmfjs.OccurrenceAAcutePharyngitis318_precondition_6905 = function(patient) {\n  var events = patient.allProblems();\n  events.specific_occurrence = 'OccurrenceAAcutePharyngitis318'\n  events = events.withStatuses([\"active\"]);\n  events = events.withoutNegation();\n  var codes = getCodes(\"2.16.840.1.113883.3.464.1003.102.12.1011\");\n  var start = null;\n  var end = null;\n  events = events.match(codes, start, end, true);\n\n  events = SDU(events, hqmfjs.OccurrenceBAmbulatoryEdVisit321_precondition_6910(patient));\n  return events;\n}\n\nhqmfjs.OccurrenceAAcuteTonsillitis319_precondition_6907 = function(patient) {\n  var events = patient.allProblems();\n  events.specific_occurrence = 'OccurrenceAAcuteTonsillitis319'\n  events = events.withStatuses([\"active\"]);\n  events = events.withoutNegation();\n  var codes = getCodes(\"2.16.840.1.113883.3.464.1003.102.12.1012\");\n  var start = null;\n  var end = null;\n  events = events.match(codes, start, end, true);\n\n  events = SDU(events, hqmfjs.OccurrenceBAmbulatoryEdVisit321_precondition_6910(patient));\n  return events;\n}\n\n\n\n        // #########################\n        // ##### MEASURE LOGIC #####\n        // #########################\n        \n        hqmfjs.initializeSpecifics = function(patient_api, hqmfjs) { Specifics.initialize(patient_api,hqmfjs,{\"id\":\"OccurrenceAAcutePharyngitis318\",\"type\":\"\",\"function\":\"OccurrenceAAcutePharyngitis318\"},{\"id\":\"OccurrenceAAcuteTonsillitis319\",\"type\":\"\",\"function\":\"OccurrenceAAcuteTonsillitis319\"},{\"id\":\"OccurrenceAAmbulatoryEdVisit320\",\"type\":\"\",\"function\":\"OccurrenceAAmbulatoryEdVisit320\"},{\"id\":\"OccurrenceBAmbulatoryEdVisit321\",\"type\":\"\",\"function\":\"OccurrenceBAmbulatoryEdVisit321\"}) }\n\n        // INITIAL PATIENT POPULATION\n        hqmfjs.IPP = function(patient) {\n  return allTrue(  \n    allTrue(    \n      hqmfjs.PatientCharacteristicBirthdateBirthDate_precondition_6916(patient),    \n      hqmfjs.PatientCharacteristicBirthdateBirthDate_precondition_6918(patient),    \n      allTrue(      \n        hqmfjs.OccurrenceAAmbulatoryEdVisit320_precondition_6920(patient),      \n        atLeastOneTrue(        \n          hqmfjs.MedicationOrderAntibioticMedications_precondition_6922(patient),        \n          hqmfjs.MedicationOrderAntibioticMedications_precondition_6924(patient)\n        ),      \n        atLeastOneTrue(        \n          hqmfjs.OccurrenceAAmbulatoryEdVisit320_precondition_6933(patient),        \n          atLeastOneTrue(          \n            hqmfjs.OccurrenceAAcutePharyngitis318_precondition_6935(patient),          \n            hqmfjs.OccurrenceAAcuteTonsillitis319_precondition_6937(patient)\n          )\n        )\n      ),    \n      atLeastOneFalse(      \n        allTrue(        \n          hqmfjs.OccurrenceBAmbulatoryEdVisit321_precondition_6888(patient),        \n          hqmfjs.OccurrenceBAmbulatoryEdVisit321_precondition_6890(patient),        \n          atLeastOneTrue(          \n            hqmfjs.MedicationOrderAntibioticMedications_precondition_6892(patient),          \n            hqmfjs.MedicationOrderAntibioticMedications_precondition_6894(patient)\n          ),        \n          atLeastOneTrue(          \n            hqmfjs.OccurrenceBAmbulatoryEdVisit321_precondition_6903(patient),          \n            atLeastOneTrue(            \n              hqmfjs.OccurrenceAAcutePharyngitis318_precondition_6905(patient),            \n              hqmfjs.OccurrenceAAcuteTonsillitis319_precondition_6907(patient)\n            )\n          )\n        )\n      )\n    )\n  );\n};\n\n\n        // DENOMINATOR\n        hqmfjs.DENOM = function(patient) { return new Boolean(true); }\n        // NUMERATOR\n        hqmfjs.NUMER = function(patient) {\n  return allTrue(  \n    allTrue(    \n      atLeastOneTrue(      \n        hqmfjs.LaboratoryTestResultGroupAStreptococcusTest_precondition_6881(patient),      \n        hqmfjs.LaboratoryTestResultGroupAStreptococcusTest_precondition_6883(patient)\n      )\n    )\n  );\n};\n\n\n        hqmfjs.DENEX = function(patient) {\n  return atLeastOneTrue(  \n    allTrue(    \n      hqmfjs.MedicationActiveAntibioticMedications_precondition_6878(patient)\n    )\n  );\n};\n\n\n        hqmfjs.DENEXCEP = function(patient) { return new Boolean(false); }\n        \n\n      hqmfjs.initializeSpecifics(patient_api, hqmfjs)\n      \n      var population = function() {\n        return executeIfAvailable(hqmfjs.IPP, patient_api);\n      }\n      var denominator = function() {\n        return executeIfAvailable(hqmfjs.DENOM, patient_api);\n      }\n      var numerator = function() {\n        return executeIfAvailable(hqmfjs.NUMER, patient_api);\n      }\n      var exclusion = function() {\n        return executeIfAvailable(hqmfjs.DENEX, patient_api);\n      }\n      var denexcep = function() {\n        return executeIfAvailable(hqmfjs.DENEXCEP, patient_api);\n      }\n      \n      var executeIfAvailable = function(optionalFunction, arg) {\n        if (typeof(optionalFunction)==='function')\n          return optionalFunction(arg);\n        else\n          return false;\n      }\n\n      if (Logger.enabled) enableMeasureLogging(hqmfjs);\n\n      map(patient, population, denominator, numerator, exclusion, denexcep);\n      \n      };\n      ",
  "data_criteria": [
    {
      "MedicationActiveAntibioticMedications_precondition_6878": {
        "title": "Antibiotic Medications",
        "description": "Medication, Active: Antibiotic Medications",
        "standard_category": "medication",
        "qds_data_type": "medication_active",
        "code_list_id": "2.16.840.1.113883.3.464.1003.196.12.1001",
        "type": "medications",
        "definition": "medication",
        "status": "active",
        "hard_status": false,
        "negation": false,
        "source_data_criteria": "MedicationActiveAntibioticMedications",
        "temporal_references": [
          {
            "type": "SBS",
            "reference": "GROUP_SBS_CHILDREN_126",
            "range": {
              "type": "IVL_PQ",
              "high": {
                "type": "PQ",
                "unit": "d",
                "value": "30",
                "inclusive?": true,
                "derived?": false
              }
            }
          }
        ]
      }
    },
    {
      "GROUP_SBS_CHILDREN_126": {
        "title": "GROUP_SBS_CHILDREN_126",
        "description": "",
        "standard_category": "",
        "qds_data_type": "",
        "children_criteria": [
          "OccurrenceAAcutePharyngitis318_precondition_6873",
          "OccurrenceAAcuteTonsillitis319_precondition_6875"
        ],
        "derivation_operator": "UNION",
        "type": "derived",
        "definition": "derived",
        "hard_status": false,
        "negation": false,
        "source_data_criteria": "GROUP_SBS_CHILDREN_126"
      }
    },
    {
      "OccurrenceAAcutePharyngitis318_precondition_6873": {
        "title": "Acute Pharyngitis",
        "description": "Diagnosis, Active: Acute Pharyngitis",
        "standard_category": "diagnosis_condition_problem",
        "qds_data_type": "diagnosis_active",
        "code_list_id": "2.16.840.1.113883.3.464.1003.102.12.1011",
        "type": "conditions",
        "definition": "diagnosis",
        "status": "active",
        "hard_status": false,
        "negation": false,
        "specific_occurrence": "A",
        "source_data_criteria": "OccurrenceAAcutePharyngitis318"
      }
    },
    {
      "OccurrenceAAcuteTonsillitis319_precondition_6875": {
        "title": "Acute Tonsillitis",
        "description": "Diagnosis, Active: Acute Tonsillitis",
        "standard_category": "diagnosis_condition_problem",
        "qds_data_type": "diagnosis_active",
        "code_list_id": "2.16.840.1.113883.3.464.1003.102.12.1012",
        "type": "conditions",
        "definition": "diagnosis",
        "status": "active",
        "hard_status": false,
        "negation": false,
        "specific_occurrence": "A",
        "source_data_criteria": "OccurrenceAAcuteTonsillitis319"
      }
    },
    {
      "LaboratoryTestResultGroupAStreptococcusTest_precondition_6881": {
        "title": "Group A Streptococcus Test",
        "description": "Laboratory Test, Result: Group A Streptococcus Test",
        "standard_category": "laboratory_test",
        "qds_data_type": "laboratory_test",
        "code_list_id": "2.16.840.1.113883.3.464.1003.198.12.1012",
        "type": "laboratory_tests",
        "definition": "laboratory_test",
        "hard_status": false,
        "negation": false,
        "source_data_criteria": "LaboratoryTestResultGroupAStreptococcusTest",
        "value": {
          "type": "ANYNonNull"
        },
        "temporal_references": [
          {
            "type": "SBE",
            "reference": "OccurrenceAAmbulatoryEdVisit320",
            "range": {
              "type": "IVL_PQ",
              "high": {
                "type": "PQ",
                "unit": "d",
                "value": "3",
                "inclusive?": true,
                "derived?": false
              }
            }
          }
        ]
      }
    },
    {
      "OccurrenceAAmbulatoryEdVisit320": {
        "title": "Ambulatory/ED Visit",
        "description": "Encounter, Performed: Ambulatory/ED Visit",
        "standard_category": "encounter",
        "qds_data_type": "encounter",
        "code_list_id": "2.16.840.1.113883.3.464.1003.101.12.1061",
        "type": "encounters",
        "definition": "encounter",
        "status": "performed",
        "hard_status": false,
        "negation": false,
        "specific_occurrence": "A",
        "source_data_criteria": "OccurrenceAAmbulatoryEdVisit320"
      }
    },
    {
      "LaboratoryTestResultGroupAStreptococcusTest_precondition_6883": {
        "title": "Group A Streptococcus Test",
        "description": "Laboratory Test, Result: Group A Streptococcus Test",
        "standard_category": "laboratory_test",
        "qds_data_type": "laboratory_test",
        "code_list_id": "2.16.840.1.113883.3.464.1003.198.12.1012",
        "type": "laboratory_tests",
        "definition": "laboratory_test",
        "hard_status": false,
        "negation": false,
        "source_data_criteria": "LaboratoryTestResultGroupAStreptococcusTest",
        "value": {
          "type": "ANYNonNull"
        },
        "temporal_references": [
          {
            "type": "SAE",
            "reference": "OccurrenceAAmbulatoryEdVisit320",
            "range": {
              "type": "IVL_PQ",
              "high": {
                "type": "PQ",
                "unit": "d",
                "value": "3",
                "inclusive?": true,
                "derived?": false
              }
            }
          }
        ]
      }
    },
    {
      "PatientCharacteristicBirthdateBirthDate_precondition_6916": {
        "title": "birth date",
        "description": "Patient Characteristic Birthdate: birth date",
        "standard_category": "individual_characteristic",
        "qds_data_type": "individual_characteristic",
        "code_list_id": "2.16.840.1.113883.3.560.100.4",
        "property": "birthtime",
        "type": "characteristic",
        "definition": "patient_characteristic_birthdate",
        "hard_status": false,
        "negation": false,
        "source_data_criteria": "PatientCharacteristicBirthdateBirthDate",
        "inline_code_list": {
          "LOINC": [
            "21112-8"
          ]
        },
        "temporal_references": [
          {
            "type": "SBS",
            "reference": "MeasurePeriod",
            "range": {
              "type": "IVL_PQ",
              "low": {
                "type": "PQ",
                "unit": "a",
                "value": "2",
                "inclusive?": true,
                "derived?": false
              }
            }
          }
        ]
      }
    },
    {
      "PatientCharacteristicBirthdateBirthDate_precondition_6918": {
        "title": "birth date",
        "description": "Patient Characteristic Birthdate: birth date",
        "standard_category": "individual_characteristic",
        "qds_data_type": "individual_characteristic",
        "code_list_id": "2.16.840.1.113883.3.560.100.4",
        "property": "birthtime",
        "type": "characteristic",
        "definition": "patient_characteristic_birthdate",
        "hard_status": false,
        "negation": false,
        "source_data_criteria": "PatientCharacteristicBirthdateBirthDate",
        "inline_code_list": {
          "LOINC": [
            "21112-8"
          ]
        },
        "temporal_references": [
          {
            "type": "SBS",
            "reference": "MeasurePeriod",
            "range": {
              "type": "IVL_PQ",
              "high": {
                "type": "PQ",
                "unit": "a",
                "value": "18",
                "inclusive?": true,
                "derived?": false
              }
            }
          }
        ]
      }
    },
    {
      "OccurrenceAAmbulatoryEdVisit320_precondition_6920": {
        "title": "Ambulatory/ED Visit",
        "description": "Encounter, Performed: Ambulatory/ED Visit",
        "standard_category": "encounter",
        "qds_data_type": "encounter",
        "code_list_id": "2.16.840.1.113883.3.464.1003.101.12.1061",
        "type": "encounters",
        "definition": "encounter",
        "status": "performed",
        "hard_status": false,
        "negation": false,
        "specific_occurrence": "A",
        "source_data_criteria": "OccurrenceAAmbulatoryEdVisit320",
        "temporal_references": [
          {
            "type": "DURING",
            "reference": "MeasurePeriod"
          }
        ]
      }
    },
    {
      "MedicationOrderAntibioticMedications_precondition_6922": {
        "title": "Antibiotic Medications",
        "description": "Medication, Order: Antibiotic Medications",
        "standard_category": "medication",
        "qds_data_type": "medication_order",
        "code_list_id": "2.16.840.1.113883.3.464.1003.196.12.1001",
        "type": "medications",
        "definition": "medication",
        "status": "ordered",
        "hard_status": false,
        "negation": false,
        "source_data_criteria": "MedicationOrderAntibioticMedications",
        "temporal_references": [
          {
            "type": "DURING",
            "reference": "OccurrenceAAmbulatoryEdVisit320"
          }
        ]
      }
    },
    {
      "MedicationOrderAntibioticMedications_precondition_6924": {
        "title": "Antibiotic Medications",
        "description": "Medication, Order: Antibiotic Medications",
        "standard_category": "medication",
        "qds_data_type": "medication_order",
        "code_list_id": "2.16.840.1.113883.3.464.1003.196.12.1001",
        "type": "medications",
        "definition": "medication",
        "status": "ordered",
        "hard_status": false,
        "negation": false,
        "source_data_criteria": "MedicationOrderAntibioticMedications",
        "temporal_references": [
          {
            "type": "SAS",
            "reference": "OccurrenceAAmbulatoryEdVisit320",
            "range": {
              "type": "IVL_PQ",
              "high": {
                "type": "PQ",
                "unit": "d",
                "value": "3",
                "inclusive?": true,
                "derived?": false
              }
            }
          }
        ]
      }
    },
    {
      "OccurrenceAAmbulatoryEdVisit320_precondition_6933": {
        "title": "Ambulatory/ED Visit",
        "description": "Encounter, Performed: Ambulatory/ED Visit",
        "standard_category": "encounter",
        "qds_data_type": "encounter",
        "code_list_id": "2.16.840.1.113883.3.464.1003.101.12.1061",
        "type": "encounters",
        "definition": "encounter",
        "status": "performed",
        "hard_status": false,
        "negation": false,
        "specific_occurrence": "A",
        "source_data_criteria": "OccurrenceAAmbulatoryEdVisit320",
        "temporal_references": [
          {
            "type": "DURING",
            "reference": "GROUP_DURING_CHILDREN_127"
          }
        ]
      }
    },
    {
      "GROUP_DURING_CHILDREN_127": {
        "title": "GROUP_DURING_CHILDREN_127",
        "description": "",
        "standard_category": "",
        "qds_data_type": "",
        "children_criteria": [
          "OccurrenceAAcutePharyngitis318_precondition_6928",
          "OccurrenceAAcuteTonsillitis319_precondition_6930"
        ],
        "derivation_operator": "UNION",
        "type": "derived",
        "definition": "derived",
        "hard_status": false,
        "negation": false,
        "source_data_criteria": "GROUP_DURING_CHILDREN_127"
      }
    },
    {
      "OccurrenceAAcutePharyngitis318_precondition_6928": {
        "title": "Acute Pharyngitis",
        "description": "Diagnosis, Active: Acute Pharyngitis",
        "standard_category": "diagnosis_condition_problem",
        "qds_data_type": "diagnosis_active",
        "code_list_id": "2.16.840.1.113883.3.464.1003.102.12.1011",
        "type": "conditions",
        "definition": "diagnosis",
        "status": "active",
        "hard_status": false,
        "negation": false,
        "specific_occurrence": "A",
        "source_data_criteria": "OccurrenceAAcutePharyngitis318"
      }
    },
    {
      "OccurrenceAAcuteTonsillitis319_precondition_6930": {
        "title": "Acute Tonsillitis",
        "description": "Diagnosis, Active: Acute Tonsillitis",
        "standard_category": "diagnosis_condition_problem",
        "qds_data_type": "diagnosis_active",
        "code_list_id": "2.16.840.1.113883.3.464.1003.102.12.1012",
        "type": "conditions",
        "definition": "diagnosis",
        "status": "active",
        "hard_status": false,
        "negation": false,
        "specific_occurrence": "A",
        "source_data_criteria": "OccurrenceAAcuteTonsillitis319"
      }
    },
    {
      "OccurrenceAAcutePharyngitis318_precondition_6935": {
        "title": "Acute Pharyngitis",
        "description": "Diagnosis, Active: Acute Pharyngitis",
        "standard_category": "diagnosis_condition_problem",
        "qds_data_type": "diagnosis_active",
        "code_list_id": "2.16.840.1.113883.3.464.1003.102.12.1011",
        "type": "conditions",
        "definition": "diagnosis",
        "status": "active",
        "hard_status": false,
        "negation": false,
        "specific_occurrence": "A",
        "source_data_criteria": "OccurrenceAAcutePharyngitis318",
        "temporal_references": [
          {
            "type": "SDU",
            "reference": "OccurrenceAAmbulatoryEdVisit320_precondition_6940"
          }
        ]
      }
    },
    {
      "OccurrenceAAmbulatoryEdVisit320_precondition_6940": {
        "title": "Ambulatory/ED Visit",
        "description": "Encounter, Performed: Ambulatory/ED Visit",
        "standard_category": "encounter",
        "qds_data_type": "encounter",
        "code_list_id": "2.16.840.1.113883.3.464.1003.101.12.1061",
        "type": "encounters",
        "definition": "encounter",
        "status": "performed",
        "hard_status": false,
        "negation": false,
        "specific_occurrence": "A",
        "source_data_criteria": "OccurrenceAAmbulatoryEdVisit320"
      }
    },
    {
      "OccurrenceAAcuteTonsillitis319_precondition_6937": {
        "title": "Acute Tonsillitis",
        "description": "Diagnosis, Active: Acute Tonsillitis",
        "standard_category": "diagnosis_condition_problem",
        "qds_data_type": "diagnosis_active",
        "code_list_id": "2.16.840.1.113883.3.464.1003.102.12.1012",
        "type": "conditions",
        "definition": "diagnosis",
        "status": "active",
        "hard_status": false,
        "negation": false,
        "specific_occurrence": "A",
        "source_data_criteria": "OccurrenceAAcuteTonsillitis319",
        "temporal_references": [
          {
            "type": "SDU",
            "reference": "OccurrenceAAmbulatoryEdVisit320_precondition_6940"
          }
        ]
      }
    },
    {
      "OccurrenceBAmbulatoryEdVisit321_precondition_6888": {
        "title": "Ambulatory/ED Visit",
        "description": "Encounter, Performed: Ambulatory/ED Visit",
        "standard_category": "encounter",
        "qds_data_type": "encounter",
        "code_list_id": "2.16.840.1.113883.3.464.1003.101.12.1061",
        "type": "encounters",
        "definition": "encounter",
        "status": "performed",
        "hard_status": false,
        "negation": false,
        "specific_occurrence": "B",
        "source_data_criteria": "OccurrenceBAmbulatoryEdVisit321",
        "temporal_references": [
          {
            "type": "DURING",
            "reference": "MeasurePeriod"
          }
        ]
      }
    },
    {
      "OccurrenceBAmbulatoryEdVisit321_precondition_6890": {
        "title": "Ambulatory/ED Visit",
        "description": "Encounter, Performed: Ambulatory/ED Visit",
        "standard_category": "encounter",
        "qds_data_type": "encounter",
        "code_list_id": "2.16.840.1.113883.3.464.1003.101.12.1061",
        "type": "encounters",
        "definition": "encounter",
        "status": "performed",
        "hard_status": false,
        "negation": false,
        "specific_occurrence": "B",
        "source_data_criteria": "OccurrenceBAmbulatoryEdVisit321",
        "temporal_references": [
          {
            "type": "SBS",
            "reference": "OccurrenceAAmbulatoryEdVisit320"
          }
        ]
      }
    },
    {
      "MedicationOrderAntibioticMedications_precondition_6892": {
        "title": "Antibiotic Medications",
        "description": "Medication, Order: Antibiotic Medications",
        "standard_category": "medication",
        "qds_data_type": "medication_order",
        "code_list_id": "2.16.840.1.113883.3.464.1003.196.12.1001",
        "type": "medications",
        "definition": "medication",
        "status": "ordered",
        "hard_status": false,
        "negation": false,
        "source_data_criteria": "MedicationOrderAntibioticMedications",
        "temporal_references": [
          {
            "type": "DURING",
            "reference": "OccurrenceBAmbulatoryEdVisit321"
          }
        ]
      }
    },
    {
      "OccurrenceBAmbulatoryEdVisit321": {
        "title": "Ambulatory/ED Visit",
        "description": "Encounter, Performed: Ambulatory/ED Visit",
        "standard_category": "encounter",
        "qds_data_type": "encounter",
        "code_list_id": "2.16.840.1.113883.3.464.1003.101.12.1061",
        "type": "encounters",
        "definition": "encounter",
        "status": "performed",
        "hard_status": false,
        "negation": false,
        "specific_occurrence": "B",
        "source_data_criteria": "OccurrenceBAmbulatoryEdVisit321"
      }
    },
    {
      "MedicationOrderAntibioticMedications_precondition_6894": {
        "title": "Antibiotic Medications",
        "description": "Medication, Order: Antibiotic Medications",
        "standard_category": "medication",
        "qds_data_type": "medication_order",
        "code_list_id": "2.16.840.1.113883.3.464.1003.196.12.1001",
        "type": "medications",
        "definition": "medication",
        "status": "ordered",
        "hard_status": false,
        "negation": false,
        "source_data_criteria": "MedicationOrderAntibioticMedications",
        "temporal_references": [
          {
            "type": "SAS",
            "reference": "OccurrenceBAmbulatoryEdVisit321",
            "range": {
              "type": "IVL_PQ",
              "high": {
                "type": "PQ",
                "unit": "d",
                "value": "3",
                "inclusive?": true,
                "derived?": false
              }
            }
          }
        ]
      }
    },
    {
      "OccurrenceBAmbulatoryEdVisit321_precondition_6903": {
        "title": "Ambulatory/ED Visit",
        "description": "Encounter, Performed: Ambulatory/ED Visit",
        "standard_category": "encounter",
        "qds_data_type": "encounter",
        "code_list_id": "2.16.840.1.113883.3.464.1003.101.12.1061",
        "type": "encounters",
        "definition": "encounter",
        "status": "performed",
        "hard_status": false,
        "negation": false,
        "specific_occurrence": "B",
        "source_data_criteria": "OccurrenceBAmbulatoryEdVisit321",
        "temporal_references": [
          {
            "type": "DURING",
            "reference": "GROUP_DURING_CHILDREN_128"
          }
        ]
      }
    },
    {
      "GROUP_DURING_CHILDREN_128": {
        "title": "GROUP_DURING_CHILDREN_128",
        "description": "",
        "standard_category": "",
        "qds_data_type": "",
        "children_criteria": [
          "OccurrenceAAcutePharyngitis318_precondition_6898",
          "OccurrenceAAcuteTonsillitis319_precondition_6900"
        ],
        "derivation_operator": "UNION",
        "type": "derived",
        "definition": "derived",
        "hard_status": false,
        "negation": false,
        "source_data_criteria": "GROUP_DURING_CHILDREN_128"
      }
    },
    {
      "OccurrenceAAcutePharyngitis318_precondition_6898": {
        "title": "Acute Pharyngitis",
        "description": "Diagnosis, Active: Acute Pharyngitis",
        "standard_category": "diagnosis_condition_problem",
        "qds_data_type": "diagnosis_active",
        "code_list_id": "2.16.840.1.113883.3.464.1003.102.12.1011",
        "type": "conditions",
        "definition": "diagnosis",
        "status": "active",
        "hard_status": false,
        "negation": false,
        "specific_occurrence": "A",
        "source_data_criteria": "OccurrenceAAcutePharyngitis318"
      }
    },
    {
      "OccurrenceAAcuteTonsillitis319_precondition_6900": {
        "title": "Acute Tonsillitis",
        "description": "Diagnosis, Active: Acute Tonsillitis",
        "standard_category": "diagnosis_condition_problem",
        "qds_data_type": "diagnosis_active",
        "code_list_id": "2.16.840.1.113883.3.464.1003.102.12.1012",
        "type": "conditions",
        "definition": "diagnosis",
        "status": "active",
        "hard_status": false,
        "negation": false,
        "specific_occurrence": "A",
        "source_data_criteria": "OccurrenceAAcuteTonsillitis319"
      }
    },
    {
      "OccurrenceAAcutePharyngitis318_precondition_6905": {
        "title": "Acute Pharyngitis",
        "description": "Diagnosis, Active: Acute Pharyngitis",
        "standard_category": "diagnosis_condition_problem",
        "qds_data_type": "diagnosis_active",
        "code_list_id": "2.16.840.1.113883.3.464.1003.102.12.1011",
        "type": "conditions",
        "definition": "diagnosis",
        "status": "active",
        "hard_status": false,
        "negation": false,
        "specific_occurrence": "A",
        "source_data_criteria": "OccurrenceAAcutePharyngitis318",
        "temporal_references": [
          {
            "type": "SDU",
            "reference": "OccurrenceBAmbulatoryEdVisit321_precondition_6910"
          }
        ]
      }
    },
    {
      "OccurrenceBAmbulatoryEdVisit321_precondition_6910": {
        "title": "Ambulatory/ED Visit",
        "description": "Encounter, Performed: Ambulatory/ED Visit",
        "standard_category": "encounter",
        "qds_data_type": "encounter",
        "code_list_id": "2.16.840.1.113883.3.464.1003.101.12.1061",
        "type": "encounters",
        "definition": "encounter",
        "status": "performed",
        "hard_status": false,
        "negation": false,
        "specific_occurrence": "B",
        "source_data_criteria": "OccurrenceBAmbulatoryEdVisit321"
      }
    },
    {
      "OccurrenceAAcuteTonsillitis319_precondition_6907": {
        "title": "Acute Tonsillitis",
        "description": "Diagnosis, Active: Acute Tonsillitis",
        "standard_category": "diagnosis_condition_problem",
        "qds_data_type": "diagnosis_active",
        "code_list_id": "2.16.840.1.113883.3.464.1003.102.12.1012",
        "type": "conditions",
        "definition": "diagnosis",
        "status": "active",
        "hard_status": false,
        "negation": false,
        "specific_occurrence": "A",
        "source_data_criteria": "OccurrenceAAcuteTonsillitis319",
        "temporal_references": [
          {
            "type": "SDU",
            "reference": "OccurrenceBAmbulatoryEdVisit321_precondition_6910"
          }
        ]
      }
    }
  ],
  "oids": [
    "2.16.840.1.113883.3.464.1003.101.12.1061",
    "2.16.840.1.113883.3.464.1003.102.12.1011",
    "2.16.840.1.113883.3.464.1003.102.12.1012",
    "2.16.840.1.113883.3.464.1003.196.12.1001",
    "2.16.840.1.113883.3.464.1003.198.12.1012",
    "2.16.840.1.113883.3.464.1003.101.11.1005",
    "2.16.840.1.113883.3.464.1003.101.11.1010",
    "2.16.840.1.113883.3.464.1003.101.11.1050",
    "2.16.840.1.113883.3.464.1003.101.11.1110",
    "2.16.840.1.113883.3.464.1003.101.11.1115",
    "2.16.840.1.113883.3.464.1003.101.11.1120",
    "2.16.840.1.113883.3.464.1003.101.11.1125",
    "2.16.840.1.113883.3.464.1003.101.11.1216",
    "2.16.840.1.113883.3.464.1003.102.11.1031",
    "2.16.840.1.113883.3.464.1003.102.11.1032",
    "2.16.840.1.113883.3.464.1003.102.11.1033",
    "2.16.840.1.113883.3.464.1003.102.11.1034",
    "2.16.840.1.113883.3.464.1003.102.11.1035",
    "2.16.840.1.113883.3.464.1003.102.11.1036",
    "2.16.840.1.113883.3.464.1003.196.11.1001",
    "2.16.840.1.113883.3.464.1003.198.11.1023",
    "2.16.840.1.113883.3.560.100.4"
  ],
  "population_ids": {
    "IPP": "14A38107-50A1-4DD9-A6AB-BC9E5DEDCEB9",
    "DENOM": "0002BEB6-F5E8-4755-A95C-1CA6E66BF321",
    "NUMER": "035CCE7F-1141-4636-9168-B9D530E980F5",
    "DENEX": "7966CC65-62B4-493E-8188-1E393BC900B1"
  }
}