{
  "id": "8A4D92B2-3946-CDAE-0139-77E59FA3632E",
  "nqf_id": "0022",
  "hqmf_id": "8A4D92B2-3946-CDAE-0139-77E59FA3632E",
  "hqmf_set_id": "A3837FF8-1ABC-4BA9-800E-FD4E7953ADBD",
  "hqmf_version_number": 1,
  "endorser": null,
  "name": "Use of High-Risk Medications in the Elderly",
  "description": "Percentage of patients 66 years of age and older who were ordered high-risk medications. Two rates are reported.\r\na. Percentage of patients who were ordered at least one high-risk medication. \r\nb. Percentage of patients who were ordered at least two different high-risk medications.",
  "type": "ep",
  "category": "Core Adult",
  "steward": null,
  "population": {
    "conjunction": "and",
    "items": [
      {
        "conjunction": "and",
        "items": [
          {
            "title": "birth date",
            "description": "Patient Characteristic Birthdate: birth date",
            "standard_category": "individual_characteristic",
            "qds_data_type": "individual_characteristic",
            "code_list_id": "2.16.840.1.113883.3.560.100.4",
            "property": "birthtime",
            "type": "characteristic",
            "definition": "patient_characteristic_birthdate",
            "hard_status": false,
            "negation": false,
            "source_data_criteria": "PatientCharacteristicBirthdateBirthDate",
            "inline_code_list": {
              "LOINC": [
                "21112-8"
              ]
            },
            "temporal_references": [
              {
                "type": "SBS",
                "reference": "MeasurePeriod",
                "range": {
                  "type": "IVL_PQ",
                  "low": {
                    "type": "PQ",
                    "unit": "a",
                    "value": "66",
                    "inclusive?": true,
                    "derived?": false
                  }
                },
                "title": "MeasurePeriod"
              }
            ]
          },
          {
            "conjunction": "or",
            "items": [
              {
                "title": "Office Visit",
                "description": "Encounter, Performed: Office Visit",
                "standard_category": "encounter",
                "qds_data_type": "encounter",
                "code_list_id": "2.16.840.1.113883.3.464.1003.101.12.1001",
                "type": "encounters",
                "definition": "encounter",
                "status": "performed",
                "hard_status": false,
                "negation": false,
                "source_data_criteria": "EncounterPerformedOfficeVisit",
                "temporal_references": [
                  {
                    "type": "DURING",
                    "reference": "MeasurePeriod",
                    "title": "MeasurePeriod"
                  }
                ]
              },
              {
                "title": "Face-to-Face Interaction",
                "description": "Encounter, Performed: Face-to-Face Interaction",
                "standard_category": "encounter",
                "qds_data_type": "encounter",
                "code_list_id": "2.16.840.1.113883.3.464.1003.101.12.1048",
                "type": "encounters",
                "definition": "encounter",
                "status": "performed",
                "hard_status": false,
                "negation": false,
                "source_data_criteria": "EncounterPerformedFaceToFaceInteraction",
                "temporal_references": [
                  {
                    "type": "DURING",
                    "reference": "MeasurePeriod",
                    "title": "MeasurePeriod"
                  }
                ]
              },
              {
                "title": "Preventive Care Services - Established Office Visit, 18 and Up",
                "description": "Encounter, Performed: Preventive Care Services - Established Office Visit, 18 and Up",
                "standard_category": "encounter",
                "qds_data_type": "encounter",
                "code_list_id": "2.16.840.1.113883.3.464.1003.101.12.1025",
                "type": "encounters",
                "definition": "encounter",
                "status": "performed",
                "hard_status": false,
                "negation": false,
                "source_data_criteria": "EncounterPerformedPreventiveCareServicesEstablishedOfficeVisit18AndUp",
                "temporal_references": [
                  {
                    "type": "DURING",
                    "reference": "MeasurePeriod",
                    "title": "MeasurePeriod"
                  }
                ]
              },
              {
                "title": "Preventive Care Services-Initial Office Visit, 18 and Up",
                "description": "Encounter, Performed: Preventive Care Services-Initial Office Visit, 18 and Up",
                "standard_category": "encounter",
                "qds_data_type": "encounter",
                "code_list_id": "2.16.840.1.113883.3.464.1003.101.12.1023",
                "type": "encounters",
                "definition": "encounter",
                "status": "performed",
                "hard_status": false,
                "negation": false,
                "source_data_criteria": "EncounterPerformedPreventiveCareServicesInitialOfficeVisit18AndUp",
                "temporal_references": [
                  {
                    "type": "DURING",
                    "reference": "MeasurePeriod",
                    "title": "MeasurePeriod"
                  }
                ]
              },
              {
                "title": "Annual Wellness Visit",
                "description": "Encounter, Performed: Annual Wellness Visit",
                "standard_category": "encounter",
                "qds_data_type": "encounter",
                "code_list_id": "2.16.840.1.113883.3.526.3.1240",
                "type": "encounters",
                "definition": "encounter",
                "status": "performed",
                "hard_status": false,
                "negation": false,
                "source_data_criteria": "EncounterPerformedAnnualWellnessVisit",
                "temporal_references": [
                  {
                    "type": "DURING",
                    "reference": "MeasurePeriod",
                    "title": "MeasurePeriod"
                  }
                ]
              },
              {
                "title": "Home Healthcare Services",
                "description": "Encounter, Performed: Home Healthcare Services",
                "standard_category": "encounter",
                "qds_data_type": "encounter",
                "code_list_id": "2.16.840.1.113883.3.464.1003.101.12.1016",
                "type": "encounters",
                "definition": "encounter",
                "status": "performed",
                "hard_status": false,
                "negation": false,
                "source_data_criteria": "EncounterPerformedHomeHealthcareServices",
                "temporal_references": [
                  {
                    "type": "DURING",
                    "reference": "MeasurePeriod",
                    "title": "MeasurePeriod"
                  }
                ]
              }
            ],
            "negation": null,
            "precondition_id": 5728
          }
        ],
        "negation": null,
        "precondition_id": 5730
      }
    ]
  },
  "denominator": {
    "conjunction": "and",
    "items": [

    ]
  },
  "numerator": {
    "conjunction": "and",
    "items": [
      {
        "conjunction": "and",
        "items": [
          {
            "title": "GROUP_COUNT_105",
            "description": "",
            "standard_category": "",
            "qds_data_type": "",
            "children_criteria": [
              {
                "title": "High Risk Medications for the Elderly",
                "description": "Medication, Order: High Risk Medications for the Elderly",
                "standard_category": "medication",
                "qds_data_type": "medication_order",
                "code_list_id": "2.16.840.1.113883.3.464.1003.196.12.1253",
                "type": "medications",
                "definition": "medication",
                "status": "ordered",
                "hard_status": false,
                "negation": false,
                "source_data_criteria": "MedicationOrderHighRiskMedicationsForTheElderly",
                "temporal_references": [
                  {
                    "type": "DURING",
                    "reference": "MeasurePeriod",
                    "title": "MeasurePeriod"
                  }
                ]
              },
              {
                "title": "High-Risk Medications With Days Supply Criteria",
                "description": "Medication, Order: High-Risk Medications With Days Supply Criteria",
                "standard_category": "medication",
                "qds_data_type": "medication_order",
                "code_list_id": "2.16.840.1.113883.3.464.1003.196.12.1254",
                "type": "medications",
                "definition": "medication",
                "status": "ordered",
                "hard_status": false,
                "negation": false,
                "source_data_criteria": "MedicationOrderHighRiskMedicationsWithDaysSupplyCriteria",
                "field_values": {
                  "CUMULATIVE_MEDICATION_DURATION": {
                    "type": "IVL_PQ",
                    "low": {
                      "type": "PQ",
                      "unit": "d",
                      "value": "90",
                      "inclusive?": false,
                      "derived?": false
                    }
                  }
                },
                "temporal_references": [
                  {
                    "type": "DURING",
                    "reference": "MeasurePeriod",
                    "title": "MeasurePeriod"
                  }
                ]
              }
            ],
            "derivation_operator": "UNION",
            "type": "derived",
            "definition": "derived",
            "hard_status": false,
            "negation": false,
            "source_data_criteria": "GROUP_COUNT_105",
            "subset_operators": [
              {
                "type": "COUNT",
                "value": {
                  "type": "IVL_PQ",
                  "low": {
                    "type": "PQ",
                    "value": "2",
                    "inclusive?": true,
                    "derived?": false
                  }
                }
              }
            ]
          }
        ],
        "negation": null,
        "precondition_id": 5713
      }
    ]
  },
  "exclusions": null,
  "map_fn": "function() {\n        var patient = this;\n        var effective_date = <%= effective_date %>;\n\n        hqmfjs = {}\n        <%= init_js_frameworks %>\n        \n        \n      var patient_api = new hQuery.Patient(patient);\n\n      \n\n      // clear out logger\n      if (typeof Logger != 'undefined') Logger.logger = [];\n      // turn on logging if it is enabled\n      if (Logger.enabled) enableLogging();\n      \n      \n        // #########################\n        // ##### DATA ELEMENTS #####\n        // #########################\n\n        OidDictionary = <%= oid_dictionary %>;\n        \n        // Measure variables\nvar MeasurePeriod = {\n  \"low\": new TS(\"20100101\", null, true),\n  \"high\": new TS(\"20110101\", null, true)\n}\nhqmfjs.MeasurePeriod = function(patient) {\n  return [new hQuery.CodedEntry(\n    {\n      \"start_time\": MeasurePeriod.low.asDate().getTime()/1000,\n      \"end_time\": MeasurePeriod.high.asDate().getTime()/1000,\n      \"codes\": {}\n    }\n  )];\n}\nif (typeof effective_date === 'number') {\n  MeasurePeriod.high.date = new Date(1000*effective_date);\n  MeasurePeriod.low.date = new Date(1000*effective_date);\n  MeasurePeriod.low.date.setFullYear(MeasurePeriod.low.date.getFullYear()-1);\n}\n\n// Data critera\nhqmfjs.MedicationOrderHighRiskMedicationsForTheElderly_precondition_5699 = function(patient) {\n  var events = patient.allMedications();\n  events = events.withStatuses([\"ordered\"]);\n  events = events.withoutNegation();\n  var codes = getCodes(\"2.16.840.1.113883.3.464.1003.196.12.1253\");\n  var start = null;\n  var end = null;\n  events = events.match(codes, start, end, true);\n\n  events = DURING(events, hqmfjs.MeasurePeriod(patient));\n  return events;\n}\n\nhqmfjs.MedicationOrderHighRiskMedicationsWithDaysSupplyCriteria_precondition_5701 = function(patient) {\n  var events = patient.allMedications();\n  events = events.withStatuses([\"ordered\"]);\n  events = events.withoutNegation();\n  var codes = getCodes(\"2.16.840.1.113883.3.464.1003.196.12.1254\");\n  var start = null;\n  var end = null;\n  events = events.match(codes, start, end, true);\n\n  events = filterEventsByField(events, \"cumulativeMedicationDuration\", new IVL_PQ(new PQ(90, \"d\", false), null));\n  events = DURING(events, hqmfjs.MeasurePeriod(patient));\n  return events;\n}\n\nhqmfjs.MedicationOrderHighRiskMedicationsForTheElderly_precondition_5706 = function(patient) {\n  var events = patient.allMedications();\n  events = events.withStatuses([\"ordered\"]);\n  events = events.withoutNegation();\n  var codes = getCodes(\"2.16.840.1.113883.3.464.1003.196.12.1253\");\n  var start = null;\n  var end = null;\n  events = events.match(codes, start, end, true);\n\n  events = DURING(events, hqmfjs.MeasurePeriod(patient));\n  return events;\n}\n\nhqmfjs.MedicationOrderHighRiskMedicationsWithDaysSupplyCriteria_precondition_5708 = function(patient) {\n  var events = patient.allMedications();\n  events = events.withStatuses([\"ordered\"]);\n  events = events.withoutNegation();\n  var codes = getCodes(\"2.16.840.1.113883.3.464.1003.196.12.1254\");\n  var start = null;\n  var end = null;\n  events = events.match(codes, start, end, true);\n\n  events = filterEventsByField(events, \"cumulativeMedicationDuration\", new IVL_PQ(new PQ(90, \"d\", false), null));\n  events = DURING(events, hqmfjs.MeasurePeriod(patient));\n  return events;\n}\n\nhqmfjs.GROUP_COUNT_105 = function(patient) {\n  var events = UNION(\n    hqmfjs.MedicationOrderHighRiskMedicationsForTheElderly_precondition_5706(patient),\n    hqmfjs.MedicationOrderHighRiskMedicationsWithDaysSupplyCriteria_precondition_5708(patient)\n  );\n\n  events.specificContext=Specifics.identity()\n  events = COUNT(events, new IVL_PQ(new PQ(2, null, true), null));\n  return events;\n}\n\nhqmfjs.PatientCharacteristicBirthdateBirthDate_precondition_5714 = function(patient) {\nvar value = patient.birthtime();\nvar events = [value];\nevents = SBS(events, hqmfjs.MeasurePeriod(patient), new IVL_PQ(new PQ(66, \"a\", true), null));\nevents.specificContext=Specifics.identity();\nreturn events;\n\n}\n\nhqmfjs.EncounterPerformedOfficeVisit_precondition_5716 = function(patient) {\n  var events = patient.encounters();\n  events = events.withStatuses([\"performed\"]);\n  events = events.withoutNegation();\n  var codes = getCodes(\"2.16.840.1.113883.3.464.1003.101.12.1001\");\n  var start = null;\n  var end = null;\n  events = events.match(codes, start, end, true);\n\n  events = DURING(events, hqmfjs.MeasurePeriod(patient));\n  return events;\n}\n\nhqmfjs.EncounterPerformedFaceToFaceInteraction_precondition_5718 = function(patient) {\n  var events = patient.encounters();\n  events = events.withStatuses([\"performed\"]);\n  events = events.withoutNegation();\n  var codes = getCodes(\"2.16.840.1.113883.3.464.1003.101.12.1048\");\n  var start = null;\n  var end = null;\n  events = events.match(codes, start, end, true);\n\n  events = DURING(events, hqmfjs.MeasurePeriod(patient));\n  return events;\n}\n\nhqmfjs.EncounterPerformedPreventiveCareServicesEstablishedOfficeVisit18AndUp_precondition_5720 = function(patient) {\n  var events = patient.encounters();\n  events = events.withStatuses([\"performed\"]);\n  events = events.withoutNegation();\n  var codes = getCodes(\"2.16.840.1.113883.3.464.1003.101.12.1025\");\n  var start = null;\n  var end = null;\n  events = events.match(codes, start, end, true);\n\n  events = DURING(events, hqmfjs.MeasurePeriod(patient));\n  return events;\n}\n\nhqmfjs.EncounterPerformedPreventiveCareServicesInitialOfficeVisit18AndUp_precondition_5722 = function(patient) {\n  var events = patient.encounters();\n  events = events.withStatuses([\"performed\"]);\n  events = events.withoutNegation();\n  var codes = getCodes(\"2.16.840.1.113883.3.464.1003.101.12.1023\");\n  var start = null;\n  var end = null;\n  events = events.match(codes, start, end, true);\n\n  events = DURING(events, hqmfjs.MeasurePeriod(patient));\n  return events;\n}\n\nhqmfjs.EncounterPerformedAnnualWellnessVisit_precondition_5724 = function(patient) {\n  var events = patient.encounters();\n  events = events.withStatuses([\"performed\"]);\n  events = events.withoutNegation();\n  var codes = getCodes(\"2.16.840.1.113883.3.526.3.1240\");\n  var start = null;\n  var end = null;\n  events = events.match(codes, start, end, true);\n\n  events = DURING(events, hqmfjs.MeasurePeriod(patient));\n  return events;\n}\n\nhqmfjs.EncounterPerformedHomeHealthcareServices_precondition_5726 = function(patient) {\n  var events = patient.encounters();\n  events = events.withStatuses([\"performed\"]);\n  events = events.withoutNegation();\n  var codes = getCodes(\"2.16.840.1.113883.3.464.1003.101.12.1016\");\n  var start = null;\n  var end = null;\n  events = events.match(codes, start, end, true);\n\n  events = DURING(events, hqmfjs.MeasurePeriod(patient));\n  return events;\n}\n\n\n\n        // #########################\n        // ##### MEASURE LOGIC #####\n        // #########################\n        \n        hqmfjs.initializeSpecifics = function(patient_api, hqmfjs) { Specifics.initialize(patient_api,hqmfjs) }\n\n        // INITIAL PATIENT POPULATION\n        hqmfjs.IPP = function(patient) {\n  return allTrue(  \n    allTrue(    \n      hqmfjs.PatientCharacteristicBirthdateBirthDate_precondition_5714(patient),    \n      atLeastOneTrue(      \n        hqmfjs.EncounterPerformedOfficeVisit_precondition_5716(patient),      \n        hqmfjs.EncounterPerformedFaceToFaceInteraction_precondition_5718(patient),      \n        hqmfjs.EncounterPerformedPreventiveCareServicesEstablishedOfficeVisit18AndUp_precondition_5720(patient),      \n        hqmfjs.EncounterPerformedPreventiveCareServicesInitialOfficeVisit18AndUp_precondition_5722(patient),      \n        hqmfjs.EncounterPerformedAnnualWellnessVisit_precondition_5724(patient),      \n        hqmfjs.EncounterPerformedHomeHealthcareServices_precondition_5726(patient)\n      )\n    )\n  );\n};\n\n\n        // DENOMINATOR\n        hqmfjs.DENOM = function(patient) { return new Boolean(true); }\n        // NUMERATOR\n        hqmfjs.NUMER = function(patient) {\n  return allTrue(  \n    allTrue(    \n      hqmfjs.GROUP_COUNT_105(patient)\n    )\n  );\n};\n\n\n        hqmfjs.DENEX = function(patient) { return new Boolean(false); }\n        hqmfjs.DENEXCEP = function(patient) { return new Boolean(false); }\n        \n\n      hqmfjs.initializeSpecifics(patient_api, hqmfjs)\n      \n      var population = function() {\n        return executeIfAvailable(hqmfjs.IPP, patient_api);\n      }\n      var denominator = function() {\n        return executeIfAvailable(hqmfjs.DENOM, patient_api);\n      }\n      var numerator = function() {\n        return executeIfAvailable(hqmfjs.NUMER, patient_api);\n      }\n      var exclusion = function() {\n        return executeIfAvailable(hqmfjs.DENEX, patient_api);\n      }\n      var denexcep = function() {\n        return executeIfAvailable(hqmfjs.DENEXCEP, patient_api);\n      }\n      \n      var executeIfAvailable = function(optionalFunction, arg) {\n        if (typeof(optionalFunction)==='function')\n          return optionalFunction(arg);\n        else\n          return false;\n      }\n\n      if (Logger.enabled) enableMeasureLogging(hqmfjs);\n\n      map(patient, population, denominator, numerator, exclusion, denexcep);\n      \n      };\n      ",
  "sub_id": "b",
  "subtitle": "2+ High-Risk Medications",
  "short_subtitle": "2+ High-Risk Medications",
  "data_criteria": [
    {
      "MedicationOrderHighRiskMedicationsForTheElderly_precondition_5699": {
        "title": "High Risk Medications for the Elderly",
        "description": "Medication, Order: High Risk Medications for the Elderly",
        "standard_category": "medication",
        "qds_data_type": "medication_order",
        "code_list_id": "2.16.840.1.113883.3.464.1003.196.12.1253",
        "type": "medications",
        "definition": "medication",
        "status": "ordered",
        "hard_status": false,
        "negation": false,
        "source_data_criteria": "MedicationOrderHighRiskMedicationsForTheElderly",
        "temporal_references": [
          {
            "type": "DURING",
            "reference": "MeasurePeriod"
          }
        ]
      }
    },
    {
      "MedicationOrderHighRiskMedicationsWithDaysSupplyCriteria_precondition_5701": {
        "title": "High-Risk Medications With Days Supply Criteria",
        "description": "Medication, Order: High-Risk Medications With Days Supply Criteria",
        "standard_category": "medication",
        "qds_data_type": "medication_order",
        "code_list_id": "2.16.840.1.113883.3.464.1003.196.12.1254",
        "type": "medications",
        "definition": "medication",
        "status": "ordered",
        "hard_status": false,
        "negation": false,
        "source_data_criteria": "MedicationOrderHighRiskMedicationsWithDaysSupplyCriteria",
        "field_values": {
          "CUMULATIVE_MEDICATION_DURATION": {
            "type": "IVL_PQ",
            "low": {
              "type": "PQ",
              "unit": "d",
              "value": "90",
              "inclusive?": false,
              "derived?": false
            }
          }
        },
        "temporal_references": [
          {
            "type": "DURING",
            "reference": "MeasurePeriod"
          }
        ]
      }
    },
    {
      "GROUP_COUNT_105": {
        "title": "GROUP_COUNT_105",
        "description": "",
        "standard_category": "",
        "qds_data_type": "",
        "children_criteria": [
          "MedicationOrderHighRiskMedicationsForTheElderly_precondition_5706",
          "MedicationOrderHighRiskMedicationsWithDaysSupplyCriteria_precondition_5708"
        ],
        "derivation_operator": "UNION",
        "type": "derived",
        "definition": "derived",
        "hard_status": false,
        "negation": false,
        "source_data_criteria": "GROUP_COUNT_105",
        "subset_operators": [
          {
            "type": "COUNT",
            "value": {
              "type": "IVL_PQ",
              "low": {
                "type": "PQ",
                "value": "2",
                "inclusive?": true,
                "derived?": false
              }
            }
          }
        ]
      }
    },
    {
      "MedicationOrderHighRiskMedicationsForTheElderly_precondition_5706": {
        "title": "High Risk Medications for the Elderly",
        "description": "Medication, Order: High Risk Medications for the Elderly",
        "standard_category": "medication",
        "qds_data_type": "medication_order",
        "code_list_id": "2.16.840.1.113883.3.464.1003.196.12.1253",
        "type": "medications",
        "definition": "medication",
        "status": "ordered",
        "hard_status": false,
        "negation": false,
        "source_data_criteria": "MedicationOrderHighRiskMedicationsForTheElderly",
        "temporal_references": [
          {
            "type": "DURING",
            "reference": "MeasurePeriod"
          }
        ]
      }
    },
    {
      "MedicationOrderHighRiskMedicationsWithDaysSupplyCriteria_precondition_5708": {
        "title": "High-Risk Medications With Days Supply Criteria",
        "description": "Medication, Order: High-Risk Medications With Days Supply Criteria",
        "standard_category": "medication",
        "qds_data_type": "medication_order",
        "code_list_id": "2.16.840.1.113883.3.464.1003.196.12.1254",
        "type": "medications",
        "definition": "medication",
        "status": "ordered",
        "hard_status": false,
        "negation": false,
        "source_data_criteria": "MedicationOrderHighRiskMedicationsWithDaysSupplyCriteria",
        "field_values": {
          "CUMULATIVE_MEDICATION_DURATION": {
            "type": "IVL_PQ",
            "low": {
              "type": "PQ",
              "unit": "d",
              "value": "90",
              "inclusive?": false,
              "derived?": false
            }
          }
        },
        "temporal_references": [
          {
            "type": "DURING",
            "reference": "MeasurePeriod"
          }
        ]
      }
    },
    {
      "PatientCharacteristicBirthdateBirthDate_precondition_5714": {
        "title": "birth date",
        "description": "Patient Characteristic Birthdate: birth date",
        "standard_category": "individual_characteristic",
        "qds_data_type": "individual_characteristic",
        "code_list_id": "2.16.840.1.113883.3.560.100.4",
        "property": "birthtime",
        "type": "characteristic",
        "definition": "patient_characteristic_birthdate",
        "hard_status": false,
        "negation": false,
        "source_data_criteria": "PatientCharacteristicBirthdateBirthDate",
        "inline_code_list": {
          "LOINC": [
            "21112-8"
          ]
        },
        "temporal_references": [
          {
            "type": "SBS",
            "reference": "MeasurePeriod",
            "range": {
              "type": "IVL_PQ",
              "low": {
                "type": "PQ",
                "unit": "a",
                "value": "66",
                "inclusive?": true,
                "derived?": false
              }
            }
          }
        ]
      }
    },
    {
      "EncounterPerformedOfficeVisit_precondition_5716": {
        "title": "Office Visit",
        "description": "Encounter, Performed: Office Visit",
        "standard_category": "encounter",
        "qds_data_type": "encounter",
        "code_list_id": "2.16.840.1.113883.3.464.1003.101.12.1001",
        "type": "encounters",
        "definition": "encounter",
        "status": "performed",
        "hard_status": false,
        "negation": false,
        "source_data_criteria": "EncounterPerformedOfficeVisit",
        "temporal_references": [
          {
            "type": "DURING",
            "reference": "MeasurePeriod"
          }
        ]
      }
    },
    {
      "EncounterPerformedFaceToFaceInteraction_precondition_5718": {
        "title": "Face-to-Face Interaction",
        "description": "Encounter, Performed: Face-to-Face Interaction",
        "standard_category": "encounter",
        "qds_data_type": "encounter",
        "code_list_id": "2.16.840.1.113883.3.464.1003.101.12.1048",
        "type": "encounters",
        "definition": "encounter",
        "status": "performed",
        "hard_status": false,
        "negation": false,
        "source_data_criteria": "EncounterPerformedFaceToFaceInteraction",
        "temporal_references": [
          {
            "type": "DURING",
            "reference": "MeasurePeriod"
          }
        ]
      }
    },
    {
      "EncounterPerformedPreventiveCareServicesEstablishedOfficeVisit18AndUp_precondition_5720": {
        "title": "Preventive Care Services - Established Office Visit, 18 and Up",
        "description": "Encounter, Performed: Preventive Care Services - Established Office Visit, 18 and Up",
        "standard_category": "encounter",
        "qds_data_type": "encounter",
        "code_list_id": "2.16.840.1.113883.3.464.1003.101.12.1025",
        "type": "encounters",
        "definition": "encounter",
        "status": "performed",
        "hard_status": false,
        "negation": false,
        "source_data_criteria": "EncounterPerformedPreventiveCareServicesEstablishedOfficeVisit18AndUp",
        "temporal_references": [
          {
            "type": "DURING",
            "reference": "MeasurePeriod"
          }
        ]
      }
    },
    {
      "EncounterPerformedPreventiveCareServicesInitialOfficeVisit18AndUp_precondition_5722": {
        "title": "Preventive Care Services-Initial Office Visit, 18 and Up",
        "description": "Encounter, Performed: Preventive Care Services-Initial Office Visit, 18 and Up",
        "standard_category": "encounter",
        "qds_data_type": "encounter",
        "code_list_id": "2.16.840.1.113883.3.464.1003.101.12.1023",
        "type": "encounters",
        "definition": "encounter",
        "status": "performed",
        "hard_status": false,
        "negation": false,
        "source_data_criteria": "EncounterPerformedPreventiveCareServicesInitialOfficeVisit18AndUp",
        "temporal_references": [
          {
            "type": "DURING",
            "reference": "MeasurePeriod"
          }
        ]
      }
    },
    {
      "EncounterPerformedAnnualWellnessVisit_precondition_5724": {
        "title": "Annual Wellness Visit",
        "description": "Encounter, Performed: Annual Wellness Visit",
        "standard_category": "encounter",
        "qds_data_type": "encounter",
        "code_list_id": "2.16.840.1.113883.3.526.3.1240",
        "type": "encounters",
        "definition": "encounter",
        "status": "performed",
        "hard_status": false,
        "negation": false,
        "source_data_criteria": "EncounterPerformedAnnualWellnessVisit",
        "temporal_references": [
          {
            "type": "DURING",
            "reference": "MeasurePeriod"
          }
        ]
      }
    },
    {
      "EncounterPerformedHomeHealthcareServices_precondition_5726": {
        "title": "Home Healthcare Services",
        "description": "Encounter, Performed: Home Healthcare Services",
        "standard_category": "encounter",
        "qds_data_type": "encounter",
        "code_list_id": "2.16.840.1.113883.3.464.1003.101.12.1016",
        "type": "encounters",
        "definition": "encounter",
        "status": "performed",
        "hard_status": false,
        "negation": false,
        "source_data_criteria": "EncounterPerformedHomeHealthcareServices",
        "temporal_references": [
          {
            "type": "DURING",
            "reference": "MeasurePeriod"
          }
        ]
      }
    }
  ],
  "oids": [
    "2.16.840.1.113883.3.464.1003.101.12.1016",
    "2.16.840.1.113883.3.464.1003.101.12.1048",
    "2.16.840.1.113883.3.526.3.1240",
    "2.16.840.1.113883.3.464.1003.101.11.1080",
    "2.16.840.1.113883.3.464.1003.101.11.1216",
    "2.16.840.1.113883.3.464.1003.101.12.1001",
    "2.16.840.1.113883.3.464.1003.101.12.1023",
    "2.16.840.1.113883.3.464.1003.101.12.1025",
    "2.16.840.1.113883.3.464.1003.101.11.1005",
    "2.16.840.1.113883.3.464.1003.101.11.1115",
    "2.16.840.1.113883.3.464.1003.101.11.1125",
    "2.16.840.1.113883.3.464.1003.196.11.1022",
    "2.16.840.1.113883.3.464.1003.196.11.1027",
    "2.16.840.1.113883.3.464.1003.196.11.1036",
    "2.16.840.1.113883.3.464.1003.196.11.1037",
    "2.16.840.1.113883.3.464.1003.196.11.1050",
    "2.16.840.1.113883.3.464.1003.196.11.1052",
    "2.16.840.1.113883.3.464.1003.196.11.1053",
    "2.16.840.1.113883.3.464.1003.196.11.1056",
    "2.16.840.1.113883.3.464.1003.196.11.1057",
    "2.16.840.1.113883.3.464.1003.196.11.1058",
    "2.16.840.1.113883.3.464.1003.196.11.1059",
    "2.16.840.1.113883.3.464.1003.196.11.1060",
    "2.16.840.1.113883.3.464.1003.196.11.1061",
    "2.16.840.1.113883.3.464.1003.196.11.1078",
    "2.16.840.1.113883.3.464.1003.196.11.1091",
    "2.16.840.1.113883.3.464.1003.196.11.1109",
    "2.16.840.1.113883.3.464.1003.196.11.1110",
    "2.16.840.1.113883.3.464.1003.196.11.1112",
    "2.16.840.1.113883.3.464.1003.196.11.1120",
    "2.16.840.1.113883.3.464.1003.196.11.1122",
    "2.16.840.1.113883.3.464.1003.196.11.1236",
    "2.16.840.1.113883.3.464.1003.196.11.1243",
    "2.16.840.1.113883.3.464.1003.196.11.1244",
    "2.16.840.1.113883.3.464.1003.196.11.1245",
    "2.16.840.1.113883.3.464.1003.196.11.1246",
    "2.16.840.1.113883.3.464.1003.196.11.1247",
    "2.16.840.1.113883.3.464.1003.196.11.1248",
    "2.16.840.1.113883.3.464.1003.196.11.1249",
    "2.16.840.1.113883.3.464.1003.196.11.1250",
    "2.16.840.1.113883.3.464.1003.196.11.1251",
    "2.16.840.1.113883.3.464.1003.196.11.1252",
    "2.16.840.1.113883.3.464.1003.196.11.1253",
    "2.16.840.1.113883.3.464.1003.196.11.1254",
    "2.16.840.1.113883.3.464.1003.196.11.1255",
    "2.16.840.1.113883.3.464.1003.196.11.1256",
    "2.16.840.1.113883.3.464.1003.196.11.1257",
    "2.16.840.1.113883.3.464.1003.196.11.1258",
    "2.16.840.1.113883.3.464.1003.196.11.1259",
    "2.16.840.1.113883.3.464.1003.196.11.1260",
    "2.16.840.1.113883.3.464.1003.196.11.1261",
    "2.16.840.1.113883.3.464.1003.196.11.1262",
    "2.16.840.1.113883.3.464.1003.196.11.1263",
    "2.16.840.1.113883.3.526.2.1363",
    "2.16.840.1.113883.3.464.1003.196.12.1253",
    "2.16.840.1.113883.3.464.1003.196.12.1254",
    "2.16.840.1.113883.3.464.1003.196.11.1044",
    "2.16.840.1.113883.3.464.1003.196.11.1118",
    "2.16.840.1.113883.3.464.1003.196.11.1124",
    "2.16.840.1.113883.3.464.1003.196.11.1129",
    "2.16.840.1.113883.3.464.1003.196.11.1131",
    "2.16.840.1.113883.3.464.1003.196.11.1133",
    "2.16.840.1.113883.3.464.1003.196.11.1134",
    "2.16.840.1.113883.3.464.1003.196.11.1152",
    "2.16.840.1.113883.3.464.1003.196.11.1153",
    "2.16.840.1.113883.3.464.1003.196.11.1154",
    "2.16.840.1.113883.3.464.1003.196.11.1155",
    "2.16.840.1.113883.3.464.1003.196.11.1156",
    "2.16.840.1.113883.3.464.1003.196.11.1157",
    "2.16.840.1.113883.3.464.1003.196.11.1167",
    "2.16.840.1.113883.3.464.1003.196.11.1168",
    "2.16.840.1.113883.3.464.1003.196.11.1169",
    "2.16.840.1.113883.3.464.1003.196.11.1178",
    "2.16.840.1.113883.3.464.1003.196.11.1237",
    "2.16.840.1.113883.3.464.1003.196.11.1238",
    "2.16.840.1.113883.3.464.1003.196.11.1239",
    "2.16.840.1.113883.3.464.1003.196.11.1240",
    "2.16.840.1.113883.3.464.1003.196.11.1241",
    "2.16.840.1.113883.3.464.1003.196.11.1242",
    "2.16.840.1.113883.3.560.100.4"
  ],
  "population_ids": {
    "IPP": "300101AF-9DCF-497E-B23A-138A2B173861",
    "DENOM": "B97723EA-4D1D-49BE-B6AF-EBE6B8DCB0F6",
    "NUMER": "4CDE555A-900B-430D-B00F-51AECA354EBE"
  }
}