{
  "id": "8A4D92B2-397A-48D2-0139-B0CADCB63221",
  "nqf_id": "0031",
  "hqmf_id": "8A4D92B2-397A-48D2-0139-B0CADCB63221",
  "hqmf_set_id": "19783C1B-4FD1-46C1-8A96-A2F192B97EE0",
  "hqmf_version_number": 1,
  "endorser": null,
  "name": "Breast Cancer Screening",
  "description": "Percentage of women 40–69 years of age who had a mammogram to screen for breast cancer.",
  "type": "ep",
  "category": "General Practice Adult",
  "steward": null,
  "population": {
    "conjunction": "and",
    "items": [
      {
        "conjunction": "and",
        "items": [
          {
            "title": "birth date",
            "description": "Patient Characteristic Birthdate: birth date",
            "standard_category": "individual_characteristic",
            "qds_data_type": "individual_characteristic",
            "code_list_id": "2.16.840.1.113883.3.560.100.4",
            "property": "birthtime",
            "type": "characteristic",
            "definition": "patient_characteristic_birthdate",
            "hard_status": false,
            "negation": false,
            "source_data_criteria": "PatientCharacteristicBirthdateBirthDate",
            "inline_code_list": {
              "LOINC": [
                "21112-8"
              ]
            },
            "temporal_references": [
              {
                "type": "SBS",
                "reference": "MeasurePeriod",
                "range": {
                  "type": "IVL_PQ",
                  "low": {
                    "type": "PQ",
                    "unit": "a",
                    "value": "42",
                    "inclusive?": true,
                    "derived?": false
                  }
                },
                "title": "MeasurePeriod"
              }
            ]
          },
          {
            "title": "birth date",
            "description": "Patient Characteristic Birthdate: birth date",
            "standard_category": "individual_characteristic",
            "qds_data_type": "individual_characteristic",
            "code_list_id": "2.16.840.1.113883.3.560.100.4",
            "property": "birthtime",
            "type": "characteristic",
            "definition": "patient_characteristic_birthdate",
            "hard_status": false,
            "negation": false,
            "source_data_criteria": "PatientCharacteristicBirthdateBirthDate",
            "inline_code_list": {
              "LOINC": [
                "21112-8"
              ]
            },
            "temporal_references": [
              {
                "type": "SBS",
                "reference": "MeasurePeriod",
                "range": {
                  "type": "IVL_PQ",
                  "high": {
                    "type": "PQ",
                    "unit": "a",
                    "value": "69",
                    "inclusive?": true,
                    "derived?": false
                  }
                },
                "title": "MeasurePeriod"
              }
            ]
          },
          {
            "title": "Female",
            "description": "Patient Characteristic Sex: Female",
            "standard_category": "individual_characteristic",
            "qds_data_type": "individual_characteristic",
            "code_list_id": "2.16.840.1.113883.3.560.100.2",
            "property": "gender",
            "type": "characteristic",
            "definition": "patient_characteristic_gender",
            "hard_status": false,
            "negation": false,
            "source_data_criteria": "PatientCharacteristicSexFemale",
            "value": {
              "type": "CD",
              "system": "Administrative Sex",
              "code": "F"
            }
          },
          {
            "conjunction": "or",
            "items": [
              {
                "title": "Office Visit",
                "description": "Encounter, Performed: Office Visit",
                "standard_category": "encounter",
                "qds_data_type": "encounter",
                "code_list_id": "2.16.840.1.113883.3.464.1003.101.12.1001",
                "type": "encounters",
                "definition": "encounter",
                "status": "performed",
                "hard_status": false,
                "negation": false,
                "source_data_criteria": "EncounterPerformedOfficeVisit",
                "temporal_references": [
                  {
                    "type": "DURING",
                    "reference": "MeasurePeriod",
                    "title": "MeasurePeriod"
                  }
                ]
              },
              {
                "title": "Face-to-Face Interaction",
                "description": "Encounter, Performed: Face-to-Face Interaction",
                "standard_category": "encounter",
                "qds_data_type": "encounter",
                "code_list_id": "2.16.840.1.113883.3.464.1003.101.12.1048",
                "type": "encounters",
                "definition": "encounter",
                "status": "performed",
                "hard_status": false,
                "negation": false,
                "source_data_criteria": "EncounterPerformedFaceToFaceInteraction",
                "temporal_references": [
                  {
                    "type": "DURING",
                    "reference": "MeasurePeriod",
                    "title": "MeasurePeriod"
                  }
                ]
              },
              {
                "title": "Preventive Care Services - Established Office Visit, 18 and Up",
                "description": "Encounter, Performed: Preventive Care Services - Established Office Visit, 18 and Up",
                "standard_category": "encounter",
                "qds_data_type": "encounter",
                "code_list_id": "2.16.840.1.113883.3.464.1003.101.12.1025",
                "type": "encounters",
                "definition": "encounter",
                "status": "performed",
                "hard_status": false,
                "negation": false,
                "source_data_criteria": "EncounterPerformedPreventiveCareServicesEstablishedOfficeVisit18AndUp",
                "temporal_references": [
                  {
                    "type": "DURING",
                    "reference": "MeasurePeriod",
                    "title": "MeasurePeriod"
                  }
                ]
              },
              {
                "title": "Preventive Care Services-Initial Office Visit, 18 and Up",
                "description": "Encounter, Performed: Preventive Care Services-Initial Office Visit, 18 and Up",
                "standard_category": "encounter",
                "qds_data_type": "encounter",
                "code_list_id": "2.16.840.1.113883.3.464.1003.101.12.1023",
                "type": "encounters",
                "definition": "encounter",
                "status": "performed",
                "hard_status": false,
                "negation": false,
                "source_data_criteria": "EncounterPerformedPreventiveCareServicesInitialOfficeVisit18AndUp",
                "temporal_references": [
                  {
                    "type": "DURING",
                    "reference": "MeasurePeriod",
                    "title": "MeasurePeriod"
                  }
                ]
              },
              {
                "title": "Home Healthcare Services",
                "description": "Encounter, Performed: Home Healthcare Services",
                "standard_category": "encounter",
                "qds_data_type": "encounter",
                "code_list_id": "2.16.840.1.113883.3.464.1003.101.12.1016",
                "type": "encounters",
                "definition": "encounter",
                "status": "performed",
                "hard_status": false,
                "negation": false,
                "source_data_criteria": "EncounterPerformedHomeHealthcareServices",
                "temporal_references": [
                  {
                    "type": "DURING",
                    "reference": "MeasurePeriod",
                    "title": "MeasurePeriod"
                  }
                ]
              },
              {
                "title": "Annual Wellness Visit",
                "description": "Encounter, Performed: Annual Wellness Visit",
                "standard_category": "encounter",
                "qds_data_type": "encounter",
                "code_list_id": "2.16.840.1.113883.3.526.3.1240",
                "type": "encounters",
                "definition": "encounter",
                "status": "performed",
                "hard_status": false,
                "negation": false,
                "source_data_criteria": "EncounterPerformedAnnualWellnessVisit",
                "temporal_references": [
                  {
                    "type": "DURING",
                    "reference": "MeasurePeriod",
                    "title": "MeasurePeriod"
                  }
                ]
              }
            ],
            "negation": null,
            "precondition_id": 1177
          }
        ],
        "negation": null,
        "precondition_id": 1179
      }
    ]
  },
  "denominator": {
    "conjunction": "and",
    "items": [

    ]
  },
  "numerator": {
    "conjunction": "and",
    "items": [
      {
        "conjunction": "and",
        "items": [
          {
            "title": "Mammogram",
            "description": "Diagnostic Study, Result: Mammogram",
            "standard_category": "diagnostic_study",
            "qds_data_type": "diagnostic_study_result",
            "code_list_id": "2.16.840.1.113883.3.464.1003.108.12.1018",
            "type": "diagnostic_studies",
            "definition": "diagnostic_study_result",
            "hard_status": false,
            "negation": false,
            "source_data_criteria": "DiagnosticStudyResultMammogram",
            "value": {
              "type": "ANYNonNull"
            },
            "temporal_references": [
              {
                "type": "EBE",
                "reference": "MeasurePeriod",
                "range": {
                  "type": "IVL_PQ",
                  "high": {
                    "type": "PQ",
                    "unit": "mo",
                    "value": "12",
                    "inclusive?": true,
                    "derived?": false
                  }
                },
                "title": "MeasurePeriod"
              }
            ]
          }
        ],
        "negation": null,
        "precondition_id": 1158
      }
    ]
  },
  "exclusions": {
    "conjunction": "and",
    "items": [
      {
        "conjunction": "and",
        "items": [
          {
            "conjunction": "or",
            "items": [
              {
                "title": "Bilateral Mastectomy",
                "description": "Procedure, Performed: Bilateral Mastectomy",
                "standard_category": "procedure",
                "qds_data_type": "procedure_performed",
                "code_list_id": "2.16.840.1.113883.3.464.1003.198.12.1005",
                "type": "procedures",
                "definition": "procedure",
                "status": "performed",
                "hard_status": false,
                "negation": false,
                "source_data_criteria": "ProcedurePerformedBilateralMastectomy",
                "temporal_references": [
                  {
                    "type": "EBE",
                    "reference": "MeasurePeriod",
                    "title": "MeasurePeriod"
                  }
                ]
              },
              {
                "title": "Unilateral Mastectomy",
                "description": "Procedure, Performed: Unilateral Mastectomy",
                "standard_category": "procedure",
                "qds_data_type": "procedure_performed",
                "code_list_id": "2.16.840.1.113883.3.464.1003.198.12.1020",
                "type": "procedures",
                "definition": "procedure",
                "status": "performed",
                "hard_status": false,
                "negation": false,
                "source_data_criteria": "ProcedurePerformedUnilateralMastectomy",
                "temporal_references": [
                  {
                    "type": "EBE",
                    "reference": "MeasurePeriod",
                    "title": "MeasurePeriod"
                  }
                ],
                "subset_operators": [
                  {
                    "type": "COUNT",
                    "value": {
                      "type": "IVL_PQ",
                      "low": {
                        "type": "PQ",
                        "value": "2",
                        "inclusive?": true,
                        "derived?": false
                      },
                      "high": {
                        "type": "PQ",
                        "value": "2",
                        "inclusive?": true,
                        "derived?": false
                      }
                    }
                  }
                ]
              }
            ],
            "negation": null,
            "precondition_id": 1153
          }
        ],
        "negation": null,
        "precondition_id": 1155
      }
    ]
  },
  "map_fn": "function() {\n        var patient = this;\n        var effective_date = <%= effective_date %>;\n\n        hqmfjs = {}\n        <%= init_js_frameworks %>\n        \n        \n      var patient_api = new hQuery.Patient(patient);\n\n      \n\n      // clear out logger\n      if (typeof Logger != 'undefined') Logger.logger = [];\n      // turn on logging if it is enabled\n      if (Logger.enabled) enableLogging();\n      \n      \n        // #########################\n        // ##### DATA ELEMENTS #####\n        // #########################\n\n        OidDictionary = <%= oid_dictionary %>;\n        \n        // Measure variables\nvar MeasurePeriod = {\n  \"low\": new TS(\"20100101\", null, true),\n  \"high\": new TS(\"20110101\", null, true)\n}\nhqmfjs.MeasurePeriod = function(patient) {\n  return [new hQuery.CodedEntry(\n    {\n      \"start_time\": MeasurePeriod.low.asDate().getTime()/1000,\n      \"end_time\": MeasurePeriod.high.asDate().getTime()/1000,\n      \"codes\": {}\n    }\n  )];\n}\nif (typeof effective_date === 'number') {\n  MeasurePeriod.high.date = new Date(1000*effective_date);\n  MeasurePeriod.low.date = new Date(1000*effective_date);\n  MeasurePeriod.low.date.setFullYear(MeasurePeriod.low.date.getFullYear()-1);\n}\n\n// Data critera\nhqmfjs.ProcedurePerformedBilateralMastectomy_precondition_1148 = function(patient) {\n  var events = patient.allProcedures();\n  events = events.withStatuses([\"performed\"]);\n  events = events.withoutNegation();\n  var codes = getCodes(\"2.16.840.1.113883.3.464.1003.198.12.1005\");\n  var start = null;\n  var end = null;\n  events = events.match(codes, start, end, true);\n\n  events = EBE(events, hqmfjs.MeasurePeriod(patient));\n  return events;\n}\n\nhqmfjs.ProcedurePerformedUnilateralMastectomy_precondition_1150 = function(patient) {\n  var events = patient.allProcedures();\n  events = events.withStatuses([\"performed\"]);\n  events = events.withoutNegation();\n  var codes = getCodes(\"2.16.840.1.113883.3.464.1003.198.12.1020\");\n  var start = null;\n  var end = null;\n  events = events.match(codes, start, end, true);\n\n  events = EBE(events, hqmfjs.MeasurePeriod(patient));\n  events = COUNT(events, new IVL_PQ(new PQ(2, null, true), new PQ(2, null, true)));\n  return events;\n}\n\nhqmfjs.DiagnosticStudyResultMammogram_precondition_1156 = function(patient) {\n  var events = patient.procedureResults();\n  events = events.withoutNegation();\n  var codes = getCodes(\"2.16.840.1.113883.3.464.1003.108.12.1018\");\n  var start = null;\n  var end = null;\n  events = events.match(codes, start, end, true);\n\n  events = filterEventsByValue(events, new ANYNonNull());\n  events = EBE(events, hqmfjs.MeasurePeriod(patient), new IVL_PQ(null, new PQ(12, \"mo\", true)));\n  return events;\n}\n\nhqmfjs.PatientCharacteristicBirthdateBirthDate_precondition_1159 = function(patient) {\nvar value = patient.birthtime();\nvar events = [value];\nevents = SBS(events, hqmfjs.MeasurePeriod(patient), new IVL_PQ(new PQ(42, \"a\", true), null));\nevents.specificContext=Specifics.identity();\nreturn events;\n\n}\n\nhqmfjs.PatientCharacteristicBirthdateBirthDate_precondition_1161 = function(patient) {\nvar value = patient.birthtime();\nvar events = [value];\nevents = SBS(events, hqmfjs.MeasurePeriod(patient), new IVL_PQ(null, new PQ(69, \"a\", true)));\nevents.specificContext=Specifics.identity();\nreturn events;\n\n}\n\nhqmfjs.PatientCharacteristicSexFemale_precondition_1163 = function(patient) {\nvar value = patient.gender();\nmatching = matchingValue(value, new CD(\"F\", \"Administrative Sex\"));\nmatching.specificContext=Specifics.identity();\nreturn matching;\n\n}\n\nhqmfjs.EncounterPerformedOfficeVisit_precondition_1165 = function(patient) {\n  var events = patient.encounters();\n  events = events.withStatuses([\"performed\"]);\n  events = events.withoutNegation();\n  var codes = getCodes(\"2.16.840.1.113883.3.464.1003.101.12.1001\");\n  var start = null;\n  var end = null;\n  events = events.match(codes, start, end, true);\n\n  events = DURING(events, hqmfjs.MeasurePeriod(patient));\n  return events;\n}\n\nhqmfjs.EncounterPerformedFaceToFaceInteraction_precondition_1167 = function(patient) {\n  var events = patient.encounters();\n  events = events.withStatuses([\"performed\"]);\n  events = events.withoutNegation();\n  var codes = getCodes(\"2.16.840.1.113883.3.464.1003.101.12.1048\");\n  var start = null;\n  var end = null;\n  events = events.match(codes, start, end, true);\n\n  events = DURING(events, hqmfjs.MeasurePeriod(patient));\n  return events;\n}\n\nhqmfjs.EncounterPerformedPreventiveCareServicesEstablishedOfficeVisit18AndUp_precondition_1169 = function(patient) {\n  var events = patient.encounters();\n  events = events.withStatuses([\"performed\"]);\n  events = events.withoutNegation();\n  var codes = getCodes(\"2.16.840.1.113883.3.464.1003.101.12.1025\");\n  var start = null;\n  var end = null;\n  events = events.match(codes, start, end, true);\n\n  events = DURING(events, hqmfjs.MeasurePeriod(patient));\n  return events;\n}\n\nhqmfjs.EncounterPerformedPreventiveCareServicesInitialOfficeVisit18AndUp_precondition_1171 = function(patient) {\n  var events = patient.encounters();\n  events = events.withStatuses([\"performed\"]);\n  events = events.withoutNegation();\n  var codes = getCodes(\"2.16.840.1.113883.3.464.1003.101.12.1023\");\n  var start = null;\n  var end = null;\n  events = events.match(codes, start, end, true);\n\n  events = DURING(events, hqmfjs.MeasurePeriod(patient));\n  return events;\n}\n\nhqmfjs.EncounterPerformedHomeHealthcareServices_precondition_1173 = function(patient) {\n  var events = patient.encounters();\n  events = events.withStatuses([\"performed\"]);\n  events = events.withoutNegation();\n  var codes = getCodes(\"2.16.840.1.113883.3.464.1003.101.12.1016\");\n  var start = null;\n  var end = null;\n  events = events.match(codes, start, end, true);\n\n  events = DURING(events, hqmfjs.MeasurePeriod(patient));\n  return events;\n}\n\nhqmfjs.EncounterPerformedAnnualWellnessVisit_precondition_1175 = function(patient) {\n  var events = patient.encounters();\n  events = events.withStatuses([\"performed\"]);\n  events = events.withoutNegation();\n  var codes = getCodes(\"2.16.840.1.113883.3.526.3.1240\");\n  var start = null;\n  var end = null;\n  events = events.match(codes, start, end, true);\n\n  events = DURING(events, hqmfjs.MeasurePeriod(patient));\n  return events;\n}\n\n\n\n        // #########################\n        // ##### MEASURE LOGIC #####\n        // #########################\n        \n        hqmfjs.initializeSpecifics = function(patient_api, hqmfjs) { Specifics.initialize(patient_api,hqmfjs) }\n\n        // INITIAL PATIENT POPULATION\n        hqmfjs.IPP = function(patient) {\n  return allTrue(  \n    allTrue(    \n      hqmfjs.PatientCharacteristicBirthdateBirthDate_precondition_1159(patient),    \n      hqmfjs.PatientCharacteristicBirthdateBirthDate_precondition_1161(patient),    \n      hqmfjs.PatientCharacteristicSexFemale_precondition_1163(patient),    \n      atLeastOneTrue(      \n        hqmfjs.EncounterPerformedOfficeVisit_precondition_1165(patient),      \n        hqmfjs.EncounterPerformedFaceToFaceInteraction_precondition_1167(patient),      \n        hqmfjs.EncounterPerformedPreventiveCareServicesEstablishedOfficeVisit18AndUp_precondition_1169(patient),      \n        hqmfjs.EncounterPerformedPreventiveCareServicesInitialOfficeVisit18AndUp_precondition_1171(patient),      \n        hqmfjs.EncounterPerformedHomeHealthcareServices_precondition_1173(patient),      \n        hqmfjs.EncounterPerformedAnnualWellnessVisit_precondition_1175(patient)\n      )\n    )\n  );\n};\n\n\n        // DENOMINATOR\n        hqmfjs.DENOM = function(patient) { return new Boolean(true); }\n        // NUMERATOR\n        hqmfjs.NUMER = function(patient) {\n  return allTrue(  \n    allTrue(    \n      hqmfjs.DiagnosticStudyResultMammogram_precondition_1156(patient)\n    )\n  );\n};\n\n\n        hqmfjs.DENEX = function(patient) {\n  return atLeastOneTrue(  \n    allTrue(    \n      atLeastOneTrue(      \n        hqmfjs.ProcedurePerformedBilateralMastectomy_precondition_1148(patient),      \n        hqmfjs.ProcedurePerformedUnilateralMastectomy_precondition_1150(patient)\n      )\n    )\n  );\n};\n\n\n        hqmfjs.DENEXCEP = function(patient) { return new Boolean(false); }\n        \n\n      hqmfjs.initializeSpecifics(patient_api, hqmfjs)\n      \n      var population = function() {\n        return executeIfAvailable(hqmfjs.IPP, patient_api);\n      }\n      var denominator = function() {\n        return executeIfAvailable(hqmfjs.DENOM, patient_api);\n      }\n      var numerator = function() {\n        return executeIfAvailable(hqmfjs.NUMER, patient_api);\n      }\n      var exclusion = function() {\n        return executeIfAvailable(hqmfjs.DENEX, patient_api);\n      }\n      var denexcep = function() {\n        return executeIfAvailable(hqmfjs.DENEXCEP, patient_api);\n      }\n      \n      var executeIfAvailable = function(optionalFunction, arg) {\n        if (typeof(optionalFunction)==='function')\n          return optionalFunction(arg);\n        else\n          return false;\n      }\n\n      if (Logger.enabled) enableMeasureLogging(hqmfjs);\n\n      map(patient, population, denominator, numerator, exclusion, denexcep);\n      \n      };\n      ",
  "data_criteria": [
    {
      "ProcedurePerformedBilateralMastectomy_precondition_1148": {
        "title": "Bilateral Mastectomy",
        "description": "Procedure, Performed: Bilateral Mastectomy",
        "standard_category": "procedure",
        "qds_data_type": "procedure_performed",
        "code_list_id": "2.16.840.1.113883.3.464.1003.198.12.1005",
        "type": "procedures",
        "definition": "procedure",
        "status": "performed",
        "hard_status": false,
        "negation": false,
        "source_data_criteria": "ProcedurePerformedBilateralMastectomy",
        "temporal_references": [
          {
            "type": "EBE",
            "reference": "MeasurePeriod"
          }
        ]
      }
    },
    {
      "ProcedurePerformedUnilateralMastectomy_precondition_1150": {
        "title": "Unilateral Mastectomy",
        "description": "Procedure, Performed: Unilateral Mastectomy",
        "standard_category": "procedure",
        "qds_data_type": "procedure_performed",
        "code_list_id": "2.16.840.1.113883.3.464.1003.198.12.1020",
        "type": "procedures",
        "definition": "procedure",
        "status": "performed",
        "hard_status": false,
        "negation": false,
        "source_data_criteria": "ProcedurePerformedUnilateralMastectomy",
        "temporal_references": [
          {
            "type": "EBE",
            "reference": "MeasurePeriod"
          }
        ],
        "subset_operators": [
          {
            "type": "COUNT",
            "value": {
              "type": "IVL_PQ",
              "low": {
                "type": "PQ",
                "value": "2",
                "inclusive?": true,
                "derived?": false
              },
              "high": {
                "type": "PQ",
                "value": "2",
                "inclusive?": true,
                "derived?": false
              }
            }
          }
        ]
      }
    },
    {
      "DiagnosticStudyResultMammogram_precondition_1156": {
        "title": "Mammogram",
        "description": "Diagnostic Study, Result: Mammogram",
        "standard_category": "diagnostic_study",
        "qds_data_type": "diagnostic_study_result",
        "code_list_id": "2.16.840.1.113883.3.464.1003.108.12.1018",
        "type": "diagnostic_studies",
        "definition": "diagnostic_study_result",
        "hard_status": false,
        "negation": false,
        "source_data_criteria": "DiagnosticStudyResultMammogram",
        "value": {
          "type": "ANYNonNull"
        },
        "temporal_references": [
          {
            "type": "EBE",
            "reference": "MeasurePeriod",
            "range": {
              "type": "IVL_PQ",
              "high": {
                "type": "PQ",
                "unit": "mo",
                "value": "12",
                "inclusive?": true,
                "derived?": false
              }
            }
          }
        ]
      }
    },
    {
      "PatientCharacteristicBirthdateBirthDate_precondition_1159": {
        "title": "birth date",
        "description": "Patient Characteristic Birthdate: birth date",
        "standard_category": "individual_characteristic",
        "qds_data_type": "individual_characteristic",
        "code_list_id": "2.16.840.1.113883.3.560.100.4",
        "property": "birthtime",
        "type": "characteristic",
        "definition": "patient_characteristic_birthdate",
        "hard_status": false,
        "negation": false,
        "source_data_criteria": "PatientCharacteristicBirthdateBirthDate",
        "inline_code_list": {
          "LOINC": [
            "21112-8"
          ]
        },
        "temporal_references": [
          {
            "type": "SBS",
            "reference": "MeasurePeriod",
            "range": {
              "type": "IVL_PQ",
              "low": {
                "type": "PQ",
                "unit": "a",
                "value": "42",
                "inclusive?": true,
                "derived?": false
              }
            }
          }
        ]
      }
    },
    {
      "PatientCharacteristicBirthdateBirthDate_precondition_1161": {
        "title": "birth date",
        "description": "Patient Characteristic Birthdate: birth date",
        "standard_category": "individual_characteristic",
        "qds_data_type": "individual_characteristic",
        "code_list_id": "2.16.840.1.113883.3.560.100.4",
        "property": "birthtime",
        "type": "characteristic",
        "definition": "patient_characteristic_birthdate",
        "hard_status": false,
        "negation": false,
        "source_data_criteria": "PatientCharacteristicBirthdateBirthDate",
        "inline_code_list": {
          "LOINC": [
            "21112-8"
          ]
        },
        "temporal_references": [
          {
            "type": "SBS",
            "reference": "MeasurePeriod",
            "range": {
              "type": "IVL_PQ",
              "high": {
                "type": "PQ",
                "unit": "a",
                "value": "69",
                "inclusive?": true,
                "derived?": false
              }
            }
          }
        ]
      }
    },
    {
      "PatientCharacteristicSexFemale_precondition_1163": {
        "title": "Female",
        "description": "Patient Characteristic Sex: Female",
        "standard_category": "individual_characteristic",
        "qds_data_type": "individual_characteristic",
        "code_list_id": "2.16.840.1.113883.3.560.100.2",
        "property": "gender",
        "type": "characteristic",
        "definition": "patient_characteristic_gender",
        "hard_status": false,
        "negation": false,
        "source_data_criteria": "PatientCharacteristicSexFemale",
        "value": {
          "type": "CD",
          "system": "Administrative Sex",
          "code": "F"
        }
      }
    },
    {
      "EncounterPerformedOfficeVisit_precondition_1165": {
        "title": "Office Visit",
        "description": "Encounter, Performed: Office Visit",
        "standard_category": "encounter",
        "qds_data_type": "encounter",
        "code_list_id": "2.16.840.1.113883.3.464.1003.101.12.1001",
        "type": "encounters",
        "definition": "encounter",
        "status": "performed",
        "hard_status": false,
        "negation": false,
        "source_data_criteria": "EncounterPerformedOfficeVisit",
        "temporal_references": [
          {
            "type": "DURING",
            "reference": "MeasurePeriod"
          }
        ]
      }
    },
    {
      "EncounterPerformedFaceToFaceInteraction_precondition_1167": {
        "title": "Face-to-Face Interaction",
        "description": "Encounter, Performed: Face-to-Face Interaction",
        "standard_category": "encounter",
        "qds_data_type": "encounter",
        "code_list_id": "2.16.840.1.113883.3.464.1003.101.12.1048",
        "type": "encounters",
        "definition": "encounter",
        "status": "performed",
        "hard_status": false,
        "negation": false,
        "source_data_criteria": "EncounterPerformedFaceToFaceInteraction",
        "temporal_references": [
          {
            "type": "DURING",
            "reference": "MeasurePeriod"
          }
        ]
      }
    },
    {
      "EncounterPerformedPreventiveCareServicesEstablishedOfficeVisit18AndUp_precondition_1169": {
        "title": "Preventive Care Services - Established Office Visit, 18 and Up",
        "description": "Encounter, Performed: Preventive Care Services - Established Office Visit, 18 and Up",
        "standard_category": "encounter",
        "qds_data_type": "encounter",
        "code_list_id": "2.16.840.1.113883.3.464.1003.101.12.1025",
        "type": "encounters",
        "definition": "encounter",
        "status": "performed",
        "hard_status": false,
        "negation": false,
        "source_data_criteria": "EncounterPerformedPreventiveCareServicesEstablishedOfficeVisit18AndUp",
        "temporal_references": [
          {
            "type": "DURING",
            "reference": "MeasurePeriod"
          }
        ]
      }
    },
    {
      "EncounterPerformedPreventiveCareServicesInitialOfficeVisit18AndUp_precondition_1171": {
        "title": "Preventive Care Services-Initial Office Visit, 18 and Up",
        "description": "Encounter, Performed: Preventive Care Services-Initial Office Visit, 18 and Up",
        "standard_category": "encounter",
        "qds_data_type": "encounter",
        "code_list_id": "2.16.840.1.113883.3.464.1003.101.12.1023",
        "type": "encounters",
        "definition": "encounter",
        "status": "performed",
        "hard_status": false,
        "negation": false,
        "source_data_criteria": "EncounterPerformedPreventiveCareServicesInitialOfficeVisit18AndUp",
        "temporal_references": [
          {
            "type": "DURING",
            "reference": "MeasurePeriod"
          }
        ]
      }
    },
    {
      "EncounterPerformedHomeHealthcareServices_precondition_1173": {
        "title": "Home Healthcare Services",
        "description": "Encounter, Performed: Home Healthcare Services",
        "standard_category": "encounter",
        "qds_data_type": "encounter",
        "code_list_id": "2.16.840.1.113883.3.464.1003.101.12.1016",
        "type": "encounters",
        "definition": "encounter",
        "status": "performed",
        "hard_status": false,
        "negation": false,
        "source_data_criteria": "EncounterPerformedHomeHealthcareServices",
        "temporal_references": [
          {
            "type": "DURING",
            "reference": "MeasurePeriod"
          }
        ]
      }
    },
    {
      "EncounterPerformedAnnualWellnessVisit_precondition_1175": {
        "title": "Annual Wellness Visit",
        "description": "Encounter, Performed: Annual Wellness Visit",
        "standard_category": "encounter",
        "qds_data_type": "encounter",
        "code_list_id": "2.16.840.1.113883.3.526.3.1240",
        "type": "encounters",
        "definition": "encounter",
        "status": "performed",
        "hard_status": false,
        "negation": false,
        "source_data_criteria": "EncounterPerformedAnnualWellnessVisit",
        "temporal_references": [
          {
            "type": "DURING",
            "reference": "MeasurePeriod"
          }
        ]
      }
    }
  ],
  "oids": [
    "2.16.840.1.113883.3.464.1003.101.12.1048",
    "2.16.840.1.113883.3.464.1003.108.11.1046",
    "2.16.840.1.113883.3.560.100.2",
    "2.16.840.1.113883.3.560.100.4",
    "2.16.840.1.113883.3.464.1003.101.12.1001",
    "2.16.840.1.113883.3.464.1003.101.12.1016",
    "2.16.840.1.113883.3.464.1003.101.12.1023",
    "2.16.840.1.113883.3.464.1003.101.12.1025",
    "2.16.840.1.113883.3.464.1003.108.12.1018",
    "2.16.840.1.113883.3.464.1003.101.11.1005",
    "2.16.840.1.113883.3.464.1003.101.11.1080",
    "2.16.840.1.113883.3.464.1003.101.11.1115",
    "2.16.840.1.113883.3.464.1003.101.11.1125",
    "2.16.840.1.113883.3.464.1003.101.11.1216",
    "2.16.840.1.113883.3.464.1003.198.11.1005",
    "2.16.840.1.113883.3.464.1003.198.11.1037",
    "2.16.840.1.113883.3.526.2.1363",
    "2.16.840.1.113883.3.464.1003.198.12.1005",
    "2.16.840.1.113883.3.464.1003.198.12.1020",
    "2.16.840.1.113883.3.526.3.1240",
    "2.16.840.1.113883.3.464.1003.108.11.1047",
    "2.16.840.1.113883.3.464.1003.198.11.1038"
  ],
  "population_ids": {
    "IPP": "E3C4AE51-029F-4833-912F-27596F265CC6",
    "DENOM": "C39EAE89-8CF5-4A94-8188-80A13DAFB602",
    "NUMER": "16C9D544-F595-40B2-B4B7-4176C81C0A25",
    "DENEX": "31EDE5A9-A48E-41A6-9955-EDCE594EFBDD"
  }
}