{
  "id": "8A4D92B2-39CA-AF4B-0139-D49A6C2A1DD7",
  "nqf_id": "0052",
  "hqmf_id": "8A4D92B2-39CA-AF4B-0139-D49A6C2A1DD7",
  "hqmf_set_id": "B6016B47-B65D-4BE0-866F-1D397886CA89",
  "hqmf_version_number": 1,
  "endorser": null,
  "name": "Use of Imaging Studies for Low Back Pain",
  "description": "Percentage of patients 18-50 years of age with a diagnosis of low back pain who did not have an imaging study (plain X-ray, MRI, CT scan) within 28 days of the diagnosis.",
  "type": "ep",
  "category": "Core Adult",
  "steward": null,
  "population": {
    "conjunction": "and",
    "items": [
      {
        "conjunction": "and",
        "items": [
          {
            "title": "Low Back Pain",
            "description": "Diagnosis, Active: Low Back Pain",
            "standard_category": "diagnosis_condition_problem",
            "qds_data_type": "diagnosis_active",
            "code_list_id": "2.16.840.1.113883.3.464.1003.113.12.1001",
            "type": "conditions",
            "definition": "diagnosis",
            "status": "active",
            "hard_status": false,
            "negation": false,
            "specific_occurrence": "A",
            "source_data_criteria": "OccurrenceALowBackPain283",
            "temporal_references": [
              {
                "type": "SDU",
                "reference": "MeasurePeriod",
                "title": "MeasurePeriod"
              }
            ],
            "subset_operators": [
              {
                "type": "FIRST"
              }
            ]
          },
          {
            "title": "birth date",
            "description": "Patient Characteristic Birthdate: birth date",
            "standard_category": "individual_characteristic",
            "qds_data_type": "individual_characteristic",
            "code_list_id": "2.16.840.1.113883.3.560.100.4",
            "property": "birthtime",
            "type": "characteristic",
            "definition": "patient_characteristic_birthdate",
            "hard_status": false,
            "negation": false,
            "source_data_criteria": "PatientCharacteristicBirthdateBirthDate",
            "inline_code_list": {
              "LOINC": [
                "21112-8"
              ]
            },
            "temporal_references": [
              {
                "type": "SBS",
                "reference": "MeasurePeriod",
                "range": {
                  "type": "IVL_PQ",
                  "low": {
                    "type": "PQ",
                    "unit": "a",
                    "value": "18",
                    "inclusive?": true,
                    "derived?": false
                  }
                },
                "title": "MeasurePeriod"
              }
            ]
          },
          {
            "title": "birth date",
            "description": "Patient Characteristic Birthdate: birth date",
            "standard_category": "individual_characteristic",
            "qds_data_type": "individual_characteristic",
            "code_list_id": "2.16.840.1.113883.3.560.100.4",
            "property": "birthtime",
            "type": "characteristic",
            "definition": "patient_characteristic_birthdate",
            "hard_status": false,
            "negation": false,
            "source_data_criteria": "PatientCharacteristicBirthdateBirthDate",
            "inline_code_list": {
              "LOINC": [
                "21112-8"
              ]
            },
            "temporal_references": [
              {
                "type": "SBS",
                "reference": "MeasurePeriod",
                "range": {
                  "type": "IVL_PQ",
                  "high": {
                    "type": "PQ",
                    "unit": "a",
                    "value": "50",
                    "inclusive?": true,
                    "derived?": false
                  }
                },
                "title": "MeasurePeriod"
              }
            ]
          },
          {
            "conjunction": "or",
            "items": [
              {
                "title": "Low Back Pain",
                "description": "Diagnosis, Active: Low Back Pain",
                "standard_category": "diagnosis_condition_problem",
                "qds_data_type": "diagnosis_active",
                "code_list_id": "2.16.840.1.113883.3.464.1003.113.12.1001",
                "type": "conditions",
                "definition": "diagnosis",
                "status": "active",
                "hard_status": false,
                "negation": false,
                "specific_occurrence": "A",
                "source_data_criteria": "OccurrenceALowBackPain283",
                "temporal_references": [
                  {
                    "type": "SDU",
                    "reference": {
                      "title": "Office Visit",
                      "description": "Encounter, Performed: Office Visit",
                      "standard_category": "encounter",
                      "qds_data_type": "encounter",
                      "code_list_id": "2.16.840.1.113883.3.464.1003.101.12.1001",
                      "type": "encounters",
                      "definition": "encounter",
                      "status": "performed",
                      "hard_status": false,
                      "negation": false,
                      "source_data_criteria": "EncounterPerformedOfficeVisit",
                      "temporal_references": [
                        {
                          "type": "SAS",
                          "reference": "MeasurePeriod",
                          "range": {
                            "type": "IVL_PQ",
                            "high": {
                              "type": "PQ",
                              "unit": "d",
                              "value": "337",
                              "inclusive?": true,
                              "derived?": false
                            }
                          },
                          "title": "MeasurePeriod"
                        }
                      ]
                    }
                  }
                ]
              },
              {
                "title": "Low Back Pain",
                "description": "Diagnosis, Active: Low Back Pain",
                "standard_category": "diagnosis_condition_problem",
                "qds_data_type": "diagnosis_active",
                "code_list_id": "2.16.840.1.113883.3.464.1003.113.12.1001",
                "type": "conditions",
                "definition": "diagnosis",
                "status": "active",
                "hard_status": false,
                "negation": false,
                "specific_occurrence": "A",
                "source_data_criteria": "OccurrenceALowBackPain283",
                "temporal_references": [
                  {
                    "type": "SDU",
                    "reference": {
                      "title": "Emergency Department Visit",
                      "description": "Encounter, Performed: Emergency Department Visit",
                      "standard_category": "encounter",
                      "qds_data_type": "encounter",
                      "code_list_id": "2.16.840.1.113883.3.464.1003.101.12.1010",
                      "type": "encounters",
                      "definition": "encounter",
                      "status": "performed",
                      "hard_status": false,
                      "negation": false,
                      "source_data_criteria": "EncounterPerformedEmergencyDepartmentVisit",
                      "temporal_references": [
                        {
                          "type": "SAS",
                          "reference": "MeasurePeriod",
                          "range": {
                            "type": "IVL_PQ",
                            "high": {
                              "type": "PQ",
                              "unit": "d",
                              "value": "337",
                              "inclusive?": true,
                              "derived?": false
                            }
                          },
                          "title": "MeasurePeriod"
                        }
                      ]
                    }
                  }
                ]
              }
            ],
            "negation": null,
            "precondition_id": 6170
          }
        ],
        "negation": null,
        "precondition_id": 6172
      }
    ]
  },
  "denominator": {
    "conjunction": "and",
    "items": [

    ]
  },
  "numerator": {
    "conjunction": "and",
    "items": [
      {
        "conjunction": "and",
        "items": [
          {
            "conjunction": "or",
            "items": [
              {
                "title": "X-Ray of Lower Spine",
                "description": "Diagnostic Study, Performed: X-Ray of Lower Spine",
                "standard_category": "diagnostic_study",
                "qds_data_type": "diagnostic_study_performed",
                "code_list_id": "2.16.840.1.113883.3.464.1003.113.12.1033",
                "type": "diagnostic_studies",
                "definition": "diagnostic_study",
                "status": "performed",
                "hard_status": false,
                "negation": false,
                "source_data_criteria": "DiagnosticStudyPerformedXRayOfLowerSpine",
                "temporal_references": [
                  {
                    "type": "SAS",
                    "reference": {
                      "title": "Low Back Pain",
                      "description": "Diagnosis, Active: Low Back Pain",
                      "standard_category": "diagnosis_condition_problem",
                      "qds_data_type": "diagnosis_active",
                      "code_list_id": "2.16.840.1.113883.3.464.1003.113.12.1001",
                      "type": "conditions",
                      "definition": "diagnosis",
                      "status": "active",
                      "hard_status": false,
                      "negation": false,
                      "specific_occurrence": "A",
                      "source_data_criteria": "OccurrenceALowBackPain283"
                    },
                    "range": {
                      "type": "IVL_PQ",
                      "high": {
                        "type": "PQ",
                        "unit": "d",
                        "value": "28",
                        "inclusive?": true,
                        "derived?": false
                      }
                    }
                  }
                ]
              },
              {
                "title": "MRI of Lower Spine",
                "description": "Diagnostic Study, Performed: MRI of Lower Spine",
                "standard_category": "diagnostic_study",
                "qds_data_type": "diagnostic_study_performed",
                "code_list_id": "2.16.840.1.113883.3.464.1003.113.12.1034",
                "type": "diagnostic_studies",
                "definition": "diagnostic_study",
                "status": "performed",
                "hard_status": false,
                "negation": false,
                "source_data_criteria": "DiagnosticStudyPerformedMriOfLowerSpine",
                "temporal_references": [
                  {
                    "type": "SAS",
                    "reference": {
                      "title": "Low Back Pain",
                      "description": "Diagnosis, Active: Low Back Pain",
                      "standard_category": "diagnosis_condition_problem",
                      "qds_data_type": "diagnosis_active",
                      "code_list_id": "2.16.840.1.113883.3.464.1003.113.12.1001",
                      "type": "conditions",
                      "definition": "diagnosis",
                      "status": "active",
                      "hard_status": false,
                      "negation": false,
                      "specific_occurrence": "A",
                      "source_data_criteria": "OccurrenceALowBackPain283"
                    },
                    "range": {
                      "type": "IVL_PQ",
                      "high": {
                        "type": "PQ",
                        "unit": "d",
                        "value": "28",
                        "inclusive?": true,
                        "derived?": false
                      }
                    }
                  }
                ]
              },
              {
                "title": "CT Scan of Lower Spine",
                "description": "Diagnostic Study, Performed: CT Scan of Lower Spine",
                "standard_category": "diagnostic_study",
                "qds_data_type": "diagnostic_study_performed",
                "code_list_id": "2.16.840.1.113883.3.464.1003.113.12.1035",
                "type": "diagnostic_studies",
                "definition": "diagnostic_study",
                "status": "performed",
                "hard_status": false,
                "negation": false,
                "source_data_criteria": "DiagnosticStudyPerformedCtScanOfLowerSpine",
                "temporal_references": [
                  {
                    "type": "SAS",
                    "reference": {
                      "title": "Low Back Pain",
                      "description": "Diagnosis, Active: Low Back Pain",
                      "standard_category": "diagnosis_condition_problem",
                      "qds_data_type": "diagnosis_active",
                      "code_list_id": "2.16.840.1.113883.3.464.1003.113.12.1001",
                      "type": "conditions",
                      "definition": "diagnosis",
                      "status": "active",
                      "hard_status": false,
                      "negation": false,
                      "specific_occurrence": "A",
                      "source_data_criteria": "OccurrenceALowBackPain283"
                    },
                    "range": {
                      "type": "IVL_PQ",
                      "high": {
                        "type": "PQ",
                        "unit": "d",
                        "value": "28",
                        "inclusive?": true,
                        "derived?": false
                      }
                    }
                  }
                ]
              }
            ],
            "negation": null,
            "precondition_id": 6153
          }
        ],
        "negation": null,
        "precondition_id": 6156
      }
    ]
  },
  "exclusions": {
    "conjunction": "and",
    "items": [
      {
        "conjunction": "and",
        "items": [
          {
            "conjunction": "or",
            "items": [
              {
                "title": "Low Back Pain",
                "description": "Diagnosis, Active: Low Back Pain",
                "standard_category": "diagnosis_condition_problem",
                "qds_data_type": "diagnosis_active",
                "code_list_id": "2.16.840.1.113883.3.464.1003.113.12.1001",
                "type": "conditions",
                "definition": "diagnosis",
                "status": "active",
                "hard_status": false,
                "negation": false,
                "source_data_criteria": "DiagnosisActiveLowBackPain",
                "temporal_references": [
                  {
                    "type": "SBS",
                    "reference": {
                      "title": "Low Back Pain",
                      "description": "Diagnosis, Active: Low Back Pain",
                      "standard_category": "diagnosis_condition_problem",
                      "qds_data_type": "diagnosis_active",
                      "code_list_id": "2.16.840.1.113883.3.464.1003.113.12.1001",
                      "type": "conditions",
                      "definition": "diagnosis",
                      "status": "active",
                      "hard_status": false,
                      "negation": false,
                      "specific_occurrence": "A",
                      "source_data_criteria": "OccurrenceALowBackPain283"
                    },
                    "range": {
                      "type": "IVL_PQ",
                      "high": {
                        "type": "PQ",
                        "unit": "d",
                        "value": "180",
                        "inclusive?": true,
                        "derived?": false
                      }
                    }
                  }
                ]
              },
              {
                "conjunction": "or",
                "items": [
                  {
                    "title": "All Cancer",
                    "description": "Diagnosis, Active: All Cancer",
                    "standard_category": "diagnosis_condition_problem",
                    "qds_data_type": "diagnosis_active",
                    "code_list_id": "2.16.840.1.113883.3.464.1003.108.12.1011",
                    "type": "conditions",
                    "definition": "diagnosis",
                    "status": "active",
                    "hard_status": false,
                    "negation": false,
                    "source_data_criteria": "DiagnosisActiveAllCancer",
                    "temporal_references": [
                      {
                        "type": "SBE",
                        "reference": "MeasurePeriod",
                        "title": "MeasurePeriod"
                      }
                    ]
                  },
                  {
                    "title": "All Cancer",
                    "description": "Diagnosis, Inactive: All Cancer",
                    "standard_category": "diagnosis_condition_problem",
                    "qds_data_type": "diagnosis_inactive",
                    "code_list_id": "2.16.840.1.113883.3.464.1003.108.12.1011",
                    "type": "conditions",
                    "definition": "diagnosis",
                    "status": "inactive",
                    "hard_status": true,
                    "negation": false,
                    "source_data_criteria": "DiagnosisInactiveAllCancer",
                    "temporal_references": [
                      {
                        "type": "SBE",
                        "reference": "MeasurePeriod",
                        "title": "MeasurePeriod"
                      }
                    ]
                  },
                  {
                    "title": "All Cancer",
                    "description": "Diagnosis, Resolved: All Cancer",
                    "standard_category": "diagnosis_condition_problem",
                    "qds_data_type": "diagnosis_resolved",
                    "code_list_id": "2.16.840.1.113883.3.464.1003.108.12.1011",
                    "type": "conditions",
                    "definition": "diagnosis",
                    "status": "resolved",
                    "hard_status": true,
                    "negation": false,
                    "source_data_criteria": "DiagnosisResolvedAllCancer",
                    "temporal_references": [
                      {
                        "type": "SBE",
                        "reference": "MeasurePeriod",
                        "title": "MeasurePeriod"
                      }
                    ]
                  }
                ],
                "negation": null,
                "precondition_id": 6134
              },
              {
                "conjunction": "or",
                "items": [
                  {
                    "title": "Trauma",
                    "description": "Diagnosis, Active: Trauma",
                    "standard_category": "diagnosis_condition_problem",
                    "qds_data_type": "diagnosis_active",
                    "code_list_id": "2.16.840.1.113883.3.464.1003.113.12.1036",
                    "type": "conditions",
                    "definition": "diagnosis",
                    "status": "active",
                    "hard_status": false,
                    "negation": false,
                    "source_data_criteria": "DiagnosisActiveTrauma",
                    "temporal_references": [
                      {
                        "type": "SBE",
                        "reference": "MeasurePeriod",
                        "range": {
                          "type": "IVL_PQ",
                          "high": {
                            "type": "PQ",
                            "unit": "d",
                            "value": "365",
                            "inclusive?": true,
                            "derived?": false
                          }
                        },
                        "title": "MeasurePeriod"
                      }
                    ]
                  },
                  {
                    "title": "IV Drug Abuse",
                    "description": "Diagnosis, Active: IV Drug Abuse",
                    "standard_category": "diagnosis_condition_problem",
                    "qds_data_type": "diagnosis_active",
                    "code_list_id": "2.16.840.1.113883.3.464.1003.106.12.1003",
                    "type": "conditions",
                    "definition": "diagnosis",
                    "status": "active",
                    "hard_status": false,
                    "negation": false,
                    "source_data_criteria": "DiagnosisActiveIvDrugAbuse",
                    "temporal_references": [
                      {
                        "type": "SBE",
                        "reference": "MeasurePeriod",
                        "range": {
                          "type": "IVL_PQ",
                          "high": {
                            "type": "PQ",
                            "unit": "d",
                            "value": "365",
                            "inclusive?": true,
                            "derived?": false
                          }
                        },
                        "title": "MeasurePeriod"
                      }
                    ]
                  },
                  {
                    "title": "Neurologic impairment",
                    "description": "Diagnosis, Active: Neurologic impairment",
                    "standard_category": "diagnosis_condition_problem",
                    "qds_data_type": "diagnosis_active",
                    "code_list_id": "2.16.840.1.113883.3.464.1003.114.12.1012",
                    "type": "conditions",
                    "definition": "diagnosis",
                    "status": "active",
                    "hard_status": false,
                    "negation": false,
                    "source_data_criteria": "DiagnosisActiveNeurologicImpairment",
                    "temporal_references": [
                      {
                        "type": "SBE",
                        "reference": "MeasurePeriod",
                        "range": {
                          "type": "IVL_PQ",
                          "high": {
                            "type": "PQ",
                            "unit": "d",
                            "value": "365",
                            "inclusive?": true,
                            "derived?": false
                          }
                        },
                        "title": "MeasurePeriod"
                      }
                    ]
                  }
                ],
                "negation": null,
                "precondition_id": 6142
              }
            ],
            "negation": null,
            "precondition_id": 6144
          }
        ],
        "negation": null,
        "precondition_id": 6146
      }
    ]
  },
  "map_fn": "function() {\n        var patient = this;\n        var effective_date = <%= effective_date %>;\n\n        hqmfjs = {}\n        <%= init_js_frameworks %>\n        \n        \n      var patient_api = new hQuery.Patient(patient);\n\n      \n\n      // clear out logger\n      if (typeof Logger != 'undefined') Logger.logger = [];\n      // turn on logging if it is enabled\n      if (Logger.enabled) enableLogging();\n      \n      \n        // #########################\n        // ##### DATA ELEMENTS #####\n        // #########################\n\n        OidDictionary = <%= oid_dictionary %>;\n        \n        // Measure variables\nvar MeasurePeriod = {\n  \"low\": new TS(\"20100101\", null, true),\n  \"high\": new TS(\"20110101\", null, true)\n}\nhqmfjs.MeasurePeriod = function(patient) {\n  return [new hQuery.CodedEntry(\n    {\n      \"start_time\": MeasurePeriod.low.asDate().getTime()/1000,\n      \"end_time\": MeasurePeriod.high.asDate().getTime()/1000,\n      \"codes\": {}\n    }\n  )];\n}\nif (typeof effective_date === 'number') {\n  MeasurePeriod.high.date = new Date(1000*effective_date);\n  MeasurePeriod.low.date = new Date(1000*effective_date);\n  MeasurePeriod.low.date.setFullYear(MeasurePeriod.low.date.getFullYear()-1);\n}\n\n// Data critera\nhqmfjs.OccurrenceALowBackPain283 = function(patient) {\n  var events = patient.allProblems();\n  events.specific_occurrence = 'OccurrenceALowBackPain283'\n  events = events.withStatuses([\"active\"]);\n  events = events.withoutNegation();\n  var codes = getCodes(\"2.16.840.1.113883.3.464.1003.113.12.1001\");\n  var start = null;\n  var end = null;\n  events = events.match(codes, start, end, true);\n\n  events.specificContext=new Specifics(Row.buildForDataCriteria(events.specific_occurrence, events))\n  return events;\n}\n\nhqmfjs.OccurrenceALowBackPain283 = function(patient) {\n  var events = patient.allProblems();\n  events.specific_occurrence = 'OccurrenceALowBackPain283'\n  events = events.withStatuses([\"active\"]);\n  events = events.withoutNegation();\n  var codes = getCodes(\"2.16.840.1.113883.3.464.1003.113.12.1001\");\n  var start = null;\n  var end = null;\n  events = events.match(codes, start, end, true);\n\n  events.specificContext=new Specifics(Row.buildForDataCriteria(events.specific_occurrence, events))\n  return events;\n}\n\nhqmfjs.DiagnosisActiveLowBackPain_precondition_6126 = function(patient) {\n  var events = patient.allProblems();\n  events = events.withStatuses([\"active\"]);\n  events = events.withoutNegation();\n  var codes = getCodes(\"2.16.840.1.113883.3.464.1003.113.12.1001\");\n  var start = null;\n  var end = null;\n  events = events.match(codes, start, end, true);\n\n  events = SBS(events, hqmfjs.OccurrenceALowBackPain283(patient), new IVL_PQ(null, new PQ(180, \"d\", true)));\n  return events;\n}\n\nhqmfjs.DiagnosisActiveAllCancer_precondition_6128 = function(patient) {\n  var events = patient.allProblems();\n  events = events.withStatuses([\"active\"]);\n  events = events.withoutNegation();\n  var codes = getCodes(\"2.16.840.1.113883.3.464.1003.108.12.1011\");\n  var start = null;\n  var end = null;\n  events = events.match(codes, start, end, true);\n\n  events = SBE(events, hqmfjs.MeasurePeriod(patient));\n  return events;\n}\n\nhqmfjs.DiagnosisInactiveAllCancer_precondition_6130 = function(patient) {\n  var events = patient.allProblems();\n  events = events.withStatuses([\"inactive\"], false);\n  events = events.withoutNegation();\n  var codes = getCodes(\"2.16.840.1.113883.3.464.1003.108.12.1011\");\n  var start = null;\n  var end = null;\n  events = events.match(codes, start, end, true);\n\n  events = SBE(events, hqmfjs.MeasurePeriod(patient));\n  return events;\n}\n\nhqmfjs.DiagnosisResolvedAllCancer_precondition_6132 = function(patient) {\n  var events = patient.allProblems();\n  events = events.withStatuses([\"resolved\"], false);\n  events = events.withoutNegation();\n  var codes = getCodes(\"2.16.840.1.113883.3.464.1003.108.12.1011\");\n  var start = null;\n  var end = null;\n  events = events.match(codes, start, end, true);\n\n  events = SBE(events, hqmfjs.MeasurePeriod(patient));\n  return events;\n}\n\nhqmfjs.DiagnosisActiveTrauma_precondition_6136 = function(patient) {\n  var events = patient.allProblems();\n  events = events.withStatuses([\"active\"]);\n  events = events.withoutNegation();\n  var codes = getCodes(\"2.16.840.1.113883.3.464.1003.113.12.1036\");\n  var start = null;\n  var end = null;\n  events = events.match(codes, start, end, true);\n\n  events = SBE(events, hqmfjs.MeasurePeriod(patient), new IVL_PQ(null, new PQ(365, \"d\", true)));\n  return events;\n}\n\nhqmfjs.DiagnosisActiveIvDrugAbuse_precondition_6138 = function(patient) {\n  var events = patient.allProblems();\n  events = events.withStatuses([\"active\"]);\n  events = events.withoutNegation();\n  var codes = getCodes(\"2.16.840.1.113883.3.464.1003.106.12.1003\");\n  var start = null;\n  var end = null;\n  events = events.match(codes, start, end, true);\n\n  events = SBE(events, hqmfjs.MeasurePeriod(patient), new IVL_PQ(null, new PQ(365, \"d\", true)));\n  return events;\n}\n\nhqmfjs.DiagnosisActiveNeurologicImpairment_precondition_6140 = function(patient) {\n  var events = patient.allProblems();\n  events = events.withStatuses([\"active\"]);\n  events = events.withoutNegation();\n  var codes = getCodes(\"2.16.840.1.113883.3.464.1003.114.12.1012\");\n  var start = null;\n  var end = null;\n  events = events.match(codes, start, end, true);\n\n  events = SBE(events, hqmfjs.MeasurePeriod(patient), new IVL_PQ(null, new PQ(365, \"d\", true)));\n  return events;\n}\n\nhqmfjs.OccurrenceALowBackPain283_precondition_6154 = function(patient) {\n  var events = patient.allProblems();\n  events.specific_occurrence = 'OccurrenceALowBackPain283'\n  events = events.withStatuses([\"active\"]);\n  events = events.withoutNegation();\n  var codes = getCodes(\"2.16.840.1.113883.3.464.1003.113.12.1001\");\n  var start = null;\n  var end = null;\n  events = events.match(codes, start, end, true);\n\n  events.specificContext=new Specifics(Row.buildForDataCriteria(events.specific_occurrence, events))\n  return events;\n}\n\nhqmfjs.DiagnosticStudyPerformedXRayOfLowerSpine_precondition_6147 = function(patient) {\n  var events = patient.allProcedures();\n  events = events.withStatuses([\"performed\"]);\n  events = events.withoutNegation();\n  var codes = getCodes(\"2.16.840.1.113883.3.464.1003.113.12.1033\");\n  var start = null;\n  var end = null;\n  events = events.match(codes, start, end, true);\n\n  events = SAS(events, hqmfjs.OccurrenceALowBackPain283_precondition_6154(patient), new IVL_PQ(null, new PQ(28, \"d\", true)));\n  return events;\n}\n\nhqmfjs.DiagnosticStudyPerformedMriOfLowerSpine_precondition_6149 = function(patient) {\n  var events = patient.allProcedures();\n  events = events.withStatuses([\"performed\"]);\n  events = events.withoutNegation();\n  var codes = getCodes(\"2.16.840.1.113883.3.464.1003.113.12.1034\");\n  var start = null;\n  var end = null;\n  events = events.match(codes, start, end, true);\n\n  events = SAS(events, hqmfjs.OccurrenceALowBackPain283_precondition_6154(patient), new IVL_PQ(null, new PQ(28, \"d\", true)));\n  return events;\n}\n\nhqmfjs.DiagnosticStudyPerformedCtScanOfLowerSpine_precondition_6151 = function(patient) {\n  var events = patient.allProcedures();\n  events = events.withStatuses([\"performed\"]);\n  events = events.withoutNegation();\n  var codes = getCodes(\"2.16.840.1.113883.3.464.1003.113.12.1035\");\n  var start = null;\n  var end = null;\n  events = events.match(codes, start, end, true);\n\n  events = SAS(events, hqmfjs.OccurrenceALowBackPain283_precondition_6154(patient), new IVL_PQ(null, new PQ(28, \"d\", true)));\n  return events;\n}\n\nhqmfjs.OccurrenceALowBackPain283_precondition_6157 = function(patient) {\n  var events = patient.allProblems();\n  events.specific_occurrence = 'OccurrenceALowBackPain283'\n  events = events.withStatuses([\"active\"]);\n  events = events.withoutNegation();\n  var codes = getCodes(\"2.16.840.1.113883.3.464.1003.113.12.1001\");\n  var start = null;\n  var end = null;\n  events = events.match(codes, start, end, true);\n\n  events = SDU(events, hqmfjs.MeasurePeriod(patient));\n  events = FIRST(events);\n  return events;\n}\n\nhqmfjs.PatientCharacteristicBirthdateBirthDate_precondition_6160 = function(patient) {\nvar value = patient.birthtime();\nvar events = [value];\nevents = SBS(events, hqmfjs.MeasurePeriod(patient), new IVL_PQ(new PQ(18, \"a\", true), null));\nevents.specificContext=Specifics.identity();\nreturn events;\n\n}\n\nhqmfjs.PatientCharacteristicBirthdateBirthDate_precondition_6162 = function(patient) {\nvar value = patient.birthtime();\nvar events = [value];\nevents = SBS(events, hqmfjs.MeasurePeriod(patient), new IVL_PQ(null, new PQ(50, \"a\", true)));\nevents.specificContext=Specifics.identity();\nreturn events;\n\n}\n\nhqmfjs.EncounterPerformedOfficeVisit_precondition_6164 = function(patient) {\n  var events = patient.encounters();\n  events = events.withStatuses([\"performed\"]);\n  events = events.withoutNegation();\n  var codes = getCodes(\"2.16.840.1.113883.3.464.1003.101.12.1001\");\n  var start = null;\n  var end = null;\n  events = events.match(codes, start, end, true);\n\n  events = SAS(events, hqmfjs.MeasurePeriod(patient), new IVL_PQ(null, new PQ(337, \"d\", true)));\n  return events;\n}\n\nhqmfjs.OccurrenceALowBackPain283_precondition_6165 = function(patient) {\n  var events = patient.allProblems();\n  events.specific_occurrence = 'OccurrenceALowBackPain283'\n  events = events.withStatuses([\"active\"]);\n  events = events.withoutNegation();\n  var codes = getCodes(\"2.16.840.1.113883.3.464.1003.113.12.1001\");\n  var start = null;\n  var end = null;\n  events = events.match(codes, start, end, true);\n\n  events = SDU(events, hqmfjs.EncounterPerformedOfficeVisit_precondition_6164(patient));\n  return events;\n}\n\nhqmfjs.EncounterPerformedEmergencyDepartmentVisit_precondition_6167 = function(patient) {\n  var events = patient.encounters();\n  events = events.withStatuses([\"performed\"]);\n  events = events.withoutNegation();\n  var codes = getCodes(\"2.16.840.1.113883.3.464.1003.101.12.1010\");\n  var start = null;\n  var end = null;\n  events = events.match(codes, start, end, true);\n\n  events = SAS(events, hqmfjs.MeasurePeriod(patient), new IVL_PQ(null, new PQ(337, \"d\", true)));\n  return events;\n}\n\nhqmfjs.OccurrenceALowBackPain283_precondition_6168 = function(patient) {\n  var events = patient.allProblems();\n  events.specific_occurrence = 'OccurrenceALowBackPain283'\n  events = events.withStatuses([\"active\"]);\n  events = events.withoutNegation();\n  var codes = getCodes(\"2.16.840.1.113883.3.464.1003.113.12.1001\");\n  var start = null;\n  var end = null;\n  events = events.match(codes, start, end, true);\n\n  events = SDU(events, hqmfjs.EncounterPerformedEmergencyDepartmentVisit_precondition_6167(patient));\n  return events;\n}\n\n\n\n        // #########################\n        // ##### MEASURE LOGIC #####\n        // #########################\n        \n        hqmfjs.initializeSpecifics = function(patient_api, hqmfjs) { Specifics.initialize(patient_api,hqmfjs,{\"id\":\"OccurrenceALowBackPain283\",\"type\":\"\",\"function\":\"OccurrenceALowBackPain283\"}) }\n\n        // INITIAL PATIENT POPULATION\n        hqmfjs.IPP = function(patient) {\n  return allTrue(  \n    allTrue(    \n      hqmfjs.OccurrenceALowBackPain283_precondition_6157(patient),    \n      hqmfjs.PatientCharacteristicBirthdateBirthDate_precondition_6160(patient),    \n      hqmfjs.PatientCharacteristicBirthdateBirthDate_precondition_6162(patient),    \n      atLeastOneTrue(      \n        hqmfjs.OccurrenceALowBackPain283_precondition_6165(patient),      \n        hqmfjs.OccurrenceALowBackPain283_precondition_6168(patient)\n      )\n    )\n  );\n};\n\n\n        // DENOMINATOR\n        hqmfjs.DENOM = function(patient) { return new Boolean(true); }\n        // NUMERATOR\n        hqmfjs.NUMER = function(patient) {\n  return allTrue(  \n    allTrue(    \n      atLeastOneTrue(      \n        hqmfjs.DiagnosticStudyPerformedXRayOfLowerSpine_precondition_6147(patient),      \n        hqmfjs.DiagnosticStudyPerformedMriOfLowerSpine_precondition_6149(patient),      \n        hqmfjs.DiagnosticStudyPerformedCtScanOfLowerSpine_precondition_6151(patient)\n      )\n    )\n  );\n};\n\n\n        hqmfjs.DENEX = function(patient) {\n  return atLeastOneTrue(  \n    allTrue(    \n      atLeastOneTrue(      \n        hqmfjs.DiagnosisActiveLowBackPain_precondition_6126(patient),      \n        atLeastOneTrue(        \n          hqmfjs.DiagnosisActiveAllCancer_precondition_6128(patient),        \n          hqmfjs.DiagnosisInactiveAllCancer_precondition_6130(patient),        \n          hqmfjs.DiagnosisResolvedAllCancer_precondition_6132(patient)\n        ),      \n        atLeastOneTrue(        \n          hqmfjs.DiagnosisActiveTrauma_precondition_6136(patient),        \n          hqmfjs.DiagnosisActiveIvDrugAbuse_precondition_6138(patient),        \n          hqmfjs.DiagnosisActiveNeurologicImpairment_precondition_6140(patient)\n        )\n      )\n    )\n  );\n};\n\n\n        hqmfjs.DENEXCEP = function(patient) { return new Boolean(false); }\n        \n\n      hqmfjs.initializeSpecifics(patient_api, hqmfjs)\n      \n      var population = function() {\n        return executeIfAvailable(hqmfjs.IPP, patient_api);\n      }\n      var denominator = function() {\n        return executeIfAvailable(hqmfjs.DENOM, patient_api);\n      }\n      var numerator = function() {\n        return executeIfAvailable(hqmfjs.NUMER, patient_api);\n      }\n      var exclusion = function() {\n        return executeIfAvailable(hqmfjs.DENEX, patient_api);\n      }\n      var denexcep = function() {\n        return executeIfAvailable(hqmfjs.DENEXCEP, patient_api);\n      }\n      \n      var executeIfAvailable = function(optionalFunction, arg) {\n        if (typeof(optionalFunction)==='function')\n          return optionalFunction(arg);\n        else\n          return false;\n      }\n\n      if (Logger.enabled) enableMeasureLogging(hqmfjs);\n\n      map(patient, population, denominator, numerator, exclusion, denexcep);\n      \n      };\n      ",
  "data_criteria": [
    {
      "DiagnosisActiveLowBackPain_precondition_6126": {
        "title": "Low Back Pain",
        "description": "Diagnosis, Active: Low Back Pain",
        "standard_category": "diagnosis_condition_problem",
        "qds_data_type": "diagnosis_active",
        "code_list_id": "2.16.840.1.113883.3.464.1003.113.12.1001",
        "type": "conditions",
        "definition": "diagnosis",
        "status": "active",
        "hard_status": false,
        "negation": false,
        "source_data_criteria": "DiagnosisActiveLowBackPain",
        "temporal_references": [
          {
            "type": "SBS",
            "reference": "OccurrenceALowBackPain283",
            "range": {
              "type": "IVL_PQ",
              "high": {
                "type": "PQ",
                "unit": "d",
                "value": "180",
                "inclusive?": true,
                "derived?": false
              }
            }
          }
        ]
      }
    },
    {
      "OccurrenceALowBackPain283": {
        "title": "Low Back Pain",
        "description": "Diagnosis, Active: Low Back Pain",
        "standard_category": "diagnosis_condition_problem",
        "qds_data_type": "diagnosis_active",
        "code_list_id": "2.16.840.1.113883.3.464.1003.113.12.1001",
        "type": "conditions",
        "definition": "diagnosis",
        "status": "active",
        "hard_status": false,
        "negation": false,
        "specific_occurrence": "A",
        "source_data_criteria": "OccurrenceALowBackPain283"
      }
    },
    {
      "DiagnosisActiveAllCancer_precondition_6128": {
        "title": "All Cancer",
        "description": "Diagnosis, Active: All Cancer",
        "standard_category": "diagnosis_condition_problem",
        "qds_data_type": "diagnosis_active",
        "code_list_id": "2.16.840.1.113883.3.464.1003.108.12.1011",
        "type": "conditions",
        "definition": "diagnosis",
        "status": "active",
        "hard_status": false,
        "negation": false,
        "source_data_criteria": "DiagnosisActiveAllCancer",
        "temporal_references": [
          {
            "type": "SBE",
            "reference": "MeasurePeriod"
          }
        ]
      }
    },
    {
      "DiagnosisInactiveAllCancer_precondition_6130": {
        "title": "All Cancer",
        "description": "Diagnosis, Inactive: All Cancer",
        "standard_category": "diagnosis_condition_problem",
        "qds_data_type": "diagnosis_inactive",
        "code_list_id": "2.16.840.1.113883.3.464.1003.108.12.1011",
        "type": "conditions",
        "definition": "diagnosis",
        "status": "inactive",
        "hard_status": true,
        "negation": false,
        "source_data_criteria": "DiagnosisInactiveAllCancer",
        "temporal_references": [
          {
            "type": "SBE",
            "reference": "MeasurePeriod"
          }
        ]
      }
    },
    {
      "DiagnosisResolvedAllCancer_precondition_6132": {
        "title": "All Cancer",
        "description": "Diagnosis, Resolved: All Cancer",
        "standard_category": "diagnosis_condition_problem",
        "qds_data_type": "diagnosis_resolved",
        "code_list_id": "2.16.840.1.113883.3.464.1003.108.12.1011",
        "type": "conditions",
        "definition": "diagnosis",
        "status": "resolved",
        "hard_status": true,
        "negation": false,
        "source_data_criteria": "DiagnosisResolvedAllCancer",
        "temporal_references": [
          {
            "type": "SBE",
            "reference": "MeasurePeriod"
          }
        ]
      }
    },
    {
      "DiagnosisActiveTrauma_precondition_6136": {
        "title": "Trauma",
        "description": "Diagnosis, Active: Trauma",
        "standard_category": "diagnosis_condition_problem",
        "qds_data_type": "diagnosis_active",
        "code_list_id": "2.16.840.1.113883.3.464.1003.113.12.1036",
        "type": "conditions",
        "definition": "diagnosis",
        "status": "active",
        "hard_status": false,
        "negation": false,
        "source_data_criteria": "DiagnosisActiveTrauma",
        "temporal_references": [
          {
            "type": "SBE",
            "reference": "MeasurePeriod",
            "range": {
              "type": "IVL_PQ",
              "high": {
                "type": "PQ",
                "unit": "d",
                "value": "365",
                "inclusive?": true,
                "derived?": false
              }
            }
          }
        ]
      }
    },
    {
      "DiagnosisActiveIvDrugAbuse_precondition_6138": {
        "title": "IV Drug Abuse",
        "description": "Diagnosis, Active: IV Drug Abuse",
        "standard_category": "diagnosis_condition_problem",
        "qds_data_type": "diagnosis_active",
        "code_list_id": "2.16.840.1.113883.3.464.1003.106.12.1003",
        "type": "conditions",
        "definition": "diagnosis",
        "status": "active",
        "hard_status": false,
        "negation": false,
        "source_data_criteria": "DiagnosisActiveIvDrugAbuse",
        "temporal_references": [
          {
            "type": "SBE",
            "reference": "MeasurePeriod",
            "range": {
              "type": "IVL_PQ",
              "high": {
                "type": "PQ",
                "unit": "d",
                "value": "365",
                "inclusive?": true,
                "derived?": false
              }
            }
          }
        ]
      }
    },
    {
      "DiagnosisActiveNeurologicImpairment_precondition_6140": {
        "title": "Neurologic impairment",
        "description": "Diagnosis, Active: Neurologic impairment",
        "standard_category": "diagnosis_condition_problem",
        "qds_data_type": "diagnosis_active",
        "code_list_id": "2.16.840.1.113883.3.464.1003.114.12.1012",
        "type": "conditions",
        "definition": "diagnosis",
        "status": "active",
        "hard_status": false,
        "negation": false,
        "source_data_criteria": "DiagnosisActiveNeurologicImpairment",
        "temporal_references": [
          {
            "type": "SBE",
            "reference": "MeasurePeriod",
            "range": {
              "type": "IVL_PQ",
              "high": {
                "type": "PQ",
                "unit": "d",
                "value": "365",
                "inclusive?": true,
                "derived?": false
              }
            }
          }
        ]
      }
    },
    {
      "DiagnosticStudyPerformedXRayOfLowerSpine_precondition_6147": {
        "title": "X-Ray of Lower Spine",
        "description": "Diagnostic Study, Performed: X-Ray of Lower Spine",
        "standard_category": "diagnostic_study",
        "qds_data_type": "diagnostic_study_performed",
        "code_list_id": "2.16.840.1.113883.3.464.1003.113.12.1033",
        "type": "diagnostic_studies",
        "definition": "diagnostic_study",
        "status": "performed",
        "hard_status": false,
        "negation": false,
        "source_data_criteria": "DiagnosticStudyPerformedXRayOfLowerSpine",
        "temporal_references": [
          {
            "type": "SAS",
            "reference": "OccurrenceALowBackPain283_precondition_6154",
            "range": {
              "type": "IVL_PQ",
              "high": {
                "type": "PQ",
                "unit": "d",
                "value": "28",
                "inclusive?": true,
                "derived?": false
              }
            }
          }
        ]
      }
    },
    {
      "OccurrenceALowBackPain283_precondition_6154": {
        "title": "Low Back Pain",
        "description": "Diagnosis, Active: Low Back Pain",
        "standard_category": "diagnosis_condition_problem",
        "qds_data_type": "diagnosis_active",
        "code_list_id": "2.16.840.1.113883.3.464.1003.113.12.1001",
        "type": "conditions",
        "definition": "diagnosis",
        "status": "active",
        "hard_status": false,
        "negation": false,
        "specific_occurrence": "A",
        "source_data_criteria": "OccurrenceALowBackPain283"
      }
    },
    {
      "DiagnosticStudyPerformedMriOfLowerSpine_precondition_6149": {
        "title": "MRI of Lower Spine",
        "description": "Diagnostic Study, Performed: MRI of Lower Spine",
        "standard_category": "diagnostic_study",
        "qds_data_type": "diagnostic_study_performed",
        "code_list_id": "2.16.840.1.113883.3.464.1003.113.12.1034",
        "type": "diagnostic_studies",
        "definition": "diagnostic_study",
        "status": "performed",
        "hard_status": false,
        "negation": false,
        "source_data_criteria": "DiagnosticStudyPerformedMriOfLowerSpine",
        "temporal_references": [
          {
            "type": "SAS",
            "reference": "OccurrenceALowBackPain283_precondition_6154",
            "range": {
              "type": "IVL_PQ",
              "high": {
                "type": "PQ",
                "unit": "d",
                "value": "28",
                "inclusive?": true,
                "derived?": false
              }
            }
          }
        ]
      }
    },
    {
      "DiagnosticStudyPerformedCtScanOfLowerSpine_precondition_6151": {
        "title": "CT Scan of Lower Spine",
        "description": "Diagnostic Study, Performed: CT Scan of Lower Spine",
        "standard_category": "diagnostic_study",
        "qds_data_type": "diagnostic_study_performed",
        "code_list_id": "2.16.840.1.113883.3.464.1003.113.12.1035",
        "type": "diagnostic_studies",
        "definition": "diagnostic_study",
        "status": "performed",
        "hard_status": false,
        "negation": false,
        "source_data_criteria": "DiagnosticStudyPerformedCtScanOfLowerSpine",
        "temporal_references": [
          {
            "type": "SAS",
            "reference": "OccurrenceALowBackPain283_precondition_6154",
            "range": {
              "type": "IVL_PQ",
              "high": {
                "type": "PQ",
                "unit": "d",
                "value": "28",
                "inclusive?": true,
                "derived?": false
              }
            }
          }
        ]
      }
    },
    {
      "OccurrenceALowBackPain283_precondition_6157": {
        "title": "Low Back Pain",
        "description": "Diagnosis, Active: Low Back Pain",
        "standard_category": "diagnosis_condition_problem",
        "qds_data_type": "diagnosis_active",
        "code_list_id": "2.16.840.1.113883.3.464.1003.113.12.1001",
        "type": "conditions",
        "definition": "diagnosis",
        "status": "active",
        "hard_status": false,
        "negation": false,
        "specific_occurrence": "A",
        "source_data_criteria": "OccurrenceALowBackPain283",
        "temporal_references": [
          {
            "type": "SDU",
            "reference": "MeasurePeriod"
          }
        ],
        "subset_operators": [
          {
            "type": "FIRST"
          }
        ]
      }
    },
    {
      "PatientCharacteristicBirthdateBirthDate_precondition_6160": {
        "title": "birth date",
        "description": "Patient Characteristic Birthdate: birth date",
        "standard_category": "individual_characteristic",
        "qds_data_type": "individual_characteristic",
        "code_list_id": "2.16.840.1.113883.3.560.100.4",
        "property": "birthtime",
        "type": "characteristic",
        "definition": "patient_characteristic_birthdate",
        "hard_status": false,
        "negation": false,
        "source_data_criteria": "PatientCharacteristicBirthdateBirthDate",
        "inline_code_list": {
          "LOINC": [
            "21112-8"
          ]
        },
        "temporal_references": [
          {
            "type": "SBS",
            "reference": "MeasurePeriod",
            "range": {
              "type": "IVL_PQ",
              "low": {
                "type": "PQ",
                "unit": "a",
                "value": "18",
                "inclusive?": true,
                "derived?": false
              }
            }
          }
        ]
      }
    },
    {
      "PatientCharacteristicBirthdateBirthDate_precondition_6162": {
        "title": "birth date",
        "description": "Patient Characteristic Birthdate: birth date",
        "standard_category": "individual_characteristic",
        "qds_data_type": "individual_characteristic",
        "code_list_id": "2.16.840.1.113883.3.560.100.4",
        "property": "birthtime",
        "type": "characteristic",
        "definition": "patient_characteristic_birthdate",
        "hard_status": false,
        "negation": false,
        "source_data_criteria": "PatientCharacteristicBirthdateBirthDate",
        "inline_code_list": {
          "LOINC": [
            "21112-8"
          ]
        },
        "temporal_references": [
          {
            "type": "SBS",
            "reference": "MeasurePeriod",
            "range": {
              "type": "IVL_PQ",
              "high": {
                "type": "PQ",
                "unit": "a",
                "value": "50",
                "inclusive?": true,
                "derived?": false
              }
            }
          }
        ]
      }
    },
    {
      "OccurrenceALowBackPain283_precondition_6165": {
        "title": "Low Back Pain",
        "description": "Diagnosis, Active: Low Back Pain",
        "standard_category": "diagnosis_condition_problem",
        "qds_data_type": "diagnosis_active",
        "code_list_id": "2.16.840.1.113883.3.464.1003.113.12.1001",
        "type": "conditions",
        "definition": "diagnosis",
        "status": "active",
        "hard_status": false,
        "negation": false,
        "specific_occurrence": "A",
        "source_data_criteria": "OccurrenceALowBackPain283",
        "temporal_references": [
          {
            "type": "SDU",
            "reference": "EncounterPerformedOfficeVisit_precondition_6164"
          }
        ]
      }
    },
    {
      "EncounterPerformedOfficeVisit_precondition_6164": {
        "title": "Office Visit",
        "description": "Encounter, Performed: Office Visit",
        "standard_category": "encounter",
        "qds_data_type": "encounter",
        "code_list_id": "2.16.840.1.113883.3.464.1003.101.12.1001",
        "type": "encounters",
        "definition": "encounter",
        "status": "performed",
        "hard_status": false,
        "negation": false,
        "source_data_criteria": "EncounterPerformedOfficeVisit",
        "temporal_references": [
          {
            "type": "SAS",
            "reference": "MeasurePeriod",
            "range": {
              "type": "IVL_PQ",
              "high": {
                "type": "PQ",
                "unit": "d",
                "value": "337",
                "inclusive?": true,
                "derived?": false
              }
            }
          }
        ]
      }
    },
    {
      "OccurrenceALowBackPain283_precondition_6168": {
        "title": "Low Back Pain",
        "description": "Diagnosis, Active: Low Back Pain",
        "standard_category": "diagnosis_condition_problem",
        "qds_data_type": "diagnosis_active",
        "code_list_id": "2.16.840.1.113883.3.464.1003.113.12.1001",
        "type": "conditions",
        "definition": "diagnosis",
        "status": "active",
        "hard_status": false,
        "negation": false,
        "specific_occurrence": "A",
        "source_data_criteria": "OccurrenceALowBackPain283",
        "temporal_references": [
          {
            "type": "SDU",
            "reference": "EncounterPerformedEmergencyDepartmentVisit_precondition_6167"
          }
        ]
      }
    },
    {
      "EncounterPerformedEmergencyDepartmentVisit_precondition_6167": {
        "title": "Emergency Department Visit",
        "description": "Encounter, Performed: Emergency Department Visit",
        "standard_category": "encounter",
        "qds_data_type": "encounter",
        "code_list_id": "2.16.840.1.113883.3.464.1003.101.12.1010",
        "type": "encounters",
        "definition": "encounter",
        "status": "performed",
        "hard_status": false,
        "negation": false,
        "source_data_criteria": "EncounterPerformedEmergencyDepartmentVisit",
        "temporal_references": [
          {
            "type": "SAS",
            "reference": "MeasurePeriod",
            "range": {
              "type": "IVL_PQ",
              "high": {
                "type": "PQ",
                "unit": "d",
                "value": "337",
                "inclusive?": true,
                "derived?": false
              }
            }
          }
        ]
      }
    }
  ],
  "oids": [
    "2.16.840.1.113883.3.464.1003.108.12.1011",
    "2.16.840.1.113883.3.464.1003.101.12.1001",
    "2.16.840.1.113883.3.464.1003.101.12.1010",
    "2.16.840.1.113883.3.464.1003.106.12.1003",
    "2.16.840.1.113883.3.464.1003.113.12.1001",
    "2.16.840.1.113883.3.464.1003.113.12.1033",
    "2.16.840.1.113883.3.464.1003.113.12.1034",
    "2.16.840.1.113883.3.464.1003.113.12.1035",
    "2.16.840.1.113883.3.464.1003.113.12.1036",
    "2.16.840.1.113883.3.464.1003.114.12.1012",
    "2.16.840.1.113883.3.464.1003.101.11.1005",
    "2.16.840.1.113883.3.464.1003.101.11.1050",
    "2.16.840.1.113883.3.464.1003.106.11.1006",
    "2.16.840.1.113883.3.464.1003.106.11.1007",
    "2.16.840.1.113883.3.464.1003.106.11.1008",
    "2.16.840.1.113883.3.464.1003.108.11.1001",
    "2.16.840.1.113883.3.464.1003.108.11.1002",
    "2.16.840.1.113883.3.464.1003.108.11.1003",
    "2.16.840.1.113883.3.464.1003.108.11.1004",
    "2.16.840.1.113883.3.464.1003.108.11.1005",
    "2.16.840.1.113883.3.464.1003.108.11.1006",
    "2.16.840.1.113883.3.464.1003.108.11.1007",
    "2.16.840.1.113883.3.464.1003.108.11.1008",
    "2.16.840.1.113883.3.464.1003.108.11.1009",
    "2.16.840.1.113883.3.464.1003.108.11.1010",
    "2.16.840.1.113883.3.464.1003.108.11.1011",
    "2.16.840.1.113883.3.464.1003.108.11.1012",
    "2.16.840.1.113883.3.464.1003.108.11.1013",
    "2.16.840.1.113883.3.464.1003.108.11.1014",
    "2.16.840.1.113883.3.464.1003.108.11.1015",
    "2.16.840.1.113883.3.464.1003.108.11.1016",
    "2.16.840.1.113883.3.464.1003.108.11.1017",
    "2.16.840.1.113883.3.464.1003.108.11.1018",
    "2.16.840.1.113883.3.464.1003.108.11.1019",
    "2.16.840.1.113883.3.464.1003.108.11.1020",
    "2.16.840.1.113883.3.464.1003.108.11.1021",
    "2.16.840.1.113883.3.464.1003.108.11.1022",
    "2.16.840.1.113883.3.464.1003.108.11.1023",
    "2.16.840.1.113883.3.464.1003.108.11.1024",
    "2.16.840.1.113883.3.464.1003.108.11.1025",
    "2.16.840.1.113883.3.464.1003.108.11.1026",
    "2.16.840.1.113883.3.464.1003.108.11.1027",
    "2.16.840.1.113883.3.464.1003.113.11.1001",
    "2.16.840.1.113883.3.464.1003.113.11.1002",
    "2.16.840.1.113883.3.464.1003.113.11.1003",
    "2.16.840.1.113883.3.464.1003.113.11.1063",
    "2.16.840.1.113883.3.464.1003.113.11.1064",
    "2.16.840.1.113883.3.464.1003.113.11.1065",
    "2.16.840.1.113883.3.464.1003.113.11.1066",
    "2.16.840.1.113883.3.464.1003.113.11.1067",
    "2.16.840.1.113883.3.464.1003.113.11.1068",
    "2.16.840.1.113883.3.464.1003.114.11.1024",
    "2.16.840.1.113883.3.464.1003.114.11.1025",
    "2.16.840.1.113883.3.464.1003.114.11.1026",
    "2.16.840.1.113883.3.560.100.4"
  ],
  "population_ids": {
    "IPP": "40283835-7F01-4F50-B271-213CA3B77E26",
    "DENOM": "6657B76E-71D5-4084-A585-6061DCC78548",
    "NUMER": "F6B53629-2375-45BE-A313-3C042347F3DD",
    "DENEX": "212273E4-FA08-44FD-BC37-B742BF961AFF"
  }
}