{
  "id": "8A4D92B2-39CA-AF4B-0139-D472724E0C46",
  "nqf_id": "0055",
  "hqmf_id": "8A4D92B2-39CA-AF4B-0139-D472724E0C46",
  "hqmf_set_id": "D90BDAB4-B9D2-4329-9993-5C34E2C0DC66",
  "hqmf_version_number": 1,
  "endorser": null,
  "name": "Diabetes: Eye Exam",
  "description": "Percentage of patients 18-75 years of age with diabetes who had a retinal or dilated eye exam by an eye care professional during the measurement period or a negative retinal exam (no evidence of retinopathy) in the 12 months prior to the measurement period",
  "type": "ep",
  "category": "Eye",
  "steward": null,
  "population": {
    "conjunction": "and",
    "items": [
      {
        "conjunction": "and",
        "items": [
          {
            "title": "Diabetes",
            "description": "Diagnosis, Active: Diabetes",
            "standard_category": "diagnosis_condition_problem",
            "qds_data_type": "diagnosis_active",
            "code_list_id": "2.16.840.1.113883.3.464.1003.103.12.1001",
            "type": "conditions",
            "definition": "diagnosis",
            "status": "active",
            "hard_status": false,
            "negation": false,
            "source_data_criteria": "DiagnosisActiveDiabetes",
            "temporal_references": [
              {
                "type": "SBE",
                "reference": "MeasurePeriod",
                "title": "MeasurePeriod"
              }
            ]
          },
          {
            "title": "birth date",
            "description": "Patient Characteristic Birthdate: birth date",
            "standard_category": "individual_characteristic",
            "qds_data_type": "individual_characteristic",
            "code_list_id": "2.16.840.1.113883.3.560.100.4",
            "property": "birthtime",
            "type": "characteristic",
            "definition": "patient_characteristic_birthdate",
            "hard_status": false,
            "negation": false,
            "source_data_criteria": "PatientCharacteristicBirthdateBirthDate",
            "inline_code_list": {
              "LOINC": [
                "21112-8"
              ]
            },
            "temporal_references": [
              {
                "type": "SBS",
                "reference": "MeasurePeriod",
                "range": {
                  "type": "IVL_PQ",
                  "low": {
                    "type": "PQ",
                    "unit": "a",
                    "value": "18",
                    "inclusive?": true,
                    "derived?": false
                  }
                },
                "title": "MeasurePeriod"
              }
            ]
          },
          {
            "title": "birth date",
            "description": "Patient Characteristic Birthdate: birth date",
            "standard_category": "individual_characteristic",
            "qds_data_type": "individual_characteristic",
            "code_list_id": "2.16.840.1.113883.3.560.100.4",
            "property": "birthtime",
            "type": "characteristic",
            "definition": "patient_characteristic_birthdate",
            "hard_status": false,
            "negation": false,
            "source_data_criteria": "PatientCharacteristicBirthdateBirthDate",
            "inline_code_list": {
              "LOINC": [
                "21112-8"
              ]
            },
            "temporal_references": [
              {
                "type": "SBS",
                "reference": "MeasurePeriod",
                "range": {
                  "type": "IVL_PQ",
                  "high": {
                    "type": "PQ",
                    "unit": "a",
                    "value": "75",
                    "inclusive?": true,
                    "derived?": false
                  }
                },
                "title": "MeasurePeriod"
              }
            ]
          },
          {
            "conjunction": "or",
            "items": [
              {
                "title": "Office Visit",
                "description": "Encounter, Performed: Office Visit",
                "standard_category": "encounter",
                "qds_data_type": "encounter",
                "code_list_id": "2.16.840.1.113883.3.464.1003.101.12.1001",
                "type": "encounters",
                "definition": "encounter",
                "status": "performed",
                "hard_status": false,
                "negation": false,
                "source_data_criteria": "EncounterPerformedOfficeVisit",
                "temporal_references": [
                  {
                    "type": "DURING",
                    "reference": "MeasurePeriod",
                    "title": "MeasurePeriod"
                  }
                ]
              },
              {
                "title": "Face-to-Face Interaction",
                "description": "Encounter, Performed: Face-to-Face Interaction",
                "standard_category": "encounter",
                "qds_data_type": "encounter",
                "code_list_id": "2.16.840.1.113883.3.464.1003.101.12.1048",
                "type": "encounters",
                "definition": "encounter",
                "status": "performed",
                "hard_status": false,
                "negation": false,
                "source_data_criteria": "EncounterPerformedFaceToFaceInteraction",
                "temporal_references": [
                  {
                    "type": "DURING",
                    "reference": "MeasurePeriod",
                    "title": "MeasurePeriod"
                  }
                ]
              },
              {
                "title": "Preventive Care Services - Established Office Visit, 18 and Up",
                "description": "Encounter, Performed: Preventive Care Services - Established Office Visit, 18 and Up",
                "standard_category": "encounter",
                "qds_data_type": "encounter",
                "code_list_id": "2.16.840.1.113883.3.464.1003.101.12.1025",
                "type": "encounters",
                "definition": "encounter",
                "status": "performed",
                "hard_status": false,
                "negation": false,
                "source_data_criteria": "EncounterPerformedPreventiveCareServicesEstablishedOfficeVisit18AndUp",
                "temporal_references": [
                  {
                    "type": "DURING",
                    "reference": "MeasurePeriod",
                    "title": "MeasurePeriod"
                  }
                ]
              },
              {
                "title": "Preventive Care Services-Initial Office Visit, 18 and Up",
                "description": "Encounter, Performed: Preventive Care Services-Initial Office Visit, 18 and Up",
                "standard_category": "encounter",
                "qds_data_type": "encounter",
                "code_list_id": "2.16.840.1.113883.3.464.1003.101.12.1023",
                "type": "encounters",
                "definition": "encounter",
                "status": "performed",
                "hard_status": false,
                "negation": false,
                "source_data_criteria": "EncounterPerformedPreventiveCareServicesInitialOfficeVisit18AndUp",
                "temporal_references": [
                  {
                    "type": "DURING",
                    "reference": "MeasurePeriod",
                    "title": "MeasurePeriod"
                  }
                ]
              },
              {
                "title": "Home Healthcare Services",
                "description": "Encounter, Performed: Home Healthcare Services",
                "standard_category": "encounter",
                "qds_data_type": "encounter",
                "code_list_id": "2.16.840.1.113883.3.464.1003.101.12.1016",
                "type": "encounters",
                "definition": "encounter",
                "status": "performed",
                "hard_status": false,
                "negation": false,
                "source_data_criteria": "EncounterPerformedHomeHealthcareServices",
                "temporal_references": [
                  {
                    "type": "DURING",
                    "reference": "MeasurePeriod",
                    "title": "MeasurePeriod"
                  }
                ]
              },
              {
                "title": "Annual Wellness Visit",
                "description": "Encounter, Performed: Annual Wellness Visit",
                "standard_category": "encounter",
                "qds_data_type": "encounter",
                "code_list_id": "2.16.840.1.113883.3.526.3.1240",
                "type": "encounters",
                "definition": "encounter",
                "status": "performed",
                "hard_status": false,
                "negation": false,
                "source_data_criteria": "EncounterPerformedAnnualWellnessVisit",
                "temporal_references": [
                  {
                    "type": "DURING",
                    "reference": "MeasurePeriod",
                    "title": "MeasurePeriod"
                  }
                ]
              }
            ],
            "negation": null,
            "precondition_id": 4429
          }
        ],
        "negation": null,
        "precondition_id": 4431
      }
    ]
  },
  "denominator": {
    "conjunction": "and",
    "items": [

    ]
  },
  "numerator": {
    "conjunction": "and",
    "items": [
      {
        "conjunction": "and",
        "items": [
          {
            "conjunction": "or",
            "items": [
              {
                "title": "Retinal or Dilated Eye Exam",
                "description": "Physical Exam, Finding: Retinal or Dilated Eye Exam",
                "standard_category": "physical_exam",
                "qds_data_type": "physical_exam",
                "code_list_id": "2.16.840.1.113883.3.464.1003.115.12.1088",
                "type": "physical_exams",
                "definition": "physical_exam",
                "hard_status": false,
                "negation": false,
                "source_data_criteria": "PhysicalExamFindingRetinalOrDilatedEyeExam",
                "value": {
                  "type": "CD",
                  "code_list_id": "2.16.840.1.113883.3.464.1003.195.12.1002",
                  "title": "Negative Finding"
                },
                "temporal_references": [
                  {
                    "type": "EBS",
                    "reference": "MeasurePeriod",
                    "range": {
                      "type": "IVL_PQ",
                      "high": {
                        "type": "PQ",
                        "unit": "mo",
                        "value": "12",
                        "inclusive?": true,
                        "derived?": false
                      }
                    },
                    "title": "MeasurePeriod"
                  }
                ]
              },
              {
                "title": "Retinal or Dilated Eye Exam",
                "description": "Physical Exam, Performed: Retinal or Dilated Eye Exam",
                "standard_category": "physical_exam",
                "qds_data_type": "physical_exam",
                "code_list_id": "2.16.840.1.113883.3.464.1003.115.12.1088",
                "type": "physical_exams",
                "definition": "physical_exam",
                "status": "performed",
                "hard_status": false,
                "negation": false,
                "source_data_criteria": "PhysicalExamPerformedRetinalOrDilatedEyeExam",
                "temporal_references": [
                  {
                    "type": "DURING",
                    "reference": "MeasurePeriod",
                    "title": "MeasurePeriod"
                  }
                ]
              }
            ],
            "negation": null,
            "precondition_id": 4408
          }
        ],
        "negation": null,
        "precondition_id": 4410
      }
    ]
  },
  "exclusions": {
    "conjunction": "and",
    "items": [
      {
        "conjunction": "and",
        "items": [
          {
            "title": "Gestational Diabetes",
            "description": "Diagnosis, Active: Gestational Diabetes",
            "standard_category": "diagnosis_condition_problem",
            "qds_data_type": "diagnosis_active",
            "code_list_id": "2.16.840.1.113883.3.464.1003.103.12.1010",
            "type": "conditions",
            "definition": "diagnosis",
            "status": "active",
            "hard_status": false,
            "negation": false,
            "specific_occurrence": "A",
            "source_data_criteria": "OccurrenceAGestationalDiabetes181",
            "temporal_references": [
              {
                "type": "SBE",
                "reference": "MeasurePeriod",
                "title": "MeasurePeriod"
              }
            ]
          },
          {
            "conjunction": "and",
            "items": [
              {
                "title": "Gestational Diabetes",
                "description": "Diagnosis, Active: Gestational Diabetes",
                "standard_category": "diagnosis_condition_problem",
                "qds_data_type": "diagnosis_active",
                "code_list_id": "2.16.840.1.113883.3.464.1003.103.12.1010",
                "type": "conditions",
                "definition": "diagnosis",
                "status": "active",
                "hard_status": false,
                "negation": false,
                "specific_occurrence": "A",
                "source_data_criteria": "OccurrenceAGestationalDiabetes181",
                "temporal_references": [
                  {
                    "type": "EBS",
                    "reference": "MeasurePeriod",
                    "title": "MeasurePeriod"
                  }
                ]
              }
            ],
            "negation": true,
            "precondition_id": 4402
          }
        ],
        "negation": null,
        "precondition_id": 4403
      }
    ]
  },
  "map_fn": "function() {\n        var patient = this;\n        var effective_date = <%= effective_date %>;\n\n        hqmfjs = {}\n        <%= init_js_frameworks %>\n        \n        \n      var patient_api = new hQuery.Patient(patient);\n\n      \n\n      // clear out logger\n      if (typeof Logger != 'undefined') Logger.logger = [];\n      // turn on logging if it is enabled\n      if (Logger.enabled) enableLogging();\n      \n      \n        // #########################\n        // ##### DATA ELEMENTS #####\n        // #########################\n\n        OidDictionary = <%= oid_dictionary %>;\n        \n        // Measure variables\nvar MeasurePeriod = {\n  \"low\": new TS(\"20100101\", null, true),\n  \"high\": new TS(\"20110101\", null, true)\n}\nhqmfjs.MeasurePeriod = function(patient) {\n  return [new hQuery.CodedEntry(\n    {\n      \"start_time\": MeasurePeriod.low.asDate().getTime()/1000,\n      \"end_time\": MeasurePeriod.high.asDate().getTime()/1000,\n      \"codes\": {}\n    }\n  )];\n}\nif (typeof effective_date === 'number') {\n  MeasurePeriod.high.date = new Date(1000*effective_date);\n  MeasurePeriod.low.date = new Date(1000*effective_date);\n  MeasurePeriod.low.date.setFullYear(MeasurePeriod.low.date.getFullYear()-1);\n}\n\n// Data critera\nhqmfjs.OccurrenceAGestationalDiabetes181 = function(patient) {\n  var events = patient.allProblems();\n  events.specific_occurrence = 'OccurrenceAGestationalDiabetes181'\n  events = events.withStatuses([\"active\"]);\n  events = events.withoutNegation();\n  var codes = getCodes(\"2.16.840.1.113883.3.464.1003.103.12.1010\");\n  var start = null;\n  var end = null;\n  events = events.match(codes, start, end, true);\n\n  events.specificContext=new Specifics(Row.buildForDataCriteria(events.specific_occurrence, events))\n  return events;\n}\n\nhqmfjs.DiagnosisActiveGestationalDiabetes = function(patient) {\n  var events = patient.allProblems();\n  events = events.withStatuses([\"active\"]);\n  events = events.withoutNegation();\n  var codes = getCodes(\"2.16.840.1.113883.3.464.1003.103.12.1010\");\n  var start = null;\n  var end = null;\n  events = events.match(codes, start, end, true);\n\n  events.specificContext=Specifics.identity()\n  return events;\n}\n\nhqmfjs.OccurrenceAGestationalDiabetes181_precondition_4400 = function(patient) {\n  var events = patient.allProblems();\n  events.specific_occurrence = 'OccurrenceAGestationalDiabetes181'\n  events = events.withStatuses([\"active\"]);\n  events = events.withoutNegation();\n  var codes = getCodes(\"2.16.840.1.113883.3.464.1003.103.12.1010\");\n  var start = null;\n  var end = null;\n  events = events.match(codes, start, end, true);\n\n  events = SBE(events, hqmfjs.MeasurePeriod(patient));\n  return events;\n}\n\nhqmfjs.OccurrenceAGestationalDiabetes181_precondition_4398 = function(patient) {\n  var events = patient.allProblems();\n  events.specific_occurrence = 'OccurrenceAGestationalDiabetes181'\n  events = events.withStatuses([\"active\"]);\n  events = events.withoutNegation();\n  var codes = getCodes(\"2.16.840.1.113883.3.464.1003.103.12.1010\");\n  var start = null;\n  var end = null;\n  events = events.match(codes, start, end, true);\n\n  events = EBS(events, hqmfjs.MeasurePeriod(patient));\n  return events;\n}\n\nhqmfjs.PhysicalExamFindingRetinalOrDilatedEyeExam_precondition_4404 = function(patient) {\n  var events = patient.procedureResults();\n  events = events.withoutNegation();\n  var codes = getCodes(\"2.16.840.1.113883.3.464.1003.115.12.1088\");\n  var start = null;\n  var end = null;\n  events = events.match(codes, start, end, true);\n\n  events = filterEventsByValue(events, new CodeList(getCodes(\"2.16.840.1.113883.3.464.1003.195.12.1002\")));\n  events = EBS(events, hqmfjs.MeasurePeriod(patient), new IVL_PQ(null, new PQ(12, \"mo\", true)));\n  return events;\n}\n\nhqmfjs.PhysicalExamPerformedRetinalOrDilatedEyeExam_precondition_4406 = function(patient) {\n  var events = patient.procedureResults();\n  events = events.withStatuses([\"performed\"]);\n  events = events.withoutNegation();\n  var codes = getCodes(\"2.16.840.1.113883.3.464.1003.115.12.1088\");\n  var start = null;\n  var end = null;\n  events = events.match(codes, start, end, true);\n\n  events = DURING(events, hqmfjs.MeasurePeriod(patient));\n  return events;\n}\n\nhqmfjs.DiagnosisActiveDiabetes_precondition_4411 = function(patient) {\n  var events = patient.allProblems();\n  events = events.withStatuses([\"active\"]);\n  events = events.withoutNegation();\n  var codes = getCodes(\"2.16.840.1.113883.3.464.1003.103.12.1001\");\n  var start = null;\n  var end = null;\n  events = events.match(codes, start, end, true);\n\n  events = SBE(events, hqmfjs.MeasurePeriod(patient));\n  return events;\n}\n\nhqmfjs.PatientCharacteristicBirthdateBirthDate_precondition_4413 = function(patient) {\nvar value = patient.birthtime();\nvar events = [value];\nevents = SBS(events, hqmfjs.MeasurePeriod(patient), new IVL_PQ(new PQ(18, \"a\", true), null));\nevents.specificContext=Specifics.identity();\nreturn events;\n\n}\n\nhqmfjs.PatientCharacteristicBirthdateBirthDate_precondition_4415 = function(patient) {\nvar value = patient.birthtime();\nvar events = [value];\nevents = SBS(events, hqmfjs.MeasurePeriod(patient), new IVL_PQ(null, new PQ(75, \"a\", true)));\nevents.specificContext=Specifics.identity();\nreturn events;\n\n}\n\nhqmfjs.EncounterPerformedOfficeVisit_precondition_4417 = function(patient) {\n  var events = patient.encounters();\n  events = events.withStatuses([\"performed\"]);\n  events = events.withoutNegation();\n  var codes = getCodes(\"2.16.840.1.113883.3.464.1003.101.12.1001\");\n  var start = null;\n  var end = null;\n  events = events.match(codes, start, end, true);\n\n  events = DURING(events, hqmfjs.MeasurePeriod(patient));\n  return events;\n}\n\nhqmfjs.EncounterPerformedFaceToFaceInteraction_precondition_4419 = function(patient) {\n  var events = patient.encounters();\n  events = events.withStatuses([\"performed\"]);\n  events = events.withoutNegation();\n  var codes = getCodes(\"2.16.840.1.113883.3.464.1003.101.12.1048\");\n  var start = null;\n  var end = null;\n  events = events.match(codes, start, end, true);\n\n  events = DURING(events, hqmfjs.MeasurePeriod(patient));\n  return events;\n}\n\nhqmfjs.EncounterPerformedPreventiveCareServicesEstablishedOfficeVisit18AndUp_precondition_4421 = function(patient) {\n  var events = patient.encounters();\n  events = events.withStatuses([\"performed\"]);\n  events = events.withoutNegation();\n  var codes = getCodes(\"2.16.840.1.113883.3.464.1003.101.12.1025\");\n  var start = null;\n  var end = null;\n  events = events.match(codes, start, end, true);\n\n  events = DURING(events, hqmfjs.MeasurePeriod(patient));\n  return events;\n}\n\nhqmfjs.EncounterPerformedPreventiveCareServicesInitialOfficeVisit18AndUp_precondition_4423 = function(patient) {\n  var events = patient.encounters();\n  events = events.withStatuses([\"performed\"]);\n  events = events.withoutNegation();\n  var codes = getCodes(\"2.16.840.1.113883.3.464.1003.101.12.1023\");\n  var start = null;\n  var end = null;\n  events = events.match(codes, start, end, true);\n\n  events = DURING(events, hqmfjs.MeasurePeriod(patient));\n  return events;\n}\n\nhqmfjs.EncounterPerformedHomeHealthcareServices_precondition_4425 = function(patient) {\n  var events = patient.encounters();\n  events = events.withStatuses([\"performed\"]);\n  events = events.withoutNegation();\n  var codes = getCodes(\"2.16.840.1.113883.3.464.1003.101.12.1016\");\n  var start = null;\n  var end = null;\n  events = events.match(codes, start, end, true);\n\n  events = DURING(events, hqmfjs.MeasurePeriod(patient));\n  return events;\n}\n\nhqmfjs.EncounterPerformedAnnualWellnessVisit_precondition_4427 = function(patient) {\n  var events = patient.encounters();\n  events = events.withStatuses([\"performed\"]);\n  events = events.withoutNegation();\n  var codes = getCodes(\"2.16.840.1.113883.3.526.3.1240\");\n  var start = null;\n  var end = null;\n  events = events.match(codes, start, end, true);\n\n  events = DURING(events, hqmfjs.MeasurePeriod(patient));\n  return events;\n}\n\n\n\n        // #########################\n        // ##### MEASURE LOGIC #####\n        // #########################\n        \n        hqmfjs.initializeSpecifics = function(patient_api, hqmfjs) { Specifics.initialize(patient_api,hqmfjs,{\"id\":\"OccurrenceAGestationalDiabetes181\",\"type\":\"\",\"function\":\"OccurrenceAGestationalDiabetes181\"}) }\n\n        // INITIAL PATIENT POPULATION\n        hqmfjs.IPP = function(patient) {\n  return allTrue(  \n    allTrue(    \n      hqmfjs.DiagnosisActiveDiabetes_precondition_4411(patient),    \n      hqmfjs.PatientCharacteristicBirthdateBirthDate_precondition_4413(patient),    \n      hqmfjs.PatientCharacteristicBirthdateBirthDate_precondition_4415(patient),    \n      atLeastOneTrue(      \n        hqmfjs.EncounterPerformedOfficeVisit_precondition_4417(patient),      \n        hqmfjs.EncounterPerformedFaceToFaceInteraction_precondition_4419(patient),      \n        hqmfjs.EncounterPerformedPreventiveCareServicesEstablishedOfficeVisit18AndUp_precondition_4421(patient),      \n        hqmfjs.EncounterPerformedPreventiveCareServicesInitialOfficeVisit18AndUp_precondition_4423(patient),      \n        hqmfjs.EncounterPerformedHomeHealthcareServices_precondition_4425(patient),      \n        hqmfjs.EncounterPerformedAnnualWellnessVisit_precondition_4427(patient)\n      )\n    )\n  );\n};\n\n\n        // DENOMINATOR\n        hqmfjs.DENOM = function(patient) { return new Boolean(true); }\n        // NUMERATOR\n        hqmfjs.NUMER = function(patient) {\n  return allTrue(  \n    allTrue(    \n      atLeastOneTrue(      \n        hqmfjs.PhysicalExamFindingRetinalOrDilatedEyeExam_precondition_4404(patient),      \n        hqmfjs.PhysicalExamPerformedRetinalOrDilatedEyeExam_precondition_4406(patient)\n      )\n    )\n  );\n};\n\n\n        hqmfjs.DENEX = function(patient) {\n  return atLeastOneTrue(  \n    allTrue(    \n      hqmfjs.OccurrenceAGestationalDiabetes181_precondition_4400(patient),    \n      atLeastOneFalse(      \n        hqmfjs.OccurrenceAGestationalDiabetes181_precondition_4398(patient)\n      )\n    )\n  );\n};\n\n\n        hqmfjs.DENEXCEP = function(patient) { return new Boolean(false); }\n        \n\n      hqmfjs.initializeSpecifics(patient_api, hqmfjs)\n      \n      var population = function() {\n        return executeIfAvailable(hqmfjs.IPP, patient_api);\n      }\n      var denominator = function() {\n        return executeIfAvailable(hqmfjs.DENOM, patient_api);\n      }\n      var numerator = function() {\n        return executeIfAvailable(hqmfjs.NUMER, patient_api);\n      }\n      var exclusion = function() {\n        return executeIfAvailable(hqmfjs.DENEX, patient_api);\n      }\n      var denexcep = function() {\n        return executeIfAvailable(hqmfjs.DENEXCEP, patient_api);\n      }\n      \n      var executeIfAvailable = function(optionalFunction, arg) {\n        if (typeof(optionalFunction)==='function')\n          return optionalFunction(arg);\n        else\n          return false;\n      }\n\n      if (Logger.enabled) enableMeasureLogging(hqmfjs);\n\n      map(patient, population, denominator, numerator, exclusion, denexcep);\n      \n      };\n      ",
  "data_criteria": [
    {
      "OccurrenceAGestationalDiabetes181_precondition_4400": {
        "title": "Gestational Diabetes",
        "description": "Diagnosis, Active: Gestational Diabetes",
        "standard_category": "diagnosis_condition_problem",
        "qds_data_type": "diagnosis_active",
        "code_list_id": "2.16.840.1.113883.3.464.1003.103.12.1010",
        "type": "conditions",
        "definition": "diagnosis",
        "status": "active",
        "hard_status": false,
        "negation": false,
        "specific_occurrence": "A",
        "source_data_criteria": "OccurrenceAGestationalDiabetes181",
        "temporal_references": [
          {
            "type": "SBE",
            "reference": "MeasurePeriod"
          }
        ]
      }
    },
    {
      "OccurrenceAGestationalDiabetes181_precondition_4398": {
        "title": "Gestational Diabetes",
        "description": "Diagnosis, Active: Gestational Diabetes",
        "standard_category": "diagnosis_condition_problem",
        "qds_data_type": "diagnosis_active",
        "code_list_id": "2.16.840.1.113883.3.464.1003.103.12.1010",
        "type": "conditions",
        "definition": "diagnosis",
        "status": "active",
        "hard_status": false,
        "negation": false,
        "specific_occurrence": "A",
        "source_data_criteria": "OccurrenceAGestationalDiabetes181",
        "temporal_references": [
          {
            "type": "EBS",
            "reference": "MeasurePeriod"
          }
        ]
      }
    },
    {
      "PhysicalExamFindingRetinalOrDilatedEyeExam_precondition_4404": {
        "title": "Retinal or Dilated Eye Exam",
        "description": "Physical Exam, Finding: Retinal or Dilated Eye Exam",
        "standard_category": "physical_exam",
        "qds_data_type": "physical_exam",
        "code_list_id": "2.16.840.1.113883.3.464.1003.115.12.1088",
        "type": "physical_exams",
        "definition": "physical_exam",
        "hard_status": false,
        "negation": false,
        "source_data_criteria": "PhysicalExamFindingRetinalOrDilatedEyeExam",
        "value": {
          "type": "CD",
          "code_list_id": "2.16.840.1.113883.3.464.1003.195.12.1002",
          "title": "Negative Finding"
        },
        "temporal_references": [
          {
            "type": "EBS",
            "reference": "MeasurePeriod",
            "range": {
              "type": "IVL_PQ",
              "high": {
                "type": "PQ",
                "unit": "mo",
                "value": "12",
                "inclusive?": true,
                "derived?": false
              }
            }
          }
        ]
      }
    },
    {
      "PhysicalExamPerformedRetinalOrDilatedEyeExam_precondition_4406": {
        "title": "Retinal or Dilated Eye Exam",
        "description": "Physical Exam, Performed: Retinal or Dilated Eye Exam",
        "standard_category": "physical_exam",
        "qds_data_type": "physical_exam",
        "code_list_id": "2.16.840.1.113883.3.464.1003.115.12.1088",
        "type": "physical_exams",
        "definition": "physical_exam",
        "status": "performed",
        "hard_status": false,
        "negation": false,
        "source_data_criteria": "PhysicalExamPerformedRetinalOrDilatedEyeExam",
        "temporal_references": [
          {
            "type": "DURING",
            "reference": "MeasurePeriod"
          }
        ]
      }
    },
    {
      "DiagnosisActiveDiabetes_precondition_4411": {
        "title": "Diabetes",
        "description": "Diagnosis, Active: Diabetes",
        "standard_category": "diagnosis_condition_problem",
        "qds_data_type": "diagnosis_active",
        "code_list_id": "2.16.840.1.113883.3.464.1003.103.12.1001",
        "type": "conditions",
        "definition": "diagnosis",
        "status": "active",
        "hard_status": false,
        "negation": false,
        "source_data_criteria": "DiagnosisActiveDiabetes",
        "temporal_references": [
          {
            "type": "SBE",
            "reference": "MeasurePeriod"
          }
        ]
      }
    },
    {
      "PatientCharacteristicBirthdateBirthDate_precondition_4413": {
        "title": "birth date",
        "description": "Patient Characteristic Birthdate: birth date",
        "standard_category": "individual_characteristic",
        "qds_data_type": "individual_characteristic",
        "code_list_id": "2.16.840.1.113883.3.560.100.4",
        "property": "birthtime",
        "type": "characteristic",
        "definition": "patient_characteristic_birthdate",
        "hard_status": false,
        "negation": false,
        "source_data_criteria": "PatientCharacteristicBirthdateBirthDate",
        "inline_code_list": {
          "LOINC": [
            "21112-8"
          ]
        },
        "temporal_references": [
          {
            "type": "SBS",
            "reference": "MeasurePeriod",
            "range": {
              "type": "IVL_PQ",
              "low": {
                "type": "PQ",
                "unit": "a",
                "value": "18",
                "inclusive?": true,
                "derived?": false
              }
            }
          }
        ]
      }
    },
    {
      "PatientCharacteristicBirthdateBirthDate_precondition_4415": {
        "title": "birth date",
        "description": "Patient Characteristic Birthdate: birth date",
        "standard_category": "individual_characteristic",
        "qds_data_type": "individual_characteristic",
        "code_list_id": "2.16.840.1.113883.3.560.100.4",
        "property": "birthtime",
        "type": "characteristic",
        "definition": "patient_characteristic_birthdate",
        "hard_status": false,
        "negation": false,
        "source_data_criteria": "PatientCharacteristicBirthdateBirthDate",
        "inline_code_list": {
          "LOINC": [
            "21112-8"
          ]
        },
        "temporal_references": [
          {
            "type": "SBS",
            "reference": "MeasurePeriod",
            "range": {
              "type": "IVL_PQ",
              "high": {
                "type": "PQ",
                "unit": "a",
                "value": "75",
                "inclusive?": true,
                "derived?": false
              }
            }
          }
        ]
      }
    },
    {
      "EncounterPerformedOfficeVisit_precondition_4417": {
        "title": "Office Visit",
        "description": "Encounter, Performed: Office Visit",
        "standard_category": "encounter",
        "qds_data_type": "encounter",
        "code_list_id": "2.16.840.1.113883.3.464.1003.101.12.1001",
        "type": "encounters",
        "definition": "encounter",
        "status": "performed",
        "hard_status": false,
        "negation": false,
        "source_data_criteria": "EncounterPerformedOfficeVisit",
        "temporal_references": [
          {
            "type": "DURING",
            "reference": "MeasurePeriod"
          }
        ]
      }
    },
    {
      "EncounterPerformedFaceToFaceInteraction_precondition_4419": {
        "title": "Face-to-Face Interaction",
        "description": "Encounter, Performed: Face-to-Face Interaction",
        "standard_category": "encounter",
        "qds_data_type": "encounter",
        "code_list_id": "2.16.840.1.113883.3.464.1003.101.12.1048",
        "type": "encounters",
        "definition": "encounter",
        "status": "performed",
        "hard_status": false,
        "negation": false,
        "source_data_criteria": "EncounterPerformedFaceToFaceInteraction",
        "temporal_references": [
          {
            "type": "DURING",
            "reference": "MeasurePeriod"
          }
        ]
      }
    },
    {
      "EncounterPerformedPreventiveCareServicesEstablishedOfficeVisit18AndUp_precondition_4421": {
        "title": "Preventive Care Services - Established Office Visit, 18 and Up",
        "description": "Encounter, Performed: Preventive Care Services - Established Office Visit, 18 and Up",
        "standard_category": "encounter",
        "qds_data_type": "encounter",
        "code_list_id": "2.16.840.1.113883.3.464.1003.101.12.1025",
        "type": "encounters",
        "definition": "encounter",
        "status": "performed",
        "hard_status": false,
        "negation": false,
        "source_data_criteria": "EncounterPerformedPreventiveCareServicesEstablishedOfficeVisit18AndUp",
        "temporal_references": [
          {
            "type": "DURING",
            "reference": "MeasurePeriod"
          }
        ]
      }
    },
    {
      "EncounterPerformedPreventiveCareServicesInitialOfficeVisit18AndUp_precondition_4423": {
        "title": "Preventive Care Services-Initial Office Visit, 18 and Up",
        "description": "Encounter, Performed: Preventive Care Services-Initial Office Visit, 18 and Up",
        "standard_category": "encounter",
        "qds_data_type": "encounter",
        "code_list_id": "2.16.840.1.113883.3.464.1003.101.12.1023",
        "type": "encounters",
        "definition": "encounter",
        "status": "performed",
        "hard_status": false,
        "negation": false,
        "source_data_criteria": "EncounterPerformedPreventiveCareServicesInitialOfficeVisit18AndUp",
        "temporal_references": [
          {
            "type": "DURING",
            "reference": "MeasurePeriod"
          }
        ]
      }
    },
    {
      "EncounterPerformedHomeHealthcareServices_precondition_4425": {
        "title": "Home Healthcare Services",
        "description": "Encounter, Performed: Home Healthcare Services",
        "standard_category": "encounter",
        "qds_data_type": "encounter",
        "code_list_id": "2.16.840.1.113883.3.464.1003.101.12.1016",
        "type": "encounters",
        "definition": "encounter",
        "status": "performed",
        "hard_status": false,
        "negation": false,
        "source_data_criteria": "EncounterPerformedHomeHealthcareServices",
        "temporal_references": [
          {
            "type": "DURING",
            "reference": "MeasurePeriod"
          }
        ]
      }
    },
    {
      "EncounterPerformedAnnualWellnessVisit_precondition_4427": {
        "title": "Annual Wellness Visit",
        "description": "Encounter, Performed: Annual Wellness Visit",
        "standard_category": "encounter",
        "qds_data_type": "encounter",
        "code_list_id": "2.16.840.1.113883.3.526.3.1240",
        "type": "encounters",
        "definition": "encounter",
        "status": "performed",
        "hard_status": false,
        "negation": false,
        "source_data_criteria": "EncounterPerformedAnnualWellnessVisit",
        "temporal_references": [
          {
            "type": "DURING",
            "reference": "MeasurePeriod"
          }
        ]
      }
    }
  ],
  "oids": [
    "2.16.840.1.113883.3.464.1003.101.11.1080",
    "2.16.840.1.113883.3.464.1003.101.12.1001",
    "2.16.840.1.113883.3.464.1003.101.12.1016",
    "2.16.840.1.113883.3.464.1003.101.12.1023",
    "2.16.840.1.113883.3.464.1003.101.12.1025",
    "2.16.840.1.113883.3.464.1003.101.12.1048",
    "2.16.840.1.113883.3.464.1003.103.12.1001",
    "2.16.840.1.113883.3.464.1003.103.12.1010",
    "2.16.840.1.113883.3.464.1003.115.12.1088",
    "2.16.840.1.113883.3.464.1003.195.12.1002",
    "2.16.840.1.113883.3.526.3.1240",
    "2.16.840.1.113883.3.464.1003.101.11.1005",
    "2.16.840.1.113883.3.464.1003.101.11.1115",
    "2.16.840.1.113883.3.464.1003.101.11.1125",
    "2.16.840.1.113883.3.464.1003.101.11.1216",
    "2.16.840.1.113883.3.464.1003.103.11.1001",
    "2.16.840.1.113883.3.464.1003.103.11.1002",
    "2.16.840.1.113883.3.464.1003.103.11.1003",
    "2.16.840.1.113883.3.464.1003.103.11.1012",
    "2.16.840.1.113883.3.464.1003.103.11.1014",
    "2.16.840.1.113883.3.464.1003.115.11.1248",
    "2.16.840.1.113883.3.464.1003.195.11.1002",
    "2.16.840.1.113883.3.526.2.1363",
    "2.16.840.1.113883.3.560.100.4"
  ],
  "population_ids": {
    "IPP": "29A9F261-71D2-424E-8581-A516A9D78FD9",
    "DENOM": "58DA4E66-566A-4317-A74C-8C70EF67ABB4",
    "NUMER": "87F9C858-155F-443C-81D5-FD9F15ABB4E9",
    "DENEX": "A7869286-6316-4D11-BED8-DADB9B8A45CD"
  }
}