{
  "id": "8A4D92B2-397A-48D2-0139-7CCB48F6025D",
  "nqf_id": "0056",
  "hqmf_id": "8A4D92B2-397A-48D2-0139-7CCB48F6025D",
  "hqmf_set_id": "C0D72444-7C26-4863-9B51-8080F8928A85",
  "hqmf_version_number": 1,
  "endorser": null,
  "name": "Diabetes: Foot Exam",
  "description": "Percentage of patients aged 18-75 years of age with diabetes who had a foot exam during the measurement period.",
  "type": "ep",
  "category": "Diabetes",
  "steward": null,
  "population": {
    "conjunction": "and",
    "items": [
      {
        "conjunction": "and",
        "items": [
          {
            "title": "Diabetes",
            "description": "Diagnosis, Active: Diabetes",
            "standard_category": "diagnosis_condition_problem",
            "qds_data_type": "diagnosis_active",
            "code_list_id": "2.16.840.1.113883.3.464.1003.103.12.1001",
            "type": "conditions",
            "definition": "diagnosis",
            "status": "active",
            "hard_status": false,
            "negation": false,
            "source_data_criteria": "DiagnosisActiveDiabetes",
            "temporal_references": [
              {
                "type": "SBE",
                "reference": "MeasurePeriod",
                "title": "MeasurePeriod"
              }
            ]
          },
          {
            "title": "birth date",
            "description": "Patient Characteristic Birthdate: birth date",
            "standard_category": "individual_characteristic",
            "qds_data_type": "individual_characteristic",
            "code_list_id": "2.16.840.1.113883.3.560.100.4",
            "property": "birthtime",
            "type": "characteristic",
            "definition": "patient_characteristic_birthdate",
            "hard_status": false,
            "negation": false,
            "source_data_criteria": "PatientCharacteristicBirthdateBirthDate",
            "inline_code_list": {
              "LOINC": [
                "21112-8"
              ]
            },
            "temporal_references": [
              {
                "type": "SBS",
                "reference": "MeasurePeriod",
                "range": {
                  "type": "IVL_PQ",
                  "low": {
                    "type": "PQ",
                    "unit": "a",
                    "value": "18",
                    "inclusive?": true,
                    "derived?": false
                  }
                },
                "title": "MeasurePeriod"
              }
            ]
          },
          {
            "title": "birth date",
            "description": "Patient Characteristic Birthdate: birth date",
            "standard_category": "individual_characteristic",
            "qds_data_type": "individual_characteristic",
            "code_list_id": "2.16.840.1.113883.3.560.100.4",
            "property": "birthtime",
            "type": "characteristic",
            "definition": "patient_characteristic_birthdate",
            "hard_status": false,
            "negation": false,
            "source_data_criteria": "PatientCharacteristicBirthdateBirthDate",
            "inline_code_list": {
              "LOINC": [
                "21112-8"
              ]
            },
            "temporal_references": [
              {
                "type": "SBS",
                "reference": "MeasurePeriod",
                "range": {
                  "type": "IVL_PQ",
                  "high": {
                    "type": "PQ",
                    "unit": "a",
                    "value": "75",
                    "inclusive?": true,
                    "derived?": false
                  }
                },
                "title": "MeasurePeriod"
              }
            ]
          },
          {
            "conjunction": "or",
            "items": [
              {
                "title": "Office Visit",
                "description": "Encounter, Performed: Office Visit",
                "standard_category": "encounter",
                "qds_data_type": "encounter",
                "code_list_id": "2.16.840.1.113883.3.464.1003.101.12.1001",
                "type": "encounters",
                "definition": "encounter",
                "status": "performed",
                "hard_status": false,
                "negation": false,
                "source_data_criteria": "EncounterPerformedOfficeVisit",
                "temporal_references": [
                  {
                    "type": "DURING",
                    "reference": "MeasurePeriod",
                    "title": "MeasurePeriod"
                  }
                ]
              },
              {
                "title": "Face-to-Face Interaction",
                "description": "Encounter, Performed: Face-to-Face Interaction",
                "standard_category": "encounter",
                "qds_data_type": "encounter",
                "code_list_id": "2.16.840.1.113883.3.464.1003.101.12.1048",
                "type": "encounters",
                "definition": "encounter",
                "status": "performed",
                "hard_status": false,
                "negation": false,
                "source_data_criteria": "EncounterPerformedFaceToFaceInteraction",
                "temporal_references": [
                  {
                    "type": "DURING",
                    "reference": "MeasurePeriod",
                    "title": "MeasurePeriod"
                  }
                ]
              },
              {
                "title": "Preventive Care Services - Established Office Visit, 18 and Up",
                "description": "Encounter, Performed: Preventive Care Services - Established Office Visit, 18 and Up",
                "standard_category": "encounter",
                "qds_data_type": "encounter",
                "code_list_id": "2.16.840.1.113883.3.464.1003.101.12.1025",
                "type": "encounters",
                "definition": "encounter",
                "status": "performed",
                "hard_status": false,
                "negation": false,
                "source_data_criteria": "EncounterPerformedPreventiveCareServicesEstablishedOfficeVisit18AndUp",
                "temporal_references": [
                  {
                    "type": "DURING",
                    "reference": "MeasurePeriod",
                    "title": "MeasurePeriod"
                  }
                ]
              },
              {
                "title": "Preventive Care Services-Initial Office Visit, 18 and Up",
                "description": "Encounter, Performed: Preventive Care Services-Initial Office Visit, 18 and Up",
                "standard_category": "encounter",
                "qds_data_type": "encounter",
                "code_list_id": "2.16.840.1.113883.3.464.1003.101.12.1023",
                "type": "encounters",
                "definition": "encounter",
                "status": "performed",
                "hard_status": false,
                "negation": false,
                "source_data_criteria": "EncounterPerformedPreventiveCareServicesInitialOfficeVisit18AndUp",
                "temporal_references": [
                  {
                    "type": "DURING",
                    "reference": "MeasurePeriod",
                    "title": "MeasurePeriod"
                  }
                ]
              },
              {
                "title": "Home Healthcare Services",
                "description": "Encounter, Performed: Home Healthcare Services",
                "standard_category": "encounter",
                "qds_data_type": "encounter",
                "code_list_id": "2.16.840.1.113883.3.464.1003.101.12.1016",
                "type": "encounters",
                "definition": "encounter",
                "status": "performed",
                "hard_status": false,
                "negation": false,
                "source_data_criteria": "EncounterPerformedHomeHealthcareServices",
                "temporal_references": [
                  {
                    "type": "DURING",
                    "reference": "MeasurePeriod",
                    "title": "MeasurePeriod"
                  }
                ]
              },
              {
                "title": "Annual Wellness Visit",
                "description": "Encounter, Performed: Annual Wellness Visit",
                "standard_category": "encounter",
                "qds_data_type": "encounter",
                "code_list_id": "2.16.840.1.113883.3.526.3.1240",
                "type": "encounters",
                "definition": "encounter",
                "status": "performed",
                "hard_status": false,
                "negation": false,
                "source_data_criteria": "EncounterPerformedAnnualWellnessVisit",
                "temporal_references": [
                  {
                    "type": "DURING",
                    "reference": "MeasurePeriod",
                    "title": "MeasurePeriod"
                  }
                ]
              }
            ],
            "negation": null,
            "precondition_id": 4467
          }
        ],
        "negation": null,
        "precondition_id": 4469
      }
    ]
  },
  "denominator": {
    "conjunction": "and",
    "items": [

    ]
  },
  "numerator": {
    "conjunction": "and",
    "items": [
      {
        "conjunction": "and",
        "items": [
          {
            "conjunction": "and",
            "items": [
              {
                "title": "Visual Exam of Foot",
                "description": "Physical Exam, Performed: Visual Exam of Foot",
                "standard_category": "physical_exam",
                "qds_data_type": "physical_exam",
                "code_list_id": "2.16.840.1.113883.3.464.1003.103.12.1013",
                "type": "physical_exams",
                "definition": "physical_exam",
                "status": "performed",
                "hard_status": false,
                "negation": false,
                "source_data_criteria": "PhysicalExamPerformedVisualExamOfFoot",
                "temporal_references": [
                  {
                    "type": "DURING",
                    "reference": "MeasurePeriod",
                    "title": "MeasurePeriod"
                  }
                ]
              },
              {
                "conjunction": "or",
                "items": [
                  {
                    "title": "Sensory Exam of Foot",
                    "description": "Physical Exam, Performed: Sensory Exam of Foot",
                    "standard_category": "physical_exam",
                    "qds_data_type": "physical_exam",
                    "code_list_id": "2.16.840.1.113883.3.464.1003.103.12.1014",
                    "type": "physical_exams",
                    "definition": "physical_exam",
                    "status": "performed",
                    "hard_status": false,
                    "negation": false,
                    "source_data_criteria": "PhysicalExamPerformedSensoryExamOfFoot",
                    "temporal_references": [
                      {
                        "type": "DURING",
                        "reference": "MeasurePeriod",
                        "title": "MeasurePeriod"
                      }
                    ]
                  },
                  {
                    "title": "Pulse Exam of Foot",
                    "description": "Physical Exam, Performed: Pulse Exam of Foot",
                    "standard_category": "physical_exam",
                    "qds_data_type": "physical_exam",
                    "code_list_id": "2.16.840.1.113883.3.464.1003.103.12.1015",
                    "type": "physical_exams",
                    "definition": "physical_exam",
                    "status": "performed",
                    "hard_status": false,
                    "negation": false,
                    "source_data_criteria": "PhysicalExamPerformedPulseExamOfFoot",
                    "temporal_references": [
                      {
                        "type": "DURING",
                        "reference": "MeasurePeriod",
                        "title": "MeasurePeriod"
                      }
                    ]
                  }
                ],
                "negation": null,
                "precondition_id": 4444
              }
            ],
            "negation": null,
            "precondition_id": 4446
          }
        ],
        "negation": null,
        "precondition_id": 4448
      }
    ]
  },
  "exclusions": {
    "conjunction": "and",
    "items": [
      {
        "conjunction": "and",
        "items": [
          {
            "title": "Gestational Diabetes",
            "description": "Diagnosis, Active: Gestational Diabetes",
            "standard_category": "diagnosis_condition_problem",
            "qds_data_type": "diagnosis_active",
            "code_list_id": "2.16.840.1.113883.3.464.1003.103.12.1010",
            "type": "conditions",
            "definition": "diagnosis",
            "status": "active",
            "hard_status": false,
            "negation": false,
            "specific_occurrence": "A",
            "source_data_criteria": "OccurrenceAGestationalDiabetes182",
            "temporal_references": [
              {
                "type": "SBE",
                "reference": "MeasurePeriod",
                "title": "MeasurePeriod"
              }
            ]
          },
          {
            "conjunction": "and",
            "items": [
              {
                "title": "Gestational Diabetes",
                "description": "Diagnosis, Active: Gestational Diabetes",
                "standard_category": "diagnosis_condition_problem",
                "qds_data_type": "diagnosis_active",
                "code_list_id": "2.16.840.1.113883.3.464.1003.103.12.1010",
                "type": "conditions",
                "definition": "diagnosis",
                "status": "active",
                "hard_status": false,
                "negation": false,
                "specific_occurrence": "A",
                "source_data_criteria": "OccurrenceAGestationalDiabetes182",
                "temporal_references": [
                  {
                    "type": "EBS",
                    "reference": "MeasurePeriod",
                    "title": "MeasurePeriod"
                  }
                ]
              }
            ],
            "negation": true,
            "precondition_id": 4436
          }
        ],
        "negation": null,
        "precondition_id": 4437
      }
    ]
  },
  "map_fn": "function() {\n        var patient = this;\n        var effective_date = <%= effective_date %>;\n\n        hqmfjs = {}\n        <%= init_js_frameworks %>\n        \n        \n      var patient_api = new hQuery.Patient(patient);\n\n      \n\n      // clear out logger\n      if (typeof Logger != 'undefined') Logger.logger = [];\n      // turn on logging if it is enabled\n      if (Logger.enabled) enableLogging();\n      \n      \n        // #########################\n        // ##### DATA ELEMENTS #####\n        // #########################\n\n        OidDictionary = <%= oid_dictionary %>;\n        \n        // Measure variables\nvar MeasurePeriod = {\n  \"low\": new TS(\"20100101\", null, true),\n  \"high\": new TS(\"20110101\", null, true)\n}\nhqmfjs.MeasurePeriod = function(patient) {\n  return [new hQuery.CodedEntry(\n    {\n      \"start_time\": MeasurePeriod.low.asDate().getTime()/1000,\n      \"end_time\": MeasurePeriod.high.asDate().getTime()/1000,\n      \"codes\": {}\n    }\n  )];\n}\nif (typeof effective_date === 'number') {\n  MeasurePeriod.high.date = new Date(1000*effective_date);\n  MeasurePeriod.low.date = new Date(1000*effective_date);\n  MeasurePeriod.low.date.setFullYear(MeasurePeriod.low.date.getFullYear()-1);\n}\n\n// Data critera\nhqmfjs.OccurrenceAGestationalDiabetes182 = function(patient) {\n  var events = patient.allProblems();\n  events.specific_occurrence = 'OccurrenceAGestationalDiabetes182'\n  events = events.withStatuses([\"active\"]);\n  events = events.withoutNegation();\n  var codes = getCodes(\"2.16.840.1.113883.3.464.1003.103.12.1010\");\n  var start = null;\n  var end = null;\n  events = events.match(codes, start, end, true);\n\n  events.specificContext=new Specifics(Row.buildForDataCriteria(events.specific_occurrence, events))\n  return events;\n}\n\nhqmfjs.DiagnosisActiveGestationalDiabetes = function(patient) {\n  var events = patient.allProblems();\n  events = events.withStatuses([\"active\"]);\n  events = events.withoutNegation();\n  var codes = getCodes(\"2.16.840.1.113883.3.464.1003.103.12.1010\");\n  var start = null;\n  var end = null;\n  events = events.match(codes, start, end, true);\n\n  events.specificContext=Specifics.identity()\n  return events;\n}\n\nhqmfjs.OccurrenceAGestationalDiabetes182_precondition_4434 = function(patient) {\n  var events = patient.allProblems();\n  events.specific_occurrence = 'OccurrenceAGestationalDiabetes182'\n  events = events.withStatuses([\"active\"]);\n  events = events.withoutNegation();\n  var codes = getCodes(\"2.16.840.1.113883.3.464.1003.103.12.1010\");\n  var start = null;\n  var end = null;\n  events = events.match(codes, start, end, true);\n\n  events = SBE(events, hqmfjs.MeasurePeriod(patient));\n  return events;\n}\n\nhqmfjs.OccurrenceAGestationalDiabetes182_precondition_4432 = function(patient) {\n  var events = patient.allProblems();\n  events.specific_occurrence = 'OccurrenceAGestationalDiabetes182'\n  events = events.withStatuses([\"active\"]);\n  events = events.withoutNegation();\n  var codes = getCodes(\"2.16.840.1.113883.3.464.1003.103.12.1010\");\n  var start = null;\n  var end = null;\n  events = events.match(codes, start, end, true);\n\n  events = EBS(events, hqmfjs.MeasurePeriod(patient));\n  return events;\n}\n\nhqmfjs.PhysicalExamPerformedVisualExamOfFoot_precondition_4438 = function(patient) {\n  var events = patient.procedureResults();\n  events = events.withStatuses([\"performed\"]);\n  events = events.withoutNegation();\n  var codes = getCodes(\"2.16.840.1.113883.3.464.1003.103.12.1013\");\n  var start = null;\n  var end = null;\n  events = events.match(codes, start, end, true);\n\n  events = DURING(events, hqmfjs.MeasurePeriod(patient));\n  return events;\n}\n\nhqmfjs.PhysicalExamPerformedSensoryExamOfFoot_precondition_4440 = function(patient) {\n  var events = patient.procedureResults();\n  events = events.withStatuses([\"performed\"]);\n  events = events.withoutNegation();\n  var codes = getCodes(\"2.16.840.1.113883.3.464.1003.103.12.1014\");\n  var start = null;\n  var end = null;\n  events = events.match(codes, start, end, true);\n\n  events = DURING(events, hqmfjs.MeasurePeriod(patient));\n  return events;\n}\n\nhqmfjs.PhysicalExamPerformedPulseExamOfFoot_precondition_4442 = function(patient) {\n  var events = patient.procedureResults();\n  events = events.withStatuses([\"performed\"]);\n  events = events.withoutNegation();\n  var codes = getCodes(\"2.16.840.1.113883.3.464.1003.103.12.1015\");\n  var start = null;\n  var end = null;\n  events = events.match(codes, start, end, true);\n\n  events = DURING(events, hqmfjs.MeasurePeriod(patient));\n  return events;\n}\n\nhqmfjs.DiagnosisActiveDiabetes_precondition_4449 = function(patient) {\n  var events = patient.allProblems();\n  events = events.withStatuses([\"active\"]);\n  events = events.withoutNegation();\n  var codes = getCodes(\"2.16.840.1.113883.3.464.1003.103.12.1001\");\n  var start = null;\n  var end = null;\n  events = events.match(codes, start, end, true);\n\n  events = SBE(events, hqmfjs.MeasurePeriod(patient));\n  return events;\n}\n\nhqmfjs.PatientCharacteristicBirthdateBirthDate_precondition_4451 = function(patient) {\nvar value = patient.birthtime();\nvar events = [value];\nevents = SBS(events, hqmfjs.MeasurePeriod(patient), new IVL_PQ(new PQ(18, \"a\", true), null));\nevents.specificContext=Specifics.identity();\nreturn events;\n\n}\n\nhqmfjs.PatientCharacteristicBirthdateBirthDate_precondition_4453 = function(patient) {\nvar value = patient.birthtime();\nvar events = [value];\nevents = SBS(events, hqmfjs.MeasurePeriod(patient), new IVL_PQ(null, new PQ(75, \"a\", true)));\nevents.specificContext=Specifics.identity();\nreturn events;\n\n}\n\nhqmfjs.EncounterPerformedOfficeVisit_precondition_4455 = function(patient) {\n  var events = patient.encounters();\n  events = events.withStatuses([\"performed\"]);\n  events = events.withoutNegation();\n  var codes = getCodes(\"2.16.840.1.113883.3.464.1003.101.12.1001\");\n  var start = null;\n  var end = null;\n  events = events.match(codes, start, end, true);\n\n  events = DURING(events, hqmfjs.MeasurePeriod(patient));\n  return events;\n}\n\nhqmfjs.EncounterPerformedFaceToFaceInteraction_precondition_4457 = function(patient) {\n  var events = patient.encounters();\n  events = events.withStatuses([\"performed\"]);\n  events = events.withoutNegation();\n  var codes = getCodes(\"2.16.840.1.113883.3.464.1003.101.12.1048\");\n  var start = null;\n  var end = null;\n  events = events.match(codes, start, end, true);\n\n  events = DURING(events, hqmfjs.MeasurePeriod(patient));\n  return events;\n}\n\nhqmfjs.EncounterPerformedPreventiveCareServicesEstablishedOfficeVisit18AndUp_precondition_4459 = function(patient) {\n  var events = patient.encounters();\n  events = events.withStatuses([\"performed\"]);\n  events = events.withoutNegation();\n  var codes = getCodes(\"2.16.840.1.113883.3.464.1003.101.12.1025\");\n  var start = null;\n  var end = null;\n  events = events.match(codes, start, end, true);\n\n  events = DURING(events, hqmfjs.MeasurePeriod(patient));\n  return events;\n}\n\nhqmfjs.EncounterPerformedPreventiveCareServicesInitialOfficeVisit18AndUp_precondition_4461 = function(patient) {\n  var events = patient.encounters();\n  events = events.withStatuses([\"performed\"]);\n  events = events.withoutNegation();\n  var codes = getCodes(\"2.16.840.1.113883.3.464.1003.101.12.1023\");\n  var start = null;\n  var end = null;\n  events = events.match(codes, start, end, true);\n\n  events = DURING(events, hqmfjs.MeasurePeriod(patient));\n  return events;\n}\n\nhqmfjs.EncounterPerformedHomeHealthcareServices_precondition_4463 = function(patient) {\n  var events = patient.encounters();\n  events = events.withStatuses([\"performed\"]);\n  events = events.withoutNegation();\n  var codes = getCodes(\"2.16.840.1.113883.3.464.1003.101.12.1016\");\n  var start = null;\n  var end = null;\n  events = events.match(codes, start, end, true);\n\n  events = DURING(events, hqmfjs.MeasurePeriod(patient));\n  return events;\n}\n\nhqmfjs.EncounterPerformedAnnualWellnessVisit_precondition_4465 = function(patient) {\n  var events = patient.encounters();\n  events = events.withStatuses([\"performed\"]);\n  events = events.withoutNegation();\n  var codes = getCodes(\"2.16.840.1.113883.3.526.3.1240\");\n  var start = null;\n  var end = null;\n  events = events.match(codes, start, end, true);\n\n  events = DURING(events, hqmfjs.MeasurePeriod(patient));\n  return events;\n}\n\n\n\n        // #########################\n        // ##### MEASURE LOGIC #####\n        // #########################\n        \n        hqmfjs.initializeSpecifics = function(patient_api, hqmfjs) { Specifics.initialize(patient_api,hqmfjs,{\"id\":\"OccurrenceAGestationalDiabetes182\",\"type\":\"\",\"function\":\"OccurrenceAGestationalDiabetes182\"}) }\n\n        // INITIAL PATIENT POPULATION\n        hqmfjs.IPP = function(patient) {\n  return allTrue(  \n    allTrue(    \n      hqmfjs.DiagnosisActiveDiabetes_precondition_4449(patient),    \n      hqmfjs.PatientCharacteristicBirthdateBirthDate_precondition_4451(patient),    \n      hqmfjs.PatientCharacteristicBirthdateBirthDate_precondition_4453(patient),    \n      atLeastOneTrue(      \n        hqmfjs.EncounterPerformedOfficeVisit_precondition_4455(patient),      \n        hqmfjs.EncounterPerformedFaceToFaceInteraction_precondition_4457(patient),      \n        hqmfjs.EncounterPerformedPreventiveCareServicesEstablishedOfficeVisit18AndUp_precondition_4459(patient),      \n        hqmfjs.EncounterPerformedPreventiveCareServicesInitialOfficeVisit18AndUp_precondition_4461(patient),      \n        hqmfjs.EncounterPerformedHomeHealthcareServices_precondition_4463(patient),      \n        hqmfjs.EncounterPerformedAnnualWellnessVisit_precondition_4465(patient)\n      )\n    )\n  );\n};\n\n\n        // DENOMINATOR\n        hqmfjs.DENOM = function(patient) { return new Boolean(true); }\n        // NUMERATOR\n        hqmfjs.NUMER = function(patient) {\n  return allTrue(  \n    allTrue(    \n      allTrue(      \n        hqmfjs.PhysicalExamPerformedVisualExamOfFoot_precondition_4438(patient),      \n        atLeastOneTrue(        \n          hqmfjs.PhysicalExamPerformedSensoryExamOfFoot_precondition_4440(patient),        \n          hqmfjs.PhysicalExamPerformedPulseExamOfFoot_precondition_4442(patient)\n        )\n      )\n    )\n  );\n};\n\n\n        hqmfjs.DENEX = function(patient) {\n  return atLeastOneTrue(  \n    allTrue(    \n      hqmfjs.OccurrenceAGestationalDiabetes182_precondition_4434(patient),    \n      atLeastOneFalse(      \n        hqmfjs.OccurrenceAGestationalDiabetes182_precondition_4432(patient)\n      )\n    )\n  );\n};\n\n\n        hqmfjs.DENEXCEP = function(patient) { return new Boolean(false); }\n        \n\n      hqmfjs.initializeSpecifics(patient_api, hqmfjs)\n      \n      var population = function() {\n        return executeIfAvailable(hqmfjs.IPP, patient_api);\n      }\n      var denominator = function() {\n        return executeIfAvailable(hqmfjs.DENOM, patient_api);\n      }\n      var numerator = function() {\n        return executeIfAvailable(hqmfjs.NUMER, patient_api);\n      }\n      var exclusion = function() {\n        return executeIfAvailable(hqmfjs.DENEX, patient_api);\n      }\n      var denexcep = function() {\n        return executeIfAvailable(hqmfjs.DENEXCEP, patient_api);\n      }\n      \n      var executeIfAvailable = function(optionalFunction, arg) {\n        if (typeof(optionalFunction)==='function')\n          return optionalFunction(arg);\n        else\n          return false;\n      }\n\n      if (Logger.enabled) enableMeasureLogging(hqmfjs);\n\n      map(patient, population, denominator, numerator, exclusion, denexcep);\n      \n      };\n      ",
  "data_criteria": [
    {
      "OccurrenceAGestationalDiabetes182_precondition_4434": {
        "title": "Gestational Diabetes",
        "description": "Diagnosis, Active: Gestational Diabetes",
        "standard_category": "diagnosis_condition_problem",
        "qds_data_type": "diagnosis_active",
        "code_list_id": "2.16.840.1.113883.3.464.1003.103.12.1010",
        "type": "conditions",
        "definition": "diagnosis",
        "status": "active",
        "hard_status": false,
        "negation": false,
        "specific_occurrence": "A",
        "source_data_criteria": "OccurrenceAGestationalDiabetes182",
        "temporal_references": [
          {
            "type": "SBE",
            "reference": "MeasurePeriod"
          }
        ]
      }
    },
    {
      "OccurrenceAGestationalDiabetes182_precondition_4432": {
        "title": "Gestational Diabetes",
        "description": "Diagnosis, Active: Gestational Diabetes",
        "standard_category": "diagnosis_condition_problem",
        "qds_data_type": "diagnosis_active",
        "code_list_id": "2.16.840.1.113883.3.464.1003.103.12.1010",
        "type": "conditions",
        "definition": "diagnosis",
        "status": "active",
        "hard_status": false,
        "negation": false,
        "specific_occurrence": "A",
        "source_data_criteria": "OccurrenceAGestationalDiabetes182",
        "temporal_references": [
          {
            "type": "EBS",
            "reference": "MeasurePeriod"
          }
        ]
      }
    },
    {
      "PhysicalExamPerformedVisualExamOfFoot_precondition_4438": {
        "title": "Visual Exam of Foot",
        "description": "Physical Exam, Performed: Visual Exam of Foot",
        "standard_category": "physical_exam",
        "qds_data_type": "physical_exam",
        "code_list_id": "2.16.840.1.113883.3.464.1003.103.12.1013",
        "type": "physical_exams",
        "definition": "physical_exam",
        "status": "performed",
        "hard_status": false,
        "negation": false,
        "source_data_criteria": "PhysicalExamPerformedVisualExamOfFoot",
        "temporal_references": [
          {
            "type": "DURING",
            "reference": "MeasurePeriod"
          }
        ]
      }
    },
    {
      "PhysicalExamPerformedSensoryExamOfFoot_precondition_4440": {
        "title": "Sensory Exam of Foot",
        "description": "Physical Exam, Performed: Sensory Exam of Foot",
        "standard_category": "physical_exam",
        "qds_data_type": "physical_exam",
        "code_list_id": "2.16.840.1.113883.3.464.1003.103.12.1014",
        "type": "physical_exams",
        "definition": "physical_exam",
        "status": "performed",
        "hard_status": false,
        "negation": false,
        "source_data_criteria": "PhysicalExamPerformedSensoryExamOfFoot",
        "temporal_references": [
          {
            "type": "DURING",
            "reference": "MeasurePeriod"
          }
        ]
      }
    },
    {
      "PhysicalExamPerformedPulseExamOfFoot_precondition_4442": {
        "title": "Pulse Exam of Foot",
        "description": "Physical Exam, Performed: Pulse Exam of Foot",
        "standard_category": "physical_exam",
        "qds_data_type": "physical_exam",
        "code_list_id": "2.16.840.1.113883.3.464.1003.103.12.1015",
        "type": "physical_exams",
        "definition": "physical_exam",
        "status": "performed",
        "hard_status": false,
        "negation": false,
        "source_data_criteria": "PhysicalExamPerformedPulseExamOfFoot",
        "temporal_references": [
          {
            "type": "DURING",
            "reference": "MeasurePeriod"
          }
        ]
      }
    },
    {
      "DiagnosisActiveDiabetes_precondition_4449": {
        "title": "Diabetes",
        "description": "Diagnosis, Active: Diabetes",
        "standard_category": "diagnosis_condition_problem",
        "qds_data_type": "diagnosis_active",
        "code_list_id": "2.16.840.1.113883.3.464.1003.103.12.1001",
        "type": "conditions",
        "definition": "diagnosis",
        "status": "active",
        "hard_status": false,
        "negation": false,
        "source_data_criteria": "DiagnosisActiveDiabetes",
        "temporal_references": [
          {
            "type": "SBE",
            "reference": "MeasurePeriod"
          }
        ]
      }
    },
    {
      "PatientCharacteristicBirthdateBirthDate_precondition_4451": {
        "title": "birth date",
        "description": "Patient Characteristic Birthdate: birth date",
        "standard_category": "individual_characteristic",
        "qds_data_type": "individual_characteristic",
        "code_list_id": "2.16.840.1.113883.3.560.100.4",
        "property": "birthtime",
        "type": "characteristic",
        "definition": "patient_characteristic_birthdate",
        "hard_status": false,
        "negation": false,
        "source_data_criteria": "PatientCharacteristicBirthdateBirthDate",
        "inline_code_list": {
          "LOINC": [
            "21112-8"
          ]
        },
        "temporal_references": [
          {
            "type": "SBS",
            "reference": "MeasurePeriod",
            "range": {
              "type": "IVL_PQ",
              "low": {
                "type": "PQ",
                "unit": "a",
                "value": "18",
                "inclusive?": true,
                "derived?": false
              }
            }
          }
        ]
      }
    },
    {
      "PatientCharacteristicBirthdateBirthDate_precondition_4453": {
        "title": "birth date",
        "description": "Patient Characteristic Birthdate: birth date",
        "standard_category": "individual_characteristic",
        "qds_data_type": "individual_characteristic",
        "code_list_id": "2.16.840.1.113883.3.560.100.4",
        "property": "birthtime",
        "type": "characteristic",
        "definition": "patient_characteristic_birthdate",
        "hard_status": false,
        "negation": false,
        "source_data_criteria": "PatientCharacteristicBirthdateBirthDate",
        "inline_code_list": {
          "LOINC": [
            "21112-8"
          ]
        },
        "temporal_references": [
          {
            "type": "SBS",
            "reference": "MeasurePeriod",
            "range": {
              "type": "IVL_PQ",
              "high": {
                "type": "PQ",
                "unit": "a",
                "value": "75",
                "inclusive?": true,
                "derived?": false
              }
            }
          }
        ]
      }
    },
    {
      "EncounterPerformedOfficeVisit_precondition_4455": {
        "title": "Office Visit",
        "description": "Encounter, Performed: Office Visit",
        "standard_category": "encounter",
        "qds_data_type": "encounter",
        "code_list_id": "2.16.840.1.113883.3.464.1003.101.12.1001",
        "type": "encounters",
        "definition": "encounter",
        "status": "performed",
        "hard_status": false,
        "negation": false,
        "source_data_criteria": "EncounterPerformedOfficeVisit",
        "temporal_references": [
          {
            "type": "DURING",
            "reference": "MeasurePeriod"
          }
        ]
      }
    },
    {
      "EncounterPerformedFaceToFaceInteraction_precondition_4457": {
        "title": "Face-to-Face Interaction",
        "description": "Encounter, Performed: Face-to-Face Interaction",
        "standard_category": "encounter",
        "qds_data_type": "encounter",
        "code_list_id": "2.16.840.1.113883.3.464.1003.101.12.1048",
        "type": "encounters",
        "definition": "encounter",
        "status": "performed",
        "hard_status": false,
        "negation": false,
        "source_data_criteria": "EncounterPerformedFaceToFaceInteraction",
        "temporal_references": [
          {
            "type": "DURING",
            "reference": "MeasurePeriod"
          }
        ]
      }
    },
    {
      "EncounterPerformedPreventiveCareServicesEstablishedOfficeVisit18AndUp_precondition_4459": {
        "title": "Preventive Care Services - Established Office Visit, 18 and Up",
        "description": "Encounter, Performed: Preventive Care Services - Established Office Visit, 18 and Up",
        "standard_category": "encounter",
        "qds_data_type": "encounter",
        "code_list_id": "2.16.840.1.113883.3.464.1003.101.12.1025",
        "type": "encounters",
        "definition": "encounter",
        "status": "performed",
        "hard_status": false,
        "negation": false,
        "source_data_criteria": "EncounterPerformedPreventiveCareServicesEstablishedOfficeVisit18AndUp",
        "temporal_references": [
          {
            "type": "DURING",
            "reference": "MeasurePeriod"
          }
        ]
      }
    },
    {
      "EncounterPerformedPreventiveCareServicesInitialOfficeVisit18AndUp_precondition_4461": {
        "title": "Preventive Care Services-Initial Office Visit, 18 and Up",
        "description": "Encounter, Performed: Preventive Care Services-Initial Office Visit, 18 and Up",
        "standard_category": "encounter",
        "qds_data_type": "encounter",
        "code_list_id": "2.16.840.1.113883.3.464.1003.101.12.1023",
        "type": "encounters",
        "definition": "encounter",
        "status": "performed",
        "hard_status": false,
        "negation": false,
        "source_data_criteria": "EncounterPerformedPreventiveCareServicesInitialOfficeVisit18AndUp",
        "temporal_references": [
          {
            "type": "DURING",
            "reference": "MeasurePeriod"
          }
        ]
      }
    },
    {
      "EncounterPerformedHomeHealthcareServices_precondition_4463": {
        "title": "Home Healthcare Services",
        "description": "Encounter, Performed: Home Healthcare Services",
        "standard_category": "encounter",
        "qds_data_type": "encounter",
        "code_list_id": "2.16.840.1.113883.3.464.1003.101.12.1016",
        "type": "encounters",
        "definition": "encounter",
        "status": "performed",
        "hard_status": false,
        "negation": false,
        "source_data_criteria": "EncounterPerformedHomeHealthcareServices",
        "temporal_references": [
          {
            "type": "DURING",
            "reference": "MeasurePeriod"
          }
        ]
      }
    },
    {
      "EncounterPerformedAnnualWellnessVisit_precondition_4465": {
        "title": "Annual Wellness Visit",
        "description": "Encounter, Performed: Annual Wellness Visit",
        "standard_category": "encounter",
        "qds_data_type": "encounter",
        "code_list_id": "2.16.840.1.113883.3.526.3.1240",
        "type": "encounters",
        "definition": "encounter",
        "status": "performed",
        "hard_status": false,
        "negation": false,
        "source_data_criteria": "EncounterPerformedAnnualWellnessVisit",
        "temporal_references": [
          {
            "type": "DURING",
            "reference": "MeasurePeriod"
          }
        ]
      }
    }
  ],
  "oids": [
    "2.16.840.1.113883.3.464.1003.101.12.1001",
    "2.16.840.1.113883.3.464.1003.101.12.1016",
    "2.16.840.1.113883.3.464.1003.101.12.1023",
    "2.16.840.1.113883.3.464.1003.101.12.1025",
    "2.16.840.1.113883.3.464.1003.101.12.1048",
    "2.16.840.1.113883.3.464.1003.103.12.1001",
    "2.16.840.1.113883.3.464.1003.103.12.1010",
    "2.16.840.1.113883.3.464.1003.103.12.1013",
    "2.16.840.1.113883.3.464.1003.103.12.1014",
    "2.16.840.1.113883.3.464.1003.103.12.1015",
    "2.16.840.1.113883.3.526.3.1240",
    "2.16.840.1.113883.3.464.1003.101.11.1005",
    "2.16.840.1.113883.3.464.1003.101.11.1080",
    "2.16.840.1.113883.3.464.1003.101.11.1115",
    "2.16.840.1.113883.3.464.1003.101.11.1125",
    "2.16.840.1.113883.3.464.1003.101.11.1216",
    "2.16.840.1.113883.3.464.1003.103.11.1001",
    "2.16.840.1.113883.3.464.1003.103.11.1002",
    "2.16.840.1.113883.3.464.1003.103.11.1003",
    "2.16.840.1.113883.3.464.1003.103.11.1012",
    "2.16.840.1.113883.3.464.1003.103.11.1014",
    "2.16.840.1.113883.3.464.1003.103.11.1018",
    "2.16.840.1.113883.3.464.1003.103.11.1019",
    "2.16.840.1.113883.3.464.1003.103.11.1020",
    "2.16.840.1.113883.3.526.2.1363",
    "2.16.840.1.113883.3.560.100.4"
  ],
  "population_ids": {
    "IPP": "72EB2301-CED1-472C-95F9-1783C2C17645",
    "DENOM": "280D9B3D-79DE-4CFF-8A59-11AE5844BFDC",
    "NUMER": "2ECA61A3-44FF-49F1-B479-747721790E2B",
    "DENEX": "4666915D-97D8-4055-9CD1-850AF5BBF98A"
  }
}