{
  "id": "8A4D92B2-397A-48D2-0139-C61D57895039",
  "nqf_id": "0060",
  "hqmf_id": "8A4D92B2-397A-48D2-0139-C61D57895039",
  "hqmf_set_id": "95FB767E-0CB2-4778-B5FF-6BA9A53FA28E",
  "hqmf_version_number": 1,
  "endorser": null,
  "name": "Hemoglobin A1c Test for Pediatric Patients",
  "description": "Percentage of patients 5-17 years of age with diabetes with an HbA1c test during the measurement period",
  "type": "ep",
  "category": "Diabetes",
  "steward": null,
  "population": {
    "conjunction": "and",
    "items": [
      {
        "conjunction": "and",
        "items": [
          {
            "title": "birth date",
            "description": "Patient Characteristic Birthdate: birth date",
            "standard_category": "individual_characteristic",
            "qds_data_type": "individual_characteristic",
            "code_list_id": "2.16.840.1.113883.3.560.100.4",
            "property": "birthtime",
            "type": "characteristic",
            "definition": "patient_characteristic_birthdate",
            "hard_status": false,
            "negation": false,
            "source_data_criteria": "PatientCharacteristicBirthdateBirthDate",
            "inline_code_list": {
              "LOINC": [
                "21112-8"
              ]
            },
            "temporal_references": [
              {
                "type": "SBS",
                "reference": "MeasurePeriod",
                "range": {
                  "type": "IVL_PQ",
                  "low": {
                    "type": "PQ",
                    "unit": "a",
                    "value": "5",
                    "inclusive?": true,
                    "derived?": false
                  }
                },
                "title": "MeasurePeriod"
              }
            ]
          },
          {
            "title": "birth date",
            "description": "Patient Characteristic Birthdate: birth date",
            "standard_category": "individual_characteristic",
            "qds_data_type": "individual_characteristic",
            "code_list_id": "2.16.840.1.113883.3.560.100.4",
            "property": "birthtime",
            "type": "characteristic",
            "definition": "patient_characteristic_birthdate",
            "hard_status": false,
            "negation": false,
            "source_data_criteria": "PatientCharacteristicBirthdateBirthDate",
            "inline_code_list": {
              "LOINC": [
                "21112-8"
              ]
            },
            "temporal_references": [
              {
                "type": "SBS",
                "reference": "MeasurePeriod",
                "range": {
                  "type": "IVL_PQ",
                  "high": {
                    "type": "PQ",
                    "unit": "a",
                    "value": "17",
                    "inclusive?": true,
                    "derived?": false
                  }
                },
                "title": "MeasurePeriod"
              }
            ]
          },
          {
            "title": "Diabetes",
            "description": "Diagnosis, Active: Diabetes",
            "standard_category": "diagnosis_condition_problem",
            "qds_data_type": "diagnosis_active",
            "code_list_id": "2.16.840.1.113883.3.464.1003.103.12.1001",
            "type": "conditions",
            "definition": "diagnosis",
            "status": "active",
            "hard_status": false,
            "negation": false,
            "source_data_criteria": "DiagnosisActiveDiabetes",
            "temporal_references": [
              {
                "type": "SBE",
                "reference": {
                  "title": "Diabetes Visit",
                  "description": "Encounter, Performed: Diabetes Visit",
                  "standard_category": "encounter",
                  "qds_data_type": "encounter",
                  "code_list_id": "2.16.840.1.113883.3.464.1003.103.12.1012",
                  "type": "encounters",
                  "definition": "encounter",
                  "status": "performed",
                  "hard_status": false,
                  "negation": false,
                  "specific_occurrence": "A",
                  "source_data_criteria": "OccurrenceADiabetesVisit227",
                  "temporal_references": [
                    {
                      "type": "DURING",
                      "reference": "MeasurePeriod",
                      "title": "MeasurePeriod"
                    }
                  ],
                  "subset_operators": [
                    {
                      "type": "RECENT"
                    }
                  ]
                }
              }
            ]
          },
          {
            "title": "Diabetes Visit",
            "description": "Encounter, Performed: Diabetes Visit",
            "standard_category": "encounter",
            "qds_data_type": "encounter",
            "code_list_id": "2.16.840.1.113883.3.464.1003.103.12.1012",
            "type": "encounters",
            "definition": "encounter",
            "status": "performed",
            "hard_status": false,
            "negation": false,
            "source_data_criteria": "EncounterPerformedDiabetesVisit",
            "temporal_references": [
              {
                "type": "SBS",
                "reference": {
                  "title": "Diabetes Visit",
                  "description": "Encounter, Performed: Diabetes Visit",
                  "standard_category": "encounter",
                  "qds_data_type": "encounter",
                  "code_list_id": "2.16.840.1.113883.3.464.1003.103.12.1012",
                  "type": "encounters",
                  "definition": "encounter",
                  "status": "performed",
                  "hard_status": false,
                  "negation": false,
                  "specific_occurrence": "A",
                  "source_data_criteria": "OccurrenceADiabetesVisit227"
                },
                "range": {
                  "type": "IVL_PQ",
                  "low": {
                    "type": "PQ",
                    "unit": "mo",
                    "value": "12",
                    "inclusive?": true,
                    "derived?": false
                  }
                }
              }
            ]
          }
        ],
        "negation": null,
        "precondition_id": 5204
      }
    ]
  },
  "denominator": {
    "conjunction": "and",
    "items": [

    ]
  },
  "numerator": {
    "conjunction": "and",
    "items": [
      {
        "conjunction": "and",
        "items": [
          {
            "title": "HbA1c Laboratory Test",
            "description": "Laboratory Test, Result: HbA1c Laboratory Test",
            "standard_category": "laboratory_test",
            "qds_data_type": "laboratory_test",
            "code_list_id": "2.16.840.1.113883.3.464.1003.198.12.1013",
            "type": "laboratory_tests",
            "definition": "laboratory_test",
            "hard_status": false,
            "negation": false,
            "source_data_criteria": "LaboratoryTestResultHba1cLaboratoryTest",
            "value": {
              "type": "ANYNonNull"
            },
            "temporal_references": [
              {
                "type": "DURING",
                "reference": "MeasurePeriod",
                "title": "MeasurePeriod"
              }
            ]
          }
        ],
        "negation": null,
        "precondition_id": 5193
      }
    ]
  },
  "exclusions": {
    "conjunction": "and",
    "items": [
      {
        "conjunction": "and",
        "items": [
          {
            "title": "Gestational Diabetes",
            "description": "Diagnosis, Active: Gestational Diabetes",
            "standard_category": "diagnosis_condition_problem",
            "qds_data_type": "diagnosis_active",
            "code_list_id": "2.16.840.1.113883.3.464.1003.103.12.1010",
            "type": "conditions",
            "definition": "diagnosis",
            "status": "active",
            "hard_status": false,
            "negation": false,
            "specific_occurrence": "A",
            "source_data_criteria": "OccurrenceAGestationalDiabetes228",
            "temporal_references": [
              {
                "type": "SBE",
                "reference": "MeasurePeriod",
                "title": "MeasurePeriod"
              }
            ]
          },
          {
            "conjunction": "and",
            "items": [
              {
                "title": "Gestational Diabetes",
                "description": "Diagnosis, Active: Gestational Diabetes",
                "standard_category": "diagnosis_condition_problem",
                "qds_data_type": "diagnosis_active",
                "code_list_id": "2.16.840.1.113883.3.464.1003.103.12.1010",
                "type": "conditions",
                "definition": "diagnosis",
                "status": "active",
                "hard_status": false,
                "negation": false,
                "specific_occurrence": "A",
                "source_data_criteria": "OccurrenceAGestationalDiabetes228",
                "temporal_references": [
                  {
                    "type": "EBS",
                    "reference": "MeasurePeriod",
                    "title": "MeasurePeriod"
                  }
                ]
              }
            ],
            "negation": true,
            "precondition_id": 5189
          }
        ],
        "negation": null,
        "precondition_id": 5190
      }
    ]
  },
  "map_fn": "function() {\n        var patient = this;\n        var effective_date = <%= effective_date %>;\n\n        hqmfjs = {}\n        <%= init_js_frameworks %>\n        \n        \n      var patient_api = new hQuery.Patient(patient);\n\n      \n\n      // clear out logger\n      if (typeof Logger != 'undefined') Logger.logger = [];\n      // turn on logging if it is enabled\n      if (Logger.enabled) enableLogging();\n      \n      \n        // #########################\n        // ##### DATA ELEMENTS #####\n        // #########################\n\n        OidDictionary = <%= oid_dictionary %>;\n        \n        // Measure variables\nvar MeasurePeriod = {\n  \"low\": new TS(\"20100101\", null, true),\n  \"high\": new TS(\"20110101\", null, true)\n}\nhqmfjs.MeasurePeriod = function(patient) {\n  return [new hQuery.CodedEntry(\n    {\n      \"start_time\": MeasurePeriod.low.asDate().getTime()/1000,\n      \"end_time\": MeasurePeriod.high.asDate().getTime()/1000,\n      \"codes\": {}\n    }\n  )];\n}\nif (typeof effective_date === 'number') {\n  MeasurePeriod.high.date = new Date(1000*effective_date);\n  MeasurePeriod.low.date = new Date(1000*effective_date);\n  MeasurePeriod.low.date.setFullYear(MeasurePeriod.low.date.getFullYear()-1);\n}\n\n// Data critera\nhqmfjs.OccurrenceADiabetesVisit227 = function(patient) {\n  var events = patient.encounters();\n  events.specific_occurrence = 'OccurrenceADiabetesVisit227'\n  events = events.withStatuses([\"performed\"]);\n  events = events.withoutNegation();\n  var codes = getCodes(\"2.16.840.1.113883.3.464.1003.103.12.1012\");\n  var start = null;\n  var end = null;\n  events = events.match(codes, start, end, true);\n\n  events.specificContext=new Specifics(Row.buildForDataCriteria(events.specific_occurrence, events))\n  return events;\n}\n\nhqmfjs.OccurrenceAGestationalDiabetes228 = function(patient) {\n  var events = patient.allProblems();\n  events.specific_occurrence = 'OccurrenceAGestationalDiabetes228'\n  events = events.withStatuses([\"active\"]);\n  events = events.withoutNegation();\n  var codes = getCodes(\"2.16.840.1.113883.3.464.1003.103.12.1010\");\n  var start = null;\n  var end = null;\n  events = events.match(codes, start, end, true);\n\n  events.specificContext=new Specifics(Row.buildForDataCriteria(events.specific_occurrence, events))\n  return events;\n}\n\nhqmfjs.DiagnosisActiveGestationalDiabetes = function(patient) {\n  var events = patient.allProblems();\n  events = events.withStatuses([\"active\"]);\n  events = events.withoutNegation();\n  var codes = getCodes(\"2.16.840.1.113883.3.464.1003.103.12.1010\");\n  var start = null;\n  var end = null;\n  events = events.match(codes, start, end, true);\n\n  events.specificContext=Specifics.identity()\n  return events;\n}\n\nhqmfjs.OccurrenceADiabetesVisit227 = function(patient) {\n  var events = patient.encounters();\n  events.specific_occurrence = 'OccurrenceADiabetesVisit227'\n  events = events.withStatuses([\"performed\"]);\n  events = events.withoutNegation();\n  var codes = getCodes(\"2.16.840.1.113883.3.464.1003.103.12.1012\");\n  var start = null;\n  var end = null;\n  events = events.match(codes, start, end, true);\n\n  events.specificContext=new Specifics(Row.buildForDataCriteria(events.specific_occurrence, events))\n  return events;\n}\n\nhqmfjs.OccurrenceAGestationalDiabetes228_precondition_5187 = function(patient) {\n  var events = patient.allProblems();\n  events.specific_occurrence = 'OccurrenceAGestationalDiabetes228'\n  events = events.withStatuses([\"active\"]);\n  events = events.withoutNegation();\n  var codes = getCodes(\"2.16.840.1.113883.3.464.1003.103.12.1010\");\n  var start = null;\n  var end = null;\n  events = events.match(codes, start, end, true);\n\n  events = SBE(events, hqmfjs.MeasurePeriod(patient));\n  return events;\n}\n\nhqmfjs.OccurrenceAGestationalDiabetes228_precondition_5185 = function(patient) {\n  var events = patient.allProblems();\n  events.specific_occurrence = 'OccurrenceAGestationalDiabetes228'\n  events = events.withStatuses([\"active\"]);\n  events = events.withoutNegation();\n  var codes = getCodes(\"2.16.840.1.113883.3.464.1003.103.12.1010\");\n  var start = null;\n  var end = null;\n  events = events.match(codes, start, end, true);\n\n  events = EBS(events, hqmfjs.MeasurePeriod(patient));\n  return events;\n}\n\nhqmfjs.LaboratoryTestResultHba1cLaboratoryTest_precondition_5191 = function(patient) {\n  var events = patient.laboratoryTests();\n  events = events.withoutNegation();\n  var codes = getCodes(\"2.16.840.1.113883.3.464.1003.198.12.1013\");\n  var start = null;\n  var end = null;\n  events = events.match(codes, start, end, true);\n\n  events = filterEventsByValue(events, new ANYNonNull());\n  events = DURING(events, hqmfjs.MeasurePeriod(patient));\n  return events;\n}\n\nhqmfjs.PatientCharacteristicBirthdateBirthDate_precondition_5194 = function(patient) {\nvar value = patient.birthtime();\nvar events = [value];\nevents = SBS(events, hqmfjs.MeasurePeriod(patient), new IVL_PQ(new PQ(5, \"a\", true), null));\nevents.specificContext=Specifics.identity();\nreturn events;\n\n}\n\nhqmfjs.PatientCharacteristicBirthdateBirthDate_precondition_5196 = function(patient) {\nvar value = patient.birthtime();\nvar events = [value];\nevents = SBS(events, hqmfjs.MeasurePeriod(patient), new IVL_PQ(null, new PQ(17, \"a\", true)));\nevents.specificContext=Specifics.identity();\nreturn events;\n\n}\n\nhqmfjs.OccurrenceADiabetesVisit227_precondition_5198 = function(patient) {\n  var events = patient.encounters();\n  events.specific_occurrence = 'OccurrenceADiabetesVisit227'\n  events = events.withStatuses([\"performed\"]);\n  events = events.withoutNegation();\n  var codes = getCodes(\"2.16.840.1.113883.3.464.1003.103.12.1012\");\n  var start = null;\n  var end = null;\n  events = events.match(codes, start, end, true);\n\n  events = DURING(events, hqmfjs.MeasurePeriod(patient));\n  events = RECENT(events);\n  return events;\n}\n\nhqmfjs.DiagnosisActiveDiabetes_precondition_5200 = function(patient) {\n  var events = patient.allProblems();\n  events = events.withStatuses([\"active\"]);\n  events = events.withoutNegation();\n  var codes = getCodes(\"2.16.840.1.113883.3.464.1003.103.12.1001\");\n  var start = null;\n  var end = null;\n  events = events.match(codes, start, end, true);\n\n  events = SBE(events, hqmfjs.OccurrenceADiabetesVisit227_precondition_5198(patient));\n  return events;\n}\n\nhqmfjs.EncounterPerformedDiabetesVisit_precondition_5202 = function(patient) {\n  var events = patient.encounters();\n  events = events.withStatuses([\"performed\"]);\n  events = events.withoutNegation();\n  var codes = getCodes(\"2.16.840.1.113883.3.464.1003.103.12.1012\");\n  var start = null;\n  var end = null;\n  events = events.match(codes, start, end, true);\n\n  events = SBS(events, hqmfjs.OccurrenceADiabetesVisit227(patient), new IVL_PQ(new PQ(12, \"mo\", true), null));\n  return events;\n}\n\n\n\n        // #########################\n        // ##### MEASURE LOGIC #####\n        // #########################\n        \n        hqmfjs.initializeSpecifics = function(patient_api, hqmfjs) { Specifics.initialize(patient_api,hqmfjs,{\"id\":\"OccurrenceADiabetesVisit227\",\"type\":\"\",\"function\":\"OccurrenceADiabetesVisit227\"},{\"id\":\"OccurrenceAGestationalDiabetes228\",\"type\":\"\",\"function\":\"OccurrenceAGestationalDiabetes228\"}) }\n\n        // INITIAL PATIENT POPULATION\n        hqmfjs.IPP = function(patient) {\n  return allTrue(  \n    allTrue(    \n      hqmfjs.PatientCharacteristicBirthdateBirthDate_precondition_5194(patient),    \n      hqmfjs.PatientCharacteristicBirthdateBirthDate_precondition_5196(patient),    \n      hqmfjs.DiagnosisActiveDiabetes_precondition_5200(patient),    \n      hqmfjs.EncounterPerformedDiabetesVisit_precondition_5202(patient)\n    )\n  );\n};\n\n\n        // DENOMINATOR\n        hqmfjs.DENOM = function(patient) { return new Boolean(true); }\n        // NUMERATOR\n        hqmfjs.NUMER = function(patient) {\n  return allTrue(  \n    allTrue(    \n      hqmfjs.LaboratoryTestResultHba1cLaboratoryTest_precondition_5191(patient)\n    )\n  );\n};\n\n\n        hqmfjs.DENEX = function(patient) {\n  return atLeastOneTrue(  \n    allTrue(    \n      hqmfjs.OccurrenceAGestationalDiabetes228_precondition_5187(patient),    \n      atLeastOneFalse(      \n        hqmfjs.OccurrenceAGestationalDiabetes228_precondition_5185(patient)\n      )\n    )\n  );\n};\n\n\n        hqmfjs.DENEXCEP = function(patient) { return new Boolean(false); }\n        \n\n      hqmfjs.initializeSpecifics(patient_api, hqmfjs)\n      \n      var population = function() {\n        return executeIfAvailable(hqmfjs.IPP, patient_api);\n      }\n      var denominator = function() {\n        return executeIfAvailable(hqmfjs.DENOM, patient_api);\n      }\n      var numerator = function() {\n        return executeIfAvailable(hqmfjs.NUMER, patient_api);\n      }\n      var exclusion = function() {\n        return executeIfAvailable(hqmfjs.DENEX, patient_api);\n      }\n      var denexcep = function() {\n        return executeIfAvailable(hqmfjs.DENEXCEP, patient_api);\n      }\n      \n      var executeIfAvailable = function(optionalFunction, arg) {\n        if (typeof(optionalFunction)==='function')\n          return optionalFunction(arg);\n        else\n          return false;\n      }\n\n      if (Logger.enabled) enableMeasureLogging(hqmfjs);\n\n      map(patient, population, denominator, numerator, exclusion, denexcep);\n      \n      };\n      ",
  "data_criteria": [
    {
      "OccurrenceAGestationalDiabetes228_precondition_5187": {
        "title": "Gestational Diabetes",
        "description": "Diagnosis, Active: Gestational Diabetes",
        "standard_category": "diagnosis_condition_problem",
        "qds_data_type": "diagnosis_active",
        "code_list_id": "2.16.840.1.113883.3.464.1003.103.12.1010",
        "type": "conditions",
        "definition": "diagnosis",
        "status": "active",
        "hard_status": false,
        "negation": false,
        "specific_occurrence": "A",
        "source_data_criteria": "OccurrenceAGestationalDiabetes228",
        "temporal_references": [
          {
            "type": "SBE",
            "reference": "MeasurePeriod"
          }
        ]
      }
    },
    {
      "OccurrenceAGestationalDiabetes228_precondition_5185": {
        "title": "Gestational Diabetes",
        "description": "Diagnosis, Active: Gestational Diabetes",
        "standard_category": "diagnosis_condition_problem",
        "qds_data_type": "diagnosis_active",
        "code_list_id": "2.16.840.1.113883.3.464.1003.103.12.1010",
        "type": "conditions",
        "definition": "diagnosis",
        "status": "active",
        "hard_status": false,
        "negation": false,
        "specific_occurrence": "A",
        "source_data_criteria": "OccurrenceAGestationalDiabetes228",
        "temporal_references": [
          {
            "type": "EBS",
            "reference": "MeasurePeriod"
          }
        ]
      }
    },
    {
      "LaboratoryTestResultHba1cLaboratoryTest_precondition_5191": {
        "title": "HbA1c Laboratory Test",
        "description": "Laboratory Test, Result: HbA1c Laboratory Test",
        "standard_category": "laboratory_test",
        "qds_data_type": "laboratory_test",
        "code_list_id": "2.16.840.1.113883.3.464.1003.198.12.1013",
        "type": "laboratory_tests",
        "definition": "laboratory_test",
        "hard_status": false,
        "negation": false,
        "source_data_criteria": "LaboratoryTestResultHba1cLaboratoryTest",
        "value": {
          "type": "ANYNonNull"
        },
        "temporal_references": [
          {
            "type": "DURING",
            "reference": "MeasurePeriod"
          }
        ]
      }
    },
    {
      "PatientCharacteristicBirthdateBirthDate_precondition_5194": {
        "title": "birth date",
        "description": "Patient Characteristic Birthdate: birth date",
        "standard_category": "individual_characteristic",
        "qds_data_type": "individual_characteristic",
        "code_list_id": "2.16.840.1.113883.3.560.100.4",
        "property": "birthtime",
        "type": "characteristic",
        "definition": "patient_characteristic_birthdate",
        "hard_status": false,
        "negation": false,
        "source_data_criteria": "PatientCharacteristicBirthdateBirthDate",
        "inline_code_list": {
          "LOINC": [
            "21112-8"
          ]
        },
        "temporal_references": [
          {
            "type": "SBS",
            "reference": "MeasurePeriod",
            "range": {
              "type": "IVL_PQ",
              "low": {
                "type": "PQ",
                "unit": "a",
                "value": "5",
                "inclusive?": true,
                "derived?": false
              }
            }
          }
        ]
      }
    },
    {
      "PatientCharacteristicBirthdateBirthDate_precondition_5196": {
        "title": "birth date",
        "description": "Patient Characteristic Birthdate: birth date",
        "standard_category": "individual_characteristic",
        "qds_data_type": "individual_characteristic",
        "code_list_id": "2.16.840.1.113883.3.560.100.4",
        "property": "birthtime",
        "type": "characteristic",
        "definition": "patient_characteristic_birthdate",
        "hard_status": false,
        "negation": false,
        "source_data_criteria": "PatientCharacteristicBirthdateBirthDate",
        "inline_code_list": {
          "LOINC": [
            "21112-8"
          ]
        },
        "temporal_references": [
          {
            "type": "SBS",
            "reference": "MeasurePeriod",
            "range": {
              "type": "IVL_PQ",
              "high": {
                "type": "PQ",
                "unit": "a",
                "value": "17",
                "inclusive?": true,
                "derived?": false
              }
            }
          }
        ]
      }
    },
    {
      "DiagnosisActiveDiabetes_precondition_5200": {
        "title": "Diabetes",
        "description": "Diagnosis, Active: Diabetes",
        "standard_category": "diagnosis_condition_problem",
        "qds_data_type": "diagnosis_active",
        "code_list_id": "2.16.840.1.113883.3.464.1003.103.12.1001",
        "type": "conditions",
        "definition": "diagnosis",
        "status": "active",
        "hard_status": false,
        "negation": false,
        "source_data_criteria": "DiagnosisActiveDiabetes",
        "temporal_references": [
          {
            "type": "SBE",
            "reference": "OccurrenceADiabetesVisit227_precondition_5198"
          }
        ]
      }
    },
    {
      "OccurrenceADiabetesVisit227_precondition_5198": {
        "title": "Diabetes Visit",
        "description": "Encounter, Performed: Diabetes Visit",
        "standard_category": "encounter",
        "qds_data_type": "encounter",
        "code_list_id": "2.16.840.1.113883.3.464.1003.103.12.1012",
        "type": "encounters",
        "definition": "encounter",
        "status": "performed",
        "hard_status": false,
        "negation": false,
        "specific_occurrence": "A",
        "source_data_criteria": "OccurrenceADiabetesVisit227",
        "temporal_references": [
          {
            "type": "DURING",
            "reference": "MeasurePeriod"
          }
        ],
        "subset_operators": [
          {
            "type": "RECENT"
          }
        ]
      }
    },
    {
      "EncounterPerformedDiabetesVisit_precondition_5202": {
        "title": "Diabetes Visit",
        "description": "Encounter, Performed: Diabetes Visit",
        "standard_category": "encounter",
        "qds_data_type": "encounter",
        "code_list_id": "2.16.840.1.113883.3.464.1003.103.12.1012",
        "type": "encounters",
        "definition": "encounter",
        "status": "performed",
        "hard_status": false,
        "negation": false,
        "source_data_criteria": "EncounterPerformedDiabetesVisit",
        "temporal_references": [
          {
            "type": "SBS",
            "reference": "OccurrenceADiabetesVisit227",
            "range": {
              "type": "IVL_PQ",
              "low": {
                "type": "PQ",
                "unit": "mo",
                "value": "12",
                "inclusive?": true,
                "derived?": false
              }
            }
          }
        ]
      }
    },
    {
      "OccurrenceADiabetesVisit227": {
        "title": "Diabetes Visit",
        "description": "Encounter, Performed: Diabetes Visit",
        "standard_category": "encounter",
        "qds_data_type": "encounter",
        "code_list_id": "2.16.840.1.113883.3.464.1003.103.12.1012",
        "type": "encounters",
        "definition": "encounter",
        "status": "performed",
        "hard_status": false,
        "negation": false,
        "specific_occurrence": "A",
        "source_data_criteria": "OccurrenceADiabetesVisit227"
      }
    }
  ],
  "oids": [
    "2.16.840.1.113883.3.464.1003.103.12.1010",
    "2.16.840.1.113883.3.464.1003.103.12.1012",
    "2.16.840.1.113883.3.464.1003.101.11.1010",
    "2.16.840.1.113883.3.464.1003.103.11.1001",
    "2.16.840.1.113883.3.464.1003.198.12.1013",
    "2.16.840.1.113883.3.464.1003.101.11.1005",
    "2.16.840.1.113883.3.464.1003.101.11.1035",
    "2.16.840.1.113883.3.464.1003.101.11.1040",
    "2.16.840.1.113883.3.464.1003.101.11.1206",
    "2.16.840.1.113883.3.464.1003.103.11.1002",
    "2.16.840.1.113883.3.464.1003.103.12.1001",
    "2.16.840.1.113883.3.464.1003.101.11.1020",
    "2.16.840.1.113883.3.464.1003.101.11.1025",
    "2.16.840.1.113883.3.464.1003.101.11.1045",
    "2.16.840.1.113883.3.464.1003.101.11.1050",
    "2.16.840.1.113883.3.464.1003.101.11.1055",
    "2.16.840.1.113883.3.464.1003.101.11.1080",
    "2.16.840.1.113883.3.464.1003.101.11.1110",
    "2.16.840.1.113883.3.464.1003.101.11.1120",
    "2.16.840.1.113883.3.464.1003.101.11.1130",
    "2.16.840.1.113883.3.464.1003.101.11.1150",
    "2.16.840.1.113883.3.464.1003.101.11.1195",
    "2.16.840.1.113883.3.464.1003.101.11.1207",
    "2.16.840.1.113883.3.464.1003.101.11.1216",
    "2.16.840.1.113883.3.464.1003.101.11.1218",
    "2.16.840.1.113883.3.464.1003.103.11.1003",
    "2.16.840.1.113883.3.464.1003.103.11.1012",
    "2.16.840.1.113883.3.464.1003.103.11.1014",
    "2.16.840.1.113883.3.464.1003.198.11.1024",
    "2.16.840.1.113883.3.560.100.4"
  ],
  "population_ids": {
    "IPP": "9056F853-7FE1-41B7-BE4F-D86613612976",
    "DENOM": "A65B71E4-CFAD-4137-B33B-71B1EC97ABA8",
    "NUMER": "209CF423-464C-4161-8774-9ED7899486F8",
    "DENEX": "1203204E-7ABE-4710-B3FE-DC112CC1626D"
  }
}