{
  "id": "8A4D92B2-3946-CDAE-0139-77FE9FDC6853",
  "nqf_id": "0069",
  "hqmf_id": "8A4D92B2-3946-CDAE-0139-77FE9FDC6853",
  "hqmf_set_id": "E455FAC0-F2CB-4074-A351-1E68A90FB7CF",
  "hqmf_version_number": 1,
  "endorser": null,
  "name": "Appropriate Treatment for Children with Upper Respiratory Infection (URI)",
  "description": "Percentage of children 3 months-18 years of age who were diagnosed with upper respiratory infection (URI) and were not dispensed an antibiotic prescription on or three days after the episode.",
  "type": "ep",
  "category": "Core Pediatric",
  "steward": null,
  "population": {
    "conjunction": "and",
    "items": [
      {
        "conjunction": "and",
        "items": [
          {
            "title": "birth date",
            "description": "Patient Characteristic Birthdate: birth date",
            "standard_category": "individual_characteristic",
            "qds_data_type": "individual_characteristic",
            "code_list_id": "2.16.840.1.113883.3.560.100.4",
            "property": "birthtime",
            "type": "characteristic",
            "definition": "patient_characteristic_birthdate",
            "hard_status": false,
            "negation": false,
            "source_data_criteria": "PatientCharacteristicBirthdateBirthDate",
            "inline_code_list": {
              "LOINC": [
                "21112-8"
              ]
            },
            "temporal_references": [
              {
                "type": "SBS",
                "reference": "MeasurePeriod",
                "range": {
                  "type": "IVL_PQ",
                  "low": {
                    "type": "PQ",
                    "unit": "mo",
                    "value": "3",
                    "inclusive?": true,
                    "derived?": false
                  }
                },
                "title": "MeasurePeriod"
              }
            ]
          },
          {
            "title": "birth date",
            "description": "Patient Characteristic Birthdate: birth date",
            "standard_category": "individual_characteristic",
            "qds_data_type": "individual_characteristic",
            "code_list_id": "2.16.840.1.113883.3.560.100.4",
            "property": "birthtime",
            "type": "characteristic",
            "definition": "patient_characteristic_birthdate",
            "hard_status": false,
            "negation": false,
            "source_data_criteria": "PatientCharacteristicBirthdateBirthDate",
            "inline_code_list": {
              "LOINC": [
                "21112-8"
              ]
            },
            "temporal_references": [
              {
                "type": "SBS",
                "reference": "MeasurePeriod",
                "range": {
                  "type": "IVL_PQ",
                  "high": {
                    "type": "PQ",
                    "unit": "a",
                    "value": "18",
                    "inclusive?": true,
                    "derived?": false
                  }
                },
                "title": "MeasurePeriod"
              }
            ]
          },
          {
            "conjunction": "or",
            "items": [
              {
                "title": "Upper Respiratory Infection",
                "description": "Diagnosis, Active: Upper Respiratory Infection",
                "standard_category": "diagnosis_condition_problem",
                "qds_data_type": "diagnosis_active",
                "code_list_id": "2.16.840.1.113883.3.464.1003.102.12.1022",
                "type": "conditions",
                "definition": "diagnosis",
                "status": "active",
                "hard_status": false,
                "negation": false,
                "specific_occurrence": "A",
                "source_data_criteria": "OccurrenceAUpperRespiratoryInfection338",
                "temporal_references": [
                  {
                    "type": "SDU",
                    "reference": {
                      "title": "GROUP_SDU_CHILDREN_135",
                      "description": "",
                      "standard_category": "",
                      "qds_data_type": "",
                      "children_criteria": [
                        {
                          "title": "Office Visit",
                          "description": "Encounter, Performed: Office Visit",
                          "standard_category": "encounter",
                          "qds_data_type": "encounter",
                          "code_list_id": "2.16.840.1.113883.3.464.1003.101.12.1001",
                          "type": "encounters",
                          "definition": "encounter",
                          "status": "performed",
                          "hard_status": false,
                          "negation": false,
                          "source_data_criteria": "EncounterPerformedOfficeVisit",
                          "temporal_references": [
                            {
                              "type": "DURING",
                              "reference": "MeasurePeriod",
                              "title": "MeasurePeriod"
                            }
                          ]
                        },
                        {
                          "title": "Emergency Department Visit",
                          "description": "Encounter, Performed: Emergency Department Visit",
                          "standard_category": "encounter",
                          "qds_data_type": "encounter",
                          "code_list_id": "2.16.840.1.113883.3.464.1003.101.12.1010",
                          "type": "encounters",
                          "definition": "encounter",
                          "status": "performed",
                          "hard_status": false,
                          "negation": false,
                          "source_data_criteria": "EncounterPerformedEmergencyDepartmentVisit",
                          "temporal_references": [
                            {
                              "type": "DURING",
                              "reference": "MeasurePeriod",
                              "title": "MeasurePeriod"
                            }
                          ]
                        },
                        {
                          "title": "Preventive Care- Initial Office Visit, 0 to 17",
                          "description": "Encounter, Performed: Preventive Care- Initial Office Visit, 0 to 17",
                          "standard_category": "encounter",
                          "qds_data_type": "encounter",
                          "code_list_id": "2.16.840.1.113883.3.464.1003.101.12.1022",
                          "type": "encounters",
                          "definition": "encounter",
                          "status": "performed",
                          "hard_status": false,
                          "negation": false,
                          "source_data_criteria": "EncounterPerformedPreventiveCareInitialOfficeVisit0To17",
                          "temporal_references": [
                            {
                              "type": "DURING",
                              "reference": "MeasurePeriod",
                              "title": "MeasurePeriod"
                            }
                          ]
                        },
                        {
                          "title": "Preventive Care - Established Office Visit, 0 to 17",
                          "description": "Encounter, Performed: Preventive Care - Established Office Visit, 0 to 17",
                          "standard_category": "encounter",
                          "qds_data_type": "encounter",
                          "code_list_id": "2.16.840.1.113883.3.464.1003.101.12.1024",
                          "type": "encounters",
                          "definition": "encounter",
                          "status": "performed",
                          "hard_status": false,
                          "negation": false,
                          "source_data_criteria": "EncounterPerformedPreventiveCareEstablishedOfficeVisit0To17",
                          "temporal_references": [
                            {
                              "type": "DURING",
                              "reference": "MeasurePeriod",
                              "title": "MeasurePeriod"
                            }
                          ]
                        },
                        {
                          "title": "Hospital Observation Care - Initial",
                          "description": "Encounter, Performed: Hospital Observation Care - Initial",
                          "standard_category": "encounter",
                          "qds_data_type": "encounter",
                          "code_list_id": "2.16.840.1.113883.3.464.1003.101.12.1002",
                          "type": "encounters",
                          "definition": "encounter",
                          "status": "performed",
                          "hard_status": false,
                          "negation": false,
                          "source_data_criteria": "EncounterPerformedHospitalObservationCareInitial",
                          "temporal_references": [
                            {
                              "type": "DURING",
                              "reference": "MeasurePeriod",
                              "title": "MeasurePeriod"
                            }
                          ]
                        },
                        {
                          "title": "Face-to-Face Interaction",
                          "description": "Encounter, Performed: Face-to-Face Interaction",
                          "standard_category": "encounter",
                          "qds_data_type": "encounter",
                          "code_list_id": "2.16.840.1.113883.3.464.1003.101.12.1048",
                          "type": "encounters",
                          "definition": "encounter",
                          "status": "performed",
                          "hard_status": false,
                          "negation": false,
                          "source_data_criteria": "EncounterPerformedFaceToFaceInteraction",
                          "temporal_references": [
                            {
                              "type": "DURING",
                              "reference": "MeasurePeriod",
                              "title": "MeasurePeriod"
                            }
                          ]
                        }
                      ],
                      "derivation_operator": "UNION",
                      "type": "derived",
                      "definition": "derived",
                      "hard_status": false,
                      "negation": false,
                      "source_data_criteria": "GROUP_SDU_CHILDREN_135"
                    }
                  }
                ]
              },
              {
                "conjunction": "or",
                "items": [
                  {
                    "title": "Office Visit",
                    "description": "Encounter, Performed: Office Visit",
                    "standard_category": "encounter",
                    "qds_data_type": "encounter",
                    "code_list_id": "2.16.840.1.113883.3.464.1003.101.12.1001",
                    "type": "encounters",
                    "definition": "encounter",
                    "status": "performed",
                    "hard_status": false,
                    "negation": false,
                    "source_data_criteria": "EncounterPerformedOfficeVisit",
                    "temporal_references": [
                      {
                        "type": "DURING",
                        "reference": {
                          "title": "Upper Respiratory Infection",
                          "description": "Diagnosis, Active: Upper Respiratory Infection",
                          "standard_category": "diagnosis_condition_problem",
                          "qds_data_type": "diagnosis_active",
                          "code_list_id": "2.16.840.1.113883.3.464.1003.102.12.1022",
                          "type": "conditions",
                          "definition": "diagnosis",
                          "status": "active",
                          "hard_status": false,
                          "negation": false,
                          "specific_occurrence": "A",
                          "source_data_criteria": "OccurrenceAUpperRespiratoryInfection338",
                          "temporal_references": [
                            {
                              "type": "DURING",
                              "reference": "MeasurePeriod",
                              "title": "MeasurePeriod"
                            }
                          ]
                        }
                      }
                    ]
                  },
                  {
                    "title": "Emergency Department Visit",
                    "description": "Encounter, Performed: Emergency Department Visit",
                    "standard_category": "encounter",
                    "qds_data_type": "encounter",
                    "code_list_id": "2.16.840.1.113883.3.464.1003.101.12.1010",
                    "type": "encounters",
                    "definition": "encounter",
                    "status": "performed",
                    "hard_status": false,
                    "negation": false,
                    "source_data_criteria": "EncounterPerformedEmergencyDepartmentVisit",
                    "temporal_references": [
                      {
                        "type": "DURING",
                        "reference": {
                          "title": "Upper Respiratory Infection",
                          "description": "Diagnosis, Active: Upper Respiratory Infection",
                          "standard_category": "diagnosis_condition_problem",
                          "qds_data_type": "diagnosis_active",
                          "code_list_id": "2.16.840.1.113883.3.464.1003.102.12.1022",
                          "type": "conditions",
                          "definition": "diagnosis",
                          "status": "active",
                          "hard_status": false,
                          "negation": false,
                          "specific_occurrence": "A",
                          "source_data_criteria": "OccurrenceAUpperRespiratoryInfection338",
                          "temporal_references": [
                            {
                              "type": "DURING",
                              "reference": "MeasurePeriod",
                              "title": "MeasurePeriod"
                            }
                          ]
                        }
                      }
                    ]
                  },
                  {
                    "title": "Preventive Care- Initial Office Visit, 0 to 17",
                    "description": "Encounter, Performed: Preventive Care- Initial Office Visit, 0 to 17",
                    "standard_category": "encounter",
                    "qds_data_type": "encounter",
                    "code_list_id": "2.16.840.1.113883.3.464.1003.101.12.1022",
                    "type": "encounters",
                    "definition": "encounter",
                    "status": "performed",
                    "hard_status": false,
                    "negation": false,
                    "source_data_criteria": "EncounterPerformedPreventiveCareInitialOfficeVisit0To17",
                    "temporal_references": [
                      {
                        "type": "DURING",
                        "reference": {
                          "title": "Upper Respiratory Infection",
                          "description": "Diagnosis, Active: Upper Respiratory Infection",
                          "standard_category": "diagnosis_condition_problem",
                          "qds_data_type": "diagnosis_active",
                          "code_list_id": "2.16.840.1.113883.3.464.1003.102.12.1022",
                          "type": "conditions",
                          "definition": "diagnosis",
                          "status": "active",
                          "hard_status": false,
                          "negation": false,
                          "specific_occurrence": "A",
                          "source_data_criteria": "OccurrenceAUpperRespiratoryInfection338",
                          "temporal_references": [
                            {
                              "type": "DURING",
                              "reference": "MeasurePeriod",
                              "title": "MeasurePeriod"
                            }
                          ]
                        }
                      }
                    ]
                  },
                  {
                    "title": "Preventive Care - Established Office Visit, 0 to 17",
                    "description": "Encounter, Performed: Preventive Care - Established Office Visit, 0 to 17",
                    "standard_category": "encounter",
                    "qds_data_type": "encounter",
                    "code_list_id": "2.16.840.1.113883.3.464.1003.101.12.1024",
                    "type": "encounters",
                    "definition": "encounter",
                    "status": "performed",
                    "hard_status": false,
                    "negation": false,
                    "source_data_criteria": "EncounterPerformedPreventiveCareEstablishedOfficeVisit0To17",
                    "temporal_references": [
                      {
                        "type": "DURING",
                        "reference": {
                          "title": "Upper Respiratory Infection",
                          "description": "Diagnosis, Active: Upper Respiratory Infection",
                          "standard_category": "diagnosis_condition_problem",
                          "qds_data_type": "diagnosis_active",
                          "code_list_id": "2.16.840.1.113883.3.464.1003.102.12.1022",
                          "type": "conditions",
                          "definition": "diagnosis",
                          "status": "active",
                          "hard_status": false,
                          "negation": false,
                          "specific_occurrence": "A",
                          "source_data_criteria": "OccurrenceAUpperRespiratoryInfection338",
                          "temporal_references": [
                            {
                              "type": "DURING",
                              "reference": "MeasurePeriod",
                              "title": "MeasurePeriod"
                            }
                          ]
                        }
                      }
                    ]
                  },
                  {
                    "title": "Hospital Observation Care - Initial",
                    "description": "Encounter, Performed: Hospital Observation Care - Initial",
                    "standard_category": "encounter",
                    "qds_data_type": "encounter",
                    "code_list_id": "2.16.840.1.113883.3.464.1003.101.12.1002",
                    "type": "encounters",
                    "definition": "encounter",
                    "status": "performed",
                    "hard_status": false,
                    "negation": false,
                    "source_data_criteria": "EncounterPerformedHospitalObservationCareInitial",
                    "temporal_references": [
                      {
                        "type": "DURING",
                        "reference": {
                          "title": "Upper Respiratory Infection",
                          "description": "Diagnosis, Active: Upper Respiratory Infection",
                          "standard_category": "diagnosis_condition_problem",
                          "qds_data_type": "diagnosis_active",
                          "code_list_id": "2.16.840.1.113883.3.464.1003.102.12.1022",
                          "type": "conditions",
                          "definition": "diagnosis",
                          "status": "active",
                          "hard_status": false,
                          "negation": false,
                          "specific_occurrence": "A",
                          "source_data_criteria": "OccurrenceAUpperRespiratoryInfection338",
                          "temporal_references": [
                            {
                              "type": "DURING",
                              "reference": "MeasurePeriod",
                              "title": "MeasurePeriod"
                            }
                          ]
                        }
                      }
                    ]
                  },
                  {
                    "title": "Face-to-Face Interaction",
                    "description": "Encounter, Performed: Face-to-Face Interaction",
                    "standard_category": "encounter",
                    "qds_data_type": "encounter",
                    "code_list_id": "2.16.840.1.113883.3.464.1003.101.12.1048",
                    "type": "encounters",
                    "definition": "encounter",
                    "status": "performed",
                    "hard_status": false,
                    "negation": false,
                    "source_data_criteria": "EncounterPerformedFaceToFaceInteraction",
                    "temporal_references": [
                      {
                        "type": "DURING",
                        "reference": {
                          "title": "Upper Respiratory Infection",
                          "description": "Diagnosis, Active: Upper Respiratory Infection",
                          "standard_category": "diagnosis_condition_problem",
                          "qds_data_type": "diagnosis_active",
                          "code_list_id": "2.16.840.1.113883.3.464.1003.102.12.1022",
                          "type": "conditions",
                          "definition": "diagnosis",
                          "status": "active",
                          "hard_status": false,
                          "negation": false,
                          "specific_occurrence": "A",
                          "source_data_criteria": "OccurrenceAUpperRespiratoryInfection338",
                          "temporal_references": [
                            {
                              "type": "DURING",
                              "reference": "MeasurePeriod",
                              "title": "MeasurePeriod"
                            }
                          ]
                        }
                      }
                    ]
                  }
                ],
                "negation": null,
                "precondition_id": 7279
              }
            ],
            "negation": null,
            "precondition_id": 7282
          }
        ],
        "negation": null,
        "precondition_id": 7284
      }
    ]
  },
  "denominator": {
    "conjunction": "and",
    "items": [

    ]
  },
  "numerator": {
    "conjunction": "and",
    "items": [
      {
        "conjunction": "and",
        "items": [
          {
            "title": "Antibiotic Medications",
            "description": "Medication, Order: Antibiotic Medications",
            "standard_category": "medication",
            "qds_data_type": "medication_order",
            "code_list_id": "2.16.840.1.113883.3.464.1003.196.12.1001",
            "type": "medications",
            "definition": "medication",
            "status": "ordered",
            "hard_status": false,
            "negation": false,
            "source_data_criteria": "MedicationOrderAntibioticMedications",
            "temporal_references": [
              {
                "type": "SAS",
                "reference": {
                  "title": "Upper Respiratory Infection",
                  "description": "Diagnosis, Active: Upper Respiratory Infection",
                  "standard_category": "diagnosis_condition_problem",
                  "qds_data_type": "diagnosis_active",
                  "code_list_id": "2.16.840.1.113883.3.464.1003.102.12.1022",
                  "type": "conditions",
                  "definition": "diagnosis",
                  "status": "active",
                  "hard_status": false,
                  "negation": false,
                  "specific_occurrence": "A",
                  "source_data_criteria": "OccurrenceAUpperRespiratoryInfection338"
                },
                "range": {
                  "type": "IVL_PQ",
                  "high": {
                    "type": "PQ",
                    "unit": "d",
                    "value": "3",
                    "inclusive?": true,
                    "derived?": false
                  }
                }
              }
            ]
          }
        ],
        "negation": true,
        "precondition_id": 7247
      }
    ]
  },
  "exclusions": {
    "conjunction": "and",
    "items": [
      {
        "conjunction": "and",
        "items": [
          {
            "conjunction": "or",
            "items": [
              {
                "title": "Competing Conditions for Respiratory Conditions",
                "description": "Diagnosis, Active: Competing Conditions for Respiratory Conditions",
                "standard_category": "diagnosis_condition_problem",
                "qds_data_type": "diagnosis_active",
                "code_list_id": "2.16.840.1.113883.3.464.1003.102.12.1017",
                "type": "conditions",
                "definition": "diagnosis",
                "status": "active",
                "hard_status": false,
                "negation": false,
                "source_data_criteria": "DiagnosisActiveCompetingConditionsForRespiratoryConditions",
                "temporal_references": [
                  {
                    "type": "SAS",
                    "reference": {
                      "title": "Upper Respiratory Infection",
                      "description": "Diagnosis, Active: Upper Respiratory Infection",
                      "standard_category": "diagnosis_condition_problem",
                      "qds_data_type": "diagnosis_active",
                      "code_list_id": "2.16.840.1.113883.3.464.1003.102.12.1022",
                      "type": "conditions",
                      "definition": "diagnosis",
                      "status": "active",
                      "hard_status": false,
                      "negation": false,
                      "specific_occurrence": "A",
                      "source_data_criteria": "OccurrenceAUpperRespiratoryInfection338"
                    },
                    "range": {
                      "type": "IVL_PQ",
                      "high": {
                        "type": "PQ",
                        "unit": "d",
                        "value": "3",
                        "inclusive?": true,
                        "derived?": false
                      }
                    }
                  }
                ]
              },
              {
                "title": "Antibiotic Medications",
                "description": "Medication, Active: Antibiotic Medications",
                "standard_category": "medication",
                "qds_data_type": "medication_active",
                "code_list_id": "2.16.840.1.113883.3.464.1003.196.12.1001",
                "type": "medications",
                "definition": "medication",
                "status": "active",
                "hard_status": false,
                "negation": false,
                "source_data_criteria": "MedicationActiveAntibioticMedications",
                "temporal_references": [
                  {
                    "type": "SBE",
                    "reference": {
                      "title": "Upper Respiratory Infection",
                      "description": "Diagnosis, Active: Upper Respiratory Infection",
                      "standard_category": "diagnosis_condition_problem",
                      "qds_data_type": "diagnosis_active",
                      "code_list_id": "2.16.840.1.113883.3.464.1003.102.12.1022",
                      "type": "conditions",
                      "definition": "diagnosis",
                      "status": "active",
                      "hard_status": false,
                      "negation": false,
                      "specific_occurrence": "A",
                      "source_data_criteria": "OccurrenceAUpperRespiratoryInfection338"
                    },
                    "range": {
                      "type": "IVL_PQ",
                      "high": {
                        "type": "PQ",
                        "unit": "d",
                        "value": "30",
                        "inclusive?": true,
                        "derived?": false
                      }
                    }
                  }
                ]
              }
            ],
            "negation": null,
            "precondition_id": 7242
          }
        ],
        "negation": null,
        "precondition_id": 7244
      }
    ]
  },
  "map_fn": "function() {\n        var patient = this;\n        var effective_date = <%= effective_date %>;\n\n        hqmfjs = {}\n        <%= init_js_frameworks %>\n        \n        \n      var patient_api = new hQuery.Patient(patient);\n\n      \n\n      // clear out logger\n      if (typeof Logger != 'undefined') Logger.logger = [];\n      // turn on logging if it is enabled\n      if (Logger.enabled) enableLogging();\n      \n      \n        // #########################\n        // ##### DATA ELEMENTS #####\n        // #########################\n\n        OidDictionary = <%= oid_dictionary %>;\n        \n        // Measure variables\nvar MeasurePeriod = {\n  \"low\": new TS(\"20100101\", null, true),\n  \"high\": new TS(\"20110101\", null, true)\n}\nhqmfjs.MeasurePeriod = function(patient) {\n  return [new hQuery.CodedEntry(\n    {\n      \"start_time\": MeasurePeriod.low.asDate().getTime()/1000,\n      \"end_time\": MeasurePeriod.high.asDate().getTime()/1000,\n      \"codes\": {}\n    }\n  )];\n}\nif (typeof effective_date === 'number') {\n  MeasurePeriod.high.date = new Date(1000*effective_date);\n  MeasurePeriod.low.date = new Date(1000*effective_date);\n  MeasurePeriod.low.date.setFullYear(MeasurePeriod.low.date.getFullYear()-1);\n}\n\n// Data critera\nhqmfjs.OccurrenceAUpperRespiratoryInfection338 = function(patient) {\n  var events = patient.allProblems();\n  events.specific_occurrence = 'OccurrenceAUpperRespiratoryInfection338'\n  events = events.withStatuses([\"active\"]);\n  events = events.withoutNegation();\n  var codes = getCodes(\"2.16.840.1.113883.3.464.1003.102.12.1022\");\n  var start = null;\n  var end = null;\n  events = events.match(codes, start, end, true);\n\n  events.specificContext=new Specifics(Row.buildForDataCriteria(events.specific_occurrence, events))\n  return events;\n}\n\nhqmfjs.DiagnosisActiveUpperRespiratoryInfection = function(patient) {\n  var events = patient.allProblems();\n  events = events.withStatuses([\"active\"]);\n  events = events.withoutNegation();\n  var codes = getCodes(\"2.16.840.1.113883.3.464.1003.102.12.1022\");\n  var start = null;\n  var end = null;\n  events = events.match(codes, start, end, true);\n\n  events.specificContext=Specifics.identity()\n  return events;\n}\n\nhqmfjs.OccurrenceAUpperRespiratoryInfection338 = function(patient) {\n  var events = patient.allProblems();\n  events.specific_occurrence = 'OccurrenceAUpperRespiratoryInfection338'\n  events = events.withStatuses([\"active\"]);\n  events = events.withoutNegation();\n  var codes = getCodes(\"2.16.840.1.113883.3.464.1003.102.12.1022\");\n  var start = null;\n  var end = null;\n  events = events.match(codes, start, end, true);\n\n  events.specificContext=new Specifics(Row.buildForDataCriteria(events.specific_occurrence, events))\n  return events;\n}\n\nhqmfjs.DiagnosisActiveCompetingConditionsForRespiratoryConditions_precondition_7238 = function(patient) {\n  var events = patient.allProblems();\n  events = events.withStatuses([\"active\"]);\n  events = events.withoutNegation();\n  var codes = getCodes(\"2.16.840.1.113883.3.464.1003.102.12.1017\");\n  var start = null;\n  var end = null;\n  events = events.match(codes, start, end, true);\n\n  events = SAS(events, hqmfjs.OccurrenceAUpperRespiratoryInfection338(patient), new IVL_PQ(null, new PQ(3, \"d\", true)));\n  return events;\n}\n\nhqmfjs.MedicationActiveAntibioticMedications_precondition_7240 = function(patient) {\n  var events = patient.allMedications();\n  events = events.withStatuses([\"active\"]);\n  events = events.withoutNegation();\n  var codes = getCodes(\"2.16.840.1.113883.3.464.1003.196.12.1001\");\n  var start = null;\n  var end = null;\n  events = events.match(codes, start, end, true);\n\n  events = SBE(events, hqmfjs.OccurrenceAUpperRespiratoryInfection338(patient), new IVL_PQ(null, new PQ(30, \"d\", true)));\n  return events;\n}\n\nhqmfjs.MedicationOrderAntibioticMedications_precondition_7245 = function(patient) {\n  var events = patient.allMedications();\n  events = events.withStatuses([\"ordered\"]);\n  events = events.withoutNegation();\n  var codes = getCodes(\"2.16.840.1.113883.3.464.1003.196.12.1001\");\n  var start = null;\n  var end = null;\n  events = events.match(codes, start, end, true);\n\n  events = SAS(events, hqmfjs.OccurrenceAUpperRespiratoryInfection338(patient), new IVL_PQ(null, new PQ(3, \"d\", true)));\n  return events;\n}\n\nhqmfjs.PatientCharacteristicBirthdateBirthDate_precondition_7248 = function(patient) {\nvar value = patient.birthtime();\nvar events = [value];\nevents = SBS(events, hqmfjs.MeasurePeriod(patient), new IVL_PQ(new PQ(3, \"mo\", true), null));\nevents.specificContext=Specifics.identity();\nreturn events;\n\n}\n\nhqmfjs.PatientCharacteristicBirthdateBirthDate_precondition_7250 = function(patient) {\nvar value = patient.birthtime();\nvar events = [value];\nevents = SBS(events, hqmfjs.MeasurePeriod(patient), new IVL_PQ(null, new PQ(18, \"a\", true)));\nevents.specificContext=Specifics.identity();\nreturn events;\n\n}\n\nhqmfjs.EncounterPerformedOfficeVisit_precondition_7252 = function(patient) {\n  var events = patient.encounters();\n  events = events.withStatuses([\"performed\"]);\n  events = events.withoutNegation();\n  var codes = getCodes(\"2.16.840.1.113883.3.464.1003.101.12.1001\");\n  var start = null;\n  var end = null;\n  events = events.match(codes, start, end, true);\n\n  events = DURING(events, hqmfjs.MeasurePeriod(patient));\n  return events;\n}\n\nhqmfjs.EncounterPerformedEmergencyDepartmentVisit_precondition_7254 = function(patient) {\n  var events = patient.encounters();\n  events = events.withStatuses([\"performed\"]);\n  events = events.withoutNegation();\n  var codes = getCodes(\"2.16.840.1.113883.3.464.1003.101.12.1010\");\n  var start = null;\n  var end = null;\n  events = events.match(codes, start, end, true);\n\n  events = DURING(events, hqmfjs.MeasurePeriod(patient));\n  return events;\n}\n\nhqmfjs.EncounterPerformedPreventiveCareInitialOfficeVisit0To17_precondition_7256 = function(patient) {\n  var events = patient.encounters();\n  events = events.withStatuses([\"performed\"]);\n  events = events.withoutNegation();\n  var codes = getCodes(\"2.16.840.1.113883.3.464.1003.101.12.1022\");\n  var start = null;\n  var end = null;\n  events = events.match(codes, start, end, true);\n\n  events = DURING(events, hqmfjs.MeasurePeriod(patient));\n  return events;\n}\n\nhqmfjs.EncounterPerformedPreventiveCareEstablishedOfficeVisit0To17_precondition_7258 = function(patient) {\n  var events = patient.encounters();\n  events = events.withStatuses([\"performed\"]);\n  events = events.withoutNegation();\n  var codes = getCodes(\"2.16.840.1.113883.3.464.1003.101.12.1024\");\n  var start = null;\n  var end = null;\n  events = events.match(codes, start, end, true);\n\n  events = DURING(events, hqmfjs.MeasurePeriod(patient));\n  return events;\n}\n\nhqmfjs.EncounterPerformedHospitalObservationCareInitial_precondition_7260 = function(patient) {\n  var events = patient.encounters();\n  events = events.withStatuses([\"performed\"]);\n  events = events.withoutNegation();\n  var codes = getCodes(\"2.16.840.1.113883.3.464.1003.101.12.1002\");\n  var start = null;\n  var end = null;\n  events = events.match(codes, start, end, true);\n\n  events = DURING(events, hqmfjs.MeasurePeriod(patient));\n  return events;\n}\n\nhqmfjs.EncounterPerformedFaceToFaceInteraction_precondition_7262 = function(patient) {\n  var events = patient.encounters();\n  events = events.withStatuses([\"performed\"]);\n  events = events.withoutNegation();\n  var codes = getCodes(\"2.16.840.1.113883.3.464.1003.101.12.1048\");\n  var start = null;\n  var end = null;\n  events = events.match(codes, start, end, true);\n\n  events = DURING(events, hqmfjs.MeasurePeriod(patient));\n  return events;\n}\n\nhqmfjs.OccurrenceAUpperRespiratoryInfection338_precondition_7265 = function(patient) {\n  var events = patient.allProblems();\n  events.specific_occurrence = 'OccurrenceAUpperRespiratoryInfection338'\n  events = events.withStatuses([\"active\"]);\n  events = events.withoutNegation();\n  var codes = getCodes(\"2.16.840.1.113883.3.464.1003.102.12.1022\");\n  var start = null;\n  var end = null;\n  events = events.match(codes, start, end, true);\n\n  events = SDU(events, hqmfjs.GROUP_SDU_CHILDREN_135(patient));\n  return events;\n}\n\nhqmfjs.GROUP_SDU_CHILDREN_135 = function(patient) {\n  var events = UNION(\n    hqmfjs.EncounterPerformedOfficeVisit_precondition_7252(patient),\n    hqmfjs.EncounterPerformedEmergencyDepartmentVisit_precondition_7254(patient),\n    hqmfjs.EncounterPerformedPreventiveCareInitialOfficeVisit0To17_precondition_7256(patient),\n    hqmfjs.EncounterPerformedPreventiveCareEstablishedOfficeVisit0To17_precondition_7258(patient),\n    hqmfjs.EncounterPerformedHospitalObservationCareInitial_precondition_7260(patient),\n    hqmfjs.EncounterPerformedFaceToFaceInteraction_precondition_7262(patient)\n  );\n\n  events.specificContext=Specifics.identity()\n  return events;\n}\n\nhqmfjs.OccurrenceAUpperRespiratoryInfection338_precondition_7280 = function(patient) {\n  var events = patient.allProblems();\n  events.specific_occurrence = 'OccurrenceAUpperRespiratoryInfection338'\n  events = events.withStatuses([\"active\"]);\n  events = events.withoutNegation();\n  var codes = getCodes(\"2.16.840.1.113883.3.464.1003.102.12.1022\");\n  var start = null;\n  var end = null;\n  events = events.match(codes, start, end, true);\n\n  events = DURING(events, hqmfjs.MeasurePeriod(patient));\n  return events;\n}\n\nhqmfjs.EncounterPerformedOfficeVisit_precondition_7267 = function(patient) {\n  var events = patient.encounters();\n  events = events.withStatuses([\"performed\"]);\n  events = events.withoutNegation();\n  var codes = getCodes(\"2.16.840.1.113883.3.464.1003.101.12.1001\");\n  var start = null;\n  var end = null;\n  events = events.match(codes, start, end, true);\n\n  events = DURING(events, hqmfjs.OccurrenceAUpperRespiratoryInfection338_precondition_7280(patient));\n  return events;\n}\n\nhqmfjs.EncounterPerformedEmergencyDepartmentVisit_precondition_7269 = function(patient) {\n  var events = patient.encounters();\n  events = events.withStatuses([\"performed\"]);\n  events = events.withoutNegation();\n  var codes = getCodes(\"2.16.840.1.113883.3.464.1003.101.12.1010\");\n  var start = null;\n  var end = null;\n  events = events.match(codes, start, end, true);\n\n  events = DURING(events, hqmfjs.OccurrenceAUpperRespiratoryInfection338_precondition_7280(patient));\n  return events;\n}\n\nhqmfjs.EncounterPerformedPreventiveCareInitialOfficeVisit0To17_precondition_7271 = function(patient) {\n  var events = patient.encounters();\n  events = events.withStatuses([\"performed\"]);\n  events = events.withoutNegation();\n  var codes = getCodes(\"2.16.840.1.113883.3.464.1003.101.12.1022\");\n  var start = null;\n  var end = null;\n  events = events.match(codes, start, end, true);\n\n  events = DURING(events, hqmfjs.OccurrenceAUpperRespiratoryInfection338_precondition_7280(patient));\n  return events;\n}\n\nhqmfjs.EncounterPerformedPreventiveCareEstablishedOfficeVisit0To17_precondition_7273 = function(patient) {\n  var events = patient.encounters();\n  events = events.withStatuses([\"performed\"]);\n  events = events.withoutNegation();\n  var codes = getCodes(\"2.16.840.1.113883.3.464.1003.101.12.1024\");\n  var start = null;\n  var end = null;\n  events = events.match(codes, start, end, true);\n\n  events = DURING(events, hqmfjs.OccurrenceAUpperRespiratoryInfection338_precondition_7280(patient));\n  return events;\n}\n\nhqmfjs.EncounterPerformedHospitalObservationCareInitial_precondition_7275 = function(patient) {\n  var events = patient.encounters();\n  events = events.withStatuses([\"performed\"]);\n  events = events.withoutNegation();\n  var codes = getCodes(\"2.16.840.1.113883.3.464.1003.101.12.1002\");\n  var start = null;\n  var end = null;\n  events = events.match(codes, start, end, true);\n\n  events = DURING(events, hqmfjs.OccurrenceAUpperRespiratoryInfection338_precondition_7280(patient));\n  return events;\n}\n\nhqmfjs.EncounterPerformedFaceToFaceInteraction_precondition_7277 = function(patient) {\n  var events = patient.encounters();\n  events = events.withStatuses([\"performed\"]);\n  events = events.withoutNegation();\n  var codes = getCodes(\"2.16.840.1.113883.3.464.1003.101.12.1048\");\n  var start = null;\n  var end = null;\n  events = events.match(codes, start, end, true);\n\n  events = DURING(events, hqmfjs.OccurrenceAUpperRespiratoryInfection338_precondition_7280(patient));\n  return events;\n}\n\n\n\n        // #########################\n        // ##### MEASURE LOGIC #####\n        // #########################\n        \n        hqmfjs.initializeSpecifics = function(patient_api, hqmfjs) { Specifics.initialize(patient_api,hqmfjs,{\"id\":\"OccurrenceAUpperRespiratoryInfection338\",\"type\":\"\",\"function\":\"OccurrenceAUpperRespiratoryInfection338\"}) }\n\n        // INITIAL PATIENT POPULATION\n        hqmfjs.IPP = function(patient) {\n  return allTrue(  \n    allTrue(    \n      hqmfjs.PatientCharacteristicBirthdateBirthDate_precondition_7248(patient),    \n      hqmfjs.PatientCharacteristicBirthdateBirthDate_precondition_7250(patient),    \n      atLeastOneTrue(      \n        hqmfjs.OccurrenceAUpperRespiratoryInfection338_precondition_7265(patient),      \n        atLeastOneTrue(        \n          hqmfjs.EncounterPerformedOfficeVisit_precondition_7267(patient),        \n          hqmfjs.EncounterPerformedEmergencyDepartmentVisit_precondition_7269(patient),        \n          hqmfjs.EncounterPerformedPreventiveCareInitialOfficeVisit0To17_precondition_7271(patient),        \n          hqmfjs.EncounterPerformedPreventiveCareEstablishedOfficeVisit0To17_precondition_7273(patient),        \n          hqmfjs.EncounterPerformedHospitalObservationCareInitial_precondition_7275(patient),        \n          hqmfjs.EncounterPerformedFaceToFaceInteraction_precondition_7277(patient)\n        )\n      )\n    )\n  );\n};\n\n\n        // DENOMINATOR\n        hqmfjs.DENOM = function(patient) { return new Boolean(true); }\n        // NUMERATOR\n        hqmfjs.NUMER = function(patient) {\n  return allTrue(  \n    atLeastOneFalse(    \n      hqmfjs.MedicationOrderAntibioticMedications_precondition_7245(patient)\n    )\n  );\n};\n\n\n        hqmfjs.DENEX = function(patient) {\n  return atLeastOneTrue(  \n    allTrue(    \n      atLeastOneTrue(      \n        hqmfjs.DiagnosisActiveCompetingConditionsForRespiratoryConditions_precondition_7238(patient),      \n        hqmfjs.MedicationActiveAntibioticMedications_precondition_7240(patient)\n      )\n    )\n  );\n};\n\n\n        hqmfjs.DENEXCEP = function(patient) { return new Boolean(false); }\n        \n\n      hqmfjs.initializeSpecifics(patient_api, hqmfjs)\n      \n      var population = function() {\n        return executeIfAvailable(hqmfjs.IPP, patient_api);\n      }\n      var denominator = function() {\n        return executeIfAvailable(hqmfjs.DENOM, patient_api);\n      }\n      var numerator = function() {\n        return executeIfAvailable(hqmfjs.NUMER, patient_api);\n      }\n      var exclusion = function() {\n        return executeIfAvailable(hqmfjs.DENEX, patient_api);\n      }\n      var denexcep = function() {\n        return executeIfAvailable(hqmfjs.DENEXCEP, patient_api);\n      }\n      \n      var executeIfAvailable = function(optionalFunction, arg) {\n        if (typeof(optionalFunction)==='function')\n          return optionalFunction(arg);\n        else\n          return false;\n      }\n\n      if (Logger.enabled) enableMeasureLogging(hqmfjs);\n\n      map(patient, population, denominator, numerator, exclusion, denexcep);\n      \n      };\n      ",
  "data_criteria": [
    {
      "DiagnosisActiveCompetingConditionsForRespiratoryConditions_precondition_7238": {
        "title": "Competing Conditions for Respiratory Conditions",
        "description": "Diagnosis, Active: Competing Conditions for Respiratory Conditions",
        "standard_category": "diagnosis_condition_problem",
        "qds_data_type": "diagnosis_active",
        "code_list_id": "2.16.840.1.113883.3.464.1003.102.12.1017",
        "type": "conditions",
        "definition": "diagnosis",
        "status": "active",
        "hard_status": false,
        "negation": false,
        "source_data_criteria": "DiagnosisActiveCompetingConditionsForRespiratoryConditions",
        "temporal_references": [
          {
            "type": "SAS",
            "reference": "OccurrenceAUpperRespiratoryInfection338",
            "range": {
              "type": "IVL_PQ",
              "high": {
                "type": "PQ",
                "unit": "d",
                "value": "3",
                "inclusive?": true,
                "derived?": false
              }
            }
          }
        ]
      }
    },
    {
      "OccurrenceAUpperRespiratoryInfection338": {
        "title": "Upper Respiratory Infection",
        "description": "Diagnosis, Active: Upper Respiratory Infection",
        "standard_category": "diagnosis_condition_problem",
        "qds_data_type": "diagnosis_active",
        "code_list_id": "2.16.840.1.113883.3.464.1003.102.12.1022",
        "type": "conditions",
        "definition": "diagnosis",
        "status": "active",
        "hard_status": false,
        "negation": false,
        "specific_occurrence": "A",
        "source_data_criteria": "OccurrenceAUpperRespiratoryInfection338"
      }
    },
    {
      "MedicationActiveAntibioticMedications_precondition_7240": {
        "title": "Antibiotic Medications",
        "description": "Medication, Active: Antibiotic Medications",
        "standard_category": "medication",
        "qds_data_type": "medication_active",
        "code_list_id": "2.16.840.1.113883.3.464.1003.196.12.1001",
        "type": "medications",
        "definition": "medication",
        "status": "active",
        "hard_status": false,
        "negation": false,
        "source_data_criteria": "MedicationActiveAntibioticMedications",
        "temporal_references": [
          {
            "type": "SBE",
            "reference": "OccurrenceAUpperRespiratoryInfection338",
            "range": {
              "type": "IVL_PQ",
              "high": {
                "type": "PQ",
                "unit": "d",
                "value": "30",
                "inclusive?": true,
                "derived?": false
              }
            }
          }
        ]
      }
    },
    {
      "MedicationOrderAntibioticMedications_precondition_7245": {
        "title": "Antibiotic Medications",
        "description": "Medication, Order: Antibiotic Medications",
        "standard_category": "medication",
        "qds_data_type": "medication_order",
        "code_list_id": "2.16.840.1.113883.3.464.1003.196.12.1001",
        "type": "medications",
        "definition": "medication",
        "status": "ordered",
        "hard_status": false,
        "negation": false,
        "source_data_criteria": "MedicationOrderAntibioticMedications",
        "temporal_references": [
          {
            "type": "SAS",
            "reference": "OccurrenceAUpperRespiratoryInfection338",
            "range": {
              "type": "IVL_PQ",
              "high": {
                "type": "PQ",
                "unit": "d",
                "value": "3",
                "inclusive?": true,
                "derived?": false
              }
            }
          }
        ]
      }
    },
    {
      "PatientCharacteristicBirthdateBirthDate_precondition_7248": {
        "title": "birth date",
        "description": "Patient Characteristic Birthdate: birth date",
        "standard_category": "individual_characteristic",
        "qds_data_type": "individual_characteristic",
        "code_list_id": "2.16.840.1.113883.3.560.100.4",
        "property": "birthtime",
        "type": "characteristic",
        "definition": "patient_characteristic_birthdate",
        "hard_status": false,
        "negation": false,
        "source_data_criteria": "PatientCharacteristicBirthdateBirthDate",
        "inline_code_list": {
          "LOINC": [
            "21112-8"
          ]
        },
        "temporal_references": [
          {
            "type": "SBS",
            "reference": "MeasurePeriod",
            "range": {
              "type": "IVL_PQ",
              "low": {
                "type": "PQ",
                "unit": "mo",
                "value": "3",
                "inclusive?": true,
                "derived?": false
              }
            }
          }
        ]
      }
    },
    {
      "PatientCharacteristicBirthdateBirthDate_precondition_7250": {
        "title": "birth date",
        "description": "Patient Characteristic Birthdate: birth date",
        "standard_category": "individual_characteristic",
        "qds_data_type": "individual_characteristic",
        "code_list_id": "2.16.840.1.113883.3.560.100.4",
        "property": "birthtime",
        "type": "characteristic",
        "definition": "patient_characteristic_birthdate",
        "hard_status": false,
        "negation": false,
        "source_data_criteria": "PatientCharacteristicBirthdateBirthDate",
        "inline_code_list": {
          "LOINC": [
            "21112-8"
          ]
        },
        "temporal_references": [
          {
            "type": "SBS",
            "reference": "MeasurePeriod",
            "range": {
              "type": "IVL_PQ",
              "high": {
                "type": "PQ",
                "unit": "a",
                "value": "18",
                "inclusive?": true,
                "derived?": false
              }
            }
          }
        ]
      }
    },
    {
      "OccurrenceAUpperRespiratoryInfection338_precondition_7265": {
        "title": "Upper Respiratory Infection",
        "description": "Diagnosis, Active: Upper Respiratory Infection",
        "standard_category": "diagnosis_condition_problem",
        "qds_data_type": "diagnosis_active",
        "code_list_id": "2.16.840.1.113883.3.464.1003.102.12.1022",
        "type": "conditions",
        "definition": "diagnosis",
        "status": "active",
        "hard_status": false,
        "negation": false,
        "specific_occurrence": "A",
        "source_data_criteria": "OccurrenceAUpperRespiratoryInfection338",
        "temporal_references": [
          {
            "type": "SDU",
            "reference": "GROUP_SDU_CHILDREN_135"
          }
        ]
      }
    },
    {
      "GROUP_SDU_CHILDREN_135": {
        "title": "GROUP_SDU_CHILDREN_135",
        "description": "",
        "standard_category": "",
        "qds_data_type": "",
        "children_criteria": [
          "EncounterPerformedOfficeVisit_precondition_7252",
          "EncounterPerformedEmergencyDepartmentVisit_precondition_7254",
          "EncounterPerformedPreventiveCareInitialOfficeVisit0To17_precondition_7256",
          "EncounterPerformedPreventiveCareEstablishedOfficeVisit0To17_precondition_7258",
          "EncounterPerformedHospitalObservationCareInitial_precondition_7260",
          "EncounterPerformedFaceToFaceInteraction_precondition_7262"
        ],
        "derivation_operator": "UNION",
        "type": "derived",
        "definition": "derived",
        "hard_status": false,
        "negation": false,
        "source_data_criteria": "GROUP_SDU_CHILDREN_135"
      }
    },
    {
      "EncounterPerformedOfficeVisit_precondition_7252": {
        "title": "Office Visit",
        "description": "Encounter, Performed: Office Visit",
        "standard_category": "encounter",
        "qds_data_type": "encounter",
        "code_list_id": "2.16.840.1.113883.3.464.1003.101.12.1001",
        "type": "encounters",
        "definition": "encounter",
        "status": "performed",
        "hard_status": false,
        "negation": false,
        "source_data_criteria": "EncounterPerformedOfficeVisit",
        "temporal_references": [
          {
            "type": "DURING",
            "reference": "MeasurePeriod"
          }
        ]
      }
    },
    {
      "EncounterPerformedEmergencyDepartmentVisit_precondition_7254": {
        "title": "Emergency Department Visit",
        "description": "Encounter, Performed: Emergency Department Visit",
        "standard_category": "encounter",
        "qds_data_type": "encounter",
        "code_list_id": "2.16.840.1.113883.3.464.1003.101.12.1010",
        "type": "encounters",
        "definition": "encounter",
        "status": "performed",
        "hard_status": false,
        "negation": false,
        "source_data_criteria": "EncounterPerformedEmergencyDepartmentVisit",
        "temporal_references": [
          {
            "type": "DURING",
            "reference": "MeasurePeriod"
          }
        ]
      }
    },
    {
      "EncounterPerformedPreventiveCareInitialOfficeVisit0To17_precondition_7256": {
        "title": "Preventive Care- Initial Office Visit, 0 to 17",
        "description": "Encounter, Performed: Preventive Care- Initial Office Visit, 0 to 17",
        "standard_category": "encounter",
        "qds_data_type": "encounter",
        "code_list_id": "2.16.840.1.113883.3.464.1003.101.12.1022",
        "type": "encounters",
        "definition": "encounter",
        "status": "performed",
        "hard_status": false,
        "negation": false,
        "source_data_criteria": "EncounterPerformedPreventiveCareInitialOfficeVisit0To17",
        "temporal_references": [
          {
            "type": "DURING",
            "reference": "MeasurePeriod"
          }
        ]
      }
    },
    {
      "EncounterPerformedPreventiveCareEstablishedOfficeVisit0To17_precondition_7258": {
        "title": "Preventive Care - Established Office Visit, 0 to 17",
        "description": "Encounter, Performed: Preventive Care - Established Office Visit, 0 to 17",
        "standard_category": "encounter",
        "qds_data_type": "encounter",
        "code_list_id": "2.16.840.1.113883.3.464.1003.101.12.1024",
        "type": "encounters",
        "definition": "encounter",
        "status": "performed",
        "hard_status": false,
        "negation": false,
        "source_data_criteria": "EncounterPerformedPreventiveCareEstablishedOfficeVisit0To17",
        "temporal_references": [
          {
            "type": "DURING",
            "reference": "MeasurePeriod"
          }
        ]
      }
    },
    {
      "EncounterPerformedHospitalObservationCareInitial_precondition_7260": {
        "title": "Hospital Observation Care - Initial",
        "description": "Encounter, Performed: Hospital Observation Care - Initial",
        "standard_category": "encounter",
        "qds_data_type": "encounter",
        "code_list_id": "2.16.840.1.113883.3.464.1003.101.12.1002",
        "type": "encounters",
        "definition": "encounter",
        "status": "performed",
        "hard_status": false,
        "negation": false,
        "source_data_criteria": "EncounterPerformedHospitalObservationCareInitial",
        "temporal_references": [
          {
            "type": "DURING",
            "reference": "MeasurePeriod"
          }
        ]
      }
    },
    {
      "EncounterPerformedFaceToFaceInteraction_precondition_7262": {
        "title": "Face-to-Face Interaction",
        "description": "Encounter, Performed: Face-to-Face Interaction",
        "standard_category": "encounter",
        "qds_data_type": "encounter",
        "code_list_id": "2.16.840.1.113883.3.464.1003.101.12.1048",
        "type": "encounters",
        "definition": "encounter",
        "status": "performed",
        "hard_status": false,
        "negation": false,
        "source_data_criteria": "EncounterPerformedFaceToFaceInteraction",
        "temporal_references": [
          {
            "type": "DURING",
            "reference": "MeasurePeriod"
          }
        ]
      }
    },
    {
      "EncounterPerformedOfficeVisit_precondition_7267": {
        "title": "Office Visit",
        "description": "Encounter, Performed: Office Visit",
        "standard_category": "encounter",
        "qds_data_type": "encounter",
        "code_list_id": "2.16.840.1.113883.3.464.1003.101.12.1001",
        "type": "encounters",
        "definition": "encounter",
        "status": "performed",
        "hard_status": false,
        "negation": false,
        "source_data_criteria": "EncounterPerformedOfficeVisit",
        "temporal_references": [
          {
            "type": "DURING",
            "reference": "OccurrenceAUpperRespiratoryInfection338_precondition_7280"
          }
        ]
      }
    },
    {
      "OccurrenceAUpperRespiratoryInfection338_precondition_7280": {
        "title": "Upper Respiratory Infection",
        "description": "Diagnosis, Active: Upper Respiratory Infection",
        "standard_category": "diagnosis_condition_problem",
        "qds_data_type": "diagnosis_active",
        "code_list_id": "2.16.840.1.113883.3.464.1003.102.12.1022",
        "type": "conditions",
        "definition": "diagnosis",
        "status": "active",
        "hard_status": false,
        "negation": false,
        "specific_occurrence": "A",
        "source_data_criteria": "OccurrenceAUpperRespiratoryInfection338",
        "temporal_references": [
          {
            "type": "DURING",
            "reference": "MeasurePeriod"
          }
        ]
      }
    },
    {
      "EncounterPerformedEmergencyDepartmentVisit_precondition_7269": {
        "title": "Emergency Department Visit",
        "description": "Encounter, Performed: Emergency Department Visit",
        "standard_category": "encounter",
        "qds_data_type": "encounter",
        "code_list_id": "2.16.840.1.113883.3.464.1003.101.12.1010",
        "type": "encounters",
        "definition": "encounter",
        "status": "performed",
        "hard_status": false,
        "negation": false,
        "source_data_criteria": "EncounterPerformedEmergencyDepartmentVisit",
        "temporal_references": [
          {
            "type": "DURING",
            "reference": "OccurrenceAUpperRespiratoryInfection338_precondition_7280"
          }
        ]
      }
    },
    {
      "EncounterPerformedPreventiveCareInitialOfficeVisit0To17_precondition_7271": {
        "title": "Preventive Care- Initial Office Visit, 0 to 17",
        "description": "Encounter, Performed: Preventive Care- Initial Office Visit, 0 to 17",
        "standard_category": "encounter",
        "qds_data_type": "encounter",
        "code_list_id": "2.16.840.1.113883.3.464.1003.101.12.1022",
        "type": "encounters",
        "definition": "encounter",
        "status": "performed",
        "hard_status": false,
        "negation": false,
        "source_data_criteria": "EncounterPerformedPreventiveCareInitialOfficeVisit0To17",
        "temporal_references": [
          {
            "type": "DURING",
            "reference": "OccurrenceAUpperRespiratoryInfection338_precondition_7280"
          }
        ]
      }
    },
    {
      "EncounterPerformedPreventiveCareEstablishedOfficeVisit0To17_precondition_7273": {
        "title": "Preventive Care - Established Office Visit, 0 to 17",
        "description": "Encounter, Performed: Preventive Care - Established Office Visit, 0 to 17",
        "standard_category": "encounter",
        "qds_data_type": "encounter",
        "code_list_id": "2.16.840.1.113883.3.464.1003.101.12.1024",
        "type": "encounters",
        "definition": "encounter",
        "status": "performed",
        "hard_status": false,
        "negation": false,
        "source_data_criteria": "EncounterPerformedPreventiveCareEstablishedOfficeVisit0To17",
        "temporal_references": [
          {
            "type": "DURING",
            "reference": "OccurrenceAUpperRespiratoryInfection338_precondition_7280"
          }
        ]
      }
    },
    {
      "EncounterPerformedHospitalObservationCareInitial_precondition_7275": {
        "title": "Hospital Observation Care - Initial",
        "description": "Encounter, Performed: Hospital Observation Care - Initial",
        "standard_category": "encounter",
        "qds_data_type": "encounter",
        "code_list_id": "2.16.840.1.113883.3.464.1003.101.12.1002",
        "type": "encounters",
        "definition": "encounter",
        "status": "performed",
        "hard_status": false,
        "negation": false,
        "source_data_criteria": "EncounterPerformedHospitalObservationCareInitial",
        "temporal_references": [
          {
            "type": "DURING",
            "reference": "OccurrenceAUpperRespiratoryInfection338_precondition_7280"
          }
        ]
      }
    },
    {
      "EncounterPerformedFaceToFaceInteraction_precondition_7277": {
        "title": "Face-to-Face Interaction",
        "description": "Encounter, Performed: Face-to-Face Interaction",
        "standard_category": "encounter",
        "qds_data_type": "encounter",
        "code_list_id": "2.16.840.1.113883.3.464.1003.101.12.1048",
        "type": "encounters",
        "definition": "encounter",
        "status": "performed",
        "hard_status": false,
        "negation": false,
        "source_data_criteria": "EncounterPerformedFaceToFaceInteraction",
        "temporal_references": [
          {
            "type": "DURING",
            "reference": "OccurrenceAUpperRespiratoryInfection338_precondition_7280"
          }
        ]
      }
    }
  ],
  "oids": [
    "2.16.840.1.113883.3.464.1003.101.12.1001",
    "2.16.840.1.113883.3.464.1003.101.12.1002",
    "2.16.840.1.113883.3.464.1003.101.12.1010",
    "2.16.840.1.113883.3.464.1003.101.12.1022",
    "2.16.840.1.113883.3.464.1003.101.12.1024",
    "2.16.840.1.113883.3.464.1003.101.12.1048",
    "2.16.840.1.113883.3.464.1003.102.12.1017",
    "2.16.840.1.113883.3.464.1003.102.12.1022",
    "2.16.840.1.113883.3.464.1003.196.12.1001",
    "2.16.840.1.113883.3.464.1003.101.11.1005",
    "2.16.840.1.113883.3.464.1003.101.11.1010",
    "2.16.840.1.113883.3.464.1003.101.11.1050",
    "2.16.840.1.113883.3.464.1003.101.11.1110",
    "2.16.840.1.113883.3.464.1003.101.11.1120",
    "2.16.840.1.113883.3.464.1003.101.11.1216",
    "2.16.840.1.113883.3.464.1003.102.11.1028",
    "2.16.840.1.113883.3.464.1003.102.11.1029",
    "2.16.840.1.113883.3.464.1003.102.11.1030",
    "2.16.840.1.113883.3.464.1003.102.11.1031",
    "2.16.840.1.113883.3.464.1003.102.11.1032",
    "2.16.840.1.113883.3.464.1003.102.11.1033",
    "2.16.840.1.113883.3.464.1003.102.11.1034",
    "2.16.840.1.113883.3.464.1003.102.11.1035",
    "2.16.840.1.113883.3.464.1003.102.11.1036",
    "2.16.840.1.113883.3.464.1003.102.11.1037",
    "2.16.840.1.113883.3.464.1003.102.11.1038",
    "2.16.840.1.113883.3.464.1003.102.11.1039",
    "2.16.840.1.113883.3.464.1003.102.11.1040",
    "2.16.840.1.113883.3.464.1003.102.11.1041",
    "2.16.840.1.113883.3.464.1003.102.11.1042",
    "2.16.840.1.113883.3.464.1003.102.11.1043",
    "2.16.840.1.113883.3.464.1003.102.11.1044",
    "2.16.840.1.113883.3.464.1003.102.11.1045",
    "2.16.840.1.113883.3.464.1003.102.11.1058",
    "2.16.840.1.113883.3.464.1003.102.11.1059",
    "2.16.840.1.113883.3.464.1003.102.11.1060",
    "2.16.840.1.113883.3.464.1003.110.11.1004",
    "2.16.840.1.113883.3.464.1003.110.11.1005",
    "2.16.840.1.113883.3.464.1003.110.11.1006",
    "2.16.840.1.113883.3.464.1003.110.11.1007",
    "2.16.840.1.113883.3.464.1003.110.11.1008",
    "2.16.840.1.113883.3.464.1003.110.11.1009",
    "2.16.840.1.113883.3.464.1003.110.11.1011",
    "2.16.840.1.113883.3.464.1003.110.11.1012",
    "2.16.840.1.113883.3.464.1003.110.11.1013",
    "2.16.840.1.113883.3.464.1003.110.11.1014",
    "2.16.840.1.113883.3.464.1003.110.11.1015",
    "2.16.840.1.113883.3.464.1003.112.11.1001",
    "2.16.840.1.113883.3.464.1003.112.11.1002",
    "2.16.840.1.113883.3.464.1003.112.11.1003",
    "2.16.840.1.113883.3.464.1003.112.11.1004",
    "2.16.840.1.113883.3.464.1003.112.11.1005",
    "2.16.840.1.113883.3.464.1003.112.11.1006",
    "2.16.840.1.113883.3.464.1003.112.11.1007",
    "2.16.840.1.113883.3.464.1003.112.11.1008",
    "2.16.840.1.113883.3.464.1003.112.11.1009",
    "2.16.840.1.113883.3.464.1003.112.11.1010",
    "2.16.840.1.113883.3.464.1003.112.11.1011",
    "2.16.840.1.113883.3.464.1003.112.11.1012",
    "2.16.840.1.113883.3.464.1003.112.11.1013",
    "2.16.840.1.113883.3.464.1003.112.11.1014",
    "2.16.840.1.113883.3.464.1003.112.11.1015",
    "2.16.840.1.113883.3.464.1003.112.11.1016",
    "2.16.840.1.113883.3.464.1003.112.11.1017",
    "2.16.840.1.113883.3.464.1003.112.11.1018",
    "2.16.840.1.113883.3.464.1003.112.11.1019",
    "2.16.840.1.113883.3.464.1003.112.11.1020",
    "2.16.840.1.113883.3.464.1003.112.11.1021",
    "2.16.840.1.113883.3.464.1003.113.11.1009",
    "2.16.840.1.113883.3.464.1003.113.11.1010",
    "2.16.840.1.113883.3.464.1003.113.11.1011",
    "2.16.840.1.113883.3.464.1003.116.11.1021",
    "2.16.840.1.113883.3.464.1003.116.11.1022",
    "2.16.840.1.113883.3.464.1003.116.11.1023",
    "2.16.840.1.113883.3.464.1003.116.11.1024",
    "2.16.840.1.113883.3.464.1003.116.11.1025",
    "2.16.840.1.113883.3.464.1003.116.11.1026",
    "2.16.840.1.113883.3.464.1003.116.11.1027",
    "2.16.840.1.113883.3.464.1003.116.11.1028",
    "2.16.840.1.113883.3.464.1003.116.11.1029",
    "2.16.840.1.113883.3.464.1003.119.11.1001",
    "2.16.840.1.113883.3.464.1003.119.11.1002",
    "2.16.840.1.113883.3.464.1003.119.11.1003",
    "2.16.840.1.113883.3.464.1003.196.11.1001",
    "2.16.840.1.113883.3.464.1003.199.11.1004",
    "2.16.840.1.113883.3.464.1003.199.11.1005",
    "2.16.840.1.113883.3.464.1003.199.11.1006",
    "2.16.840.1.113883.3.560.100.4"
  ],
  "population_ids": {
    "IPP": "E55811D5-DD67-450A-A253-0D0C8EFCD50E",
    "DENOM": "C8872545-E3A0-4FC3-82A6-038EED216FEE",
    "NUMER": "B3432497-8340-4526-A0C3-62A0C7F5F01F",
    "DENEX": "DB8290E9-2933-4EDF-9C8A-80D9AF5074DB"
  }
}