{
  "id": "8A4D92B2-397A-48D2-0139-C63D3E41543C",
  "nqf_id": "0075",
  "hqmf_id": "8A4D92B2-397A-48D2-0139-C63D3E41543C",
  "hqmf_set_id": "500E4792-7F94-4E34-8546-EE71C56FE463",
  "hqmf_version_number": 1,
  "endorser": null,
  "name": "Ischemic Vascular Disease (IVD): Complete Lipid Panel and LDL Control",
  "description": "Percentage of patients 18 years of age and older who were discharged alive for acute myocardial infarction (AMI), coronary artery bypass graft (CABG) or percutaneous coronary interventions (PCI) in the 12 months prior to the measurement period, or who had an active diagnosis of ischemic vascular disease (IVD) during the measurement period, and who had a complete lipid profile performed during the measurement period and whose LDL-C was adequately controlled (< 100 mg/dL).",
  "type": "ep",
  "category": "Heart",
  "steward": null,
  "population": {
    "conjunction": "and",
    "items": [
      {
        "conjunction": "and",
        "items": [
          {
            "title": "birth date",
            "description": "Patient Characteristic Birthdate: birth date",
            "standard_category": "individual_characteristic",
            "qds_data_type": "individual_characteristic",
            "code_list_id": "2.16.840.1.113883.3.560.100.4",
            "property": "birthtime",
            "type": "characteristic",
            "definition": "patient_characteristic_birthdate",
            "hard_status": false,
            "negation": false,
            "source_data_criteria": "PatientCharacteristicBirthdateBirthDate",
            "inline_code_list": {
              "LOINC": [
                "21112-8"
              ]
            },
            "temporal_references": [
              {
                "type": "SBS",
                "reference": "MeasurePeriod",
                "range": {
                  "type": "IVL_PQ",
                  "low": {
                    "type": "PQ",
                    "unit": "a",
                    "value": "18",
                    "inclusive?": true,
                    "derived?": false
                  }
                },
                "title": "MeasurePeriod"
              }
            ]
          },
          {
            "conjunction": "or",
            "items": [
              {
                "conjunction": "and",
                "items": [
                  {
                    "title": "Ischemic Vascular Disease",
                    "description": "Diagnosis, Active: Ischemic Vascular Disease",
                    "standard_category": "diagnosis_condition_problem",
                    "qds_data_type": "diagnosis_active",
                    "code_list_id": "2.16.840.1.113883.3.464.1003.104.12.1003",
                    "type": "conditions",
                    "definition": "diagnosis",
                    "status": "active",
                    "hard_status": false,
                    "negation": false,
                    "specific_occurrence": "A",
                    "source_data_criteria": "OccurrenceAIschemicVascularDisease282",
                    "temporal_references": [
                      {
                        "type": "SBE",
                        "reference": "MeasurePeriod",
                        "title": "MeasurePeriod"
                      }
                    ]
                  },
                  {
                    "conjunction": "and",
                    "items": [
                      {
                        "title": "Ischemic Vascular Disease",
                        "description": "Diagnosis, Active: Ischemic Vascular Disease",
                        "standard_category": "diagnosis_condition_problem",
                        "qds_data_type": "diagnosis_active",
                        "code_list_id": "2.16.840.1.113883.3.464.1003.104.12.1003",
                        "type": "conditions",
                        "definition": "diagnosis",
                        "status": "active",
                        "hard_status": false,
                        "negation": false,
                        "specific_occurrence": "A",
                        "source_data_criteria": "OccurrenceAIschemicVascularDisease282",
                        "temporal_references": [
                          {
                            "type": "EBS",
                            "reference": "MeasurePeriod",
                            "title": "MeasurePeriod"
                          }
                        ]
                      }
                    ],
                    "negation": true,
                    "precondition_id": 6093
                  }
                ],
                "negation": null,
                "precondition_id": 6094
              },
              {
                "conjunction": "and",
                "items": [
                  {
                    "title": "Acute Myocardial Infarction",
                    "description": "Diagnosis, Active: Acute Myocardial Infarction",
                    "standard_category": "diagnosis_condition_problem",
                    "qds_data_type": "diagnosis_active",
                    "code_list_id": "2.16.840.1.113883.3.464.1003.104.12.1001",
                    "type": "conditions",
                    "definition": "diagnosis",
                    "status": "active",
                    "hard_status": false,
                    "negation": false,
                    "specific_occurrence": "A",
                    "source_data_criteria": "OccurrenceAAcuteMyocardialInfarction281",
                    "temporal_references": [
                      {
                        "type": "SBS",
                        "reference": "MeasurePeriod",
                        "range": {
                          "type": "IVL_PQ",
                          "high": {
                            "type": "PQ",
                            "unit": "mo",
                            "value": "12",
                            "inclusive?": true,
                            "derived?": false
                          }
                        },
                        "title": "MeasurePeriod"
                      }
                    ]
                  },
                  {
                    "conjunction": "and",
                    "items": [
                      {
                        "title": "Acute Myocardial Infarction",
                        "description": "Diagnosis, Active: Acute Myocardial Infarction",
                        "standard_category": "diagnosis_condition_problem",
                        "qds_data_type": "diagnosis_active",
                        "code_list_id": "2.16.840.1.113883.3.464.1003.104.12.1001",
                        "type": "conditions",
                        "definition": "diagnosis",
                        "status": "active",
                        "hard_status": false,
                        "negation": false,
                        "source_data_criteria": "DiagnosisActiveAcuteMyocardialInfarction",
                        "temporal_references": [
                          {
                            "type": "EBS",
                            "reference": "MeasurePeriod",
                            "title": "MeasurePeriod"
                          }
                        ]
                      }
                    ],
                    "negation": true,
                    "precondition_id": 6100
                  }
                ],
                "negation": null,
                "precondition_id": 6101
              },
              {
                "conjunction": "or",
                "items": [
                  {
                    "title": "Percutaneous Coronary Interventions",
                    "description": "Procedure, Performed: Percutaneous Coronary Interventions",
                    "standard_category": "procedure",
                    "qds_data_type": "procedure_performed",
                    "code_list_id": "2.16.840.1.113883.3.464.1003.104.12.1010",
                    "type": "procedures",
                    "definition": "procedure",
                    "status": "performed",
                    "hard_status": false,
                    "negation": false,
                    "source_data_criteria": "ProcedurePerformedPercutaneousCoronaryInterventions",
                    "temporal_references": [
                      {
                        "type": "EBS",
                        "reference": "MeasurePeriod",
                        "range": {
                          "type": "IVL_PQ",
                          "high": {
                            "type": "PQ",
                            "unit": "mo",
                            "value": "12",
                            "inclusive?": true,
                            "derived?": false
                          }
                        },
                        "title": "MeasurePeriod"
                      }
                    ]
                  },
                  {
                    "title": "Coronary Artery Bypass Graft",
                    "description": "Procedure, Performed: Coronary Artery Bypass Graft",
                    "standard_category": "procedure",
                    "qds_data_type": "procedure_performed",
                    "code_list_id": "2.16.840.1.113883.3.464.1003.104.12.1002",
                    "type": "procedures",
                    "definition": "procedure",
                    "status": "performed",
                    "hard_status": false,
                    "negation": false,
                    "source_data_criteria": "ProcedurePerformedCoronaryArteryBypassGraft",
                    "temporal_references": [
                      {
                        "type": "EBS",
                        "reference": "MeasurePeriod",
                        "range": {
                          "type": "IVL_PQ",
                          "high": {
                            "type": "PQ",
                            "unit": "mo",
                            "value": "12",
                            "inclusive?": true,
                            "derived?": false
                          }
                        },
                        "title": "MeasurePeriod"
                      }
                    ]
                  }
                ],
                "negation": null,
                "precondition_id": 6107
              }
            ],
            "negation": null,
            "precondition_id": 6109
          },
          {
            "conjunction": "or",
            "items": [
              {
                "title": "Office Visit",
                "description": "Encounter, Performed: Office Visit",
                "standard_category": "encounter",
                "qds_data_type": "encounter",
                "code_list_id": "2.16.840.1.113883.3.464.1003.101.12.1001",
                "type": "encounters",
                "definition": "encounter",
                "status": "performed",
                "hard_status": false,
                "negation": false,
                "source_data_criteria": "EncounterPerformedOfficeVisit",
                "temporal_references": [
                  {
                    "type": "DURING",
                    "reference": "MeasurePeriod",
                    "title": "MeasurePeriod"
                  }
                ]
              },
              {
                "title": "Face-to-Face Interaction",
                "description": "Encounter, Performed: Face-to-Face Interaction",
                "standard_category": "encounter",
                "qds_data_type": "encounter",
                "code_list_id": "2.16.840.1.113883.3.464.1003.101.12.1048",
                "type": "encounters",
                "definition": "encounter",
                "status": "performed",
                "hard_status": false,
                "negation": false,
                "source_data_criteria": "EncounterPerformedFaceToFaceInteraction",
                "temporal_references": [
                  {
                    "type": "DURING",
                    "reference": "MeasurePeriod",
                    "title": "MeasurePeriod"
                  }
                ]
              },
              {
                "title": "Preventive Care Services - Established Office Visit, 18 and Up",
                "description": "Encounter, Performed: Preventive Care Services - Established Office Visit, 18 and Up",
                "standard_category": "encounter",
                "qds_data_type": "encounter",
                "code_list_id": "2.16.840.1.113883.3.464.1003.101.12.1025",
                "type": "encounters",
                "definition": "encounter",
                "status": "performed",
                "hard_status": false,
                "negation": false,
                "source_data_criteria": "EncounterPerformedPreventiveCareServicesEstablishedOfficeVisit18AndUp",
                "temporal_references": [
                  {
                    "type": "DURING",
                    "reference": "MeasurePeriod",
                    "title": "MeasurePeriod"
                  }
                ]
              },
              {
                "title": "Preventive Care Services-Initial Office Visit, 18 and Up",
                "description": "Encounter, Performed: Preventive Care Services-Initial Office Visit, 18 and Up",
                "standard_category": "encounter",
                "qds_data_type": "encounter",
                "code_list_id": "2.16.840.1.113883.3.464.1003.101.12.1023",
                "type": "encounters",
                "definition": "encounter",
                "status": "performed",
                "hard_status": false,
                "negation": false,
                "source_data_criteria": "EncounterPerformedPreventiveCareServicesInitialOfficeVisit18AndUp",
                "temporal_references": [
                  {
                    "type": "DURING",
                    "reference": "MeasurePeriod",
                    "title": "MeasurePeriod"
                  }
                ]
              },
              {
                "title": "Home Healthcare Services",
                "description": "Encounter, Performed: Home Healthcare Services",
                "standard_category": "encounter",
                "qds_data_type": "encounter",
                "code_list_id": "2.16.840.1.113883.3.464.1003.101.12.1016",
                "type": "encounters",
                "definition": "encounter",
                "status": "performed",
                "hard_status": false,
                "negation": false,
                "source_data_criteria": "EncounterPerformedHomeHealthcareServices",
                "temporal_references": [
                  {
                    "type": "DURING",
                    "reference": "MeasurePeriod",
                    "title": "MeasurePeriod"
                  }
                ]
              },
              {
                "title": "Annual Wellness Visit",
                "description": "Encounter, Performed: Annual Wellness Visit",
                "standard_category": "encounter",
                "qds_data_type": "encounter",
                "code_list_id": "2.16.840.1.113883.3.526.3.1240",
                "type": "encounters",
                "definition": "encounter",
                "status": "performed",
                "hard_status": false,
                "negation": false,
                "source_data_criteria": "EncounterPerformedAnnualWellnessVisit",
                "temporal_references": [
                  {
                    "type": "DURING",
                    "reference": "MeasurePeriod",
                    "title": "MeasurePeriod"
                  }
                ]
              }
            ],
            "negation": null,
            "precondition_id": 6123
          }
        ],
        "negation": null,
        "precondition_id": 6125
      }
    ]
  },
  "denominator": {
    "conjunction": "and",
    "items": [

    ]
  },
  "numerator": {
    "conjunction": "and",
    "items": [
      {
        "conjunction": "and",
        "items": [
          {
            "title": "LDL-C Laboratory Test",
            "description": "Laboratory Test: LDL-C Laboratory Test",
            "standard_category": "laboratory_test",
            "qds_data_type": "laboratory_test",
            "code_list_id": "2.16.840.1.113883.3.526.3.1248",
            "type": "laboratory_tests",
            "definition": "laboratory_test",
            "hard_status": false,
            "negation": false,
            "specific_occurrence": "A",
            "source_data_criteria": "OccurrenceALdlCLaboratoryTest280",
            "subset_operators": [
              {
                "type": "RECENT"
              }
            ]
          },
          {
            "title": "LDL-C Laboratory Test",
            "description": "Laboratory Test: LDL-C Laboratory Test",
            "standard_category": "laboratory_test",
            "qds_data_type": "laboratory_test",
            "code_list_id": "2.16.840.1.113883.3.526.3.1248",
            "type": "laboratory_tests",
            "definition": "laboratory_test",
            "hard_status": false,
            "negation": false,
            "specific_occurrence": "A",
            "source_data_criteria": "OccurrenceALdlCLaboratoryTest280",
            "value": {
              "type": "IVL_PQ",
              "high": {
                "type": "PQ",
                "unit": "mg/dL",
                "value": "100",
                "inclusive?": false,
                "derived?": false
              }
            },
            "temporal_references": [
              {
                "type": "DURING",
                "reference": "MeasurePeriod",
                "title": "MeasurePeriod"
              }
            ]
          }
        ],
        "negation": null,
        "precondition_id": 6086
      }
    ]
  },
  "exclusions": null,
  "map_fn": "function() {\n        var patient = this;\n        var effective_date = <%= effective_date %>;\n\n        hqmfjs = {}\n        <%= init_js_frameworks %>\n        \n        \n      var patient_api = new hQuery.Patient(patient);\n\n      \n\n      // clear out logger\n      if (typeof Logger != 'undefined') Logger.logger = [];\n      // turn on logging if it is enabled\n      if (Logger.enabled) enableLogging();\n      \n      \n        // #########################\n        // ##### DATA ELEMENTS #####\n        // #########################\n\n        OidDictionary = <%= oid_dictionary %>;\n        \n        // Measure variables\nvar MeasurePeriod = {\n  \"low\": new TS(\"20100101\", null, true),\n  \"high\": new TS(\"20110101\", null, true)\n}\nhqmfjs.MeasurePeriod = function(patient) {\n  return [new hQuery.CodedEntry(\n    {\n      \"start_time\": MeasurePeriod.low.asDate().getTime()/1000,\n      \"end_time\": MeasurePeriod.high.asDate().getTime()/1000,\n      \"codes\": {}\n    }\n  )];\n}\nif (typeof effective_date === 'number') {\n  MeasurePeriod.high.date = new Date(1000*effective_date);\n  MeasurePeriod.low.date = new Date(1000*effective_date);\n  MeasurePeriod.low.date.setFullYear(MeasurePeriod.low.date.getFullYear()-1);\n}\n\n// Data critera\nhqmfjs.OccurrenceALdlCLaboratoryTest280 = function(patient) {\n  var events = patient.laboratoryTests();\n  events.specific_occurrence = 'OccurrenceALdlCLaboratoryTest280'\n  events = events.withoutNegation();\n  var codes = getCodes(\"2.16.840.1.113883.3.526.3.1248\");\n  var start = null;\n  var end = null;\n  events = events.match(codes, start, end, true);\n\n  events.specificContext=new Specifics(Row.buildForDataCriteria(events.specific_occurrence, events))\n  return events;\n}\n\nhqmfjs.OccurrenceAAcuteMyocardialInfarction281 = function(patient) {\n  var events = patient.allProblems();\n  events.specific_occurrence = 'OccurrenceAAcuteMyocardialInfarction281'\n  events = events.withStatuses([\"active\"]);\n  events = events.withoutNegation();\n  var codes = getCodes(\"2.16.840.1.113883.3.464.1003.104.12.1001\");\n  var start = null;\n  var end = null;\n  events = events.match(codes, start, end, true);\n\n  events.specificContext=new Specifics(Row.buildForDataCriteria(events.specific_occurrence, events))\n  return events;\n}\n\nhqmfjs.OccurrenceAIschemicVascularDisease282 = function(patient) {\n  var events = patient.allProblems();\n  events.specific_occurrence = 'OccurrenceAIschemicVascularDisease282'\n  events = events.withStatuses([\"active\"]);\n  events = events.withoutNegation();\n  var codes = getCodes(\"2.16.840.1.113883.3.464.1003.104.12.1003\");\n  var start = null;\n  var end = null;\n  events = events.match(codes, start, end, true);\n\n  events.specificContext=new Specifics(Row.buildForDataCriteria(events.specific_occurrence, events))\n  return events;\n}\n\nhqmfjs.DiagnosisActiveIschemicVascularDisease = function(patient) {\n  var events = patient.allProblems();\n  events = events.withStatuses([\"active\"]);\n  events = events.withoutNegation();\n  var codes = getCodes(\"2.16.840.1.113883.3.464.1003.104.12.1003\");\n  var start = null;\n  var end = null;\n  events = events.match(codes, start, end, true);\n\n  events.specificContext=Specifics.identity()\n  return events;\n}\n\nhqmfjs.LaboratoryTestResultLdlCLaboratoryTest = function(patient) {\n  var events = patient.laboratoryTests();\n  events = events.withoutNegation();\n  var codes = getCodes(\"2.16.840.1.113883.3.526.3.1248\");\n  var start = null;\n  var end = null;\n  events = events.match(codes, start, end, true);\n\n  events.specificContext=Specifics.identity()\n  return events;\n}\n\nhqmfjs.LaboratoryTestResultCompleteLipidPanel_precondition_6066 = function(patient) {\n  var events = patient.laboratoryTests();\n  events = events.withoutNegation();\n  var codes = getCodes(\"2.16.840.1.113883.3.464.1003.104.12.1015\");\n  var start = null;\n  var end = null;\n  events = events.match(codes, start, end, true);\n\n  events = filterEventsByValue(events, new ANYNonNull());\n  events = DURING(events, hqmfjs.MeasurePeriod(patient));\n  return events;\n}\n\nhqmfjs.LaboratoryTestResultTotalCholesterolLaboratoryTest_precondition_6068 = function(patient) {\n  var events = patient.laboratoryTests();\n  events = events.withoutNegation();\n  var codes = getCodes(\"2.16.840.1.113883.3.464.1003.104.12.1013\");\n  var start = null;\n  var end = null;\n  events = events.match(codes, start, end, true);\n\n  events = filterEventsByValue(events, new ANYNonNull());\n  events = DURING(events, hqmfjs.MeasurePeriod(patient));\n  return events;\n}\n\nhqmfjs.LaboratoryTestResultHdlCLaboratoryTest_precondition_6070 = function(patient) {\n  var events = patient.laboratoryTests();\n  events = events.withoutNegation();\n  var codes = getCodes(\"2.16.840.1.113883.3.464.1003.104.12.1012\");\n  var start = null;\n  var end = null;\n  events = events.match(codes, start, end, true);\n\n  events = filterEventsByValue(events, new ANYNonNull());\n  events = DURING(events, hqmfjs.MeasurePeriod(patient));\n  return events;\n}\n\nhqmfjs.OccurrenceALdlCLaboratoryTest280_precondition_6072 = function(patient) {\n  var events = patient.laboratoryTests();\n  events.specific_occurrence = 'OccurrenceALdlCLaboratoryTest280'\n  events = events.withoutNegation();\n  var codes = getCodes(\"2.16.840.1.113883.3.526.3.1248\");\n  var start = null;\n  var end = null;\n  events = events.match(codes, start, end, true);\n\n  events = filterEventsByValue(events, new ANYNonNull());\n  events = DURING(events, hqmfjs.MeasurePeriod(patient));\n  return events;\n}\n\nhqmfjs.LaboratoryTestResultTriglyceridesLaboratoryTest_precondition_6074 = function(patient) {\n  var events = patient.laboratoryTests();\n  events = events.withoutNegation();\n  var codes = getCodes(\"2.16.840.1.113883.3.464.1003.104.12.1014\");\n  var start = null;\n  var end = null;\n  events = events.match(codes, start, end, true);\n\n  events = filterEventsByValue(events, new ANYNonNull());\n  events = DURING(events, hqmfjs.MeasurePeriod(patient));\n  return events;\n}\n\nhqmfjs.OccurrenceALdlCLaboratoryTest280_precondition_6081 = function(patient) {\n  var events = patient.laboratoryTests();\n  events.specific_occurrence = 'OccurrenceALdlCLaboratoryTest280'\n  events = events.withoutNegation();\n  var codes = getCodes(\"2.16.840.1.113883.3.526.3.1248\");\n  var start = null;\n  var end = null;\n  events = events.match(codes, start, end, true);\n\n  events.specificContext=new Specifics(Row.buildForDataCriteria(events.specific_occurrence, events))\n  events = RECENT(events);\n  return events;\n}\n\nhqmfjs.OccurrenceALdlCLaboratoryTest280_precondition_6084 = function(patient) {\n  var events = patient.laboratoryTests();\n  events.specific_occurrence = 'OccurrenceALdlCLaboratoryTest280'\n  events = events.withoutNegation();\n  var codes = getCodes(\"2.16.840.1.113883.3.526.3.1248\");\n  var start = null;\n  var end = null;\n  events = events.match(codes, start, end, true);\n\n  events = filterEventsByValue(events, new IVL_PQ(null, new PQ(100, \"mg/dL\", false)));\n  events = DURING(events, hqmfjs.MeasurePeriod(patient));\n  return events;\n}\n\nhqmfjs.PatientCharacteristicBirthdateBirthDate_precondition_6087 = function(patient) {\nvar value = patient.birthtime();\nvar events = [value];\nevents = SBS(events, hqmfjs.MeasurePeriod(patient), new IVL_PQ(new PQ(18, \"a\", true), null));\nevents.specificContext=Specifics.identity();\nreturn events;\n\n}\n\nhqmfjs.OccurrenceAIschemicVascularDisease282_precondition_6091 = function(patient) {\n  var events = patient.allProblems();\n  events.specific_occurrence = 'OccurrenceAIschemicVascularDisease282'\n  events = events.withStatuses([\"active\"]);\n  events = events.withoutNegation();\n  var codes = getCodes(\"2.16.840.1.113883.3.464.1003.104.12.1003\");\n  var start = null;\n  var end = null;\n  events = events.match(codes, start, end, true);\n\n  events = SBE(events, hqmfjs.MeasurePeriod(patient));\n  return events;\n}\n\nhqmfjs.OccurrenceAIschemicVascularDisease282_precondition_6089 = function(patient) {\n  var events = patient.allProblems();\n  events.specific_occurrence = 'OccurrenceAIschemicVascularDisease282'\n  events = events.withStatuses([\"active\"]);\n  events = events.withoutNegation();\n  var codes = getCodes(\"2.16.840.1.113883.3.464.1003.104.12.1003\");\n  var start = null;\n  var end = null;\n  events = events.match(codes, start, end, true);\n\n  events = EBS(events, hqmfjs.MeasurePeriod(patient));\n  return events;\n}\n\nhqmfjs.OccurrenceAAcuteMyocardialInfarction281_precondition_6098 = function(patient) {\n  var events = patient.allProblems();\n  events.specific_occurrence = 'OccurrenceAAcuteMyocardialInfarction281'\n  events = events.withStatuses([\"active\"]);\n  events = events.withoutNegation();\n  var codes = getCodes(\"2.16.840.1.113883.3.464.1003.104.12.1001\");\n  var start = null;\n  var end = null;\n  events = events.match(codes, start, end, true);\n\n  events = SBS(events, hqmfjs.MeasurePeriod(patient), new IVL_PQ(null, new PQ(12, \"mo\", true)));\n  return events;\n}\n\nhqmfjs.DiagnosisActiveAcuteMyocardialInfarction_precondition_6096 = function(patient) {\n  var events = patient.allProblems();\n  events = events.withStatuses([\"active\"]);\n  events = events.withoutNegation();\n  var codes = getCodes(\"2.16.840.1.113883.3.464.1003.104.12.1001\");\n  var start = null;\n  var end = null;\n  events = events.match(codes, start, end, true);\n\n  events = EBS(events, hqmfjs.MeasurePeriod(patient));\n  return events;\n}\n\nhqmfjs.ProcedurePerformedPercutaneousCoronaryInterventions_precondition_6103 = function(patient) {\n  var events = patient.allProcedures();\n  events = events.withStatuses([\"performed\"]);\n  events = events.withoutNegation();\n  var codes = getCodes(\"2.16.840.1.113883.3.464.1003.104.12.1010\");\n  var start = null;\n  var end = null;\n  events = events.match(codes, start, end, true);\n\n  events = EBS(events, hqmfjs.MeasurePeriod(patient), new IVL_PQ(null, new PQ(12, \"mo\", true)));\n  return events;\n}\n\nhqmfjs.ProcedurePerformedCoronaryArteryBypassGraft_precondition_6105 = function(patient) {\n  var events = patient.allProcedures();\n  events = events.withStatuses([\"performed\"]);\n  events = events.withoutNegation();\n  var codes = getCodes(\"2.16.840.1.113883.3.464.1003.104.12.1002\");\n  var start = null;\n  var end = null;\n  events = events.match(codes, start, end, true);\n\n  events = EBS(events, hqmfjs.MeasurePeriod(patient), new IVL_PQ(null, new PQ(12, \"mo\", true)));\n  return events;\n}\n\nhqmfjs.EncounterPerformedOfficeVisit_precondition_6111 = function(patient) {\n  var events = patient.encounters();\n  events = events.withStatuses([\"performed\"]);\n  events = events.withoutNegation();\n  var codes = getCodes(\"2.16.840.1.113883.3.464.1003.101.12.1001\");\n  var start = null;\n  var end = null;\n  events = events.match(codes, start, end, true);\n\n  events = DURING(events, hqmfjs.MeasurePeriod(patient));\n  return events;\n}\n\nhqmfjs.EncounterPerformedFaceToFaceInteraction_precondition_6113 = function(patient) {\n  var events = patient.encounters();\n  events = events.withStatuses([\"performed\"]);\n  events = events.withoutNegation();\n  var codes = getCodes(\"2.16.840.1.113883.3.464.1003.101.12.1048\");\n  var start = null;\n  var end = null;\n  events = events.match(codes, start, end, true);\n\n  events = DURING(events, hqmfjs.MeasurePeriod(patient));\n  return events;\n}\n\nhqmfjs.EncounterPerformedPreventiveCareServicesEstablishedOfficeVisit18AndUp_precondition_6115 = function(patient) {\n  var events = patient.encounters();\n  events = events.withStatuses([\"performed\"]);\n  events = events.withoutNegation();\n  var codes = getCodes(\"2.16.840.1.113883.3.464.1003.101.12.1025\");\n  var start = null;\n  var end = null;\n  events = events.match(codes, start, end, true);\n\n  events = DURING(events, hqmfjs.MeasurePeriod(patient));\n  return events;\n}\n\nhqmfjs.EncounterPerformedPreventiveCareServicesInitialOfficeVisit18AndUp_precondition_6117 = function(patient) {\n  var events = patient.encounters();\n  events = events.withStatuses([\"performed\"]);\n  events = events.withoutNegation();\n  var codes = getCodes(\"2.16.840.1.113883.3.464.1003.101.12.1023\");\n  var start = null;\n  var end = null;\n  events = events.match(codes, start, end, true);\n\n  events = DURING(events, hqmfjs.MeasurePeriod(patient));\n  return events;\n}\n\nhqmfjs.EncounterPerformedHomeHealthcareServices_precondition_6119 = function(patient) {\n  var events = patient.encounters();\n  events = events.withStatuses([\"performed\"]);\n  events = events.withoutNegation();\n  var codes = getCodes(\"2.16.840.1.113883.3.464.1003.101.12.1016\");\n  var start = null;\n  var end = null;\n  events = events.match(codes, start, end, true);\n\n  events = DURING(events, hqmfjs.MeasurePeriod(patient));\n  return events;\n}\n\nhqmfjs.EncounterPerformedAnnualWellnessVisit_precondition_6121 = function(patient) {\n  var events = patient.encounters();\n  events = events.withStatuses([\"performed\"]);\n  events = events.withoutNegation();\n  var codes = getCodes(\"2.16.840.1.113883.3.526.3.1240\");\n  var start = null;\n  var end = null;\n  events = events.match(codes, start, end, true);\n\n  events = DURING(events, hqmfjs.MeasurePeriod(patient));\n  return events;\n}\n\n\n\n        // #########################\n        // ##### MEASURE LOGIC #####\n        // #########################\n        \n        hqmfjs.initializeSpecifics = function(patient_api, hqmfjs) { Specifics.initialize(patient_api,hqmfjs,{\"id\":\"OccurrenceALdlCLaboratoryTest280\",\"type\":\"\",\"function\":\"OccurrenceALdlCLaboratoryTest280\"},{\"id\":\"OccurrenceAAcuteMyocardialInfarction281\",\"type\":\"\",\"function\":\"OccurrenceAAcuteMyocardialInfarction281\"},{\"id\":\"OccurrenceAIschemicVascularDisease282\",\"type\":\"\",\"function\":\"OccurrenceAIschemicVascularDisease282\"}) }\n\n        // INITIAL PATIENT POPULATION\n        hqmfjs.IPP = function(patient) {\n  return allTrue(  \n    allTrue(    \n      hqmfjs.PatientCharacteristicBirthdateBirthDate_precondition_6087(patient),    \n      atLeastOneTrue(      \n        allTrue(        \n          hqmfjs.OccurrenceAIschemicVascularDisease282_precondition_6091(patient),        \n          atLeastOneFalse(          \n            hqmfjs.OccurrenceAIschemicVascularDisease282_precondition_6089(patient)\n          )\n        ),      \n        allTrue(        \n          hqmfjs.OccurrenceAAcuteMyocardialInfarction281_precondition_6098(patient),        \n          atLeastOneFalse(          \n            hqmfjs.DiagnosisActiveAcuteMyocardialInfarction_precondition_6096(patient)\n          )\n        ),      \n        atLeastOneTrue(        \n          hqmfjs.ProcedurePerformedPercutaneousCoronaryInterventions_precondition_6103(patient),        \n          hqmfjs.ProcedurePerformedCoronaryArteryBypassGraft_precondition_6105(patient)\n        )\n      ),    \n      atLeastOneTrue(      \n        hqmfjs.EncounterPerformedOfficeVisit_precondition_6111(patient),      \n        hqmfjs.EncounterPerformedFaceToFaceInteraction_precondition_6113(patient),      \n        hqmfjs.EncounterPerformedPreventiveCareServicesEstablishedOfficeVisit18AndUp_precondition_6115(patient),      \n        hqmfjs.EncounterPerformedPreventiveCareServicesInitialOfficeVisit18AndUp_precondition_6117(patient),      \n        hqmfjs.EncounterPerformedHomeHealthcareServices_precondition_6119(patient),      \n        hqmfjs.EncounterPerformedAnnualWellnessVisit_precondition_6121(patient)\n      )\n    )\n  );\n};\n\n\n        // DENOMINATOR\n        hqmfjs.DENOM = function(patient) { return new Boolean(true); }\n        // NUMERATOR\n        hqmfjs.NUMER = function(patient) {\n  return allTrue(  \n    allTrue(    \n      hqmfjs.OccurrenceALdlCLaboratoryTest280_precondition_6081(patient),    \n      hqmfjs.OccurrenceALdlCLaboratoryTest280_precondition_6084(patient)\n    )\n  );\n};\n\n\n        hqmfjs.DENEX = function(patient) { return new Boolean(false); }\n        hqmfjs.DENEXCEP = function(patient) { return new Boolean(false); }\n        \n\n      hqmfjs.initializeSpecifics(patient_api, hqmfjs)\n      \n      var population = function() {\n        return executeIfAvailable(hqmfjs.IPP, patient_api);\n      }\n      var denominator = function() {\n        return executeIfAvailable(hqmfjs.DENOM, patient_api);\n      }\n      var numerator = function() {\n        return executeIfAvailable(hqmfjs.NUMER, patient_api);\n      }\n      var exclusion = function() {\n        return executeIfAvailable(hqmfjs.DENEX, patient_api);\n      }\n      var denexcep = function() {\n        return executeIfAvailable(hqmfjs.DENEXCEP, patient_api);\n      }\n      \n      var executeIfAvailable = function(optionalFunction, arg) {\n        if (typeof(optionalFunction)==='function')\n          return optionalFunction(arg);\n        else\n          return false;\n      }\n\n      if (Logger.enabled) enableMeasureLogging(hqmfjs);\n\n      map(patient, population, denominator, numerator, exclusion, denexcep);\n      \n      };\n      ",
  "sub_id": "b",
  "subtitle": "Most Recent LDL-C <100 mg/dL",
  "short_subtitle": "Most Recent LDL-C <100 mg/dL",
  "data_criteria": [
    {
      "LaboratoryTestResultCompleteLipidPanel_precondition_6066": {
        "title": "Complete Lipid Panel",
        "description": "Laboratory Test, Result: Complete Lipid Panel",
        "standard_category": "laboratory_test",
        "qds_data_type": "laboratory_test",
        "code_list_id": "2.16.840.1.113883.3.464.1003.104.12.1015",
        "type": "laboratory_tests",
        "definition": "laboratory_test",
        "hard_status": false,
        "negation": false,
        "source_data_criteria": "LaboratoryTestResultCompleteLipidPanel",
        "value": {
          "type": "ANYNonNull"
        },
        "temporal_references": [
          {
            "type": "DURING",
            "reference": "MeasurePeriod"
          }
        ]
      }
    },
    {
      "LaboratoryTestResultTotalCholesterolLaboratoryTest_precondition_6068": {
        "title": "Total Cholesterol Laboratory Test",
        "description": "Laboratory Test, Result: Total Cholesterol Laboratory Test",
        "standard_category": "laboratory_test",
        "qds_data_type": "laboratory_test",
        "code_list_id": "2.16.840.1.113883.3.464.1003.104.12.1013",
        "type": "laboratory_tests",
        "definition": "laboratory_test",
        "hard_status": false,
        "negation": false,
        "source_data_criteria": "LaboratoryTestResultTotalCholesterolLaboratoryTest",
        "value": {
          "type": "ANYNonNull"
        },
        "temporal_references": [
          {
            "type": "DURING",
            "reference": "MeasurePeriod"
          }
        ]
      }
    },
    {
      "LaboratoryTestResultHdlCLaboratoryTest_precondition_6070": {
        "title": "HDL-C Laboratory Test",
        "description": "Laboratory Test, Result: HDL-C Laboratory Test",
        "standard_category": "laboratory_test",
        "qds_data_type": "laboratory_test",
        "code_list_id": "2.16.840.1.113883.3.464.1003.104.12.1012",
        "type": "laboratory_tests",
        "definition": "laboratory_test",
        "hard_status": false,
        "negation": false,
        "source_data_criteria": "LaboratoryTestResultHdlCLaboratoryTest",
        "value": {
          "type": "ANYNonNull"
        },
        "temporal_references": [
          {
            "type": "DURING",
            "reference": "MeasurePeriod"
          }
        ]
      }
    },
    {
      "OccurrenceALdlCLaboratoryTest280_precondition_6072": {
        "title": "LDL-C Laboratory Test",
        "description": "Laboratory Test: LDL-C Laboratory Test",
        "standard_category": "laboratory_test",
        "qds_data_type": "laboratory_test",
        "code_list_id": "2.16.840.1.113883.3.526.3.1248",
        "type": "laboratory_tests",
        "definition": "laboratory_test",
        "hard_status": false,
        "negation": false,
        "specific_occurrence": "A",
        "source_data_criteria": "OccurrenceALdlCLaboratoryTest280",
        "value": {
          "type": "ANYNonNull"
        },
        "temporal_references": [
          {
            "type": "DURING",
            "reference": "MeasurePeriod"
          }
        ]
      }
    },
    {
      "LaboratoryTestResultTriglyceridesLaboratoryTest_precondition_6074": {
        "title": "Triglycerides Laboratory Test",
        "description": "Laboratory Test, Result: Triglycerides Laboratory Test",
        "standard_category": "laboratory_test",
        "qds_data_type": "laboratory_test",
        "code_list_id": "2.16.840.1.113883.3.464.1003.104.12.1014",
        "type": "laboratory_tests",
        "definition": "laboratory_test",
        "hard_status": false,
        "negation": false,
        "source_data_criteria": "LaboratoryTestResultTriglyceridesLaboratoryTest",
        "value": {
          "type": "ANYNonNull"
        },
        "temporal_references": [
          {
            "type": "DURING",
            "reference": "MeasurePeriod"
          }
        ]
      }
    },
    {
      "OccurrenceALdlCLaboratoryTest280_precondition_6081": {
        "title": "LDL-C Laboratory Test",
        "description": "Laboratory Test: LDL-C Laboratory Test",
        "standard_category": "laboratory_test",
        "qds_data_type": "laboratory_test",
        "code_list_id": "2.16.840.1.113883.3.526.3.1248",
        "type": "laboratory_tests",
        "definition": "laboratory_test",
        "hard_status": false,
        "negation": false,
        "specific_occurrence": "A",
        "source_data_criteria": "OccurrenceALdlCLaboratoryTest280",
        "subset_operators": [
          {
            "type": "RECENT"
          }
        ]
      }
    },
    {
      "OccurrenceALdlCLaboratoryTest280_precondition_6084": {
        "title": "LDL-C Laboratory Test",
        "description": "Laboratory Test: LDL-C Laboratory Test",
        "standard_category": "laboratory_test",
        "qds_data_type": "laboratory_test",
        "code_list_id": "2.16.840.1.113883.3.526.3.1248",
        "type": "laboratory_tests",
        "definition": "laboratory_test",
        "hard_status": false,
        "negation": false,
        "specific_occurrence": "A",
        "source_data_criteria": "OccurrenceALdlCLaboratoryTest280",
        "value": {
          "type": "IVL_PQ",
          "high": {
            "type": "PQ",
            "unit": "mg/dL",
            "value": "100",
            "inclusive?": false,
            "derived?": false
          }
        },
        "temporal_references": [
          {
            "type": "DURING",
            "reference": "MeasurePeriod"
          }
        ]
      }
    },
    {
      "PatientCharacteristicBirthdateBirthDate_precondition_6087": {
        "title": "birth date",
        "description": "Patient Characteristic Birthdate: birth date",
        "standard_category": "individual_characteristic",
        "qds_data_type": "individual_characteristic",
        "code_list_id": "2.16.840.1.113883.3.560.100.4",
        "property": "birthtime",
        "type": "characteristic",
        "definition": "patient_characteristic_birthdate",
        "hard_status": false,
        "negation": false,
        "source_data_criteria": "PatientCharacteristicBirthdateBirthDate",
        "inline_code_list": {
          "LOINC": [
            "21112-8"
          ]
        },
        "temporal_references": [
          {
            "type": "SBS",
            "reference": "MeasurePeriod",
            "range": {
              "type": "IVL_PQ",
              "low": {
                "type": "PQ",
                "unit": "a",
                "value": "18",
                "inclusive?": true,
                "derived?": false
              }
            }
          }
        ]
      }
    },
    {
      "OccurrenceAIschemicVascularDisease282_precondition_6091": {
        "title": "Ischemic Vascular Disease",
        "description": "Diagnosis, Active: Ischemic Vascular Disease",
        "standard_category": "diagnosis_condition_problem",
        "qds_data_type": "diagnosis_active",
        "code_list_id": "2.16.840.1.113883.3.464.1003.104.12.1003",
        "type": "conditions",
        "definition": "diagnosis",
        "status": "active",
        "hard_status": false,
        "negation": false,
        "specific_occurrence": "A",
        "source_data_criteria": "OccurrenceAIschemicVascularDisease282",
        "temporal_references": [
          {
            "type": "SBE",
            "reference": "MeasurePeriod"
          }
        ]
      }
    },
    {
      "OccurrenceAIschemicVascularDisease282_precondition_6089": {
        "title": "Ischemic Vascular Disease",
        "description": "Diagnosis, Active: Ischemic Vascular Disease",
        "standard_category": "diagnosis_condition_problem",
        "qds_data_type": "diagnosis_active",
        "code_list_id": "2.16.840.1.113883.3.464.1003.104.12.1003",
        "type": "conditions",
        "definition": "diagnosis",
        "status": "active",
        "hard_status": false,
        "negation": false,
        "specific_occurrence": "A",
        "source_data_criteria": "OccurrenceAIschemicVascularDisease282",
        "temporal_references": [
          {
            "type": "EBS",
            "reference": "MeasurePeriod"
          }
        ]
      }
    },
    {
      "OccurrenceAAcuteMyocardialInfarction281_precondition_6098": {
        "title": "Acute Myocardial Infarction",
        "description": "Diagnosis, Active: Acute Myocardial Infarction",
        "standard_category": "diagnosis_condition_problem",
        "qds_data_type": "diagnosis_active",
        "code_list_id": "2.16.840.1.113883.3.464.1003.104.12.1001",
        "type": "conditions",
        "definition": "diagnosis",
        "status": "active",
        "hard_status": false,
        "negation": false,
        "specific_occurrence": "A",
        "source_data_criteria": "OccurrenceAAcuteMyocardialInfarction281",
        "temporal_references": [
          {
            "type": "SBS",
            "reference": "MeasurePeriod",
            "range": {
              "type": "IVL_PQ",
              "high": {
                "type": "PQ",
                "unit": "mo",
                "value": "12",
                "inclusive?": true,
                "derived?": false
              }
            }
          }
        ]
      }
    },
    {
      "DiagnosisActiveAcuteMyocardialInfarction_precondition_6096": {
        "title": "Acute Myocardial Infarction",
        "description": "Diagnosis, Active: Acute Myocardial Infarction",
        "standard_category": "diagnosis_condition_problem",
        "qds_data_type": "diagnosis_active",
        "code_list_id": "2.16.840.1.113883.3.464.1003.104.12.1001",
        "type": "conditions",
        "definition": "diagnosis",
        "status": "active",
        "hard_status": false,
        "negation": false,
        "source_data_criteria": "DiagnosisActiveAcuteMyocardialInfarction",
        "temporal_references": [
          {
            "type": "EBS",
            "reference": "MeasurePeriod"
          }
        ]
      }
    },
    {
      "ProcedurePerformedPercutaneousCoronaryInterventions_precondition_6103": {
        "title": "Percutaneous Coronary Interventions",
        "description": "Procedure, Performed: Percutaneous Coronary Interventions",
        "standard_category": "procedure",
        "qds_data_type": "procedure_performed",
        "code_list_id": "2.16.840.1.113883.3.464.1003.104.12.1010",
        "type": "procedures",
        "definition": "procedure",
        "status": "performed",
        "hard_status": false,
        "negation": false,
        "source_data_criteria": "ProcedurePerformedPercutaneousCoronaryInterventions",
        "temporal_references": [
          {
            "type": "EBS",
            "reference": "MeasurePeriod",
            "range": {
              "type": "IVL_PQ",
              "high": {
                "type": "PQ",
                "unit": "mo",
                "value": "12",
                "inclusive?": true,
                "derived?": false
              }
            }
          }
        ]
      }
    },
    {
      "ProcedurePerformedCoronaryArteryBypassGraft_precondition_6105": {
        "title": "Coronary Artery Bypass Graft",
        "description": "Procedure, Performed: Coronary Artery Bypass Graft",
        "standard_category": "procedure",
        "qds_data_type": "procedure_performed",
        "code_list_id": "2.16.840.1.113883.3.464.1003.104.12.1002",
        "type": "procedures",
        "definition": "procedure",
        "status": "performed",
        "hard_status": false,
        "negation": false,
        "source_data_criteria": "ProcedurePerformedCoronaryArteryBypassGraft",
        "temporal_references": [
          {
            "type": "EBS",
            "reference": "MeasurePeriod",
            "range": {
              "type": "IVL_PQ",
              "high": {
                "type": "PQ",
                "unit": "mo",
                "value": "12",
                "inclusive?": true,
                "derived?": false
              }
            }
          }
        ]
      }
    },
    {
      "EncounterPerformedOfficeVisit_precondition_6111": {
        "title": "Office Visit",
        "description": "Encounter, Performed: Office Visit",
        "standard_category": "encounter",
        "qds_data_type": "encounter",
        "code_list_id": "2.16.840.1.113883.3.464.1003.101.12.1001",
        "type": "encounters",
        "definition": "encounter",
        "status": "performed",
        "hard_status": false,
        "negation": false,
        "source_data_criteria": "EncounterPerformedOfficeVisit",
        "temporal_references": [
          {
            "type": "DURING",
            "reference": "MeasurePeriod"
          }
        ]
      }
    },
    {
      "EncounterPerformedFaceToFaceInteraction_precondition_6113": {
        "title": "Face-to-Face Interaction",
        "description": "Encounter, Performed: Face-to-Face Interaction",
        "standard_category": "encounter",
        "qds_data_type": "encounter",
        "code_list_id": "2.16.840.1.113883.3.464.1003.101.12.1048",
        "type": "encounters",
        "definition": "encounter",
        "status": "performed",
        "hard_status": false,
        "negation": false,
        "source_data_criteria": "EncounterPerformedFaceToFaceInteraction",
        "temporal_references": [
          {
            "type": "DURING",
            "reference": "MeasurePeriod"
          }
        ]
      }
    },
    {
      "EncounterPerformedPreventiveCareServicesEstablishedOfficeVisit18AndUp_precondition_6115": {
        "title": "Preventive Care Services - Established Office Visit, 18 and Up",
        "description": "Encounter, Performed: Preventive Care Services - Established Office Visit, 18 and Up",
        "standard_category": "encounter",
        "qds_data_type": "encounter",
        "code_list_id": "2.16.840.1.113883.3.464.1003.101.12.1025",
        "type": "encounters",
        "definition": "encounter",
        "status": "performed",
        "hard_status": false,
        "negation": false,
        "source_data_criteria": "EncounterPerformedPreventiveCareServicesEstablishedOfficeVisit18AndUp",
        "temporal_references": [
          {
            "type": "DURING",
            "reference": "MeasurePeriod"
          }
        ]
      }
    },
    {
      "EncounterPerformedPreventiveCareServicesInitialOfficeVisit18AndUp_precondition_6117": {
        "title": "Preventive Care Services-Initial Office Visit, 18 and Up",
        "description": "Encounter, Performed: Preventive Care Services-Initial Office Visit, 18 and Up",
        "standard_category": "encounter",
        "qds_data_type": "encounter",
        "code_list_id": "2.16.840.1.113883.3.464.1003.101.12.1023",
        "type": "encounters",
        "definition": "encounter",
        "status": "performed",
        "hard_status": false,
        "negation": false,
        "source_data_criteria": "EncounterPerformedPreventiveCareServicesInitialOfficeVisit18AndUp",
        "temporal_references": [
          {
            "type": "DURING",
            "reference": "MeasurePeriod"
          }
        ]
      }
    },
    {
      "EncounterPerformedHomeHealthcareServices_precondition_6119": {
        "title": "Home Healthcare Services",
        "description": "Encounter, Performed: Home Healthcare Services",
        "standard_category": "encounter",
        "qds_data_type": "encounter",
        "code_list_id": "2.16.840.1.113883.3.464.1003.101.12.1016",
        "type": "encounters",
        "definition": "encounter",
        "status": "performed",
        "hard_status": false,
        "negation": false,
        "source_data_criteria": "EncounterPerformedHomeHealthcareServices",
        "temporal_references": [
          {
            "type": "DURING",
            "reference": "MeasurePeriod"
          }
        ]
      }
    },
    {
      "EncounterPerformedAnnualWellnessVisit_precondition_6121": {
        "title": "Annual Wellness Visit",
        "description": "Encounter, Performed: Annual Wellness Visit",
        "standard_category": "encounter",
        "qds_data_type": "encounter",
        "code_list_id": "2.16.840.1.113883.3.526.3.1240",
        "type": "encounters",
        "definition": "encounter",
        "status": "performed",
        "hard_status": false,
        "negation": false,
        "source_data_criteria": "EncounterPerformedAnnualWellnessVisit",
        "temporal_references": [
          {
            "type": "DURING",
            "reference": "MeasurePeriod"
          }
        ]
      }
    }
  ],
  "oids": [
    "2.16.840.1.113883.3.464.1003.101.12.1001",
    "2.16.840.1.113883.3.464.1003.101.12.1016",
    "2.16.840.1.113883.3.464.1003.101.12.1023",
    "2.16.840.1.113883.3.464.1003.101.12.1025",
    "2.16.840.1.113883.3.464.1003.101.12.1048",
    "2.16.840.1.113883.3.464.1003.104.12.1001",
    "2.16.840.1.113883.3.464.1003.104.12.1002",
    "2.16.840.1.113883.3.464.1003.104.12.1010",
    "2.16.840.1.113883.3.464.1003.104.12.1012",
    "2.16.840.1.113883.3.464.1003.104.12.1013",
    "2.16.840.1.113883.3.464.1003.104.12.1014",
    "2.16.840.1.113883.3.464.1003.104.12.1015",
    "2.16.840.1.113883.3.526.3.1240",
    "2.16.840.1.113883.3.526.3.1248",
    "2.16.840.1.113883.3.464.1003.101.11.1005",
    "2.16.840.1.113883.3.464.1003.104.12.1003",
    "2.16.840.1.113883.3.464.1003.101.11.1080",
    "2.16.840.1.113883.3.464.1003.101.11.1115",
    "2.16.840.1.113883.3.464.1003.101.11.1125",
    "2.16.840.1.113883.3.464.1003.101.11.1216",
    "2.16.840.1.113883.3.464.1003.104.11.1001",
    "2.16.840.1.113883.3.464.1003.104.11.1002",
    "2.16.840.1.113883.3.464.1003.104.11.1003",
    "2.16.840.1.113883.3.464.1003.104.11.1004",
    "2.16.840.1.113883.3.464.1003.104.11.1005",
    "2.16.840.1.113883.3.464.1003.104.11.1006",
    "2.16.840.1.113883.3.464.1003.104.11.1007",
    "2.16.840.1.113883.3.464.1003.104.11.1008",
    "2.16.840.1.113883.3.464.1003.104.11.1009",
    "2.16.840.1.113883.3.464.1003.104.11.1026",
    "2.16.840.1.113883.3.464.1003.104.11.1027",
    "2.16.840.1.113883.3.464.1003.104.11.1028",
    "2.16.840.1.113883.3.464.1003.104.11.1032",
    "2.16.840.1.113883.3.464.1003.104.11.1033",
    "2.16.840.1.113883.3.464.1003.104.11.1034",
    "2.16.840.1.113883.3.464.1003.104.11.1035",
    "2.16.840.1.113883.3.526.2.260",
    "2.16.840.1.113883.3.526.2.1363",
    "2.16.840.1.113883.3.560.100.4"
  ],
  "population_ids": {
    "IPP": "C1DA21D1-6090-478D-ACE5-9E181C586823",
    "DENOM": "09D403C8-34E6-46D1-969E-D009BB16946E",
    "NUMER": "8CB81543-C3CC-49FF-B4CA-9EFBA11D9E82"
  }
}