{
  "id": "8A4D92B2-3946-CDAE-0139-77E3674A60FC",
  "nqf_id": "0088",
  "hqmf_id": "8A4D92B2-3946-CDAE-0139-77E3674A60FC",
  "hqmf_set_id": "50164228-9D64-4EFC-AF67-DA0547FF61F1",
  "hqmf_version_number": 1,
  "endorser": null,
  "name": "Diabetic Retinopathy: Documentation of Presence or Absence of Macular Edema and Level of Severity of Retinopathy",
  "description": "Percentage of patients aged 18 years and older with a diagnosis of diabetic retinopathy who had a dilated macular or fundus exam performed which included documentation of the level of severity of retinopathy and the presence or absence of macular edema during one or more office visits within 12 months",
  "type": "ep",
  "category": "Diabetes",
  "steward": null,
  "population": {
    "conjunction": "and",
    "items": [
      {
        "conjunction": "and",
        "items": [
          {
            "title": "birth date",
            "description": "Patient Characteristic Birthdate: birth date",
            "standard_category": "individual_characteristic",
            "qds_data_type": "individual_characteristic",
            "code_list_id": "2.16.840.1.113883.3.560.100.4",
            "property": "birthtime",
            "type": "characteristic",
            "definition": "patient_characteristic_birthdate",
            "hard_status": false,
            "negation": false,
            "source_data_criteria": "PatientCharacteristicBirthdateBirthDate",
            "inline_code_list": {
              "LOINC": [
                "21112-8"
              ]
            },
            "temporal_references": [
              {
                "type": "SBS",
                "reference": "MeasurePeriod",
                "range": {
                  "type": "IVL_PQ",
                  "low": {
                    "type": "PQ",
                    "unit": "a",
                    "value": "18",
                    "inclusive?": true,
                    "derived?": false
                  }
                },
                "title": "MeasurePeriod"
              }
            ]
          },
          {
            "title": "Diabetic Retinopathy",
            "description": "Diagnosis, Active: Diabetic Retinopathy",
            "standard_category": "diagnosis_condition_problem",
            "qds_data_type": "diagnosis_active",
            "code_list_id": "2.16.840.1.113883.3.526.3.327",
            "type": "conditions",
            "definition": "diagnosis",
            "status": "active",
            "hard_status": false,
            "negation": false,
            "source_data_criteria": "DiagnosisActiveDiabeticRetinopathy",
            "temporal_references": [
              {
                "type": "SBE",
                "reference": {
                  "title": "GROUP_SBE_CHILDREN_86",
                  "description": "",
                  "standard_category": "",
                  "qds_data_type": "",
                  "children_criteria": [
                    {
                      "title": "Ophthalmological Services",
                      "description": "Encounter, Performed: Ophthalmological Services",
                      "standard_category": "encounter",
                      "qds_data_type": "encounter",
                      "code_list_id": "2.16.840.1.113883.3.526.3.1285",
                      "type": "encounters",
                      "definition": "encounter",
                      "status": "performed",
                      "hard_status": false,
                      "negation": false,
                      "specific_occurrence": "A",
                      "source_data_criteria": "OccurrenceAOphthalmologicalServices193",
                      "temporal_references": [
                        {
                          "type": "DURING",
                          "reference": "MeasurePeriod",
                          "title": "MeasurePeriod"
                        }
                      ]
                    },
                    {
                      "title": "Care Services in Long-Term Residential Facility",
                      "description": "Encounter, Performed: Care Services in Long-Term Residential Facility",
                      "standard_category": "encounter",
                      "qds_data_type": "encounter",
                      "code_list_id": "2.16.840.1.113883.3.464.1003.101.12.1014",
                      "type": "encounters",
                      "definition": "encounter",
                      "status": "performed",
                      "hard_status": false,
                      "negation": false,
                      "specific_occurrence": "A",
                      "source_data_criteria": "OccurrenceACareServicesInLongTermResidentialFacility194",
                      "temporal_references": [
                        {
                          "type": "DURING",
                          "reference": "MeasurePeriod",
                          "title": "MeasurePeriod"
                        }
                      ]
                    },
                    {
                      "title": "Nursing Facility Visit",
                      "description": "Encounter, Performed: Nursing Facility Visit",
                      "standard_category": "encounter",
                      "qds_data_type": "encounter",
                      "code_list_id": "2.16.840.1.113883.3.464.1003.101.12.1012",
                      "type": "encounters",
                      "definition": "encounter",
                      "status": "performed",
                      "hard_status": false,
                      "negation": false,
                      "specific_occurrence": "A",
                      "source_data_criteria": "OccurrenceANursingFacilityVisit195",
                      "temporal_references": [
                        {
                          "type": "DURING",
                          "reference": "MeasurePeriod",
                          "title": "MeasurePeriod"
                        }
                      ]
                    },
                    {
                      "title": "Office Visit",
                      "description": "Encounter, Performed: Office Visit",
                      "standard_category": "encounter",
                      "qds_data_type": "encounter",
                      "code_list_id": "2.16.840.1.113883.3.464.1003.101.12.1001",
                      "type": "encounters",
                      "definition": "encounter",
                      "status": "performed",
                      "hard_status": false,
                      "negation": false,
                      "specific_occurrence": "A",
                      "source_data_criteria": "OccurrenceAOfficeVisit196",
                      "temporal_references": [
                        {
                          "type": "DURING",
                          "reference": "MeasurePeriod",
                          "title": "MeasurePeriod"
                        }
                      ]
                    },
                    {
                      "title": "Outpatient Consultation",
                      "description": "Encounter, Performed: Outpatient Consultation",
                      "standard_category": "encounter",
                      "qds_data_type": "encounter",
                      "code_list_id": "2.16.840.1.113883.3.464.1003.101.12.1008",
                      "type": "encounters",
                      "definition": "encounter",
                      "status": "performed",
                      "hard_status": false,
                      "negation": false,
                      "specific_occurrence": "A",
                      "source_data_criteria": "OccurrenceAOutpatientConsultation197",
                      "temporal_references": [
                        {
                          "type": "DURING",
                          "reference": "MeasurePeriod",
                          "title": "MeasurePeriod"
                        }
                      ]
                    },
                    {
                      "title": "Face-to-Face Interaction",
                      "description": "Encounter, Performed: Face-to-Face Interaction",
                      "standard_category": "encounter",
                      "qds_data_type": "encounter",
                      "code_list_id": "2.16.840.1.113883.3.464.1003.101.12.1048",
                      "type": "encounters",
                      "definition": "encounter",
                      "status": "performed",
                      "hard_status": false,
                      "negation": false,
                      "specific_occurrence": "A",
                      "source_data_criteria": "OccurrenceAFaceToFaceInteraction199",
                      "temporal_references": [
                        {
                          "type": "DURING",
                          "reference": "MeasurePeriod",
                          "title": "MeasurePeriod"
                        }
                      ]
                    }
                  ],
                  "derivation_operator": "UNION",
                  "type": "derived",
                  "definition": "derived",
                  "hard_status": false,
                  "negation": false,
                  "source_data_criteria": "GROUP_SBE_CHILDREN_86"
                }
              }
            ]
          },
          {
            "title": "GROUP_COUNT_87",
            "description": "",
            "standard_category": "",
            "qds_data_type": "",
            "children_criteria": [
              {
                "title": "Ophthalmological Services",
                "description": "Encounter, Performed: Ophthalmological Services",
                "standard_category": "encounter",
                "qds_data_type": "encounter",
                "code_list_id": "2.16.840.1.113883.3.526.3.1285",
                "type": "encounters",
                "definition": "encounter",
                "status": "performed",
                "hard_status": false,
                "negation": false,
                "source_data_criteria": "EncounterPerformedOphthalmologicalServices",
                "temporal_references": [
                  {
                    "type": "DURING",
                    "reference": "MeasurePeriod",
                    "title": "MeasurePeriod"
                  }
                ]
              },
              {
                "title": "Care Services in Long-Term Residential Facility",
                "description": "Encounter, Performed: Care Services in Long-Term Residential Facility",
                "standard_category": "encounter",
                "qds_data_type": "encounter",
                "code_list_id": "2.16.840.1.113883.3.464.1003.101.12.1014",
                "type": "encounters",
                "definition": "encounter",
                "status": "performed",
                "hard_status": false,
                "negation": false,
                "source_data_criteria": "EncounterPerformedCareServicesInLongTermResidentialFacility",
                "temporal_references": [
                  {
                    "type": "DURING",
                    "reference": "MeasurePeriod",
                    "title": "MeasurePeriod"
                  }
                ]
              },
              {
                "title": "Nursing Facility Visit",
                "description": "Encounter, Performed: Nursing Facility Visit",
                "standard_category": "encounter",
                "qds_data_type": "encounter",
                "code_list_id": "2.16.840.1.113883.3.464.1003.101.12.1012",
                "type": "encounters",
                "definition": "encounter",
                "status": "performed",
                "hard_status": false,
                "negation": false,
                "source_data_criteria": "EncounterPerformedNursingFacilityVisit",
                "temporal_references": [
                  {
                    "type": "DURING",
                    "reference": "MeasurePeriod",
                    "title": "MeasurePeriod"
                  }
                ]
              },
              {
                "title": "Office Visit",
                "description": "Encounter, Performed: Office Visit",
                "standard_category": "encounter",
                "qds_data_type": "encounter",
                "code_list_id": "2.16.840.1.113883.3.464.1003.101.12.1001",
                "type": "encounters",
                "definition": "encounter",
                "status": "performed",
                "hard_status": false,
                "negation": false,
                "source_data_criteria": "EncounterPerformedOfficeVisit",
                "temporal_references": [
                  {
                    "type": "DURING",
                    "reference": "MeasurePeriod",
                    "title": "MeasurePeriod"
                  }
                ]
              },
              {
                "title": "Outpatient Consultation",
                "description": "Encounter, Performed: Outpatient Consultation",
                "standard_category": "encounter",
                "qds_data_type": "encounter",
                "code_list_id": "2.16.840.1.113883.3.464.1003.101.12.1008",
                "type": "encounters",
                "definition": "encounter",
                "status": "performed",
                "hard_status": false,
                "negation": false,
                "source_data_criteria": "EncounterPerformedOutpatientConsultation",
                "temporal_references": [
                  {
                    "type": "DURING",
                    "reference": "MeasurePeriod",
                    "title": "MeasurePeriod"
                  }
                ]
              },
              {
                "title": "Patient Provider Interaction",
                "description": "Encounter, Performed: Patient Provider Interaction",
                "standard_category": "encounter",
                "qds_data_type": "encounter",
                "code_list_id": "2.16.840.1.113883.3.526.3.1012",
                "type": "encounters",
                "definition": "encounter",
                "status": "performed",
                "hard_status": false,
                "negation": false,
                "source_data_criteria": "EncounterPerformedPatientProviderInteraction",
                "temporal_references": [
                  {
                    "type": "DURING",
                    "reference": "MeasurePeriod",
                    "title": "MeasurePeriod"
                  }
                ]
              }
            ],
            "derivation_operator": "UNION",
            "type": "derived",
            "definition": "derived",
            "hard_status": false,
            "negation": false,
            "source_data_criteria": "GROUP_COUNT_87",
            "subset_operators": [
              {
                "type": "COUNT",
                "value": {
                  "type": "IVL_PQ",
                  "low": {
                    "type": "PQ",
                    "value": "2",
                    "inclusive?": true,
                    "derived?": false
                  }
                }
              }
            ]
          }
        ],
        "negation": null,
        "precondition_id": 4720
      }
    ]
  },
  "denominator": {
    "conjunction": "and",
    "items": [

    ]
  },
  "numerator": {
    "conjunction": "and",
    "items": [
      {
        "conjunction": "and",
        "items": [
          {
            "conjunction": "and",
            "items": [
              {
                "title": "Macular Exam",
                "description": "Diagnostic Study Result: Macular Exam",
                "standard_category": "diagnostic_study",
                "qds_data_type": "diagnostic_study_result",
                "code_list_id": "2.16.840.1.113883.3.526.3.1251",
                "type": "diagnostic_studies",
                "definition": "diagnostic_study_result",
                "hard_status": false,
                "negation": false,
                "specific_occurrence": "A",
                "source_data_criteria": "OccurrenceAMacularExam198",
                "value": {
                  "type": "CD",
                  "code_list_id": "2.16.840.1.113883.3.526.3.1283",
                  "title": "Level of Severity of Retinopathy Findings"
                },
                "temporal_references": [
                  {
                    "type": "DURING",
                    "reference": {
                      "title": "GROUP_DURING_CHILDREN_85",
                      "description": "",
                      "standard_category": "",
                      "qds_data_type": "",
                      "children_criteria": [
                        {
                          "title": "Ophthalmological Services",
                          "description": "Encounter, Performed: Ophthalmological Services",
                          "standard_category": "encounter",
                          "qds_data_type": "encounter",
                          "code_list_id": "2.16.840.1.113883.3.526.3.1285",
                          "type": "encounters",
                          "definition": "encounter",
                          "status": "performed",
                          "hard_status": false,
                          "negation": false,
                          "specific_occurrence": "A",
                          "source_data_criteria": "OccurrenceAOphthalmologicalServices193"
                        },
                        {
                          "title": "Care Services in Long-Term Residential Facility",
                          "description": "Encounter, Performed: Care Services in Long-Term Residential Facility",
                          "standard_category": "encounter",
                          "qds_data_type": "encounter",
                          "code_list_id": "2.16.840.1.113883.3.464.1003.101.12.1014",
                          "type": "encounters",
                          "definition": "encounter",
                          "status": "performed",
                          "hard_status": false,
                          "negation": false,
                          "specific_occurrence": "A",
                          "source_data_criteria": "OccurrenceACareServicesInLongTermResidentialFacility194"
                        },
                        {
                          "title": "Nursing Facility Visit",
                          "description": "Encounter, Performed: Nursing Facility Visit",
                          "standard_category": "encounter",
                          "qds_data_type": "encounter",
                          "code_list_id": "2.16.840.1.113883.3.464.1003.101.12.1012",
                          "type": "encounters",
                          "definition": "encounter",
                          "status": "performed",
                          "hard_status": false,
                          "negation": false,
                          "specific_occurrence": "A",
                          "source_data_criteria": "OccurrenceANursingFacilityVisit195"
                        },
                        {
                          "title": "Office Visit",
                          "description": "Encounter, Performed: Office Visit",
                          "standard_category": "encounter",
                          "qds_data_type": "encounter",
                          "code_list_id": "2.16.840.1.113883.3.464.1003.101.12.1001",
                          "type": "encounters",
                          "definition": "encounter",
                          "status": "performed",
                          "hard_status": false,
                          "negation": false,
                          "specific_occurrence": "A",
                          "source_data_criteria": "OccurrenceAOfficeVisit196"
                        },
                        {
                          "title": "Outpatient Consultation",
                          "description": "Encounter, Performed: Outpatient Consultation",
                          "standard_category": "encounter",
                          "qds_data_type": "encounter",
                          "code_list_id": "2.16.840.1.113883.3.464.1003.101.12.1008",
                          "type": "encounters",
                          "definition": "encounter",
                          "status": "performed",
                          "hard_status": false,
                          "negation": false,
                          "specific_occurrence": "A",
                          "source_data_criteria": "OccurrenceAOutpatientConsultation197"
                        },
                        {
                          "title": "Face-to-Face Interaction",
                          "description": "Encounter, Performed: Face-to-Face Interaction",
                          "standard_category": "encounter",
                          "qds_data_type": "encounter",
                          "code_list_id": "2.16.840.1.113883.3.464.1003.101.12.1048",
                          "type": "encounters",
                          "definition": "encounter",
                          "status": "performed",
                          "hard_status": false,
                          "negation": false,
                          "specific_occurrence": "A",
                          "source_data_criteria": "OccurrenceAFaceToFaceInteraction199"
                        }
                      ],
                      "derivation_operator": "UNION",
                      "type": "derived",
                      "definition": "derived",
                      "hard_status": false,
                      "negation": false,
                      "source_data_criteria": "GROUP_DURING_CHILDREN_85"
                    }
                  }
                ]
              },
              {
                "conjunction": "or",
                "items": [
                  {
                    "title": "Macular Exam",
                    "description": "Diagnostic Study Result: Macular Exam",
                    "standard_category": "diagnostic_study",
                    "qds_data_type": "diagnostic_study_result",
                    "code_list_id": "2.16.840.1.113883.3.526.3.1251",
                    "type": "diagnostic_studies",
                    "definition": "diagnostic_study_result",
                    "hard_status": false,
                    "negation": false,
                    "specific_occurrence": "A",
                    "source_data_criteria": "OccurrenceAMacularExam198",
                    "value": {
                      "type": "CD",
                      "code_list_id": "2.16.840.1.113883.3.526.3.1284",
                      "title": "Macular Edema Findings Absent"
                    },
                    "temporal_references": [
                      {
                        "type": "DURING",
                        "reference": {
                          "title": "GROUP_DURING_CHILDREN_85",
                          "description": "",
                          "standard_category": "",
                          "qds_data_type": "",
                          "children_criteria": [
                            {
                              "title": "Ophthalmological Services",
                              "description": "Encounter, Performed: Ophthalmological Services",
                              "standard_category": "encounter",
                              "qds_data_type": "encounter",
                              "code_list_id": "2.16.840.1.113883.3.526.3.1285",
                              "type": "encounters",
                              "definition": "encounter",
                              "status": "performed",
                              "hard_status": false,
                              "negation": false,
                              "specific_occurrence": "A",
                              "source_data_criteria": "OccurrenceAOphthalmologicalServices193"
                            },
                            {
                              "title": "Care Services in Long-Term Residential Facility",
                              "description": "Encounter, Performed: Care Services in Long-Term Residential Facility",
                              "standard_category": "encounter",
                              "qds_data_type": "encounter",
                              "code_list_id": "2.16.840.1.113883.3.464.1003.101.12.1014",
                              "type": "encounters",
                              "definition": "encounter",
                              "status": "performed",
                              "hard_status": false,
                              "negation": false,
                              "specific_occurrence": "A",
                              "source_data_criteria": "OccurrenceACareServicesInLongTermResidentialFacility194"
                            },
                            {
                              "title": "Nursing Facility Visit",
                              "description": "Encounter, Performed: Nursing Facility Visit",
                              "standard_category": "encounter",
                              "qds_data_type": "encounter",
                              "code_list_id": "2.16.840.1.113883.3.464.1003.101.12.1012",
                              "type": "encounters",
                              "definition": "encounter",
                              "status": "performed",
                              "hard_status": false,
                              "negation": false,
                              "specific_occurrence": "A",
                              "source_data_criteria": "OccurrenceANursingFacilityVisit195"
                            },
                            {
                              "title": "Office Visit",
                              "description": "Encounter, Performed: Office Visit",
                              "standard_category": "encounter",
                              "qds_data_type": "encounter",
                              "code_list_id": "2.16.840.1.113883.3.464.1003.101.12.1001",
                              "type": "encounters",
                              "definition": "encounter",
                              "status": "performed",
                              "hard_status": false,
                              "negation": false,
                              "specific_occurrence": "A",
                              "source_data_criteria": "OccurrenceAOfficeVisit196"
                            },
                            {
                              "title": "Outpatient Consultation",
                              "description": "Encounter, Performed: Outpatient Consultation",
                              "standard_category": "encounter",
                              "qds_data_type": "encounter",
                              "code_list_id": "2.16.840.1.113883.3.464.1003.101.12.1008",
                              "type": "encounters",
                              "definition": "encounter",
                              "status": "performed",
                              "hard_status": false,
                              "negation": false,
                              "specific_occurrence": "A",
                              "source_data_criteria": "OccurrenceAOutpatientConsultation197"
                            },
                            {
                              "title": "Face-to-Face Interaction",
                              "description": "Encounter, Performed: Face-to-Face Interaction",
                              "standard_category": "encounter",
                              "qds_data_type": "encounter",
                              "code_list_id": "2.16.840.1.113883.3.464.1003.101.12.1048",
                              "type": "encounters",
                              "definition": "encounter",
                              "status": "performed",
                              "hard_status": false,
                              "negation": false,
                              "specific_occurrence": "A",
                              "source_data_criteria": "OccurrenceAFaceToFaceInteraction199"
                            }
                          ],
                          "derivation_operator": "UNION",
                          "type": "derived",
                          "definition": "derived",
                          "hard_status": false,
                          "negation": false,
                          "source_data_criteria": "GROUP_DURING_CHILDREN_85"
                        }
                      }
                    ]
                  },
                  {
                    "title": "Macular Exam",
                    "description": "Diagnostic Study Result: Macular Exam",
                    "standard_category": "diagnostic_study",
                    "qds_data_type": "diagnostic_study_result",
                    "code_list_id": "2.16.840.1.113883.3.526.3.1251",
                    "type": "diagnostic_studies",
                    "definition": "diagnostic_study_result",
                    "hard_status": false,
                    "negation": false,
                    "specific_occurrence": "A",
                    "source_data_criteria": "OccurrenceAMacularExam198",
                    "value": {
                      "type": "CD",
                      "code_list_id": "2.16.840.1.113883.3.526.3.1320",
                      "title": "Macular Edema Findings Present"
                    },
                    "temporal_references": [
                      {
                        "type": "DURING",
                        "reference": {
                          "title": "GROUP_DURING_CHILDREN_85",
                          "description": "",
                          "standard_category": "",
                          "qds_data_type": "",
                          "children_criteria": [
                            {
                              "title": "Ophthalmological Services",
                              "description": "Encounter, Performed: Ophthalmological Services",
                              "standard_category": "encounter",
                              "qds_data_type": "encounter",
                              "code_list_id": "2.16.840.1.113883.3.526.3.1285",
                              "type": "encounters",
                              "definition": "encounter",
                              "status": "performed",
                              "hard_status": false,
                              "negation": false,
                              "specific_occurrence": "A",
                              "source_data_criteria": "OccurrenceAOphthalmologicalServices193"
                            },
                            {
                              "title": "Care Services in Long-Term Residential Facility",
                              "description": "Encounter, Performed: Care Services in Long-Term Residential Facility",
                              "standard_category": "encounter",
                              "qds_data_type": "encounter",
                              "code_list_id": "2.16.840.1.113883.3.464.1003.101.12.1014",
                              "type": "encounters",
                              "definition": "encounter",
                              "status": "performed",
                              "hard_status": false,
                              "negation": false,
                              "specific_occurrence": "A",
                              "source_data_criteria": "OccurrenceACareServicesInLongTermResidentialFacility194"
                            },
                            {
                              "title": "Nursing Facility Visit",
                              "description": "Encounter, Performed: Nursing Facility Visit",
                              "standard_category": "encounter",
                              "qds_data_type": "encounter",
                              "code_list_id": "2.16.840.1.113883.3.464.1003.101.12.1012",
                              "type": "encounters",
                              "definition": "encounter",
                              "status": "performed",
                              "hard_status": false,
                              "negation": false,
                              "specific_occurrence": "A",
                              "source_data_criteria": "OccurrenceANursingFacilityVisit195"
                            },
                            {
                              "title": "Office Visit",
                              "description": "Encounter, Performed: Office Visit",
                              "standard_category": "encounter",
                              "qds_data_type": "encounter",
                              "code_list_id": "2.16.840.1.113883.3.464.1003.101.12.1001",
                              "type": "encounters",
                              "definition": "encounter",
                              "status": "performed",
                              "hard_status": false,
                              "negation": false,
                              "specific_occurrence": "A",
                              "source_data_criteria": "OccurrenceAOfficeVisit196"
                            },
                            {
                              "title": "Outpatient Consultation",
                              "description": "Encounter, Performed: Outpatient Consultation",
                              "standard_category": "encounter",
                              "qds_data_type": "encounter",
                              "code_list_id": "2.16.840.1.113883.3.464.1003.101.12.1008",
                              "type": "encounters",
                              "definition": "encounter",
                              "status": "performed",
                              "hard_status": false,
                              "negation": false,
                              "specific_occurrence": "A",
                              "source_data_criteria": "OccurrenceAOutpatientConsultation197"
                            },
                            {
                              "title": "Face-to-Face Interaction",
                              "description": "Encounter, Performed: Face-to-Face Interaction",
                              "standard_category": "encounter",
                              "qds_data_type": "encounter",
                              "code_list_id": "2.16.840.1.113883.3.464.1003.101.12.1048",
                              "type": "encounters",
                              "definition": "encounter",
                              "status": "performed",
                              "hard_status": false,
                              "negation": false,
                              "specific_occurrence": "A",
                              "source_data_criteria": "OccurrenceAFaceToFaceInteraction199"
                            }
                          ],
                          "derivation_operator": "UNION",
                          "type": "derived",
                          "definition": "derived",
                          "hard_status": false,
                          "negation": false,
                          "source_data_criteria": "GROUP_DURING_CHILDREN_85"
                        }
                      }
                    ]
                  }
                ],
                "negation": null,
                "precondition_id": 4670
              }
            ],
            "negation": null,
            "precondition_id": 4672
          }
        ],
        "negation": null,
        "precondition_id": 4687
      }
    ]
  },
  "exclusions": null,
  "map_fn": "function() {\n        var patient = this;\n        var effective_date = <%= effective_date %>;\n\n        hqmfjs = {}\n        <%= init_js_frameworks %>\n        \n        \n      var patient_api = new hQuery.Patient(patient);\n\n      \n\n      // clear out logger\n      if (typeof Logger != 'undefined') Logger.logger = [];\n      // turn on logging if it is enabled\n      if (Logger.enabled) enableLogging();\n      \n      \n        // #########################\n        // ##### DATA ELEMENTS #####\n        // #########################\n\n        OidDictionary = <%= oid_dictionary %>;\n        \n        // Measure variables\nvar MeasurePeriod = {\n  \"low\": new TS(\"20100101\", null, true),\n  \"high\": new TS(\"20110101\", null, true)\n}\nhqmfjs.MeasurePeriod = function(patient) {\n  return [new hQuery.CodedEntry(\n    {\n      \"start_time\": MeasurePeriod.low.asDate().getTime()/1000,\n      \"end_time\": MeasurePeriod.high.asDate().getTime()/1000,\n      \"codes\": {}\n    }\n  )];\n}\nif (typeof effective_date === 'number') {\n  MeasurePeriod.high.date = new Date(1000*effective_date);\n  MeasurePeriod.low.date = new Date(1000*effective_date);\n  MeasurePeriod.low.date.setFullYear(MeasurePeriod.low.date.getFullYear()-1);\n}\n\n// Data critera\nhqmfjs.OccurrenceAOphthalmologicalServices193 = function(patient) {\n  var events = patient.encounters();\n  events.specific_occurrence = 'OccurrenceAOphthalmologicalServices193'\n  events = events.withStatuses([\"performed\"]);\n  events = events.withoutNegation();\n  var codes = getCodes(\"2.16.840.1.113883.3.526.3.1285\");\n  var start = null;\n  var end = null;\n  events = events.match(codes, start, end, true);\n\n  events.specificContext=new Specifics(Row.buildForDataCriteria(events.specific_occurrence, events))\n  return events;\n}\n\nhqmfjs.OccurrenceACareServicesInLongTermResidentialFacility194 = function(patient) {\n  var events = patient.encounters();\n  events.specific_occurrence = 'OccurrenceACareServicesInLongTermResidentialFacility194'\n  events = events.withStatuses([\"performed\"]);\n  events = events.withoutNegation();\n  var codes = getCodes(\"2.16.840.1.113883.3.464.1003.101.12.1014\");\n  var start = null;\n  var end = null;\n  events = events.match(codes, start, end, true);\n\n  events.specificContext=new Specifics(Row.buildForDataCriteria(events.specific_occurrence, events))\n  return events;\n}\n\nhqmfjs.OccurrenceANursingFacilityVisit195 = function(patient) {\n  var events = patient.encounters();\n  events.specific_occurrence = 'OccurrenceANursingFacilityVisit195'\n  events = events.withStatuses([\"performed\"]);\n  events = events.withoutNegation();\n  var codes = getCodes(\"2.16.840.1.113883.3.464.1003.101.12.1012\");\n  var start = null;\n  var end = null;\n  events = events.match(codes, start, end, true);\n\n  events.specificContext=new Specifics(Row.buildForDataCriteria(events.specific_occurrence, events))\n  return events;\n}\n\nhqmfjs.OccurrenceAOfficeVisit196 = function(patient) {\n  var events = patient.encounters();\n  events.specific_occurrence = 'OccurrenceAOfficeVisit196'\n  events = events.withStatuses([\"performed\"]);\n  events = events.withoutNegation();\n  var codes = getCodes(\"2.16.840.1.113883.3.464.1003.101.12.1001\");\n  var start = null;\n  var end = null;\n  events = events.match(codes, start, end, true);\n\n  events.specificContext=new Specifics(Row.buildForDataCriteria(events.specific_occurrence, events))\n  return events;\n}\n\nhqmfjs.OccurrenceAOutpatientConsultation197 = function(patient) {\n  var events = patient.encounters();\n  events.specific_occurrence = 'OccurrenceAOutpatientConsultation197'\n  events = events.withStatuses([\"performed\"]);\n  events = events.withoutNegation();\n  var codes = getCodes(\"2.16.840.1.113883.3.464.1003.101.12.1008\");\n  var start = null;\n  var end = null;\n  events = events.match(codes, start, end, true);\n\n  events.specificContext=new Specifics(Row.buildForDataCriteria(events.specific_occurrence, events))\n  return events;\n}\n\nhqmfjs.OccurrenceAMacularExam198 = function(patient) {\n  var events = patient.procedureResults();\n  events.specific_occurrence = 'OccurrenceAMacularExam198'\n  events = events.withoutNegation();\n  var codes = getCodes(\"2.16.840.1.113883.3.526.3.1251\");\n  var start = null;\n  var end = null;\n  events = events.match(codes, start, end, true);\n\n  events.specificContext=new Specifics(Row.buildForDataCriteria(events.specific_occurrence, events))\n  return events;\n}\n\nhqmfjs.OccurrenceAFaceToFaceInteraction199 = function(patient) {\n  var events = patient.encounters();\n  events.specific_occurrence = 'OccurrenceAFaceToFaceInteraction199'\n  events = events.withStatuses([\"performed\"]);\n  events = events.withoutNegation();\n  var codes = getCodes(\"2.16.840.1.113883.3.464.1003.101.12.1048\");\n  var start = null;\n  var end = null;\n  events = events.match(codes, start, end, true);\n\n  events.specificContext=new Specifics(Row.buildForDataCriteria(events.specific_occurrence, events))\n  return events;\n}\n\nhqmfjs.DiagnosticStudyResultMacularExam = function(patient) {\n  var events = patient.procedureResults();\n  events = events.withoutNegation();\n  var codes = getCodes(\"2.16.840.1.113883.3.526.3.1251\");\n  var start = null;\n  var end = null;\n  events = events.match(codes, start, end, true);\n\n  events.specificContext=Specifics.identity()\n  return events;\n}\n\nhqmfjs.EncounterPerformedFaceToFaceInteraction = function(patient) {\n  var events = patient.encounters();\n  events = events.withStatuses([\"performed\"]);\n  events = events.withoutNegation();\n  var codes = getCodes(\"2.16.840.1.113883.3.464.1003.101.12.1048\");\n  var start = null;\n  var end = null;\n  events = events.match(codes, start, end, true);\n\n  events.specificContext=Specifics.identity()\n  return events;\n}\n\nhqmfjs.DiagnosticStudyPerformedNotDoneMedicalReason = function(patient) {\n  var events = patient.allProcedures();\n  events = events.withStatuses([\"performed\"]);\n  events = events.withNegation();\n  var codes = getCodes(\"2.16.840.1.113883.3.526.3.1007\");\n  var start = null;\n  var end = null;\n  events = events.match(codes, start, end, true);\n\n  events.specificContext=Specifics.identity()\n  return events;\n}\n\nhqmfjs.DiagnosticStudyPerformedNotDonePatientReason = function(patient) {\n  var events = patient.allProcedures();\n  events = events.withStatuses([\"performed\"]);\n  events = events.withNegation();\n  var codes = getCodes(\"2.16.840.1.113883.3.526.3.1008\");\n  var start = null;\n  var end = null;\n  events = events.match(codes, start, end, true);\n\n  events.specificContext=Specifics.identity()\n  return events;\n}\n\nhqmfjs.OccurrenceAOphthalmologicalServices193_precondition_4649 = function(patient) {\n  var events = patient.encounters();\n  events.specific_occurrence = 'OccurrenceAOphthalmologicalServices193'\n  events = events.withStatuses([\"performed\"]);\n  events = events.withoutNegation();\n  var codes = getCodes(\"2.16.840.1.113883.3.526.3.1285\");\n  var start = null;\n  var end = null;\n  events = events.match(codes, start, end, true);\n\n  events.specificContext=new Specifics(Row.buildForDataCriteria(events.specific_occurrence, events))\n  return events;\n}\n\nhqmfjs.OccurrenceACareServicesInLongTermResidentialFacility194_precondition_4651 = function(patient) {\n  var events = patient.encounters();\n  events.specific_occurrence = 'OccurrenceACareServicesInLongTermResidentialFacility194'\n  events = events.withStatuses([\"performed\"]);\n  events = events.withoutNegation();\n  var codes = getCodes(\"2.16.840.1.113883.3.464.1003.101.12.1014\");\n  var start = null;\n  var end = null;\n  events = events.match(codes, start, end, true);\n\n  events.specificContext=new Specifics(Row.buildForDataCriteria(events.specific_occurrence, events))\n  return events;\n}\n\nhqmfjs.OccurrenceANursingFacilityVisit195_precondition_4653 = function(patient) {\n  var events = patient.encounters();\n  events.specific_occurrence = 'OccurrenceANursingFacilityVisit195'\n  events = events.withStatuses([\"performed\"]);\n  events = events.withoutNegation();\n  var codes = getCodes(\"2.16.840.1.113883.3.464.1003.101.12.1012\");\n  var start = null;\n  var end = null;\n  events = events.match(codes, start, end, true);\n\n  events.specificContext=new Specifics(Row.buildForDataCriteria(events.specific_occurrence, events))\n  return events;\n}\n\nhqmfjs.OccurrenceAOfficeVisit196_precondition_4655 = function(patient) {\n  var events = patient.encounters();\n  events.specific_occurrence = 'OccurrenceAOfficeVisit196'\n  events = events.withStatuses([\"performed\"]);\n  events = events.withoutNegation();\n  var codes = getCodes(\"2.16.840.1.113883.3.464.1003.101.12.1001\");\n  var start = null;\n  var end = null;\n  events = events.match(codes, start, end, true);\n\n  events.specificContext=new Specifics(Row.buildForDataCriteria(events.specific_occurrence, events))\n  return events;\n}\n\nhqmfjs.OccurrenceAOutpatientConsultation197_precondition_4657 = function(patient) {\n  var events = patient.encounters();\n  events.specific_occurrence = 'OccurrenceAOutpatientConsultation197'\n  events = events.withStatuses([\"performed\"]);\n  events = events.withoutNegation();\n  var codes = getCodes(\"2.16.840.1.113883.3.464.1003.101.12.1008\");\n  var start = null;\n  var end = null;\n  events = events.match(codes, start, end, true);\n\n  events.specificContext=new Specifics(Row.buildForDataCriteria(events.specific_occurrence, events))\n  return events;\n}\n\nhqmfjs.OccurrenceAFaceToFaceInteraction199_precondition_4659 = function(patient) {\n  var events = patient.encounters();\n  events.specific_occurrence = 'OccurrenceAFaceToFaceInteraction199'\n  events = events.withStatuses([\"performed\"]);\n  events = events.withoutNegation();\n  var codes = getCodes(\"2.16.840.1.113883.3.464.1003.101.12.1048\");\n  var start = null;\n  var end = null;\n  events = events.match(codes, start, end, true);\n\n  events.specificContext=new Specifics(Row.buildForDataCriteria(events.specific_occurrence, events))\n  return events;\n}\n\nhqmfjs.DiagnosticStudyPerformedMacularExam_precondition_4644 = function(patient) {\n  var events = patient.allProcedures();\n  events = events.withStatuses([\"performed\"]);\n  events = events.withNegation(getCodes(\"2.16.840.1.113883.3.526.3.1007\"));\n  var codes = getCodes(\"2.16.840.1.113883.3.526.3.1251\");\n  var start = null;\n  var end = null;\n  events = events.match(codes, start, end, true);\n\n  events = DURING(events, hqmfjs.GROUP_DURING_CHILDREN_84(patient));\n  return events;\n}\n\nhqmfjs.GROUP_DURING_CHILDREN_84 = function(patient) {\n  var events = UNION(\n    hqmfjs.OccurrenceAOphthalmologicalServices193_precondition_4649(patient),\n    hqmfjs.OccurrenceACareServicesInLongTermResidentialFacility194_precondition_4651(patient),\n    hqmfjs.OccurrenceANursingFacilityVisit195_precondition_4653(patient),\n    hqmfjs.OccurrenceAOfficeVisit196_precondition_4655(patient),\n    hqmfjs.OccurrenceAOutpatientConsultation197_precondition_4657(patient),\n    hqmfjs.OccurrenceAFaceToFaceInteraction199_precondition_4659(patient)\n  );\n\n  events.specificContext=Specifics.identity()\n  return events;\n}\n\nhqmfjs.DiagnosticStudyPerformedMacularExam_precondition_4646 = function(patient) {\n  var events = patient.allProcedures();\n  events = events.withStatuses([\"performed\"]);\n  events = events.withNegation(getCodes(\"2.16.840.1.113883.3.526.3.1008\"));\n  var codes = getCodes(\"2.16.840.1.113883.3.526.3.1251\");\n  var start = null;\n  var end = null;\n  events = events.match(codes, start, end, true);\n\n  events = DURING(events, hqmfjs.GROUP_DURING_CHILDREN_84(patient));\n  return events;\n}\n\nhqmfjs.OccurrenceAOphthalmologicalServices193_precondition_4673 = function(patient) {\n  var events = patient.encounters();\n  events.specific_occurrence = 'OccurrenceAOphthalmologicalServices193'\n  events = events.withStatuses([\"performed\"]);\n  events = events.withoutNegation();\n  var codes = getCodes(\"2.16.840.1.113883.3.526.3.1285\");\n  var start = null;\n  var end = null;\n  events = events.match(codes, start, end, true);\n\n  events.specificContext=new Specifics(Row.buildForDataCriteria(events.specific_occurrence, events))\n  return events;\n}\n\nhqmfjs.OccurrenceACareServicesInLongTermResidentialFacility194_precondition_4675 = function(patient) {\n  var events = patient.encounters();\n  events.specific_occurrence = 'OccurrenceACareServicesInLongTermResidentialFacility194'\n  events = events.withStatuses([\"performed\"]);\n  events = events.withoutNegation();\n  var codes = getCodes(\"2.16.840.1.113883.3.464.1003.101.12.1014\");\n  var start = null;\n  var end = null;\n  events = events.match(codes, start, end, true);\n\n  events.specificContext=new Specifics(Row.buildForDataCriteria(events.specific_occurrence, events))\n  return events;\n}\n\nhqmfjs.OccurrenceANursingFacilityVisit195_precondition_4677 = function(patient) {\n  var events = patient.encounters();\n  events.specific_occurrence = 'OccurrenceANursingFacilityVisit195'\n  events = events.withStatuses([\"performed\"]);\n  events = events.withoutNegation();\n  var codes = getCodes(\"2.16.840.1.113883.3.464.1003.101.12.1012\");\n  var start = null;\n  var end = null;\n  events = events.match(codes, start, end, true);\n\n  events.specificContext=new Specifics(Row.buildForDataCriteria(events.specific_occurrence, events))\n  return events;\n}\n\nhqmfjs.OccurrenceAOfficeVisit196_precondition_4679 = function(patient) {\n  var events = patient.encounters();\n  events.specific_occurrence = 'OccurrenceAOfficeVisit196'\n  events = events.withStatuses([\"performed\"]);\n  events = events.withoutNegation();\n  var codes = getCodes(\"2.16.840.1.113883.3.464.1003.101.12.1001\");\n  var start = null;\n  var end = null;\n  events = events.match(codes, start, end, true);\n\n  events.specificContext=new Specifics(Row.buildForDataCriteria(events.specific_occurrence, events))\n  return events;\n}\n\nhqmfjs.OccurrenceAOutpatientConsultation197_precondition_4681 = function(patient) {\n  var events = patient.encounters();\n  events.specific_occurrence = 'OccurrenceAOutpatientConsultation197'\n  events = events.withStatuses([\"performed\"]);\n  events = events.withoutNegation();\n  var codes = getCodes(\"2.16.840.1.113883.3.464.1003.101.12.1008\");\n  var start = null;\n  var end = null;\n  events = events.match(codes, start, end, true);\n\n  events.specificContext=new Specifics(Row.buildForDataCriteria(events.specific_occurrence, events))\n  return events;\n}\n\nhqmfjs.OccurrenceAFaceToFaceInteraction199_precondition_4683 = function(patient) {\n  var events = patient.encounters();\n  events.specific_occurrence = 'OccurrenceAFaceToFaceInteraction199'\n  events = events.withStatuses([\"performed\"]);\n  events = events.withoutNegation();\n  var codes = getCodes(\"2.16.840.1.113883.3.464.1003.101.12.1048\");\n  var start = null;\n  var end = null;\n  events = events.match(codes, start, end, true);\n\n  events.specificContext=new Specifics(Row.buildForDataCriteria(events.specific_occurrence, events))\n  return events;\n}\n\nhqmfjs.OccurrenceAMacularExam198_precondition_4664 = function(patient) {\n  var events = patient.procedureResults();\n  events.specific_occurrence = 'OccurrenceAMacularExam198'\n  events = events.withoutNegation();\n  var codes = getCodes(\"2.16.840.1.113883.3.526.3.1251\");\n  var start = null;\n  var end = null;\n  events = events.match(codes, start, end, true);\n\n  events = filterEventsByValue(events, new CodeList(getCodes(\"2.16.840.1.113883.3.526.3.1283\")));\n  events = DURING(events, hqmfjs.GROUP_DURING_CHILDREN_85(patient));\n  return events;\n}\n\nhqmfjs.GROUP_DURING_CHILDREN_85 = function(patient) {\n  var events = UNION(\n    hqmfjs.OccurrenceAOphthalmologicalServices193_precondition_4673(patient),\n    hqmfjs.OccurrenceACareServicesInLongTermResidentialFacility194_precondition_4675(patient),\n    hqmfjs.OccurrenceANursingFacilityVisit195_precondition_4677(patient),\n    hqmfjs.OccurrenceAOfficeVisit196_precondition_4679(patient),\n    hqmfjs.OccurrenceAOutpatientConsultation197_precondition_4681(patient),\n    hqmfjs.OccurrenceAFaceToFaceInteraction199_precondition_4683(patient)\n  );\n\n  events.specificContext=Specifics.identity()\n  return events;\n}\n\nhqmfjs.OccurrenceAMacularExam198_precondition_4666 = function(patient) {\n  var events = patient.procedureResults();\n  events.specific_occurrence = 'OccurrenceAMacularExam198'\n  events = events.withoutNegation();\n  var codes = getCodes(\"2.16.840.1.113883.3.526.3.1251\");\n  var start = null;\n  var end = null;\n  events = events.match(codes, start, end, true);\n\n  events = filterEventsByValue(events, new CodeList(getCodes(\"2.16.840.1.113883.3.526.3.1284\")));\n  events = DURING(events, hqmfjs.GROUP_DURING_CHILDREN_85(patient));\n  return events;\n}\n\nhqmfjs.OccurrenceAMacularExam198_precondition_4668 = function(patient) {\n  var events = patient.procedureResults();\n  events.specific_occurrence = 'OccurrenceAMacularExam198'\n  events = events.withoutNegation();\n  var codes = getCodes(\"2.16.840.1.113883.3.526.3.1251\");\n  var start = null;\n  var end = null;\n  events = events.match(codes, start, end, true);\n\n  events = filterEventsByValue(events, new CodeList(getCodes(\"2.16.840.1.113883.3.526.3.1320\")));\n  events = DURING(events, hqmfjs.GROUP_DURING_CHILDREN_85(patient));\n  return events;\n}\n\nhqmfjs.PatientCharacteristicBirthdateBirthDate_precondition_4688 = function(patient) {\nvar value = patient.birthtime();\nvar events = [value];\nevents = SBS(events, hqmfjs.MeasurePeriod(patient), new IVL_PQ(new PQ(18, \"a\", true), null));\nevents.specificContext=Specifics.identity();\nreturn events;\n\n}\n\nhqmfjs.OccurrenceAOphthalmologicalServices193_precondition_4690 = function(patient) {\n  var events = patient.encounters();\n  events.specific_occurrence = 'OccurrenceAOphthalmologicalServices193'\n  events = events.withStatuses([\"performed\"]);\n  events = events.withoutNegation();\n  var codes = getCodes(\"2.16.840.1.113883.3.526.3.1285\");\n  var start = null;\n  var end = null;\n  events = events.match(codes, start, end, true);\n\n  events = DURING(events, hqmfjs.MeasurePeriod(patient));\n  return events;\n}\n\nhqmfjs.OccurrenceACareServicesInLongTermResidentialFacility194_precondition_4692 = function(patient) {\n  var events = patient.encounters();\n  events.specific_occurrence = 'OccurrenceACareServicesInLongTermResidentialFacility194'\n  events = events.withStatuses([\"performed\"]);\n  events = events.withoutNegation();\n  var codes = getCodes(\"2.16.840.1.113883.3.464.1003.101.12.1014\");\n  var start = null;\n  var end = null;\n  events = events.match(codes, start, end, true);\n\n  events = DURING(events, hqmfjs.MeasurePeriod(patient));\n  return events;\n}\n\nhqmfjs.OccurrenceANursingFacilityVisit195_precondition_4694 = function(patient) {\n  var events = patient.encounters();\n  events.specific_occurrence = 'OccurrenceANursingFacilityVisit195'\n  events = events.withStatuses([\"performed\"]);\n  events = events.withoutNegation();\n  var codes = getCodes(\"2.16.840.1.113883.3.464.1003.101.12.1012\");\n  var start = null;\n  var end = null;\n  events = events.match(codes, start, end, true);\n\n  events = DURING(events, hqmfjs.MeasurePeriod(patient));\n  return events;\n}\n\nhqmfjs.OccurrenceAOfficeVisit196_precondition_4696 = function(patient) {\n  var events = patient.encounters();\n  events.specific_occurrence = 'OccurrenceAOfficeVisit196'\n  events = events.withStatuses([\"performed\"]);\n  events = events.withoutNegation();\n  var codes = getCodes(\"2.16.840.1.113883.3.464.1003.101.12.1001\");\n  var start = null;\n  var end = null;\n  events = events.match(codes, start, end, true);\n\n  events = DURING(events, hqmfjs.MeasurePeriod(patient));\n  return events;\n}\n\nhqmfjs.OccurrenceAOutpatientConsultation197_precondition_4698 = function(patient) {\n  var events = patient.encounters();\n  events.specific_occurrence = 'OccurrenceAOutpatientConsultation197'\n  events = events.withStatuses([\"performed\"]);\n  events = events.withoutNegation();\n  var codes = getCodes(\"2.16.840.1.113883.3.464.1003.101.12.1008\");\n  var start = null;\n  var end = null;\n  events = events.match(codes, start, end, true);\n\n  events = DURING(events, hqmfjs.MeasurePeriod(patient));\n  return events;\n}\n\nhqmfjs.OccurrenceAFaceToFaceInteraction199_precondition_4700 = function(patient) {\n  var events = patient.encounters();\n  events.specific_occurrence = 'OccurrenceAFaceToFaceInteraction199'\n  events = events.withStatuses([\"performed\"]);\n  events = events.withoutNegation();\n  var codes = getCodes(\"2.16.840.1.113883.3.464.1003.101.12.1048\");\n  var start = null;\n  var end = null;\n  events = events.match(codes, start, end, true);\n\n  events = DURING(events, hqmfjs.MeasurePeriod(patient));\n  return events;\n}\n\nhqmfjs.DiagnosisActiveDiabeticRetinopathy_precondition_4703 = function(patient) {\n  var events = patient.allProblems();\n  events = events.withStatuses([\"active\"]);\n  events = events.withoutNegation();\n  var codes = getCodes(\"2.16.840.1.113883.3.526.3.327\");\n  var start = null;\n  var end = null;\n  events = events.match(codes, start, end, true);\n\n  events = SBE(events, hqmfjs.GROUP_SBE_CHILDREN_86(patient));\n  return events;\n}\n\nhqmfjs.GROUP_SBE_CHILDREN_86 = function(patient) {\n  var events = UNION(\n    hqmfjs.OccurrenceAOphthalmologicalServices193_precondition_4690(patient),\n    hqmfjs.OccurrenceACareServicesInLongTermResidentialFacility194_precondition_4692(patient),\n    hqmfjs.OccurrenceANursingFacilityVisit195_precondition_4694(patient),\n    hqmfjs.OccurrenceAOfficeVisit196_precondition_4696(patient),\n    hqmfjs.OccurrenceAOutpatientConsultation197_precondition_4698(patient),\n    hqmfjs.OccurrenceAFaceToFaceInteraction199_precondition_4700(patient)\n  );\n\n  events.specificContext=Specifics.identity()\n  return events;\n}\n\nhqmfjs.EncounterPerformedOphthalmologicalServices_precondition_4705 = function(patient) {\n  var events = patient.encounters();\n  events = events.withStatuses([\"performed\"]);\n  events = events.withoutNegation();\n  var codes = getCodes(\"2.16.840.1.113883.3.526.3.1285\");\n  var start = null;\n  var end = null;\n  events = events.match(codes, start, end, true);\n\n  events = DURING(events, hqmfjs.MeasurePeriod(patient));\n  return events;\n}\n\nhqmfjs.EncounterPerformedCareServicesInLongTermResidentialFacility_precondition_4707 = function(patient) {\n  var events = patient.encounters();\n  events = events.withStatuses([\"performed\"]);\n  events = events.withoutNegation();\n  var codes = getCodes(\"2.16.840.1.113883.3.464.1003.101.12.1014\");\n  var start = null;\n  var end = null;\n  events = events.match(codes, start, end, true);\n\n  events = DURING(events, hqmfjs.MeasurePeriod(patient));\n  return events;\n}\n\nhqmfjs.EncounterPerformedNursingFacilityVisit_precondition_4709 = function(patient) {\n  var events = patient.encounters();\n  events = events.withStatuses([\"performed\"]);\n  events = events.withoutNegation();\n  var codes = getCodes(\"2.16.840.1.113883.3.464.1003.101.12.1012\");\n  var start = null;\n  var end = null;\n  events = events.match(codes, start, end, true);\n\n  events = DURING(events, hqmfjs.MeasurePeriod(patient));\n  return events;\n}\n\nhqmfjs.EncounterPerformedOfficeVisit_precondition_4711 = function(patient) {\n  var events = patient.encounters();\n  events = events.withStatuses([\"performed\"]);\n  events = events.withoutNegation();\n  var codes = getCodes(\"2.16.840.1.113883.3.464.1003.101.12.1001\");\n  var start = null;\n  var end = null;\n  events = events.match(codes, start, end, true);\n\n  events = DURING(events, hqmfjs.MeasurePeriod(patient));\n  return events;\n}\n\nhqmfjs.EncounterPerformedOutpatientConsultation_precondition_4713 = function(patient) {\n  var events = patient.encounters();\n  events = events.withStatuses([\"performed\"]);\n  events = events.withoutNegation();\n  var codes = getCodes(\"2.16.840.1.113883.3.464.1003.101.12.1008\");\n  var start = null;\n  var end = null;\n  events = events.match(codes, start, end, true);\n\n  events = DURING(events, hqmfjs.MeasurePeriod(patient));\n  return events;\n}\n\nhqmfjs.EncounterPerformedPatientProviderInteraction_precondition_4715 = function(patient) {\n  var events = patient.encounters();\n  events = events.withStatuses([\"performed\"]);\n  events = events.withoutNegation();\n  var codes = getCodes(\"2.16.840.1.113883.3.526.3.1012\");\n  var start = null;\n  var end = null;\n  events = events.match(codes, start, end, true);\n\n  events = DURING(events, hqmfjs.MeasurePeriod(patient));\n  return events;\n}\n\nhqmfjs.GROUP_COUNT_87 = function(patient) {\n  var events = UNION(\n    hqmfjs.EncounterPerformedOphthalmologicalServices_precondition_4705(patient),\n    hqmfjs.EncounterPerformedCareServicesInLongTermResidentialFacility_precondition_4707(patient),\n    hqmfjs.EncounterPerformedNursingFacilityVisit_precondition_4709(patient),\n    hqmfjs.EncounterPerformedOfficeVisit_precondition_4711(patient),\n    hqmfjs.EncounterPerformedOutpatientConsultation_precondition_4713(patient),\n    hqmfjs.EncounterPerformedPatientProviderInteraction_precondition_4715(patient)\n  );\n\n  events.specificContext=Specifics.identity()\n  events = COUNT(events, new IVL_PQ(new PQ(2, null, true), null));\n  return events;\n}\n\n\n\n        // #########################\n        // ##### MEASURE LOGIC #####\n        // #########################\n        \n        hqmfjs.initializeSpecifics = function(patient_api, hqmfjs) { Specifics.initialize(patient_api,hqmfjs,{\"id\":\"OccurrenceAOphthalmologicalServices193\",\"type\":\"\",\"function\":\"OccurrenceAOphthalmologicalServices193\"},{\"id\":\"OccurrenceACareServicesInLongTermResidentialFacility194\",\"type\":\"\",\"function\":\"OccurrenceACareServicesInLongTermResidentialFacility194\"},{\"id\":\"OccurrenceANursingFacilityVisit195\",\"type\":\"\",\"function\":\"OccurrenceANursingFacilityVisit195\"},{\"id\":\"OccurrenceAOfficeVisit196\",\"type\":\"\",\"function\":\"OccurrenceAOfficeVisit196\"},{\"id\":\"OccurrenceAOutpatientConsultation197\",\"type\":\"\",\"function\":\"OccurrenceAOutpatientConsultation197\"},{\"id\":\"OccurrenceAMacularExam198\",\"type\":\"\",\"function\":\"OccurrenceAMacularExam198\"},{\"id\":\"OccurrenceAFaceToFaceInteraction199\",\"type\":\"\",\"function\":\"OccurrenceAFaceToFaceInteraction199\"}) }\n\n        // INITIAL PATIENT POPULATION\n        hqmfjs.IPP = function(patient) {\n  return allTrue(  \n    allTrue(    \n      hqmfjs.PatientCharacteristicBirthdateBirthDate_precondition_4688(patient),    \n      hqmfjs.DiagnosisActiveDiabeticRetinopathy_precondition_4703(patient),    \n      hqmfjs.GROUP_COUNT_87(patient)\n    )\n  );\n};\n\n\n        // DENOMINATOR\n        hqmfjs.DENOM = function(patient) { return new Boolean(true); }\n        // NUMERATOR\n        hqmfjs.NUMER = function(patient) {\n  return allTrue(  \n    allTrue(    \n      allTrue(      \n        hqmfjs.OccurrenceAMacularExam198_precondition_4664(patient),      \n        atLeastOneTrue(        \n          hqmfjs.OccurrenceAMacularExam198_precondition_4666(patient),        \n          hqmfjs.OccurrenceAMacularExam198_precondition_4668(patient)\n        )\n      )\n    )\n  );\n};\n\n\n        hqmfjs.DENEX = function(patient) { return new Boolean(false); }\n        hqmfjs.DENEXCEP = function(patient) {\n  return atLeastOneTrue(  \n    allTrue(    \n      atLeastOneTrue(      \n        hqmfjs.DiagnosticStudyPerformedMacularExam_precondition_4644(patient),      \n        hqmfjs.DiagnosticStudyPerformedMacularExam_precondition_4646(patient)\n      )\n    )\n  );\n};\n\n\n        \n\n      hqmfjs.initializeSpecifics(patient_api, hqmfjs)\n      \n      var population = function() {\n        return executeIfAvailable(hqmfjs.IPP, patient_api);\n      }\n      var denominator = function() {\n        return executeIfAvailable(hqmfjs.DENOM, patient_api);\n      }\n      var numerator = function() {\n        return executeIfAvailable(hqmfjs.NUMER, patient_api);\n      }\n      var exclusion = function() {\n        return executeIfAvailable(hqmfjs.DENEX, patient_api);\n      }\n      var denexcep = function() {\n        return executeIfAvailable(hqmfjs.DENEXCEP, patient_api);\n      }\n      \n      var executeIfAvailable = function(optionalFunction, arg) {\n        if (typeof(optionalFunction)==='function')\n          return optionalFunction(arg);\n        else\n          return false;\n      }\n\n      if (Logger.enabled) enableMeasureLogging(hqmfjs);\n\n      map(patient, population, denominator, numerator, exclusion, denexcep);\n      \n      };\n      ",
  "data_criteria": [
    {
      "DiagnosticStudyPerformedMacularExam_precondition_4644": {
        "title": "Macular Exam",
        "description": "Diagnostic Study, Performed: Macular Exam",
        "standard_category": "diagnostic_study",
        "qds_data_type": "diagnostic_study_performed",
        "code_list_id": "2.16.840.1.113883.3.526.3.1251",
        "type": "diagnostic_studies",
        "definition": "diagnostic_study",
        "status": "performed",
        "hard_status": false,
        "negation": true,
        "negation_code_list_id": "2.16.840.1.113883.3.526.3.1007",
        "source_data_criteria": "DiagnosticStudyPerformedMacularExam",
        "temporal_references": [
          {
            "type": "DURING",
            "reference": "GROUP_DURING_CHILDREN_84"
          }
        ]
      }
    },
    {
      "GROUP_DURING_CHILDREN_84": {
        "title": "GROUP_DURING_CHILDREN_84",
        "description": "",
        "standard_category": "",
        "qds_data_type": "",
        "children_criteria": [
          "OccurrenceAOphthalmologicalServices193_precondition_4649",
          "OccurrenceACareServicesInLongTermResidentialFacility194_precondition_4651",
          "OccurrenceANursingFacilityVisit195_precondition_4653",
          "OccurrenceAOfficeVisit196_precondition_4655",
          "OccurrenceAOutpatientConsultation197_precondition_4657",
          "OccurrenceAFaceToFaceInteraction199_precondition_4659"
        ],
        "derivation_operator": "UNION",
        "type": "derived",
        "definition": "derived",
        "hard_status": false,
        "negation": false,
        "source_data_criteria": "GROUP_DURING_CHILDREN_84"
      }
    },
    {
      "OccurrenceAOphthalmologicalServices193_precondition_4649": {
        "title": "Ophthalmological Services",
        "description": "Encounter, Performed: Ophthalmological Services",
        "standard_category": "encounter",
        "qds_data_type": "encounter",
        "code_list_id": "2.16.840.1.113883.3.526.3.1285",
        "type": "encounters",
        "definition": "encounter",
        "status": "performed",
        "hard_status": false,
        "negation": false,
        "specific_occurrence": "A",
        "source_data_criteria": "OccurrenceAOphthalmologicalServices193"
      }
    },
    {
      "OccurrenceACareServicesInLongTermResidentialFacility194_precondition_4651": {
        "title": "Care Services in Long-Term Residential Facility",
        "description": "Encounter, Performed: Care Services in Long-Term Residential Facility",
        "standard_category": "encounter",
        "qds_data_type": "encounter",
        "code_list_id": "2.16.840.1.113883.3.464.1003.101.12.1014",
        "type": "encounters",
        "definition": "encounter",
        "status": "performed",
        "hard_status": false,
        "negation": false,
        "specific_occurrence": "A",
        "source_data_criteria": "OccurrenceACareServicesInLongTermResidentialFacility194"
      }
    },
    {
      "OccurrenceANursingFacilityVisit195_precondition_4653": {
        "title": "Nursing Facility Visit",
        "description": "Encounter, Performed: Nursing Facility Visit",
        "standard_category": "encounter",
        "qds_data_type": "encounter",
        "code_list_id": "2.16.840.1.113883.3.464.1003.101.12.1012",
        "type": "encounters",
        "definition": "encounter",
        "status": "performed",
        "hard_status": false,
        "negation": false,
        "specific_occurrence": "A",
        "source_data_criteria": "OccurrenceANursingFacilityVisit195"
      }
    },
    {
      "OccurrenceAOfficeVisit196_precondition_4655": {
        "title": "Office Visit",
        "description": "Encounter, Performed: Office Visit",
        "standard_category": "encounter",
        "qds_data_type": "encounter",
        "code_list_id": "2.16.840.1.113883.3.464.1003.101.12.1001",
        "type": "encounters",
        "definition": "encounter",
        "status": "performed",
        "hard_status": false,
        "negation": false,
        "specific_occurrence": "A",
        "source_data_criteria": "OccurrenceAOfficeVisit196"
      }
    },
    {
      "OccurrenceAOutpatientConsultation197_precondition_4657": {
        "title": "Outpatient Consultation",
        "description": "Encounter, Performed: Outpatient Consultation",
        "standard_category": "encounter",
        "qds_data_type": "encounter",
        "code_list_id": "2.16.840.1.113883.3.464.1003.101.12.1008",
        "type": "encounters",
        "definition": "encounter",
        "status": "performed",
        "hard_status": false,
        "negation": false,
        "specific_occurrence": "A",
        "source_data_criteria": "OccurrenceAOutpatientConsultation197"
      }
    },
    {
      "OccurrenceAFaceToFaceInteraction199_precondition_4659": {
        "title": "Face-to-Face Interaction",
        "description": "Encounter, Performed: Face-to-Face Interaction",
        "standard_category": "encounter",
        "qds_data_type": "encounter",
        "code_list_id": "2.16.840.1.113883.3.464.1003.101.12.1048",
        "type": "encounters",
        "definition": "encounter",
        "status": "performed",
        "hard_status": false,
        "negation": false,
        "specific_occurrence": "A",
        "source_data_criteria": "OccurrenceAFaceToFaceInteraction199"
      }
    },
    {
      "DiagnosticStudyPerformedMacularExam_precondition_4646": {
        "title": "Macular Exam",
        "description": "Diagnostic Study, Performed: Macular Exam",
        "standard_category": "diagnostic_study",
        "qds_data_type": "diagnostic_study_performed",
        "code_list_id": "2.16.840.1.113883.3.526.3.1251",
        "type": "diagnostic_studies",
        "definition": "diagnostic_study",
        "status": "performed",
        "hard_status": false,
        "negation": true,
        "negation_code_list_id": "2.16.840.1.113883.3.526.3.1008",
        "source_data_criteria": "DiagnosticStudyPerformedMacularExam",
        "temporal_references": [
          {
            "type": "DURING",
            "reference": "GROUP_DURING_CHILDREN_84"
          }
        ]
      }
    },
    {
      "OccurrenceAMacularExam198_precondition_4664": {
        "title": "Macular Exam",
        "description": "Diagnostic Study Result: Macular Exam",
        "standard_category": "diagnostic_study",
        "qds_data_type": "diagnostic_study_result",
        "code_list_id": "2.16.840.1.113883.3.526.3.1251",
        "type": "diagnostic_studies",
        "definition": "diagnostic_study_result",
        "hard_status": false,
        "negation": false,
        "specific_occurrence": "A",
        "source_data_criteria": "OccurrenceAMacularExam198",
        "value": {
          "type": "CD",
          "code_list_id": "2.16.840.1.113883.3.526.3.1283",
          "title": "Level of Severity of Retinopathy Findings"
        },
        "temporal_references": [
          {
            "type": "DURING",
            "reference": "GROUP_DURING_CHILDREN_85"
          }
        ]
      }
    },
    {
      "GROUP_DURING_CHILDREN_85": {
        "title": "GROUP_DURING_CHILDREN_85",
        "description": "",
        "standard_category": "",
        "qds_data_type": "",
        "children_criteria": [
          "OccurrenceAOphthalmologicalServices193_precondition_4673",
          "OccurrenceACareServicesInLongTermResidentialFacility194_precondition_4675",
          "OccurrenceANursingFacilityVisit195_precondition_4677",
          "OccurrenceAOfficeVisit196_precondition_4679",
          "OccurrenceAOutpatientConsultation197_precondition_4681",
          "OccurrenceAFaceToFaceInteraction199_precondition_4683"
        ],
        "derivation_operator": "UNION",
        "type": "derived",
        "definition": "derived",
        "hard_status": false,
        "negation": false,
        "source_data_criteria": "GROUP_DURING_CHILDREN_85"
      }
    },
    {
      "OccurrenceAOphthalmologicalServices193_precondition_4673": {
        "title": "Ophthalmological Services",
        "description": "Encounter, Performed: Ophthalmological Services",
        "standard_category": "encounter",
        "qds_data_type": "encounter",
        "code_list_id": "2.16.840.1.113883.3.526.3.1285",
        "type": "encounters",
        "definition": "encounter",
        "status": "performed",
        "hard_status": false,
        "negation": false,
        "specific_occurrence": "A",
        "source_data_criteria": "OccurrenceAOphthalmologicalServices193"
      }
    },
    {
      "OccurrenceACareServicesInLongTermResidentialFacility194_precondition_4675": {
        "title": "Care Services in Long-Term Residential Facility",
        "description": "Encounter, Performed: Care Services in Long-Term Residential Facility",
        "standard_category": "encounter",
        "qds_data_type": "encounter",
        "code_list_id": "2.16.840.1.113883.3.464.1003.101.12.1014",
        "type": "encounters",
        "definition": "encounter",
        "status": "performed",
        "hard_status": false,
        "negation": false,
        "specific_occurrence": "A",
        "source_data_criteria": "OccurrenceACareServicesInLongTermResidentialFacility194"
      }
    },
    {
      "OccurrenceANursingFacilityVisit195_precondition_4677": {
        "title": "Nursing Facility Visit",
        "description": "Encounter, Performed: Nursing Facility Visit",
        "standard_category": "encounter",
        "qds_data_type": "encounter",
        "code_list_id": "2.16.840.1.113883.3.464.1003.101.12.1012",
        "type": "encounters",
        "definition": "encounter",
        "status": "performed",
        "hard_status": false,
        "negation": false,
        "specific_occurrence": "A",
        "source_data_criteria": "OccurrenceANursingFacilityVisit195"
      }
    },
    {
      "OccurrenceAOfficeVisit196_precondition_4679": {
        "title": "Office Visit",
        "description": "Encounter, Performed: Office Visit",
        "standard_category": "encounter",
        "qds_data_type": "encounter",
        "code_list_id": "2.16.840.1.113883.3.464.1003.101.12.1001",
        "type": "encounters",
        "definition": "encounter",
        "status": "performed",
        "hard_status": false,
        "negation": false,
        "specific_occurrence": "A",
        "source_data_criteria": "OccurrenceAOfficeVisit196"
      }
    },
    {
      "OccurrenceAOutpatientConsultation197_precondition_4681": {
        "title": "Outpatient Consultation",
        "description": "Encounter, Performed: Outpatient Consultation",
        "standard_category": "encounter",
        "qds_data_type": "encounter",
        "code_list_id": "2.16.840.1.113883.3.464.1003.101.12.1008",
        "type": "encounters",
        "definition": "encounter",
        "status": "performed",
        "hard_status": false,
        "negation": false,
        "specific_occurrence": "A",
        "source_data_criteria": "OccurrenceAOutpatientConsultation197"
      }
    },
    {
      "OccurrenceAFaceToFaceInteraction199_precondition_4683": {
        "title": "Face-to-Face Interaction",
        "description": "Encounter, Performed: Face-to-Face Interaction",
        "standard_category": "encounter",
        "qds_data_type": "encounter",
        "code_list_id": "2.16.840.1.113883.3.464.1003.101.12.1048",
        "type": "encounters",
        "definition": "encounter",
        "status": "performed",
        "hard_status": false,
        "negation": false,
        "specific_occurrence": "A",
        "source_data_criteria": "OccurrenceAFaceToFaceInteraction199"
      }
    },
    {
      "OccurrenceAMacularExam198_precondition_4666": {
        "title": "Macular Exam",
        "description": "Diagnostic Study Result: Macular Exam",
        "standard_category": "diagnostic_study",
        "qds_data_type": "diagnostic_study_result",
        "code_list_id": "2.16.840.1.113883.3.526.3.1251",
        "type": "diagnostic_studies",
        "definition": "diagnostic_study_result",
        "hard_status": false,
        "negation": false,
        "specific_occurrence": "A",
        "source_data_criteria": "OccurrenceAMacularExam198",
        "value": {
          "type": "CD",
          "code_list_id": "2.16.840.1.113883.3.526.3.1284",
          "title": "Macular Edema Findings Absent"
        },
        "temporal_references": [
          {
            "type": "DURING",
            "reference": "GROUP_DURING_CHILDREN_85"
          }
        ]
      }
    },
    {
      "OccurrenceAMacularExam198_precondition_4668": {
        "title": "Macular Exam",
        "description": "Diagnostic Study Result: Macular Exam",
        "standard_category": "diagnostic_study",
        "qds_data_type": "diagnostic_study_result",
        "code_list_id": "2.16.840.1.113883.3.526.3.1251",
        "type": "diagnostic_studies",
        "definition": "diagnostic_study_result",
        "hard_status": false,
        "negation": false,
        "specific_occurrence": "A",
        "source_data_criteria": "OccurrenceAMacularExam198",
        "value": {
          "type": "CD",
          "code_list_id": "2.16.840.1.113883.3.526.3.1320",
          "title": "Macular Edema Findings Present"
        },
        "temporal_references": [
          {
            "type": "DURING",
            "reference": "GROUP_DURING_CHILDREN_85"
          }
        ]
      }
    },
    {
      "PatientCharacteristicBirthdateBirthDate_precondition_4688": {
        "title": "birth date",
        "description": "Patient Characteristic Birthdate: birth date",
        "standard_category": "individual_characteristic",
        "qds_data_type": "individual_characteristic",
        "code_list_id": "2.16.840.1.113883.3.560.100.4",
        "property": "birthtime",
        "type": "characteristic",
        "definition": "patient_characteristic_birthdate",
        "hard_status": false,
        "negation": false,
        "source_data_criteria": "PatientCharacteristicBirthdateBirthDate",
        "inline_code_list": {
          "LOINC": [
            "21112-8"
          ]
        },
        "temporal_references": [
          {
            "type": "SBS",
            "reference": "MeasurePeriod",
            "range": {
              "type": "IVL_PQ",
              "low": {
                "type": "PQ",
                "unit": "a",
                "value": "18",
                "inclusive?": true,
                "derived?": false
              }
            }
          }
        ]
      }
    },
    {
      "DiagnosisActiveDiabeticRetinopathy_precondition_4703": {
        "title": "Diabetic Retinopathy",
        "description": "Diagnosis, Active: Diabetic Retinopathy",
        "standard_category": "diagnosis_condition_problem",
        "qds_data_type": "diagnosis_active",
        "code_list_id": "2.16.840.1.113883.3.526.3.327",
        "type": "conditions",
        "definition": "diagnosis",
        "status": "active",
        "hard_status": false,
        "negation": false,
        "source_data_criteria": "DiagnosisActiveDiabeticRetinopathy",
        "temporal_references": [
          {
            "type": "SBE",
            "reference": "GROUP_SBE_CHILDREN_86"
          }
        ]
      }
    },
    {
      "GROUP_SBE_CHILDREN_86": {
        "title": "GROUP_SBE_CHILDREN_86",
        "description": "",
        "standard_category": "",
        "qds_data_type": "",
        "children_criteria": [
          "OccurrenceAOphthalmologicalServices193_precondition_4690",
          "OccurrenceACareServicesInLongTermResidentialFacility194_precondition_4692",
          "OccurrenceANursingFacilityVisit195_precondition_4694",
          "OccurrenceAOfficeVisit196_precondition_4696",
          "OccurrenceAOutpatientConsultation197_precondition_4698",
          "OccurrenceAFaceToFaceInteraction199_precondition_4700"
        ],
        "derivation_operator": "UNION",
        "type": "derived",
        "definition": "derived",
        "hard_status": false,
        "negation": false,
        "source_data_criteria": "GROUP_SBE_CHILDREN_86"
      }
    },
    {
      "OccurrenceAOphthalmologicalServices193_precondition_4690": {
        "title": "Ophthalmological Services",
        "description": "Encounter, Performed: Ophthalmological Services",
        "standard_category": "encounter",
        "qds_data_type": "encounter",
        "code_list_id": "2.16.840.1.113883.3.526.3.1285",
        "type": "encounters",
        "definition": "encounter",
        "status": "performed",
        "hard_status": false,
        "negation": false,
        "specific_occurrence": "A",
        "source_data_criteria": "OccurrenceAOphthalmologicalServices193",
        "temporal_references": [
          {
            "type": "DURING",
            "reference": "MeasurePeriod"
          }
        ]
      }
    },
    {
      "OccurrenceACareServicesInLongTermResidentialFacility194_precondition_4692": {
        "title": "Care Services in Long-Term Residential Facility",
        "description": "Encounter, Performed: Care Services in Long-Term Residential Facility",
        "standard_category": "encounter",
        "qds_data_type": "encounter",
        "code_list_id": "2.16.840.1.113883.3.464.1003.101.12.1014",
        "type": "encounters",
        "definition": "encounter",
        "status": "performed",
        "hard_status": false,
        "negation": false,
        "specific_occurrence": "A",
        "source_data_criteria": "OccurrenceACareServicesInLongTermResidentialFacility194",
        "temporal_references": [
          {
            "type": "DURING",
            "reference": "MeasurePeriod"
          }
        ]
      }
    },
    {
      "OccurrenceANursingFacilityVisit195_precondition_4694": {
        "title": "Nursing Facility Visit",
        "description": "Encounter, Performed: Nursing Facility Visit",
        "standard_category": "encounter",
        "qds_data_type": "encounter",
        "code_list_id": "2.16.840.1.113883.3.464.1003.101.12.1012",
        "type": "encounters",
        "definition": "encounter",
        "status": "performed",
        "hard_status": false,
        "negation": false,
        "specific_occurrence": "A",
        "source_data_criteria": "OccurrenceANursingFacilityVisit195",
        "temporal_references": [
          {
            "type": "DURING",
            "reference": "MeasurePeriod"
          }
        ]
      }
    },
    {
      "OccurrenceAOfficeVisit196_precondition_4696": {
        "title": "Office Visit",
        "description": "Encounter, Performed: Office Visit",
        "standard_category": "encounter",
        "qds_data_type": "encounter",
        "code_list_id": "2.16.840.1.113883.3.464.1003.101.12.1001",
        "type": "encounters",
        "definition": "encounter",
        "status": "performed",
        "hard_status": false,
        "negation": false,
        "specific_occurrence": "A",
        "source_data_criteria": "OccurrenceAOfficeVisit196",
        "temporal_references": [
          {
            "type": "DURING",
            "reference": "MeasurePeriod"
          }
        ]
      }
    },
    {
      "OccurrenceAOutpatientConsultation197_precondition_4698": {
        "title": "Outpatient Consultation",
        "description": "Encounter, Performed: Outpatient Consultation",
        "standard_category": "encounter",
        "qds_data_type": "encounter",
        "code_list_id": "2.16.840.1.113883.3.464.1003.101.12.1008",
        "type": "encounters",
        "definition": "encounter",
        "status": "performed",
        "hard_status": false,
        "negation": false,
        "specific_occurrence": "A",
        "source_data_criteria": "OccurrenceAOutpatientConsultation197",
        "temporal_references": [
          {
            "type": "DURING",
            "reference": "MeasurePeriod"
          }
        ]
      }
    },
    {
      "OccurrenceAFaceToFaceInteraction199_precondition_4700": {
        "title": "Face-to-Face Interaction",
        "description": "Encounter, Performed: Face-to-Face Interaction",
        "standard_category": "encounter",
        "qds_data_type": "encounter",
        "code_list_id": "2.16.840.1.113883.3.464.1003.101.12.1048",
        "type": "encounters",
        "definition": "encounter",
        "status": "performed",
        "hard_status": false,
        "negation": false,
        "specific_occurrence": "A",
        "source_data_criteria": "OccurrenceAFaceToFaceInteraction199",
        "temporal_references": [
          {
            "type": "DURING",
            "reference": "MeasurePeriod"
          }
        ]
      }
    },
    {
      "GROUP_COUNT_87": {
        "title": "GROUP_COUNT_87",
        "description": "",
        "standard_category": "",
        "qds_data_type": "",
        "children_criteria": [
          "EncounterPerformedOphthalmologicalServices_precondition_4705",
          "EncounterPerformedCareServicesInLongTermResidentialFacility_precondition_4707",
          "EncounterPerformedNursingFacilityVisit_precondition_4709",
          "EncounterPerformedOfficeVisit_precondition_4711",
          "EncounterPerformedOutpatientConsultation_precondition_4713",
          "EncounterPerformedPatientProviderInteraction_precondition_4715"
        ],
        "derivation_operator": "UNION",
        "type": "derived",
        "definition": "derived",
        "hard_status": false,
        "negation": false,
        "source_data_criteria": "GROUP_COUNT_87",
        "subset_operators": [
          {
            "type": "COUNT",
            "value": {
              "type": "IVL_PQ",
              "low": {
                "type": "PQ",
                "value": "2",
                "inclusive?": true,
                "derived?": false
              }
            }
          }
        ]
      }
    },
    {
      "EncounterPerformedOphthalmologicalServices_precondition_4705": {
        "title": "Ophthalmological Services",
        "description": "Encounter, Performed: Ophthalmological Services",
        "standard_category": "encounter",
        "qds_data_type": "encounter",
        "code_list_id": "2.16.840.1.113883.3.526.3.1285",
        "type": "encounters",
        "definition": "encounter",
        "status": "performed",
        "hard_status": false,
        "negation": false,
        "source_data_criteria": "EncounterPerformedOphthalmologicalServices",
        "temporal_references": [
          {
            "type": "DURING",
            "reference": "MeasurePeriod"
          }
        ]
      }
    },
    {
      "EncounterPerformedCareServicesInLongTermResidentialFacility_precondition_4707": {
        "title": "Care Services in Long-Term Residential Facility",
        "description": "Encounter, Performed: Care Services in Long-Term Residential Facility",
        "standard_category": "encounter",
        "qds_data_type": "encounter",
        "code_list_id": "2.16.840.1.113883.3.464.1003.101.12.1014",
        "type": "encounters",
        "definition": "encounter",
        "status": "performed",
        "hard_status": false,
        "negation": false,
        "source_data_criteria": "EncounterPerformedCareServicesInLongTermResidentialFacility",
        "temporal_references": [
          {
            "type": "DURING",
            "reference": "MeasurePeriod"
          }
        ]
      }
    },
    {
      "EncounterPerformedNursingFacilityVisit_precondition_4709": {
        "title": "Nursing Facility Visit",
        "description": "Encounter, Performed: Nursing Facility Visit",
        "standard_category": "encounter",
        "qds_data_type": "encounter",
        "code_list_id": "2.16.840.1.113883.3.464.1003.101.12.1012",
        "type": "encounters",
        "definition": "encounter",
        "status": "performed",
        "hard_status": false,
        "negation": false,
        "source_data_criteria": "EncounterPerformedNursingFacilityVisit",
        "temporal_references": [
          {
            "type": "DURING",
            "reference": "MeasurePeriod"
          }
        ]
      }
    },
    {
      "EncounterPerformedOfficeVisit_precondition_4711": {
        "title": "Office Visit",
        "description": "Encounter, Performed: Office Visit",
        "standard_category": "encounter",
        "qds_data_type": "encounter",
        "code_list_id": "2.16.840.1.113883.3.464.1003.101.12.1001",
        "type": "encounters",
        "definition": "encounter",
        "status": "performed",
        "hard_status": false,
        "negation": false,
        "source_data_criteria": "EncounterPerformedOfficeVisit",
        "temporal_references": [
          {
            "type": "DURING",
            "reference": "MeasurePeriod"
          }
        ]
      }
    },
    {
      "EncounterPerformedOutpatientConsultation_precondition_4713": {
        "title": "Outpatient Consultation",
        "description": "Encounter, Performed: Outpatient Consultation",
        "standard_category": "encounter",
        "qds_data_type": "encounter",
        "code_list_id": "2.16.840.1.113883.3.464.1003.101.12.1008",
        "type": "encounters",
        "definition": "encounter",
        "status": "performed",
        "hard_status": false,
        "negation": false,
        "source_data_criteria": "EncounterPerformedOutpatientConsultation",
        "temporal_references": [
          {
            "type": "DURING",
            "reference": "MeasurePeriod"
          }
        ]
      }
    },
    {
      "EncounterPerformedPatientProviderInteraction_precondition_4715": {
        "title": "Patient Provider Interaction",
        "description": "Encounter, Performed: Patient Provider Interaction",
        "standard_category": "encounter",
        "qds_data_type": "encounter",
        "code_list_id": "2.16.840.1.113883.3.526.3.1012",
        "type": "encounters",
        "definition": "encounter",
        "status": "performed",
        "hard_status": false,
        "negation": false,
        "source_data_criteria": "EncounterPerformedPatientProviderInteraction",
        "temporal_references": [
          {
            "type": "DURING",
            "reference": "MeasurePeriod"
          }
        ]
      }
    }
  ],
  "oids": [
    "2.16.840.1.113883.3.464.1003.101.12.1001",
    "2.16.840.1.113883.3.464.1003.101.12.1008",
    "2.16.840.1.113883.3.464.1003.101.12.1012",
    "2.16.840.1.113883.3.464.1003.101.12.1014",
    "2.16.840.1.113883.3.464.1003.101.12.1048",
    "2.16.840.1.113883.3.526.3.327",
    "2.16.840.1.113883.3.526.3.1007",
    "2.16.840.1.113883.3.526.3.1008",
    "2.16.840.1.113883.3.526.3.1012",
    "2.16.840.1.113883.3.526.3.1251",
    "2.16.840.1.113883.3.526.3.1283",
    "2.16.840.1.113883.3.526.3.1284",
    "2.16.840.1.113883.3.526.3.1285",
    "2.16.840.1.113883.3.526.3.1320",
    "2.16.840.1.113883.3.464.1003.101.11.1005",
    "2.16.840.1.113883.3.464.1003.101.11.1040",
    "2.16.840.1.113883.3.464.1003.101.11.1060",
    "2.16.840.1.113883.3.464.1003.101.11.1070",
    "2.16.840.1.113883.3.464.1003.101.11.1216",
    "2.16.840.1.113883.3.526.2.76",
    "2.16.840.1.113883.3.526.2.78",
    "2.16.840.1.113883.3.526.2.80",
    "2.16.840.1.113883.3.526.2.111",
    "2.16.840.1.113883.3.526.2.311",
    "2.16.840.1.113883.3.526.2.313",
    "2.16.840.1.113883.3.526.2.1049",
    "2.16.840.1.113883.3.526.2.1364",
    "2.16.840.1.113883.3.526.2.1373",
    "2.16.840.1.113883.3.526.2.1377",
    "2.16.840.1.113883.3.526.2.1381",
    "2.16.840.1.113883.3.560.100.4"
  ],
  "population_ids": {
    "IPP": "CC8FFE30-647E-4DA2-9926-6FF829607725",
    "DENOM": "979CC45F-8E2A-4A53-9113-BC43080BF2FF",
    "NUMER": "9E5680D2-F915-4C8F-9D33-97419A04D9FF",
    "DENEXCEP": "4A8F700B-7C2F-4C3C-8E69-CD6C4FC19B68"
  }
}