{
  "id": "8A4D92B2-39CA-AF4B-0139-CAF11E27054E",
  "nqf_id": "0105",
  "hqmf_id": "8A4D92B2-39CA-AF4B-0139-CAF11E27054E",
  "hqmf_set_id": "8924F2B3-EC06-4650-B634-D70A53DEE577",
  "hqmf_version_number": 1,
  "endorser": null,
  "name": "Anti-depressant Medication Management",
  "description": "Percentage of patients 18 years of age and older who were diagnosed with major depression and treated with antidepressant medication, and who remained on antidepressant medication treatment. Two rates are reported. \r\na. Percentage of patients who remained on an antidepressant medication for at least 84 days (12 weeks). \r\nb. Percentage of patients who remained on an antidepressant medication for at least 180 days (6 months).",
  "type": "ep",
  "category": "Behavioral Health Adult",
  "steward": null,
  "population": {
    "conjunction": "and",
    "items": [
      {
        "conjunction": "and",
        "items": [
          {
            "title": "GROUP_FIRST_3",
            "description": "",
            "standard_category": "",
            "qds_data_type": "",
            "children_criteria": [
              {
                "title": "Major Depression",
                "description": "Diagnosis, Active: Major Depression",
                "standard_category": "diagnosis_condition_problem",
                "qds_data_type": "diagnosis_active",
                "code_list_id": "2.16.840.1.113883.3.464.1003.105.12.1007",
                "type": "conditions",
                "definition": "diagnosis",
                "status": "active",
                "hard_status": false,
                "negation": false,
                "specific_occurrence": "A",
                "source_data_criteria": "OccurrenceAMajorDepression41",
                "temporal_references": [
                  {
                    "type": "SAS",
                    "reference": "MeasurePeriod",
                    "range": {
                      "type": "IVL_PQ",
                      "high": {
                        "type": "PQ",
                        "unit": "d",
                        "value": "180",
                        "inclusive?": true,
                        "derived?": false
                      }
                    },
                    "title": "MeasurePeriod"
                  }
                ]
              },
              {
                "title": "Major Depression",
                "description": "Diagnosis, Active: Major Depression",
                "standard_category": "diagnosis_condition_problem",
                "qds_data_type": "diagnosis_active",
                "code_list_id": "2.16.840.1.113883.3.464.1003.105.12.1007",
                "type": "conditions",
                "definition": "diagnosis",
                "status": "active",
                "hard_status": false,
                "negation": false,
                "specific_occurrence": "A",
                "source_data_criteria": "OccurrenceAMajorDepression41",
                "temporal_references": [
                  {
                    "type": "SBS",
                    "reference": "MeasurePeriod",
                    "range": {
                      "type": "IVL_PQ",
                      "high": {
                        "type": "PQ",
                        "unit": "d",
                        "value": "180",
                        "inclusive?": true,
                        "derived?": false
                      }
                    },
                    "title": "MeasurePeriod"
                  }
                ]
              }
            ],
            "derivation_operator": "UNION",
            "type": "derived",
            "definition": "derived",
            "hard_status": false,
            "negation": false,
            "source_data_criteria": "GROUP_FIRST_3",
            "subset_operators": [
              {
                "type": "FIRST"
              }
            ]
          },
          {
            "title": "GROUP_FIRST_4",
            "description": "",
            "standard_category": "",
            "qds_data_type": "",
            "children_criteria": [
              {
                "title": "Antidepressant Medication",
                "description": "Medication, Dispensed: Antidepressant Medication",
                "standard_category": "medication",
                "qds_data_type": "medication_dispensed",
                "code_list_id": "2.16.840.1.113883.3.464.1003.196.12.1213",
                "type": "medications",
                "definition": "medication",
                "status": "dispensed",
                "hard_status": false,
                "negation": false,
                "specific_occurrence": "A",
                "source_data_criteria": "OccurrenceAAntidepressantMedication42",
                "temporal_references": [
                  {
                    "type": "SAS",
                    "reference": {
                      "title": "Major Depression",
                      "description": "Diagnosis, Active: Major Depression",
                      "standard_category": "diagnosis_condition_problem",
                      "qds_data_type": "diagnosis_active",
                      "code_list_id": "2.16.840.1.113883.3.464.1003.105.12.1007",
                      "type": "conditions",
                      "definition": "diagnosis",
                      "status": "active",
                      "hard_status": false,
                      "negation": false,
                      "specific_occurrence": "A",
                      "source_data_criteria": "OccurrenceAMajorDepression41"
                    },
                    "range": {
                      "type": "IVL_PQ",
                      "high": {
                        "type": "PQ",
                        "unit": "d",
                        "value": "14",
                        "inclusive?": true,
                        "derived?": false
                      }
                    }
                  }
                ]
              },
              {
                "title": "Antidepressant Medication",
                "description": "Medication, Dispensed: Antidepressant Medication",
                "standard_category": "medication",
                "qds_data_type": "medication_dispensed",
                "code_list_id": "2.16.840.1.113883.3.464.1003.196.12.1213",
                "type": "medications",
                "definition": "medication",
                "status": "dispensed",
                "hard_status": false,
                "negation": false,
                "specific_occurrence": "A",
                "source_data_criteria": "OccurrenceAAntidepressantMedication42",
                "temporal_references": [
                  {
                    "type": "SBS",
                    "reference": {
                      "title": "Major Depression",
                      "description": "Diagnosis, Active: Major Depression",
                      "standard_category": "diagnosis_condition_problem",
                      "qds_data_type": "diagnosis_active",
                      "code_list_id": "2.16.840.1.113883.3.464.1003.105.12.1007",
                      "type": "conditions",
                      "definition": "diagnosis",
                      "status": "active",
                      "hard_status": false,
                      "negation": false,
                      "specific_occurrence": "A",
                      "source_data_criteria": "OccurrenceAMajorDepression41"
                    },
                    "range": {
                      "type": "IVL_PQ",
                      "high": {
                        "type": "PQ",
                        "unit": "d",
                        "value": "30",
                        "inclusive?": true,
                        "derived?": false
                      }
                    }
                  }
                ]
              }
            ],
            "derivation_operator": "UNION",
            "type": "derived",
            "definition": "derived",
            "hard_status": false,
            "negation": false,
            "source_data_criteria": "GROUP_FIRST_4",
            "subset_operators": [
              {
                "type": "FIRST"
              }
            ]
          },
          {
            "title": "birth date",
            "description": "Patient Characteristic Birthdate: birth date",
            "standard_category": "individual_characteristic",
            "qds_data_type": "individual_characteristic",
            "code_list_id": "2.16.840.1.113883.3.560.100.4",
            "property": "birthtime",
            "type": "characteristic",
            "definition": "patient_characteristic_birthdate",
            "hard_status": false,
            "negation": false,
            "source_data_criteria": "PatientCharacteristicBirthdateBirthDate",
            "inline_code_list": {
              "LOINC": [
                "21112-8"
              ]
            },
            "temporal_references": [
              {
                "type": "SBS",
                "reference": "MeasurePeriod",
                "range": {
                  "type": "IVL_PQ",
                  "low": {
                    "type": "PQ",
                    "unit": "a",
                    "value": "18",
                    "inclusive?": true,
                    "derived?": false
                  }
                },
                "title": "MeasurePeriod"
              }
            ]
          },
          {
            "conjunction": "or",
            "items": [
              {
                "title": "Office Visit",
                "description": "Encounter, Performed: Office Visit",
                "standard_category": "encounter",
                "qds_data_type": "encounter",
                "code_list_id": "2.16.840.1.113883.3.464.1003.101.12.1001",
                "type": "encounters",
                "definition": "encounter",
                "status": "performed",
                "hard_status": false,
                "negation": false,
                "source_data_criteria": "EncounterPerformedOfficeVisit",
                "temporal_references": [
                  {
                    "type": "DURING",
                    "reference": "MeasurePeriod",
                    "title": "MeasurePeriod"
                  }
                ]
              },
              {
                "title": "Face-to-Face Interaction",
                "description": "Encounter, Performed: Face-to-Face Interaction",
                "standard_category": "encounter",
                "qds_data_type": "encounter",
                "code_list_id": "2.16.840.1.113883.3.464.1003.101.12.1048",
                "type": "encounters",
                "definition": "encounter",
                "status": "performed",
                "hard_status": false,
                "negation": false,
                "source_data_criteria": "EncounterPerformedFaceToFaceInteraction",
                "temporal_references": [
                  {
                    "type": "DURING",
                    "reference": "MeasurePeriod",
                    "title": "MeasurePeriod"
                  }
                ]
              },
              {
                "title": "Preventive Care Services - Established Office Visit, 18 and Up",
                "description": "Encounter, Performed: Preventive Care Services - Established Office Visit, 18 and Up",
                "standard_category": "encounter",
                "qds_data_type": "encounter",
                "code_list_id": "2.16.840.1.113883.3.464.1003.101.12.1025",
                "type": "encounters",
                "definition": "encounter",
                "status": "performed",
                "hard_status": false,
                "negation": false,
                "source_data_criteria": "EncounterPerformedPreventiveCareServicesEstablishedOfficeVisit18AndUp",
                "temporal_references": [
                  {
                    "type": "DURING",
                    "reference": "MeasurePeriod",
                    "title": "MeasurePeriod"
                  }
                ]
              },
              {
                "title": "Preventive Care Services-Initial Office Visit, 18 and Up",
                "description": "Encounter, Performed: Preventive Care Services-Initial Office Visit, 18 and Up",
                "standard_category": "encounter",
                "qds_data_type": "encounter",
                "code_list_id": "2.16.840.1.113883.3.464.1003.101.12.1023",
                "type": "encounters",
                "definition": "encounter",
                "status": "performed",
                "hard_status": false,
                "negation": false,
                "source_data_criteria": "EncounterPerformedPreventiveCareServicesInitialOfficeVisit18AndUp",
                "temporal_references": [
                  {
                    "type": "DURING",
                    "reference": "MeasurePeriod",
                    "title": "MeasurePeriod"
                  }
                ]
              },
              {
                "title": "Home Healthcare Services",
                "description": "Encounter, Performed: Home Healthcare Services",
                "standard_category": "encounter",
                "qds_data_type": "encounter",
                "code_list_id": "2.16.840.1.113883.3.464.1003.101.12.1016",
                "type": "encounters",
                "definition": "encounter",
                "status": "performed",
                "hard_status": false,
                "negation": false,
                "source_data_criteria": "EncounterPerformedHomeHealthcareServices",
                "temporal_references": [
                  {
                    "type": "DURING",
                    "reference": "MeasurePeriod",
                    "title": "MeasurePeriod"
                  }
                ]
              },
              {
                "title": "Annual Wellness Visit",
                "description": "Encounter, Performed: Annual Wellness Visit",
                "standard_category": "encounter",
                "qds_data_type": "encounter",
                "code_list_id": "2.16.840.1.113883.3.526.3.1240",
                "type": "encounters",
                "definition": "encounter",
                "status": "performed",
                "hard_status": false,
                "negation": false,
                "source_data_criteria": "EncounterPerformedAnnualWellnessVisit",
                "temporal_references": [
                  {
                    "type": "DURING",
                    "reference": "MeasurePeriod",
                    "title": "MeasurePeriod"
                  }
                ]
              },
              {
                "title": "Psych Visit - Diagnostic or Evaluative Interview",
                "description": "Encounter, Performed: Psych Visit - Diagnostic or Evaluative Interview",
                "standard_category": "encounter",
                "qds_data_type": "encounter",
                "code_list_id": "2.16.840.1.113883.3.526.3.1013",
                "type": "encounters",
                "definition": "encounter",
                "status": "performed",
                "hard_status": false,
                "negation": false,
                "source_data_criteria": "EncounterPerformedPsychVisitDiagnosticOrEvaluativeInterview",
                "temporal_references": [
                  {
                    "type": "DURING",
                    "reference": "MeasurePeriod",
                    "title": "MeasurePeriod"
                  }
                ]
              },
              {
                "title": "Psych Visit - Individual Outpatient Interactive Psychotherapy",
                "description": "Encounter, Performed: Psych Visit - Individual Outpatient Interactive Psychotherapy",
                "standard_category": "encounter",
                "qds_data_type": "encounter",
                "code_list_id": "2.16.840.1.113883.3.526.3.1015",
                "type": "encounters",
                "definition": "encounter",
                "status": "performed",
                "hard_status": false,
                "negation": false,
                "source_data_criteria": "EncounterPerformedPsychVisitIndividualOutpatientInteractivePsychotherapy",
                "temporal_references": [
                  {
                    "type": "DURING",
                    "reference": "MeasurePeriod",
                    "title": "MeasurePeriod"
                  }
                ]
              },
              {
                "title": "Psych Visit - Individual Outpatient Psychotherapy",
                "description": "Encounter, Performed: Psych Visit - Individual Outpatient Psychotherapy",
                "standard_category": "encounter",
                "qds_data_type": "encounter",
                "code_list_id": "2.16.840.1.113883.3.526.3.1014",
                "type": "encounters",
                "definition": "encounter",
                "status": "performed",
                "hard_status": false,
                "negation": false,
                "source_data_criteria": "EncounterPerformedPsychVisitIndividualOutpatientPsychotherapy",
                "temporal_references": [
                  {
                    "type": "DURING",
                    "reference": "MeasurePeriod",
                    "title": "MeasurePeriod"
                  }
                ]
              },
              {
                "title": "Psych Visit - Medication Management",
                "description": "Encounter, Performed: Psych Visit - Medication Management",
                "standard_category": "encounter",
                "qds_data_type": "encounter",
                "code_list_id": "2.16.840.1.113883.3.526.3.1019",
                "type": "encounters",
                "definition": "encounter",
                "status": "performed",
                "hard_status": false,
                "negation": false,
                "source_data_criteria": "EncounterPerformedPsychVisitMedicationManagement",
                "temporal_references": [
                  {
                    "type": "DURING",
                    "reference": "MeasurePeriod",
                    "title": "MeasurePeriod"
                  }
                ]
              }
            ],
            "negation": null,
            "precondition_id": 561
          }
        ],
        "negation": null,
        "precondition_id": 563
      }
    ]
  },
  "denominator": {
    "conjunction": "and",
    "items": [

    ]
  },
  "numerator": {
    "conjunction": "and",
    "items": [
      {
        "conjunction": "and",
        "items": [
          {
            "title": "Antidepressant Medication",
            "description": "Medication, Active: Antidepressant Medication",
            "standard_category": "medication",
            "qds_data_type": "medication_active",
            "code_list_id": "2.16.840.1.113883.3.464.1003.196.12.1213",
            "type": "medications",
            "definition": "medication",
            "status": "active",
            "hard_status": false,
            "negation": false,
            "source_data_criteria": "MedicationActiveAntidepressantMedication",
            "field_values": {
              "CUMULATIVE_MEDICATION_DURATION": {
                "type": "IVL_PQ",
                "low": {
                  "type": "PQ",
                  "unit": "d",
                  "value": "84",
                  "inclusive?": true,
                  "derived?": false
                }
              }
            },
            "temporal_references": [
              {
                "type": "EAS",
                "reference": {
                  "title": "Antidepressant Medication",
                  "description": "Medication, Dispensed: Antidepressant Medication",
                  "standard_category": "medication",
                  "qds_data_type": "medication_dispensed",
                  "code_list_id": "2.16.840.1.113883.3.464.1003.196.12.1213",
                  "type": "medications",
                  "definition": "medication",
                  "status": "dispensed",
                  "hard_status": false,
                  "negation": false,
                  "specific_occurrence": "A",
                  "source_data_criteria": "OccurrenceAAntidepressantMedication42"
                },
                "range": {
                  "type": "IVL_PQ",
                  "high": {
                    "type": "PQ",
                    "unit": "d",
                    "value": "114",
                    "inclusive?": true,
                    "derived?": false
                  }
                }
              }
            ]
          }
        ],
        "negation": null,
        "precondition_id": 521
      }
    ]
  },
  "exclusions": {
    "conjunction": "and",
    "items": [
      {
        "conjunction": "and",
        "items": [
          {
            "title": "Antidepressant Medication",
            "description": "Medication, Active: Antidepressant Medication",
            "standard_category": "medication",
            "qds_data_type": "medication_active",
            "code_list_id": "2.16.840.1.113883.3.464.1003.196.12.1213",
            "type": "medications",
            "definition": "medication",
            "status": "active",
            "hard_status": false,
            "negation": false,
            "source_data_criteria": "MedicationActiveAntidepressantMedication",
            "temporal_references": [
              {
                "type": "SBS",
                "reference": {
                  "title": "Antidepressant Medication",
                  "description": "Medication, Dispensed: Antidepressant Medication",
                  "standard_category": "medication",
                  "qds_data_type": "medication_dispensed",
                  "code_list_id": "2.16.840.1.113883.3.464.1003.196.12.1213",
                  "type": "medications",
                  "definition": "medication",
                  "status": "dispensed",
                  "hard_status": false,
                  "negation": false,
                  "specific_occurrence": "A",
                  "source_data_criteria": "OccurrenceAAntidepressantMedication42"
                },
                "range": {
                  "type": "IVL_PQ",
                  "high": {
                    "type": "PQ",
                    "unit": "d",
                    "value": "90",
                    "inclusive?": true,
                    "derived?": false
                  }
                }
              }
            ]
          }
        ],
        "negation": null,
        "precondition_id": 518
      }
    ]
  },
  "map_fn": "function() {\n        var patient = this;\n        var effective_date = <%= effective_date %>;\n\n        hqmfjs = {}\n        <%= init_js_frameworks %>\n        \n        \n      var patient_api = new hQuery.Patient(patient);\n\n      \n\n      // clear out logger\n      if (typeof Logger != 'undefined') Logger.logger = [];\n      // turn on logging if it is enabled\n      if (Logger.enabled) enableLogging();\n      \n      \n        // #########################\n        // ##### DATA ELEMENTS #####\n        // #########################\n\n        OidDictionary = <%= oid_dictionary %>;\n        \n        // Measure variables\nvar MeasurePeriod = {\n  \"low\": new TS(\"20100101\", null, true),\n  \"high\": new TS(\"20110101\", null, true)\n}\nhqmfjs.MeasurePeriod = function(patient) {\n  return [new hQuery.CodedEntry(\n    {\n      \"start_time\": MeasurePeriod.low.asDate().getTime()/1000,\n      \"end_time\": MeasurePeriod.high.asDate().getTime()/1000,\n      \"codes\": {}\n    }\n  )];\n}\nif (typeof effective_date === 'number') {\n  MeasurePeriod.high.date = new Date(1000*effective_date);\n  MeasurePeriod.low.date = new Date(1000*effective_date);\n  MeasurePeriod.low.date.setFullYear(MeasurePeriod.low.date.getFullYear()-1);\n}\n\n// Data critera\nhqmfjs.OccurrenceAMajorDepression41 = function(patient) {\n  var events = patient.allProblems();\n  events.specific_occurrence = 'OccurrenceAMajorDepression41'\n  events = events.withStatuses([\"active\"]);\n  events = events.withoutNegation();\n  var codes = getCodes(\"2.16.840.1.113883.3.464.1003.105.12.1007\");\n  var start = null;\n  var end = null;\n  events = events.match(codes, start, end, true);\n\n  events.specificContext=new Specifics(Row.buildForDataCriteria(events.specific_occurrence, events))\n  return events;\n}\n\nhqmfjs.OccurrenceAAntidepressantMedication42 = function(patient) {\n  var events = patient.allMedications();\n  events.specific_occurrence = 'OccurrenceAAntidepressantMedication42'\n  events = events.withStatuses([\"dispensed\"]);\n  events = events.withoutNegation();\n  var codes = getCodes(\"2.16.840.1.113883.3.464.1003.196.12.1213\");\n  var start = null;\n  var end = null;\n  events = events.match(codes, start, end, true);\n\n  events.specificContext=new Specifics(Row.buildForDataCriteria(events.specific_occurrence, events))\n  return events;\n}\n\nhqmfjs.DiagnosisActiveMajorDepression = function(patient) {\n  var events = patient.allProblems();\n  events = events.withStatuses([\"active\"]);\n  events = events.withoutNegation();\n  var codes = getCodes(\"2.16.840.1.113883.3.464.1003.105.12.1007\");\n  var start = null;\n  var end = null;\n  events = events.match(codes, start, end, true);\n\n  events.specificContext=Specifics.identity()\n  return events;\n}\n\nhqmfjs.MedicationDispensedAntidepressantMedication = function(patient) {\n  var events = patient.allMedications();\n  events = events.withStatuses([\"dispensed\"]);\n  events = events.withoutNegation();\n  var codes = getCodes(\"2.16.840.1.113883.3.464.1003.196.12.1213\");\n  var start = null;\n  var end = null;\n  events = events.match(codes, start, end, true);\n\n  events.specificContext=Specifics.identity()\n  return events;\n}\n\nhqmfjs.OccurrenceAMajorDepression41 = function(patient) {\n  var events = patient.allProblems();\n  events.specific_occurrence = 'OccurrenceAMajorDepression41'\n  events = events.withStatuses([\"active\"]);\n  events = events.withoutNegation();\n  var codes = getCodes(\"2.16.840.1.113883.3.464.1003.105.12.1007\");\n  var start = null;\n  var end = null;\n  events = events.match(codes, start, end, true);\n\n  events.specificContext=new Specifics(Row.buildForDataCriteria(events.specific_occurrence, events))\n  return events;\n}\n\nhqmfjs.OccurrenceAAntidepressantMedication42 = function(patient) {\n  var events = patient.allMedications();\n  events.specific_occurrence = 'OccurrenceAAntidepressantMedication42'\n  events = events.withStatuses([\"dispensed\"]);\n  events = events.withoutNegation();\n  var codes = getCodes(\"2.16.840.1.113883.3.464.1003.196.12.1213\");\n  var start = null;\n  var end = null;\n  events = events.match(codes, start, end, true);\n\n  events.specificContext=new Specifics(Row.buildForDataCriteria(events.specific_occurrence, events))\n  return events;\n}\n\nhqmfjs.MedicationActiveAntidepressantMedication_precondition_516 = function(patient) {\n  var events = patient.allMedications();\n  events = events.withStatuses([\"active\"]);\n  events = events.withoutNegation();\n  var codes = getCodes(\"2.16.840.1.113883.3.464.1003.196.12.1213\");\n  var start = null;\n  var end = null;\n  events = events.match(codes, start, end, true);\n\n  events = SBS(events, hqmfjs.OccurrenceAAntidepressantMedication42(patient), new IVL_PQ(null, new PQ(90, \"d\", true)));\n  return events;\n}\n\nhqmfjs.MedicationActiveAntidepressantMedication_precondition_519 = function(patient) {\n  var events = patient.allMedications();\n  events = events.withStatuses([\"active\"]);\n  events = events.withoutNegation();\n  var codes = getCodes(\"2.16.840.1.113883.3.464.1003.196.12.1213\");\n  var start = null;\n  var end = null;\n  events = events.match(codes, start, end, true);\n\n  events = filterEventsByField(events, \"cumulativeMedicationDuration\", new IVL_PQ(new PQ(84, \"d\", true), null));\n  events = EAS(events, hqmfjs.OccurrenceAAntidepressantMedication42(patient), new IVL_PQ(null, new PQ(114, \"d\", true)));\n  return events;\n}\n\nhqmfjs.MedicationActiveAntidepressantMedication_precondition_522 = function(patient) {\n  var events = patient.allMedications();\n  events = events.withStatuses([\"active\"]);\n  events = events.withoutNegation();\n  var codes = getCodes(\"2.16.840.1.113883.3.464.1003.196.12.1213\");\n  var start = null;\n  var end = null;\n  events = events.match(codes, start, end, true);\n\n  events = filterEventsByField(events, \"cumulativeMedicationDuration\", new IVL_PQ(new PQ(180, \"d\", true), null));\n  events = EAS(events, hqmfjs.OccurrenceAAntidepressantMedication42(patient), new IVL_PQ(null, new PQ(231, \"d\", true)));\n  return events;\n}\n\nhqmfjs.OccurrenceAMajorDepression41_precondition_525 = function(patient) {\n  var events = patient.allProblems();\n  events.specific_occurrence = 'OccurrenceAMajorDepression41'\n  events = events.withStatuses([\"active\"]);\n  events = events.withoutNegation();\n  var codes = getCodes(\"2.16.840.1.113883.3.464.1003.105.12.1007\");\n  var start = null;\n  var end = null;\n  events = events.match(codes, start, end, true);\n\n  events = SAS(events, hqmfjs.MeasurePeriod(patient), new IVL_PQ(null, new PQ(180, \"d\", true)));\n  return events;\n}\n\nhqmfjs.OccurrenceAMajorDepression41_precondition_527 = function(patient) {\n  var events = patient.allProblems();\n  events.specific_occurrence = 'OccurrenceAMajorDepression41'\n  events = events.withStatuses([\"active\"]);\n  events = events.withoutNegation();\n  var codes = getCodes(\"2.16.840.1.113883.3.464.1003.105.12.1007\");\n  var start = null;\n  var end = null;\n  events = events.match(codes, start, end, true);\n\n  events = SBS(events, hqmfjs.MeasurePeriod(patient), new IVL_PQ(null, new PQ(180, \"d\", true)));\n  return events;\n}\n\nhqmfjs.GROUP_FIRST_3 = function(patient) {\n  var events = UNION(\n    hqmfjs.OccurrenceAMajorDepression41_precondition_525(patient),\n    hqmfjs.OccurrenceAMajorDepression41_precondition_527(patient)\n  );\n\n  events.specificContext=Specifics.identity()\n  events = FIRST(events);\n  return events;\n}\n\nhqmfjs.OccurrenceAAntidepressantMedication42_precondition_532 = function(patient) {\n  var events = patient.allMedications();\n  events.specific_occurrence = 'OccurrenceAAntidepressantMedication42'\n  events = events.withStatuses([\"dispensed\"]);\n  events = events.withoutNegation();\n  var codes = getCodes(\"2.16.840.1.113883.3.464.1003.196.12.1213\");\n  var start = null;\n  var end = null;\n  events = events.match(codes, start, end, true);\n\n  events = SAS(events, hqmfjs.OccurrenceAMajorDepression41(patient), new IVL_PQ(null, new PQ(14, \"d\", true)));\n  return events;\n}\n\nhqmfjs.OccurrenceAAntidepressantMedication42_precondition_534 = function(patient) {\n  var events = patient.allMedications();\n  events.specific_occurrence = 'OccurrenceAAntidepressantMedication42'\n  events = events.withStatuses([\"dispensed\"]);\n  events = events.withoutNegation();\n  var codes = getCodes(\"2.16.840.1.113883.3.464.1003.196.12.1213\");\n  var start = null;\n  var end = null;\n  events = events.match(codes, start, end, true);\n\n  events = SBS(events, hqmfjs.OccurrenceAMajorDepression41(patient), new IVL_PQ(null, new PQ(30, \"d\", true)));\n  return events;\n}\n\nhqmfjs.GROUP_FIRST_4 = function(patient) {\n  var events = UNION(\n    hqmfjs.OccurrenceAAntidepressantMedication42_precondition_532(patient),\n    hqmfjs.OccurrenceAAntidepressantMedication42_precondition_534(patient)\n  );\n\n  events.specificContext=Specifics.identity()\n  events = FIRST(events);\n  return events;\n}\n\nhqmfjs.PatientCharacteristicBirthdateBirthDate_precondition_539 = function(patient) {\nvar value = patient.birthtime();\nvar events = [value];\nevents = SBS(events, hqmfjs.MeasurePeriod(patient), new IVL_PQ(new PQ(18, \"a\", true), null));\nevents.specificContext=Specifics.identity();\nreturn events;\n\n}\n\nhqmfjs.EncounterPerformedOfficeVisit_precondition_541 = function(patient) {\n  var events = patient.encounters();\n  events = events.withStatuses([\"performed\"]);\n  events = events.withoutNegation();\n  var codes = getCodes(\"2.16.840.1.113883.3.464.1003.101.12.1001\");\n  var start = null;\n  var end = null;\n  events = events.match(codes, start, end, true);\n\n  events = DURING(events, hqmfjs.MeasurePeriod(patient));\n  return events;\n}\n\nhqmfjs.EncounterPerformedFaceToFaceInteraction_precondition_543 = function(patient) {\n  var events = patient.encounters();\n  events = events.withStatuses([\"performed\"]);\n  events = events.withoutNegation();\n  var codes = getCodes(\"2.16.840.1.113883.3.464.1003.101.12.1048\");\n  var start = null;\n  var end = null;\n  events = events.match(codes, start, end, true);\n\n  events = DURING(events, hqmfjs.MeasurePeriod(patient));\n  return events;\n}\n\nhqmfjs.EncounterPerformedPreventiveCareServicesEstablishedOfficeVisit18AndUp_precondition_545 = function(patient) {\n  var events = patient.encounters();\n  events = events.withStatuses([\"performed\"]);\n  events = events.withoutNegation();\n  var codes = getCodes(\"2.16.840.1.113883.3.464.1003.101.12.1025\");\n  var start = null;\n  var end = null;\n  events = events.match(codes, start, end, true);\n\n  events = DURING(events, hqmfjs.MeasurePeriod(patient));\n  return events;\n}\n\nhqmfjs.EncounterPerformedPreventiveCareServicesInitialOfficeVisit18AndUp_precondition_547 = function(patient) {\n  var events = patient.encounters();\n  events = events.withStatuses([\"performed\"]);\n  events = events.withoutNegation();\n  var codes = getCodes(\"2.16.840.1.113883.3.464.1003.101.12.1023\");\n  var start = null;\n  var end = null;\n  events = events.match(codes, start, end, true);\n\n  events = DURING(events, hqmfjs.MeasurePeriod(patient));\n  return events;\n}\n\nhqmfjs.EncounterPerformedHomeHealthcareServices_precondition_549 = function(patient) {\n  var events = patient.encounters();\n  events = events.withStatuses([\"performed\"]);\n  events = events.withoutNegation();\n  var codes = getCodes(\"2.16.840.1.113883.3.464.1003.101.12.1016\");\n  var start = null;\n  var end = null;\n  events = events.match(codes, start, end, true);\n\n  events = DURING(events, hqmfjs.MeasurePeriod(patient));\n  return events;\n}\n\nhqmfjs.EncounterPerformedAnnualWellnessVisit_precondition_551 = function(patient) {\n  var events = patient.encounters();\n  events = events.withStatuses([\"performed\"]);\n  events = events.withoutNegation();\n  var codes = getCodes(\"2.16.840.1.113883.3.526.3.1240\");\n  var start = null;\n  var end = null;\n  events = events.match(codes, start, end, true);\n\n  events = DURING(events, hqmfjs.MeasurePeriod(patient));\n  return events;\n}\n\nhqmfjs.EncounterPerformedPsychVisitDiagnosticOrEvaluativeInterview_precondition_553 = function(patient) {\n  var events = patient.encounters();\n  events = events.withStatuses([\"performed\"]);\n  events = events.withoutNegation();\n  var codes = getCodes(\"2.16.840.1.113883.3.526.3.1013\");\n  var start = null;\n  var end = null;\n  events = events.match(codes, start, end, true);\n\n  events = DURING(events, hqmfjs.MeasurePeriod(patient));\n  return events;\n}\n\nhqmfjs.EncounterPerformedPsychVisitIndividualOutpatientInteractivePsychotherapy_precondition_555 = function(patient) {\n  var events = patient.encounters();\n  events = events.withStatuses([\"performed\"]);\n  events = events.withoutNegation();\n  var codes = getCodes(\"2.16.840.1.113883.3.526.3.1015\");\n  var start = null;\n  var end = null;\n  events = events.match(codes, start, end, true);\n\n  events = DURING(events, hqmfjs.MeasurePeriod(patient));\n  return events;\n}\n\nhqmfjs.EncounterPerformedPsychVisitIndividualOutpatientPsychotherapy_precondition_557 = function(patient) {\n  var events = patient.encounters();\n  events = events.withStatuses([\"performed\"]);\n  events = events.withoutNegation();\n  var codes = getCodes(\"2.16.840.1.113883.3.526.3.1014\");\n  var start = null;\n  var end = null;\n  events = events.match(codes, start, end, true);\n\n  events = DURING(events, hqmfjs.MeasurePeriod(patient));\n  return events;\n}\n\nhqmfjs.EncounterPerformedPsychVisitMedicationManagement_precondition_559 = function(patient) {\n  var events = patient.encounters();\n  events = events.withStatuses([\"performed\"]);\n  events = events.withoutNegation();\n  var codes = getCodes(\"2.16.840.1.113883.3.526.3.1019\");\n  var start = null;\n  var end = null;\n  events = events.match(codes, start, end, true);\n\n  events = DURING(events, hqmfjs.MeasurePeriod(patient));\n  return events;\n}\n\n\n\n        // #########################\n        // ##### MEASURE LOGIC #####\n        // #########################\n        \n        hqmfjs.initializeSpecifics = function(patient_api, hqmfjs) { Specifics.initialize(patient_api,hqmfjs,{\"id\":\"OccurrenceAMajorDepression41\",\"type\":\"\",\"function\":\"OccurrenceAMajorDepression41\"},{\"id\":\"OccurrenceAAntidepressantMedication42\",\"type\":\"\",\"function\":\"OccurrenceAAntidepressantMedication42\"}) }\n\n        // INITIAL PATIENT POPULATION\n        hqmfjs.IPP = function(patient) {\n  return allTrue(  \n    allTrue(    \n      hqmfjs.GROUP_FIRST_3(patient),    \n      hqmfjs.GROUP_FIRST_4(patient),    \n      hqmfjs.PatientCharacteristicBirthdateBirthDate_precondition_539(patient),    \n      atLeastOneTrue(      \n        hqmfjs.EncounterPerformedOfficeVisit_precondition_541(patient),      \n        hqmfjs.EncounterPerformedFaceToFaceInteraction_precondition_543(patient),      \n        hqmfjs.EncounterPerformedPreventiveCareServicesEstablishedOfficeVisit18AndUp_precondition_545(patient),      \n        hqmfjs.EncounterPerformedPreventiveCareServicesInitialOfficeVisit18AndUp_precondition_547(patient),      \n        hqmfjs.EncounterPerformedHomeHealthcareServices_precondition_549(patient),      \n        hqmfjs.EncounterPerformedAnnualWellnessVisit_precondition_551(patient),      \n        hqmfjs.EncounterPerformedPsychVisitDiagnosticOrEvaluativeInterview_precondition_553(patient),      \n        hqmfjs.EncounterPerformedPsychVisitIndividualOutpatientInteractivePsychotherapy_precondition_555(patient),      \n        hqmfjs.EncounterPerformedPsychVisitIndividualOutpatientPsychotherapy_precondition_557(patient),      \n        hqmfjs.EncounterPerformedPsychVisitMedicationManagement_precondition_559(patient)\n      )\n    )\n  );\n};\n\n\n        // DENOMINATOR\n        hqmfjs.DENOM = function(patient) { return new Boolean(true); }\n        // NUMERATOR\n        hqmfjs.NUMER = function(patient) {\n  return allTrue(  \n    allTrue(    \n      hqmfjs.MedicationActiveAntidepressantMedication_precondition_519(patient)\n    )\n  );\n};\n\n\n        hqmfjs.DENEX = function(patient) {\n  return atLeastOneTrue(  \n    allTrue(    \n      hqmfjs.MedicationActiveAntidepressantMedication_precondition_516(patient)\n    )\n  );\n};\n\n\n        hqmfjs.DENEXCEP = function(patient) { return new Boolean(false); }\n        \n\n      hqmfjs.initializeSpecifics(patient_api, hqmfjs)\n      \n      var population = function() {\n        return executeIfAvailable(hqmfjs.IPP, patient_api);\n      }\n      var denominator = function() {\n        return executeIfAvailable(hqmfjs.DENOM, patient_api);\n      }\n      var numerator = function() {\n        return executeIfAvailable(hqmfjs.NUMER, patient_api);\n      }\n      var exclusion = function() {\n        return executeIfAvailable(hqmfjs.DENEX, patient_api);\n      }\n      var denexcep = function() {\n        return executeIfAvailable(hqmfjs.DENEXCEP, patient_api);\n      }\n      \n      var executeIfAvailable = function(optionalFunction, arg) {\n        if (typeof(optionalFunction)==='function')\n          return optionalFunction(arg);\n        else\n          return false;\n      }\n\n      if (Logger.enabled) enableMeasureLogging(hqmfjs);\n\n      map(patient, population, denominator, numerator, exclusion, denexcep);\n      \n      };\n      ",
  "sub_id": "a",
  "subtitle": "84 days",
  "short_subtitle": "84 days",
  "data_criteria": [
    {
      "MedicationActiveAntidepressantMedication_precondition_516": {
        "title": "Antidepressant Medication",
        "description": "Medication, Active: Antidepressant Medication",
        "standard_category": "medication",
        "qds_data_type": "medication_active",
        "code_list_id": "2.16.840.1.113883.3.464.1003.196.12.1213",
        "type": "medications",
        "definition": "medication",
        "status": "active",
        "hard_status": false,
        "negation": false,
        "source_data_criteria": "MedicationActiveAntidepressantMedication",
        "temporal_references": [
          {
            "type": "SBS",
            "reference": "OccurrenceAAntidepressantMedication42",
            "range": {
              "type": "IVL_PQ",
              "high": {
                "type": "PQ",
                "unit": "d",
                "value": "90",
                "inclusive?": true,
                "derived?": false
              }
            }
          }
        ]
      }
    },
    {
      "OccurrenceAAntidepressantMedication42": {
        "title": "Antidepressant Medication",
        "description": "Medication, Dispensed: Antidepressant Medication",
        "standard_category": "medication",
        "qds_data_type": "medication_dispensed",
        "code_list_id": "2.16.840.1.113883.3.464.1003.196.12.1213",
        "type": "medications",
        "definition": "medication",
        "status": "dispensed",
        "hard_status": false,
        "negation": false,
        "specific_occurrence": "A",
        "source_data_criteria": "OccurrenceAAntidepressantMedication42"
      }
    },
    {
      "MedicationActiveAntidepressantMedication_precondition_519": {
        "title": "Antidepressant Medication",
        "description": "Medication, Active: Antidepressant Medication",
        "standard_category": "medication",
        "qds_data_type": "medication_active",
        "code_list_id": "2.16.840.1.113883.3.464.1003.196.12.1213",
        "type": "medications",
        "definition": "medication",
        "status": "active",
        "hard_status": false,
        "negation": false,
        "source_data_criteria": "MedicationActiveAntidepressantMedication",
        "field_values": {
          "CUMULATIVE_MEDICATION_DURATION": {
            "type": "IVL_PQ",
            "low": {
              "type": "PQ",
              "unit": "d",
              "value": "84",
              "inclusive?": true,
              "derived?": false
            }
          }
        },
        "temporal_references": [
          {
            "type": "EAS",
            "reference": "OccurrenceAAntidepressantMedication42",
            "range": {
              "type": "IVL_PQ",
              "high": {
                "type": "PQ",
                "unit": "d",
                "value": "114",
                "inclusive?": true,
                "derived?": false
              }
            }
          }
        ]
      }
    },
    {
      "MedicationActiveAntidepressantMedication_precondition_522": {
        "title": "Antidepressant Medication",
        "description": "Medication, Active: Antidepressant Medication",
        "standard_category": "medication",
        "qds_data_type": "medication_active",
        "code_list_id": "2.16.840.1.113883.3.464.1003.196.12.1213",
        "type": "medications",
        "definition": "medication",
        "status": "active",
        "hard_status": false,
        "negation": false,
        "source_data_criteria": "MedicationActiveAntidepressantMedication",
        "field_values": {
          "CUMULATIVE_MEDICATION_DURATION": {
            "type": "IVL_PQ",
            "low": {
              "type": "PQ",
              "unit": "d",
              "value": "180",
              "inclusive?": true,
              "derived?": false
            }
          }
        },
        "temporal_references": [
          {
            "type": "EAS",
            "reference": "OccurrenceAAntidepressantMedication42",
            "range": {
              "type": "IVL_PQ",
              "high": {
                "type": "PQ",
                "unit": "d",
                "value": "231",
                "inclusive?": true,
                "derived?": false
              }
            }
          }
        ]
      }
    },
    {
      "GROUP_FIRST_3": {
        "title": "GROUP_FIRST_3",
        "description": "",
        "standard_category": "",
        "qds_data_type": "",
        "children_criteria": [
          "OccurrenceAMajorDepression41_precondition_525",
          "OccurrenceAMajorDepression41_precondition_527"
        ],
        "derivation_operator": "UNION",
        "type": "derived",
        "definition": "derived",
        "hard_status": false,
        "negation": false,
        "source_data_criteria": "GROUP_FIRST_3",
        "subset_operators": [
          {
            "type": "FIRST"
          }
        ]
      }
    },
    {
      "OccurrenceAMajorDepression41_precondition_525": {
        "title": "Major Depression",
        "description": "Diagnosis, Active: Major Depression",
        "standard_category": "diagnosis_condition_problem",
        "qds_data_type": "diagnosis_active",
        "code_list_id": "2.16.840.1.113883.3.464.1003.105.12.1007",
        "type": "conditions",
        "definition": "diagnosis",
        "status": "active",
        "hard_status": false,
        "negation": false,
        "specific_occurrence": "A",
        "source_data_criteria": "OccurrenceAMajorDepression41",
        "temporal_references": [
          {
            "type": "SAS",
            "reference": "MeasurePeriod",
            "range": {
              "type": "IVL_PQ",
              "high": {
                "type": "PQ",
                "unit": "d",
                "value": "180",
                "inclusive?": true,
                "derived?": false
              }
            }
          }
        ]
      }
    },
    {
      "OccurrenceAMajorDepression41_precondition_527": {
        "title": "Major Depression",
        "description": "Diagnosis, Active: Major Depression",
        "standard_category": "diagnosis_condition_problem",
        "qds_data_type": "diagnosis_active",
        "code_list_id": "2.16.840.1.113883.3.464.1003.105.12.1007",
        "type": "conditions",
        "definition": "diagnosis",
        "status": "active",
        "hard_status": false,
        "negation": false,
        "specific_occurrence": "A",
        "source_data_criteria": "OccurrenceAMajorDepression41",
        "temporal_references": [
          {
            "type": "SBS",
            "reference": "MeasurePeriod",
            "range": {
              "type": "IVL_PQ",
              "high": {
                "type": "PQ",
                "unit": "d",
                "value": "180",
                "inclusive?": true,
                "derived?": false
              }
            }
          }
        ]
      }
    },
    {
      "GROUP_FIRST_4": {
        "title": "GROUP_FIRST_4",
        "description": "",
        "standard_category": "",
        "qds_data_type": "",
        "children_criteria": [
          "OccurrenceAAntidepressantMedication42_precondition_532",
          "OccurrenceAAntidepressantMedication42_precondition_534"
        ],
        "derivation_operator": "UNION",
        "type": "derived",
        "definition": "derived",
        "hard_status": false,
        "negation": false,
        "source_data_criteria": "GROUP_FIRST_4",
        "subset_operators": [
          {
            "type": "FIRST"
          }
        ]
      }
    },
    {
      "OccurrenceAAntidepressantMedication42_precondition_532": {
        "title": "Antidepressant Medication",
        "description": "Medication, Dispensed: Antidepressant Medication",
        "standard_category": "medication",
        "qds_data_type": "medication_dispensed",
        "code_list_id": "2.16.840.1.113883.3.464.1003.196.12.1213",
        "type": "medications",
        "definition": "medication",
        "status": "dispensed",
        "hard_status": false,
        "negation": false,
        "specific_occurrence": "A",
        "source_data_criteria": "OccurrenceAAntidepressantMedication42",
        "temporal_references": [
          {
            "type": "SAS",
            "reference": "OccurrenceAMajorDepression41",
            "range": {
              "type": "IVL_PQ",
              "high": {
                "type": "PQ",
                "unit": "d",
                "value": "14",
                "inclusive?": true,
                "derived?": false
              }
            }
          }
        ]
      }
    },
    {
      "OccurrenceAMajorDepression41": {
        "title": "Major Depression",
        "description": "Diagnosis, Active: Major Depression",
        "standard_category": "diagnosis_condition_problem",
        "qds_data_type": "diagnosis_active",
        "code_list_id": "2.16.840.1.113883.3.464.1003.105.12.1007",
        "type": "conditions",
        "definition": "diagnosis",
        "status": "active",
        "hard_status": false,
        "negation": false,
        "specific_occurrence": "A",
        "source_data_criteria": "OccurrenceAMajorDepression41"
      }
    },
    {
      "OccurrenceAAntidepressantMedication42_precondition_534": {
        "title": "Antidepressant Medication",
        "description": "Medication, Dispensed: Antidepressant Medication",
        "standard_category": "medication",
        "qds_data_type": "medication_dispensed",
        "code_list_id": "2.16.840.1.113883.3.464.1003.196.12.1213",
        "type": "medications",
        "definition": "medication",
        "status": "dispensed",
        "hard_status": false,
        "negation": false,
        "specific_occurrence": "A",
        "source_data_criteria": "OccurrenceAAntidepressantMedication42",
        "temporal_references": [
          {
            "type": "SBS",
            "reference": "OccurrenceAMajorDepression41",
            "range": {
              "type": "IVL_PQ",
              "high": {
                "type": "PQ",
                "unit": "d",
                "value": "30",
                "inclusive?": true,
                "derived?": false
              }
            }
          }
        ]
      }
    },
    {
      "PatientCharacteristicBirthdateBirthDate_precondition_539": {
        "title": "birth date",
        "description": "Patient Characteristic Birthdate: birth date",
        "standard_category": "individual_characteristic",
        "qds_data_type": "individual_characteristic",
        "code_list_id": "2.16.840.1.113883.3.560.100.4",
        "property": "birthtime",
        "type": "characteristic",
        "definition": "patient_characteristic_birthdate",
        "hard_status": false,
        "negation": false,
        "source_data_criteria": "PatientCharacteristicBirthdateBirthDate",
        "inline_code_list": {
          "LOINC": [
            "21112-8"
          ]
        },
        "temporal_references": [
          {
            "type": "SBS",
            "reference": "MeasurePeriod",
            "range": {
              "type": "IVL_PQ",
              "low": {
                "type": "PQ",
                "unit": "a",
                "value": "18",
                "inclusive?": true,
                "derived?": false
              }
            }
          }
        ]
      }
    },
    {
      "EncounterPerformedOfficeVisit_precondition_541": {
        "title": "Office Visit",
        "description": "Encounter, Performed: Office Visit",
        "standard_category": "encounter",
        "qds_data_type": "encounter",
        "code_list_id": "2.16.840.1.113883.3.464.1003.101.12.1001",
        "type": "encounters",
        "definition": "encounter",
        "status": "performed",
        "hard_status": false,
        "negation": false,
        "source_data_criteria": "EncounterPerformedOfficeVisit",
        "temporal_references": [
          {
            "type": "DURING",
            "reference": "MeasurePeriod"
          }
        ]
      }
    },
    {
      "EncounterPerformedFaceToFaceInteraction_precondition_543": {
        "title": "Face-to-Face Interaction",
        "description": "Encounter, Performed: Face-to-Face Interaction",
        "standard_category": "encounter",
        "qds_data_type": "encounter",
        "code_list_id": "2.16.840.1.113883.3.464.1003.101.12.1048",
        "type": "encounters",
        "definition": "encounter",
        "status": "performed",
        "hard_status": false,
        "negation": false,
        "source_data_criteria": "EncounterPerformedFaceToFaceInteraction",
        "temporal_references": [
          {
            "type": "DURING",
            "reference": "MeasurePeriod"
          }
        ]
      }
    },
    {
      "EncounterPerformedPreventiveCareServicesEstablishedOfficeVisit18AndUp_precondition_545": {
        "title": "Preventive Care Services - Established Office Visit, 18 and Up",
        "description": "Encounter, Performed: Preventive Care Services - Established Office Visit, 18 and Up",
        "standard_category": "encounter",
        "qds_data_type": "encounter",
        "code_list_id": "2.16.840.1.113883.3.464.1003.101.12.1025",
        "type": "encounters",
        "definition": "encounter",
        "status": "performed",
        "hard_status": false,
        "negation": false,
        "source_data_criteria": "EncounterPerformedPreventiveCareServicesEstablishedOfficeVisit18AndUp",
        "temporal_references": [
          {
            "type": "DURING",
            "reference": "MeasurePeriod"
          }
        ]
      }
    },
    {
      "EncounterPerformedPreventiveCareServicesInitialOfficeVisit18AndUp_precondition_547": {
        "title": "Preventive Care Services-Initial Office Visit, 18 and Up",
        "description": "Encounter, Performed: Preventive Care Services-Initial Office Visit, 18 and Up",
        "standard_category": "encounter",
        "qds_data_type": "encounter",
        "code_list_id": "2.16.840.1.113883.3.464.1003.101.12.1023",
        "type": "encounters",
        "definition": "encounter",
        "status": "performed",
        "hard_status": false,
        "negation": false,
        "source_data_criteria": "EncounterPerformedPreventiveCareServicesInitialOfficeVisit18AndUp",
        "temporal_references": [
          {
            "type": "DURING",
            "reference": "MeasurePeriod"
          }
        ]
      }
    },
    {
      "EncounterPerformedHomeHealthcareServices_precondition_549": {
        "title": "Home Healthcare Services",
        "description": "Encounter, Performed: Home Healthcare Services",
        "standard_category": "encounter",
        "qds_data_type": "encounter",
        "code_list_id": "2.16.840.1.113883.3.464.1003.101.12.1016",
        "type": "encounters",
        "definition": "encounter",
        "status": "performed",
        "hard_status": false,
        "negation": false,
        "source_data_criteria": "EncounterPerformedHomeHealthcareServices",
        "temporal_references": [
          {
            "type": "DURING",
            "reference": "MeasurePeriod"
          }
        ]
      }
    },
    {
      "EncounterPerformedAnnualWellnessVisit_precondition_551": {
        "title": "Annual Wellness Visit",
        "description": "Encounter, Performed: Annual Wellness Visit",
        "standard_category": "encounter",
        "qds_data_type": "encounter",
        "code_list_id": "2.16.840.1.113883.3.526.3.1240",
        "type": "encounters",
        "definition": "encounter",
        "status": "performed",
        "hard_status": false,
        "negation": false,
        "source_data_criteria": "EncounterPerformedAnnualWellnessVisit",
        "temporal_references": [
          {
            "type": "DURING",
            "reference": "MeasurePeriod"
          }
        ]
      }
    },
    {
      "EncounterPerformedPsychVisitDiagnosticOrEvaluativeInterview_precondition_553": {
        "title": "Psych Visit - Diagnostic or Evaluative Interview",
        "description": "Encounter, Performed: Psych Visit - Diagnostic or Evaluative Interview",
        "standard_category": "encounter",
        "qds_data_type": "encounter",
        "code_list_id": "2.16.840.1.113883.3.526.3.1013",
        "type": "encounters",
        "definition": "encounter",
        "status": "performed",
        "hard_status": false,
        "negation": false,
        "source_data_criteria": "EncounterPerformedPsychVisitDiagnosticOrEvaluativeInterview",
        "temporal_references": [
          {
            "type": "DURING",
            "reference": "MeasurePeriod"
          }
        ]
      }
    },
    {
      "EncounterPerformedPsychVisitIndividualOutpatientInteractivePsychotherapy_precondition_555": {
        "title": "Psych Visit - Individual Outpatient Interactive Psychotherapy",
        "description": "Encounter, Performed: Psych Visit - Individual Outpatient Interactive Psychotherapy",
        "standard_category": "encounter",
        "qds_data_type": "encounter",
        "code_list_id": "2.16.840.1.113883.3.526.3.1015",
        "type": "encounters",
        "definition": "encounter",
        "status": "performed",
        "hard_status": false,
        "negation": false,
        "source_data_criteria": "EncounterPerformedPsychVisitIndividualOutpatientInteractivePsychotherapy",
        "temporal_references": [
          {
            "type": "DURING",
            "reference": "MeasurePeriod"
          }
        ]
      }
    },
    {
      "EncounterPerformedPsychVisitIndividualOutpatientPsychotherapy_precondition_557": {
        "title": "Psych Visit - Individual Outpatient Psychotherapy",
        "description": "Encounter, Performed: Psych Visit - Individual Outpatient Psychotherapy",
        "standard_category": "encounter",
        "qds_data_type": "encounter",
        "code_list_id": "2.16.840.1.113883.3.526.3.1014",
        "type": "encounters",
        "definition": "encounter",
        "status": "performed",
        "hard_status": false,
        "negation": false,
        "source_data_criteria": "EncounterPerformedPsychVisitIndividualOutpatientPsychotherapy",
        "temporal_references": [
          {
            "type": "DURING",
            "reference": "MeasurePeriod"
          }
        ]
      }
    },
    {
      "EncounterPerformedPsychVisitMedicationManagement_precondition_559": {
        "title": "Psych Visit - Medication Management",
        "description": "Encounter, Performed: Psych Visit - Medication Management",
        "standard_category": "encounter",
        "qds_data_type": "encounter",
        "code_list_id": "2.16.840.1.113883.3.526.3.1019",
        "type": "encounters",
        "definition": "encounter",
        "status": "performed",
        "hard_status": false,
        "negation": false,
        "source_data_criteria": "EncounterPerformedPsychVisitMedicationManagement",
        "temporal_references": [
          {
            "type": "DURING",
            "reference": "MeasurePeriod"
          }
        ]
      }
    }
  ],
  "oids": [
    "2.16.840.1.113883.3.464.1003.105.12.1007",
    "2.16.840.1.113883.3.464.1003.101.12.1001",
    "2.16.840.1.113883.3.464.1003.101.12.1023",
    "2.16.840.1.113883.3.526.3.1013",
    "2.16.840.1.113883.3.526.3.1019",
    "2.16.840.1.113883.3.526.3.1240",
    "2.16.840.1.113883.3.464.1003.196.11.1162",
    "2.16.840.1.113883.3.464.1003.101.12.1016",
    "2.16.840.1.113883.3.464.1003.101.12.1025",
    "2.16.840.1.113883.3.464.1003.101.12.1048",
    "2.16.840.1.113883.3.464.1003.196.12.1213",
    "2.16.840.1.113883.3.526.3.1014",
    "2.16.840.1.113883.3.526.3.1015",
    "2.16.840.1.113883.3.464.1003.101.11.1005",
    "2.16.840.1.113883.3.464.1003.101.11.1080",
    "2.16.840.1.113883.3.464.1003.101.11.1115",
    "2.16.840.1.113883.3.464.1003.101.11.1125",
    "2.16.840.1.113883.3.464.1003.101.11.1216",
    "2.16.840.1.113883.3.464.1003.105.11.1017",
    "2.16.840.1.113883.3.464.1003.105.11.1018",
    "2.16.840.1.113883.3.464.1003.105.11.1019",
    "2.16.840.1.113883.3.464.1003.196.11.1102",
    "2.16.840.1.113883.3.464.1003.196.11.1137",
    "2.16.840.1.113883.3.464.1003.196.11.1141",
    "2.16.840.1.113883.3.464.1003.196.11.1158",
    "2.16.840.1.113883.3.464.1003.196.11.1159",
    "2.16.840.1.113883.3.464.1003.196.11.1194",
    "2.16.840.1.113883.3.526.2.1053",
    "2.16.840.1.113883.3.526.2.1054",
    "2.16.840.1.113883.3.526.2.1055",
    "2.16.840.1.113883.3.526.2.1059",
    "2.16.840.1.113883.3.526.2.1363",
    "2.16.840.1.113883.3.560.100.4"
  ],
  "population_ids": {
    "IPP": "7CED17BD-A1A8-4491-917B-52C1F4F88AC4",
    "DENOM": "EB3797F5-0F4E-49A2-8F7E-F06ED1DEC955",
    "NUMER": "68F31733-A3E6-47DD-862C-B941FA56E5BE",
    "DENEX": "0DBE6CE8-44D0-4C46-A557-B0943C3536C7"
  }
}