{
  "id": "8A4D92B2-3946-CDAE-0139-77EE2510640E",
  "nqf_id": "0384",
  "hqmf_id": "8A4D92B2-3946-CDAE-0139-77EE2510640E",
  "hqmf_set_id": "9A0330D0-3D9B-11E1-8634-00237D5BF174",
  "hqmf_version_number": 1,
  "endorser": null,
  "name": "Oncology: Medical and Radiation – Pain Intensity Quantified",
  "description": "Percentage of patient visits, regardless of patient age, with a diagnosis of cancer currently receiving chemotherapy or radiation therapy in which pain intensity is quantified",
  "type": "ep",
  "category": "Cancer",
  "steward": null,
  "population": {
    "conjunction": "and",
    "items": [
      {
        "conjunction": "and",
        "items": [
          {
            "conjunction": "or",
            "items": [
              {
                "title": "Cancer",
                "description": "Diagnosis, Active: Cancer",
                "standard_category": "diagnosis_condition_problem",
                "qds_data_type": "diagnosis_active",
                "code_list_id": "2.16.840.1.113883.3.526.3.1010",
                "type": "conditions",
                "definition": "diagnosis",
                "status": "active",
                "hard_status": false,
                "negation": false,
                "source_data_criteria": "DiagnosisActiveCancer",
                "temporal_references": [
                  {
                    "type": "SBE",
                    "reference": {
                      "title": "Radiation Treatment Management",
                      "description": "Procedure, Performed: Radiation Treatment Management",
                      "standard_category": "procedure",
                      "qds_data_type": "procedure_performed",
                      "code_list_id": "2.16.840.1.113883.3.526.3.1026",
                      "type": "procedures",
                      "definition": "procedure",
                      "status": "performed",
                      "hard_status": false,
                      "negation": false,
                      "specific_occurrence": "A",
                      "source_data_criteria": "OccurrenceARadiationTreatmentManagement313",
                      "temporal_references": [
                        {
                          "type": "DURING",
                          "reference": "MeasurePeriod",
                          "title": "MeasurePeriod"
                        }
                      ]
                    }
                  }
                ]
              },
              {
                "conjunction": "and",
                "items": [
                  {
                    "title": "Chemotherapy Administration",
                    "description": "Procedure, Performed: Chemotherapy Administration",
                    "standard_category": "procedure",
                    "qds_data_type": "procedure_performed",
                    "code_list_id": "2.16.840.1.113883.3.526.3.1027",
                    "type": "procedures",
                    "definition": "procedure",
                    "status": "performed",
                    "hard_status": false,
                    "negation": false,
                    "specific_occurrence": "A",
                    "source_data_criteria": "OccurrenceAChemotherapyAdministration315",
                    "temporal_references": [
                      {
                        "type": "SBE",
                        "reference": {
                          "title": "Office Visit",
                          "description": "Encounter, Performed: Office Visit",
                          "standard_category": "encounter",
                          "qds_data_type": "encounter",
                          "code_list_id": "2.16.840.1.113883.3.464.1003.101.12.1001",
                          "type": "encounters",
                          "definition": "encounter",
                          "status": "performed",
                          "hard_status": false,
                          "negation": false,
                          "specific_occurrence": "A",
                          "source_data_criteria": "OccurrenceAOfficeVisit314"
                        },
                        "range": {
                          "type": "IVL_PQ",
                          "high": {
                            "type": "PQ",
                            "unit": "d",
                            "value": "30",
                            "inclusive?": true,
                            "derived?": false
                          }
                        }
                      }
                    ]
                  },
                  {
                    "title": "Chemotherapy Administration",
                    "description": "Procedure, Performed: Chemotherapy Administration",
                    "standard_category": "procedure",
                    "qds_data_type": "procedure_performed",
                    "code_list_id": "2.16.840.1.113883.3.526.3.1027",
                    "type": "procedures",
                    "definition": "procedure",
                    "status": "performed",
                    "hard_status": false,
                    "negation": false,
                    "specific_occurrence": "B",
                    "source_data_criteria": "OccurrenceBChemotherapyAdministration316",
                    "temporal_references": [
                      {
                        "type": "SAE",
                        "reference": {
                          "title": "Office Visit",
                          "description": "Encounter, Performed: Office Visit",
                          "standard_category": "encounter",
                          "qds_data_type": "encounter",
                          "code_list_id": "2.16.840.1.113883.3.464.1003.101.12.1001",
                          "type": "encounters",
                          "definition": "encounter",
                          "status": "performed",
                          "hard_status": false,
                          "negation": false,
                          "specific_occurrence": "A",
                          "source_data_criteria": "OccurrenceAOfficeVisit314"
                        },
                        "range": {
                          "type": "IVL_PQ",
                          "high": {
                            "type": "PQ",
                            "unit": "d",
                            "value": "30",
                            "inclusive?": true,
                            "derived?": false
                          }
                        }
                      }
                    ]
                  },
                  {
                    "title": "Cancer",
                    "description": "Diagnosis, Active: Cancer",
                    "standard_category": "diagnosis_condition_problem",
                    "qds_data_type": "diagnosis_active",
                    "code_list_id": "2.16.840.1.113883.3.526.3.1010",
                    "type": "conditions",
                    "definition": "diagnosis",
                    "status": "active",
                    "hard_status": false,
                    "negation": false,
                    "source_data_criteria": "DiagnosisActiveCancer",
                    "temporal_references": [
                      {
                        "type": "SBE",
                        "reference": {
                          "title": "Office Visit",
                          "description": "Encounter, Performed: Office Visit",
                          "standard_category": "encounter",
                          "qds_data_type": "encounter",
                          "code_list_id": "2.16.840.1.113883.3.464.1003.101.12.1001",
                          "type": "encounters",
                          "definition": "encounter",
                          "status": "performed",
                          "hard_status": false,
                          "negation": false,
                          "specific_occurrence": "A",
                          "source_data_criteria": "OccurrenceAOfficeVisit314",
                          "temporal_references": [
                            {
                              "type": "DURING",
                              "reference": "MeasurePeriod",
                              "title": "MeasurePeriod"
                            }
                          ]
                        }
                      }
                    ]
                  }
                ],
                "negation": null,
                "precondition_id": 6859
              },
              {
                "conjunction": "and",
                "items": [
                  {
                    "title": "Chemotherapy Administration",
                    "description": "Procedure, Performed: Chemotherapy Administration",
                    "standard_category": "procedure",
                    "qds_data_type": "procedure_performed",
                    "code_list_id": "2.16.840.1.113883.3.526.3.1027",
                    "type": "procedures",
                    "definition": "procedure",
                    "status": "performed",
                    "hard_status": false,
                    "negation": false,
                    "specific_occurrence": "A",
                    "source_data_criteria": "OccurrenceAChemotherapyAdministration315",
                    "temporal_references": [
                      {
                        "type": "SBE",
                        "reference": {
                          "title": "Face-to-Face Interaction",
                          "description": "Encounter, Performed: Face-to-Face Interaction",
                          "standard_category": "encounter",
                          "qds_data_type": "encounter",
                          "code_list_id": "2.16.840.1.113883.3.464.1003.101.12.1048",
                          "type": "encounters",
                          "definition": "encounter",
                          "status": "performed",
                          "hard_status": false,
                          "negation": false,
                          "specific_occurrence": "A",
                          "source_data_criteria": "OccurrenceAFaceToFaceInteraction317"
                        },
                        "range": {
                          "type": "IVL_PQ",
                          "high": {
                            "type": "PQ",
                            "unit": "d",
                            "value": "30",
                            "inclusive?": true,
                            "derived?": false
                          }
                        }
                      }
                    ]
                  },
                  {
                    "title": "Chemotherapy Administration",
                    "description": "Procedure, Performed: Chemotherapy Administration",
                    "standard_category": "procedure",
                    "qds_data_type": "procedure_performed",
                    "code_list_id": "2.16.840.1.113883.3.526.3.1027",
                    "type": "procedures",
                    "definition": "procedure",
                    "status": "performed",
                    "hard_status": false,
                    "negation": false,
                    "specific_occurrence": "B",
                    "source_data_criteria": "OccurrenceBChemotherapyAdministration316",
                    "temporal_references": [
                      {
                        "type": "SAE",
                        "reference": {
                          "title": "Face-to-Face Interaction",
                          "description": "Encounter, Performed: Face-to-Face Interaction",
                          "standard_category": "encounter",
                          "qds_data_type": "encounter",
                          "code_list_id": "2.16.840.1.113883.3.464.1003.101.12.1048",
                          "type": "encounters",
                          "definition": "encounter",
                          "status": "performed",
                          "hard_status": false,
                          "negation": false,
                          "specific_occurrence": "A",
                          "source_data_criteria": "OccurrenceAFaceToFaceInteraction317"
                        },
                        "range": {
                          "type": "IVL_PQ",
                          "high": {
                            "type": "PQ",
                            "unit": "d",
                            "value": "30",
                            "inclusive?": true,
                            "derived?": false
                          }
                        }
                      }
                    ]
                  },
                  {
                    "title": "Cancer",
                    "description": "Diagnosis, Active: Cancer",
                    "standard_category": "diagnosis_condition_problem",
                    "qds_data_type": "diagnosis_active",
                    "code_list_id": "2.16.840.1.113883.3.526.3.1010",
                    "type": "conditions",
                    "definition": "diagnosis",
                    "status": "active",
                    "hard_status": false,
                    "negation": false,
                    "source_data_criteria": "DiagnosisActiveCancer",
                    "temporal_references": [
                      {
                        "type": "SBE",
                        "reference": {
                          "title": "Face-to-Face Interaction",
                          "description": "Encounter, Performed: Face-to-Face Interaction",
                          "standard_category": "encounter",
                          "qds_data_type": "encounter",
                          "code_list_id": "2.16.840.1.113883.3.464.1003.101.12.1048",
                          "type": "encounters",
                          "definition": "encounter",
                          "status": "performed",
                          "hard_status": false,
                          "negation": false,
                          "specific_occurrence": "A",
                          "source_data_criteria": "OccurrenceAFaceToFaceInteraction317",
                          "temporal_references": [
                            {
                              "type": "DURING",
                              "reference": "MeasurePeriod",
                              "title": "MeasurePeriod"
                            }
                          ]
                        }
                      }
                    ]
                  }
                ],
                "negation": null,
                "precondition_id": 6868
              }
            ],
            "negation": null,
            "precondition_id": 6870
          }
        ],
        "negation": null,
        "precondition_id": 6872
      }
    ]
  },
  "denominator": {
    "conjunction": "and",
    "items": [

    ]
  },
  "numerator": {
    "conjunction": "and",
    "items": [
      {
        "conjunction": "and",
        "items": [
          {
            "title": "Standardized Pain Assessment Tool",
            "description": "Risk Category Assessment: Standardized Pain Assessment Tool",
            "standard_category": "risk_category_assessment",
            "qds_data_type": "risk_category_assessment",
            "code_list_id": "2.16.840.1.113883.3.526.3.1028",
            "type": "risk_category_assessments",
            "definition": "risk_category_assessment",
            "hard_status": false,
            "negation": false,
            "source_data_criteria": "RiskCategoryAssessmentStandardizedPainAssessmentTool",
            "value": {
              "type": "ANYNonNull"
            },
            "temporal_references": [
              {
                "type": "DURING",
                "reference": {
                  "title": "GROUP_DURING_CHILDREN_125",
                  "description": "",
                  "standard_category": "",
                  "qds_data_type": "",
                  "children_criteria": [
                    {
                      "title": "Radiation Treatment Management",
                      "description": "Procedure, Performed: Radiation Treatment Management",
                      "standard_category": "procedure",
                      "qds_data_type": "procedure_performed",
                      "code_list_id": "2.16.840.1.113883.3.526.3.1026",
                      "type": "procedures",
                      "definition": "procedure",
                      "status": "performed",
                      "hard_status": false,
                      "negation": false,
                      "specific_occurrence": "A",
                      "source_data_criteria": "OccurrenceARadiationTreatmentManagement313"
                    },
                    {
                      "title": "Office Visit",
                      "description": "Encounter, Performed: Office Visit",
                      "standard_category": "encounter",
                      "qds_data_type": "encounter",
                      "code_list_id": "2.16.840.1.113883.3.464.1003.101.12.1001",
                      "type": "encounters",
                      "definition": "encounter",
                      "status": "performed",
                      "hard_status": false,
                      "negation": false,
                      "specific_occurrence": "A",
                      "source_data_criteria": "OccurrenceAOfficeVisit314"
                    },
                    {
                      "title": "Face-to-Face Interaction",
                      "description": "Encounter, Performed: Face-to-Face Interaction",
                      "standard_category": "encounter",
                      "qds_data_type": "encounter",
                      "code_list_id": "2.16.840.1.113883.3.464.1003.101.12.1048",
                      "type": "encounters",
                      "definition": "encounter",
                      "status": "performed",
                      "hard_status": false,
                      "negation": false,
                      "specific_occurrence": "A",
                      "source_data_criteria": "OccurrenceAFaceToFaceInteraction317"
                    }
                  ],
                  "derivation_operator": "UNION",
                  "type": "derived",
                  "definition": "derived",
                  "hard_status": false,
                  "negation": false,
                  "source_data_criteria": "GROUP_DURING_CHILDREN_125"
                }
              }
            ]
          }
        ],
        "negation": null,
        "precondition_id": 6848
      }
    ]
  },
  "exclusions": null,
  "map_fn": "function() {\n        var patient = this;\n        var effective_date = <%= effective_date %>;\n\n        hqmfjs = {}\n        <%= init_js_frameworks %>\n        \n        \n      var patient_api = new hQuery.Patient(patient);\n\n      \n\n      // clear out logger\n      if (typeof Logger != 'undefined') Logger.logger = [];\n      // turn on logging if it is enabled\n      if (Logger.enabled) enableLogging();\n      \n      \n        // #########################\n        // ##### DATA ELEMENTS #####\n        // #########################\n\n        OidDictionary = <%= oid_dictionary %>;\n        \n        // Measure variables\nvar MeasurePeriod = {\n  \"low\": new TS(\"20100101\", null, true),\n  \"high\": new TS(\"20110101\", null, true)\n}\nhqmfjs.MeasurePeriod = function(patient) {\n  return [new hQuery.CodedEntry(\n    {\n      \"start_time\": MeasurePeriod.low.asDate().getTime()/1000,\n      \"end_time\": MeasurePeriod.high.asDate().getTime()/1000,\n      \"codes\": {}\n    }\n  )];\n}\nif (typeof effective_date === 'number') {\n  MeasurePeriod.high.date = new Date(1000*effective_date);\n  MeasurePeriod.low.date = new Date(1000*effective_date);\n  MeasurePeriod.low.date.setFullYear(MeasurePeriod.low.date.getFullYear()-1);\n}\n\n// Data critera\nhqmfjs.OccurrenceARadiationTreatmentManagement313 = function(patient) {\n  var events = patient.allProcedures();\n  events.specific_occurrence = 'OccurrenceARadiationTreatmentManagement313'\n  events = events.withStatuses([\"performed\"]);\n  events = events.withoutNegation();\n  var codes = getCodes(\"2.16.840.1.113883.3.526.3.1026\");\n  var start = null;\n  var end = null;\n  events = events.match(codes, start, end, true);\n\n  events.specificContext=new Specifics(Row.buildForDataCriteria(events.specific_occurrence, events))\n  return events;\n}\n\nhqmfjs.OccurrenceAOfficeVisit314 = function(patient) {\n  var events = patient.encounters();\n  events.specific_occurrence = 'OccurrenceAOfficeVisit314'\n  events = events.withStatuses([\"performed\"]);\n  events = events.withoutNegation();\n  var codes = getCodes(\"2.16.840.1.113883.3.464.1003.101.12.1001\");\n  var start = null;\n  var end = null;\n  events = events.match(codes, start, end, true);\n\n  events.specificContext=new Specifics(Row.buildForDataCriteria(events.specific_occurrence, events))\n  return events;\n}\n\nhqmfjs.OccurrenceAChemotherapyAdministration315 = function(patient) {\n  var events = patient.allProcedures();\n  events.specific_occurrence = 'OccurrenceAChemotherapyAdministration315'\n  events = events.withStatuses([\"performed\"]);\n  events = events.withoutNegation();\n  var codes = getCodes(\"2.16.840.1.113883.3.526.3.1027\");\n  var start = null;\n  var end = null;\n  events = events.match(codes, start, end, true);\n\n  events.specificContext=new Specifics(Row.buildForDataCriteria(events.specific_occurrence, events))\n  return events;\n}\n\nhqmfjs.OccurrenceBChemotherapyAdministration316 = function(patient) {\n  var events = patient.allProcedures();\n  events.specific_occurrence = 'OccurrenceBChemotherapyAdministration316'\n  events = events.withStatuses([\"performed\"]);\n  events = events.withoutNegation();\n  var codes = getCodes(\"2.16.840.1.113883.3.526.3.1027\");\n  var start = null;\n  var end = null;\n  events = events.match(codes, start, end, true);\n\n  events.specificContext=new Specifics(Row.buildForDataCriteria(events.specific_occurrence, events))\n  return events;\n}\n\nhqmfjs.OccurrenceAFaceToFaceInteraction317 = function(patient) {\n  var events = patient.encounters();\n  events.specific_occurrence = 'OccurrenceAFaceToFaceInteraction317'\n  events = events.withStatuses([\"performed\"]);\n  events = events.withoutNegation();\n  var codes = getCodes(\"2.16.840.1.113883.3.464.1003.101.12.1048\");\n  var start = null;\n  var end = null;\n  events = events.match(codes, start, end, true);\n\n  events.specificContext=new Specifics(Row.buildForDataCriteria(events.specific_occurrence, events))\n  return events;\n}\n\nhqmfjs.EncounterPerformedOfficeVisit = function(patient) {\n  var events = patient.encounters();\n  events = events.withStatuses([\"performed\"]);\n  events = events.withoutNegation();\n  var codes = getCodes(\"2.16.840.1.113883.3.464.1003.101.12.1001\");\n  var start = null;\n  var end = null;\n  events = events.match(codes, start, end, true);\n\n  events.specificContext=Specifics.identity()\n  return events;\n}\n\nhqmfjs.ProcedurePerformedChemotherapyAdministration = function(patient) {\n  var events = patient.allProcedures();\n  events = events.withStatuses([\"performed\"]);\n  events = events.withoutNegation();\n  var codes = getCodes(\"2.16.840.1.113883.3.526.3.1027\");\n  var start = null;\n  var end = null;\n  events = events.match(codes, start, end, true);\n\n  events.specificContext=Specifics.identity()\n  return events;\n}\n\nhqmfjs.ProcedurePerformedRadiationTreatmentManagement = function(patient) {\n  var events = patient.allProcedures();\n  events = events.withStatuses([\"performed\"]);\n  events = events.withoutNegation();\n  var codes = getCodes(\"2.16.840.1.113883.3.526.3.1026\");\n  var start = null;\n  var end = null;\n  events = events.match(codes, start, end, true);\n\n  events.specificContext=Specifics.identity()\n  return events;\n}\n\nhqmfjs.EncounterPerformedFaceToFaceInteraction = function(patient) {\n  var events = patient.encounters();\n  events = events.withStatuses([\"performed\"]);\n  events = events.withoutNegation();\n  var codes = getCodes(\"2.16.840.1.113883.3.464.1003.101.12.1048\");\n  var start = null;\n  var end = null;\n  events = events.match(codes, start, end, true);\n\n  events.specificContext=Specifics.identity()\n  return events;\n}\n\nhqmfjs.OccurrenceAOfficeVisit314 = function(patient) {\n  var events = patient.encounters();\n  events.specific_occurrence = 'OccurrenceAOfficeVisit314'\n  events = events.withStatuses([\"performed\"]);\n  events = events.withoutNegation();\n  var codes = getCodes(\"2.16.840.1.113883.3.464.1003.101.12.1001\");\n  var start = null;\n  var end = null;\n  events = events.match(codes, start, end, true);\n\n  events.specificContext=new Specifics(Row.buildForDataCriteria(events.specific_occurrence, events))\n  return events;\n}\n\nhqmfjs.OccurrenceAFaceToFaceInteraction317 = function(patient) {\n  var events = patient.encounters();\n  events.specific_occurrence = 'OccurrenceAFaceToFaceInteraction317'\n  events = events.withStatuses([\"performed\"]);\n  events = events.withoutNegation();\n  var codes = getCodes(\"2.16.840.1.113883.3.464.1003.101.12.1048\");\n  var start = null;\n  var end = null;\n  events = events.match(codes, start, end, true);\n\n  events.specificContext=new Specifics(Row.buildForDataCriteria(events.specific_occurrence, events))\n  return events;\n}\n\nhqmfjs.OccurrenceARadiationTreatmentManagement313_precondition_6839 = function(patient) {\n  var events = patient.allProcedures();\n  events.specific_occurrence = 'OccurrenceARadiationTreatmentManagement313'\n  events = events.withStatuses([\"performed\"]);\n  events = events.withoutNegation();\n  var codes = getCodes(\"2.16.840.1.113883.3.526.3.1026\");\n  var start = null;\n  var end = null;\n  events = events.match(codes, start, end, true);\n\n  events.specificContext=new Specifics(Row.buildForDataCriteria(events.specific_occurrence, events))\n  return events;\n}\n\nhqmfjs.OccurrenceAOfficeVisit314_precondition_6841 = function(patient) {\n  var events = patient.encounters();\n  events.specific_occurrence = 'OccurrenceAOfficeVisit314'\n  events = events.withStatuses([\"performed\"]);\n  events = events.withoutNegation();\n  var codes = getCodes(\"2.16.840.1.113883.3.464.1003.101.12.1001\");\n  var start = null;\n  var end = null;\n  events = events.match(codes, start, end, true);\n\n  events.specificContext=new Specifics(Row.buildForDataCriteria(events.specific_occurrence, events))\n  return events;\n}\n\nhqmfjs.OccurrenceAFaceToFaceInteraction317_precondition_6843 = function(patient) {\n  var events = patient.encounters();\n  events.specific_occurrence = 'OccurrenceAFaceToFaceInteraction317'\n  events = events.withStatuses([\"performed\"]);\n  events = events.withoutNegation();\n  var codes = getCodes(\"2.16.840.1.113883.3.464.1003.101.12.1048\");\n  var start = null;\n  var end = null;\n  events = events.match(codes, start, end, true);\n\n  events.specificContext=new Specifics(Row.buildForDataCriteria(events.specific_occurrence, events))\n  return events;\n}\n\nhqmfjs.RiskCategoryAssessmentStandardizedPainAssessmentTool_precondition_6846 = function(patient) {\n  var events = patient.procedures();\n  events = events.withoutNegation();\n  var codes = getCodes(\"2.16.840.1.113883.3.526.3.1028\");\n  var start = null;\n  var end = null;\n  events = events.match(codes, start, end, true);\n\n  events = filterEventsByValue(events, new ANYNonNull());\n  events = DURING(events, hqmfjs.GROUP_DURING_CHILDREN_125(patient));\n  return events;\n}\n\nhqmfjs.GROUP_DURING_CHILDREN_125 = function(patient) {\n  var events = UNION(\n    hqmfjs.OccurrenceARadiationTreatmentManagement313_precondition_6839(patient),\n    hqmfjs.OccurrenceAOfficeVisit314_precondition_6841(patient),\n    hqmfjs.OccurrenceAFaceToFaceInteraction317_precondition_6843(patient)\n  );\n\n  events.specificContext=Specifics.identity()\n  return events;\n}\n\nhqmfjs.OccurrenceARadiationTreatmentManagement313_precondition_6849 = function(patient) {\n  var events = patient.allProcedures();\n  events.specific_occurrence = 'OccurrenceARadiationTreatmentManagement313'\n  events = events.withStatuses([\"performed\"]);\n  events = events.withoutNegation();\n  var codes = getCodes(\"2.16.840.1.113883.3.526.3.1026\");\n  var start = null;\n  var end = null;\n  events = events.match(codes, start, end, true);\n\n  events = DURING(events, hqmfjs.MeasurePeriod(patient));\n  return events;\n}\n\nhqmfjs.DiagnosisActiveCancer_precondition_6850 = function(patient) {\n  var events = patient.allProblems();\n  events = events.withStatuses([\"active\"]);\n  events = events.withoutNegation();\n  var codes = getCodes(\"2.16.840.1.113883.3.526.3.1010\");\n  var start = null;\n  var end = null;\n  events = events.match(codes, start, end, true);\n\n  events = SBE(events, hqmfjs.OccurrenceARadiationTreatmentManagement313_precondition_6849(patient));\n  return events;\n}\n\nhqmfjs.OccurrenceAChemotherapyAdministration315_precondition_6852 = function(patient) {\n  var events = patient.allProcedures();\n  events.specific_occurrence = 'OccurrenceAChemotherapyAdministration315'\n  events = events.withStatuses([\"performed\"]);\n  events = events.withoutNegation();\n  var codes = getCodes(\"2.16.840.1.113883.3.526.3.1027\");\n  var start = null;\n  var end = null;\n  events = events.match(codes, start, end, true);\n\n  events = SBE(events, hqmfjs.OccurrenceAOfficeVisit314(patient), new IVL_PQ(null, new PQ(30, \"d\", true)));\n  return events;\n}\n\nhqmfjs.OccurrenceBChemotherapyAdministration316_precondition_6854 = function(patient) {\n  var events = patient.allProcedures();\n  events.specific_occurrence = 'OccurrenceBChemotherapyAdministration316'\n  events = events.withStatuses([\"performed\"]);\n  events = events.withoutNegation();\n  var codes = getCodes(\"2.16.840.1.113883.3.526.3.1027\");\n  var start = null;\n  var end = null;\n  events = events.match(codes, start, end, true);\n\n  events = SAE(events, hqmfjs.OccurrenceAOfficeVisit314(patient), new IVL_PQ(null, new PQ(30, \"d\", true)));\n  return events;\n}\n\nhqmfjs.OccurrenceAOfficeVisit314_precondition_6856 = function(patient) {\n  var events = patient.encounters();\n  events.specific_occurrence = 'OccurrenceAOfficeVisit314'\n  events = events.withStatuses([\"performed\"]);\n  events = events.withoutNegation();\n  var codes = getCodes(\"2.16.840.1.113883.3.464.1003.101.12.1001\");\n  var start = null;\n  var end = null;\n  events = events.match(codes, start, end, true);\n\n  events = DURING(events, hqmfjs.MeasurePeriod(patient));\n  return events;\n}\n\nhqmfjs.DiagnosisActiveCancer_precondition_6857 = function(patient) {\n  var events = patient.allProblems();\n  events = events.withStatuses([\"active\"]);\n  events = events.withoutNegation();\n  var codes = getCodes(\"2.16.840.1.113883.3.526.3.1010\");\n  var start = null;\n  var end = null;\n  events = events.match(codes, start, end, true);\n\n  events = SBE(events, hqmfjs.OccurrenceAOfficeVisit314_precondition_6856(patient));\n  return events;\n}\n\nhqmfjs.OccurrenceAChemotherapyAdministration315_precondition_6861 = function(patient) {\n  var events = patient.allProcedures();\n  events.specific_occurrence = 'OccurrenceAChemotherapyAdministration315'\n  events = events.withStatuses([\"performed\"]);\n  events = events.withoutNegation();\n  var codes = getCodes(\"2.16.840.1.113883.3.526.3.1027\");\n  var start = null;\n  var end = null;\n  events = events.match(codes, start, end, true);\n\n  events = SBE(events, hqmfjs.OccurrenceAFaceToFaceInteraction317(patient), new IVL_PQ(null, new PQ(30, \"d\", true)));\n  return events;\n}\n\nhqmfjs.OccurrenceBChemotherapyAdministration316_precondition_6863 = function(patient) {\n  var events = patient.allProcedures();\n  events.specific_occurrence = 'OccurrenceBChemotherapyAdministration316'\n  events = events.withStatuses([\"performed\"]);\n  events = events.withoutNegation();\n  var codes = getCodes(\"2.16.840.1.113883.3.526.3.1027\");\n  var start = null;\n  var end = null;\n  events = events.match(codes, start, end, true);\n\n  events = SAE(events, hqmfjs.OccurrenceAFaceToFaceInteraction317(patient), new IVL_PQ(null, new PQ(30, \"d\", true)));\n  return events;\n}\n\nhqmfjs.OccurrenceAFaceToFaceInteraction317_precondition_6865 = function(patient) {\n  var events = patient.encounters();\n  events.specific_occurrence = 'OccurrenceAFaceToFaceInteraction317'\n  events = events.withStatuses([\"performed\"]);\n  events = events.withoutNegation();\n  var codes = getCodes(\"2.16.840.1.113883.3.464.1003.101.12.1048\");\n  var start = null;\n  var end = null;\n  events = events.match(codes, start, end, true);\n\n  events = DURING(events, hqmfjs.MeasurePeriod(patient));\n  return events;\n}\n\nhqmfjs.DiagnosisActiveCancer_precondition_6866 = function(patient) {\n  var events = patient.allProblems();\n  events = events.withStatuses([\"active\"]);\n  events = events.withoutNegation();\n  var codes = getCodes(\"2.16.840.1.113883.3.526.3.1010\");\n  var start = null;\n  var end = null;\n  events = events.match(codes, start, end, true);\n\n  events = SBE(events, hqmfjs.OccurrenceAFaceToFaceInteraction317_precondition_6865(patient));\n  return events;\n}\n\n\n\n        // #########################\n        // ##### MEASURE LOGIC #####\n        // #########################\n        \n        hqmfjs.initializeSpecifics = function(patient_api, hqmfjs) { Specifics.initialize(patient_api,hqmfjs,{\"id\":\"OccurrenceARadiationTreatmentManagement313\",\"type\":\"\",\"function\":\"OccurrenceARadiationTreatmentManagement313\"},{\"id\":\"OccurrenceAOfficeVisit314\",\"type\":\"\",\"function\":\"OccurrenceAOfficeVisit314\"},{\"id\":\"OccurrenceAChemotherapyAdministration315\",\"type\":\"\",\"function\":\"OccurrenceAChemotherapyAdministration315\"},{\"id\":\"OccurrenceBChemotherapyAdministration316\",\"type\":\"\",\"function\":\"OccurrenceBChemotherapyAdministration316\"},{\"id\":\"OccurrenceAFaceToFaceInteraction317\",\"type\":\"\",\"function\":\"OccurrenceAFaceToFaceInteraction317\"}) }\n\n        // INITIAL PATIENT POPULATION\n        hqmfjs.IPP = function(patient) {\n  return allTrue(  \n    allTrue(    \n      atLeastOneTrue(      \n        hqmfjs.DiagnosisActiveCancer_precondition_6850(patient),      \n        allTrue(        \n          hqmfjs.OccurrenceAChemotherapyAdministration315_precondition_6852(patient),        \n          hqmfjs.OccurrenceBChemotherapyAdministration316_precondition_6854(patient),        \n          hqmfjs.DiagnosisActiveCancer_precondition_6857(patient)\n        ),      \n        allTrue(        \n          hqmfjs.OccurrenceAChemotherapyAdministration315_precondition_6861(patient),        \n          hqmfjs.OccurrenceBChemotherapyAdministration316_precondition_6863(patient),        \n          hqmfjs.DiagnosisActiveCancer_precondition_6866(patient)\n        )\n      )\n    )\n  );\n};\n\n\n        // DENOMINATOR\n        hqmfjs.DENOM = function(patient) { return new Boolean(true); }\n        // NUMERATOR\n        hqmfjs.NUMER = function(patient) {\n  return allTrue(  \n    allTrue(    \n      hqmfjs.RiskCategoryAssessmentStandardizedPainAssessmentTool_precondition_6846(patient)\n    )\n  );\n};\n\n\n        hqmfjs.DENEX = function(patient) { return new Boolean(false); }\n        hqmfjs.DENEXCEP = function(patient) { return new Boolean(false); }\n        \n\n      hqmfjs.initializeSpecifics(patient_api, hqmfjs)\n      \n      var population = function() {\n        return executeIfAvailable(hqmfjs.IPP, patient_api);\n      }\n      var denominator = function() {\n        return executeIfAvailable(hqmfjs.DENOM, patient_api);\n      }\n      var numerator = function() {\n        return executeIfAvailable(hqmfjs.NUMER, patient_api);\n      }\n      var exclusion = function() {\n        return executeIfAvailable(hqmfjs.DENEX, patient_api);\n      }\n      var denexcep = function() {\n        return executeIfAvailable(hqmfjs.DENEXCEP, patient_api);\n      }\n      \n      var executeIfAvailable = function(optionalFunction, arg) {\n        if (typeof(optionalFunction)==='function')\n          return optionalFunction(arg);\n        else\n          return false;\n      }\n\n      if (Logger.enabled) enableMeasureLogging(hqmfjs);\n\n      map(patient, population, denominator, numerator, exclusion, denexcep);\n      \n      };\n      ",
  "data_criteria": [
    {
      "RiskCategoryAssessmentStandardizedPainAssessmentTool_precondition_6846": {
        "title": "Standardized Pain Assessment Tool",
        "description": "Risk Category Assessment: Standardized Pain Assessment Tool",
        "standard_category": "risk_category_assessment",
        "qds_data_type": "risk_category_assessment",
        "code_list_id": "2.16.840.1.113883.3.526.3.1028",
        "type": "risk_category_assessments",
        "definition": "risk_category_assessment",
        "hard_status": false,
        "negation": false,
        "source_data_criteria": "RiskCategoryAssessmentStandardizedPainAssessmentTool",
        "value": {
          "type": "ANYNonNull"
        },
        "temporal_references": [
          {
            "type": "DURING",
            "reference": "GROUP_DURING_CHILDREN_125"
          }
        ]
      }
    },
    {
      "GROUP_DURING_CHILDREN_125": {
        "title": "GROUP_DURING_CHILDREN_125",
        "description": "",
        "standard_category": "",
        "qds_data_type": "",
        "children_criteria": [
          "OccurrenceARadiationTreatmentManagement313_precondition_6839",
          "OccurrenceAOfficeVisit314_precondition_6841",
          "OccurrenceAFaceToFaceInteraction317_precondition_6843"
        ],
        "derivation_operator": "UNION",
        "type": "derived",
        "definition": "derived",
        "hard_status": false,
        "negation": false,
        "source_data_criteria": "GROUP_DURING_CHILDREN_125"
      }
    },
    {
      "OccurrenceARadiationTreatmentManagement313_precondition_6839": {
        "title": "Radiation Treatment Management",
        "description": "Procedure, Performed: Radiation Treatment Management",
        "standard_category": "procedure",
        "qds_data_type": "procedure_performed",
        "code_list_id": "2.16.840.1.113883.3.526.3.1026",
        "type": "procedures",
        "definition": "procedure",
        "status": "performed",
        "hard_status": false,
        "negation": false,
        "specific_occurrence": "A",
        "source_data_criteria": "OccurrenceARadiationTreatmentManagement313"
      }
    },
    {
      "OccurrenceAOfficeVisit314_precondition_6841": {
        "title": "Office Visit",
        "description": "Encounter, Performed: Office Visit",
        "standard_category": "encounter",
        "qds_data_type": "encounter",
        "code_list_id": "2.16.840.1.113883.3.464.1003.101.12.1001",
        "type": "encounters",
        "definition": "encounter",
        "status": "performed",
        "hard_status": false,
        "negation": false,
        "specific_occurrence": "A",
        "source_data_criteria": "OccurrenceAOfficeVisit314"
      }
    },
    {
      "OccurrenceAFaceToFaceInteraction317_precondition_6843": {
        "title": "Face-to-Face Interaction",
        "description": "Encounter, Performed: Face-to-Face Interaction",
        "standard_category": "encounter",
        "qds_data_type": "encounter",
        "code_list_id": "2.16.840.1.113883.3.464.1003.101.12.1048",
        "type": "encounters",
        "definition": "encounter",
        "status": "performed",
        "hard_status": false,
        "negation": false,
        "specific_occurrence": "A",
        "source_data_criteria": "OccurrenceAFaceToFaceInteraction317"
      }
    },
    {
      "DiagnosisActiveCancer_precondition_6850": {
        "title": "Cancer",
        "description": "Diagnosis, Active: Cancer",
        "standard_category": "diagnosis_condition_problem",
        "qds_data_type": "diagnosis_active",
        "code_list_id": "2.16.840.1.113883.3.526.3.1010",
        "type": "conditions",
        "definition": "diagnosis",
        "status": "active",
        "hard_status": false,
        "negation": false,
        "source_data_criteria": "DiagnosisActiveCancer",
        "temporal_references": [
          {
            "type": "SBE",
            "reference": "OccurrenceARadiationTreatmentManagement313_precondition_6849"
          }
        ]
      }
    },
    {
      "OccurrenceARadiationTreatmentManagement313_precondition_6849": {
        "title": "Radiation Treatment Management",
        "description": "Procedure, Performed: Radiation Treatment Management",
        "standard_category": "procedure",
        "qds_data_type": "procedure_performed",
        "code_list_id": "2.16.840.1.113883.3.526.3.1026",
        "type": "procedures",
        "definition": "procedure",
        "status": "performed",
        "hard_status": false,
        "negation": false,
        "specific_occurrence": "A",
        "source_data_criteria": "OccurrenceARadiationTreatmentManagement313",
        "temporal_references": [
          {
            "type": "DURING",
            "reference": "MeasurePeriod"
          }
        ]
      }
    },
    {
      "OccurrenceAChemotherapyAdministration315_precondition_6852": {
        "title": "Chemotherapy Administration",
        "description": "Procedure, Performed: Chemotherapy Administration",
        "standard_category": "procedure",
        "qds_data_type": "procedure_performed",
        "code_list_id": "2.16.840.1.113883.3.526.3.1027",
        "type": "procedures",
        "definition": "procedure",
        "status": "performed",
        "hard_status": false,
        "negation": false,
        "specific_occurrence": "A",
        "source_data_criteria": "OccurrenceAChemotherapyAdministration315",
        "temporal_references": [
          {
            "type": "SBE",
            "reference": "OccurrenceAOfficeVisit314",
            "range": {
              "type": "IVL_PQ",
              "high": {
                "type": "PQ",
                "unit": "d",
                "value": "30",
                "inclusive?": true,
                "derived?": false
              }
            }
          }
        ]
      }
    },
    {
      "OccurrenceAOfficeVisit314": {
        "title": "Office Visit",
        "description": "Encounter, Performed: Office Visit",
        "standard_category": "encounter",
        "qds_data_type": "encounter",
        "code_list_id": "2.16.840.1.113883.3.464.1003.101.12.1001",
        "type": "encounters",
        "definition": "encounter",
        "status": "performed",
        "hard_status": false,
        "negation": false,
        "specific_occurrence": "A",
        "source_data_criteria": "OccurrenceAOfficeVisit314"
      }
    },
    {
      "OccurrenceBChemotherapyAdministration316_precondition_6854": {
        "title": "Chemotherapy Administration",
        "description": "Procedure, Performed: Chemotherapy Administration",
        "standard_category": "procedure",
        "qds_data_type": "procedure_performed",
        "code_list_id": "2.16.840.1.113883.3.526.3.1027",
        "type": "procedures",
        "definition": "procedure",
        "status": "performed",
        "hard_status": false,
        "negation": false,
        "specific_occurrence": "B",
        "source_data_criteria": "OccurrenceBChemotherapyAdministration316",
        "temporal_references": [
          {
            "type": "SAE",
            "reference": "OccurrenceAOfficeVisit314",
            "range": {
              "type": "IVL_PQ",
              "high": {
                "type": "PQ",
                "unit": "d",
                "value": "30",
                "inclusive?": true,
                "derived?": false
              }
            }
          }
        ]
      }
    },
    {
      "DiagnosisActiveCancer_precondition_6857": {
        "title": "Cancer",
        "description": "Diagnosis, Active: Cancer",
        "standard_category": "diagnosis_condition_problem",
        "qds_data_type": "diagnosis_active",
        "code_list_id": "2.16.840.1.113883.3.526.3.1010",
        "type": "conditions",
        "definition": "diagnosis",
        "status": "active",
        "hard_status": false,
        "negation": false,
        "source_data_criteria": "DiagnosisActiveCancer",
        "temporal_references": [
          {
            "type": "SBE",
            "reference": "OccurrenceAOfficeVisit314_precondition_6856"
          }
        ]
      }
    },
    {
      "OccurrenceAOfficeVisit314_precondition_6856": {
        "title": "Office Visit",
        "description": "Encounter, Performed: Office Visit",
        "standard_category": "encounter",
        "qds_data_type": "encounter",
        "code_list_id": "2.16.840.1.113883.3.464.1003.101.12.1001",
        "type": "encounters",
        "definition": "encounter",
        "status": "performed",
        "hard_status": false,
        "negation": false,
        "specific_occurrence": "A",
        "source_data_criteria": "OccurrenceAOfficeVisit314",
        "temporal_references": [
          {
            "type": "DURING",
            "reference": "MeasurePeriod"
          }
        ]
      }
    },
    {
      "OccurrenceAChemotherapyAdministration315_precondition_6861": {
        "title": "Chemotherapy Administration",
        "description": "Procedure, Performed: Chemotherapy Administration",
        "standard_category": "procedure",
        "qds_data_type": "procedure_performed",
        "code_list_id": "2.16.840.1.113883.3.526.3.1027",
        "type": "procedures",
        "definition": "procedure",
        "status": "performed",
        "hard_status": false,
        "negation": false,
        "specific_occurrence": "A",
        "source_data_criteria": "OccurrenceAChemotherapyAdministration315",
        "temporal_references": [
          {
            "type": "SBE",
            "reference": "OccurrenceAFaceToFaceInteraction317",
            "range": {
              "type": "IVL_PQ",
              "high": {
                "type": "PQ",
                "unit": "d",
                "value": "30",
                "inclusive?": true,
                "derived?": false
              }
            }
          }
        ]
      }
    },
    {
      "OccurrenceAFaceToFaceInteraction317": {
        "title": "Face-to-Face Interaction",
        "description": "Encounter, Performed: Face-to-Face Interaction",
        "standard_category": "encounter",
        "qds_data_type": "encounter",
        "code_list_id": "2.16.840.1.113883.3.464.1003.101.12.1048",
        "type": "encounters",
        "definition": "encounter",
        "status": "performed",
        "hard_status": false,
        "negation": false,
        "specific_occurrence": "A",
        "source_data_criteria": "OccurrenceAFaceToFaceInteraction317"
      }
    },
    {
      "OccurrenceBChemotherapyAdministration316_precondition_6863": {
        "title": "Chemotherapy Administration",
        "description": "Procedure, Performed: Chemotherapy Administration",
        "standard_category": "procedure",
        "qds_data_type": "procedure_performed",
        "code_list_id": "2.16.840.1.113883.3.526.3.1027",
        "type": "procedures",
        "definition": "procedure",
        "status": "performed",
        "hard_status": false,
        "negation": false,
        "specific_occurrence": "B",
        "source_data_criteria": "OccurrenceBChemotherapyAdministration316",
        "temporal_references": [
          {
            "type": "SAE",
            "reference": "OccurrenceAFaceToFaceInteraction317",
            "range": {
              "type": "IVL_PQ",
              "high": {
                "type": "PQ",
                "unit": "d",
                "value": "30",
                "inclusive?": true,
                "derived?": false
              }
            }
          }
        ]
      }
    },
    {
      "DiagnosisActiveCancer_precondition_6866": {
        "title": "Cancer",
        "description": "Diagnosis, Active: Cancer",
        "standard_category": "diagnosis_condition_problem",
        "qds_data_type": "diagnosis_active",
        "code_list_id": "2.16.840.1.113883.3.526.3.1010",
        "type": "conditions",
        "definition": "diagnosis",
        "status": "active",
        "hard_status": false,
        "negation": false,
        "source_data_criteria": "DiagnosisActiveCancer",
        "temporal_references": [
          {
            "type": "SBE",
            "reference": "OccurrenceAFaceToFaceInteraction317_precondition_6865"
          }
        ]
      }
    },
    {
      "OccurrenceAFaceToFaceInteraction317_precondition_6865": {
        "title": "Face-to-Face Interaction",
        "description": "Encounter, Performed: Face-to-Face Interaction",
        "standard_category": "encounter",
        "qds_data_type": "encounter",
        "code_list_id": "2.16.840.1.113883.3.464.1003.101.12.1048",
        "type": "encounters",
        "definition": "encounter",
        "status": "performed",
        "hard_status": false,
        "negation": false,
        "specific_occurrence": "A",
        "source_data_criteria": "OccurrenceAFaceToFaceInteraction317",
        "temporal_references": [
          {
            "type": "DURING",
            "reference": "MeasurePeriod"
          }
        ]
      }
    }
  ],
  "oids": [
    "2.16.840.1.113883.3.464.1003.101.12.1001",
    "2.16.840.1.113883.3.464.1003.101.12.1048",
    "2.16.840.1.113883.3.526.3.1010",
    "2.16.840.1.113883.3.526.3.1026",
    "2.16.840.1.113883.3.526.3.1027",
    "2.16.840.1.113883.3.526.3.1028",
    "2.16.840.1.113883.3.464.1003.101.11.1005",
    "2.16.840.1.113883.3.464.1003.101.11.1216",
    "2.16.840.1.113883.3.526.2.1071",
    "2.16.840.1.113883.3.526.2.1072",
    "2.16.840.1.113883.3.526.2.1073",
    "2.16.840.1.113883.3.526.2.1077",
    "2.16.840.1.113883.3.526.2.1078",
    "2.16.840.1.113883.3.526.2.1079",
    "2.16.840.1.113883.3.526.2.1080",
    "2.16.840.1.113883.3.526.2.1081"
  ],
  "population_ids": {
    "IPP": "1A804521-65BD-485F-B288-3B3B7114FD7A",
    "DENOM": "75E5164C-975A-4212-B671-E2CF7494E00E",
    "NUMER": "6E8D9783-0DF0-43BF-80B4-4F3AA8A901C9"
  }
}