{
  "id": "8A4D92B2-397A-48D2-0139-B0A4BCA22CF1",
  "nqf_id": "0389",
  "hqmf_id": "8A4D92B2-397A-48D2-0139-B0A4BCA22CF1",
  "hqmf_set_id": "1635C14D-E612-4FA6-96CD-285361AA7F7B",
  "hqmf_version_number": 1,
  "endorser": null,
  "name": "Prostate Cancer: Avoidance of Overuse of Bone Scan for Staging Low Risk Prostate Cancer Patients",
  "description": "Percentage of patients, regardless of age, with a diagnosis of prostate cancer at low risk of recurrence receiving interstitial prostate brachytherapy, OR external beam radiotherapy to the prostate, OR radical prostatectomy, OR cryotherapy who did not have a bone scan performed at any time since diagnosis of prostate cancer",
  "type": "ep",
  "category": "Cancer",
  "steward": null,
  "population": {
    "conjunction": "and",
    "items": [
      {
        "conjunction": "and",
        "items": [
          {
            "title": "Prostate Cancer",
            "description": "Diagnosis, Active: Prostate Cancer",
            "standard_category": "diagnosis_condition_problem",
            "qds_data_type": "diagnosis_active",
            "code_list_id": "2.16.840.1.113883.3.526.3.319",
            "type": "conditions",
            "definition": "diagnosis",
            "status": "active",
            "hard_status": false,
            "negation": false,
            "specific_occurrence": "A",
            "source_data_criteria": "OccurrenceAProstateCancer330",
            "temporal_references": [
              {
                "type": "SBE",
                "reference": "MeasurePeriod",
                "title": "MeasurePeriod"
              }
            ]
          },
          {
            "title": "Male",
            "description": "Patient Characteristic Sex: Male",
            "standard_category": "individual_characteristic",
            "qds_data_type": "individual_characteristic",
            "code_list_id": "2.16.840.1.113883.3.560.100.1",
            "property": "gender",
            "type": "characteristic",
            "definition": "patient_characteristic_gender",
            "hard_status": false,
            "negation": false,
            "source_data_criteria": "PatientCharacteristicSexMale",
            "value": {
              "type": "CD",
              "system": "Administrative Sex",
              "code": "M"
            }
          }
        ],
        "negation": null,
        "precondition_id": 7130
      }
    ]
  },
  "denominator": {
    "conjunction": "and",
    "items": [
      {
        "conjunction": "and",
        "items": [
          {
            "title": "Prostate Cancer Treatment",
            "description": "Procedure, Performed: Prostate Cancer Treatment",
            "standard_category": "procedure",
            "qds_data_type": "procedure_performed",
            "code_list_id": "2.16.840.1.113883.3.526.3.398",
            "type": "procedures",
            "definition": "procedure",
            "status": "performed",
            "hard_status": false,
            "negation": false,
            "specific_occurrence": "A",
            "source_data_criteria": "OccurrenceAProstateCancerTreatment331",
            "temporal_references": [
              {
                "type": "DURING",
                "reference": "MeasurePeriod",
                "title": "MeasurePeriod"
              }
            ]
          },
          {
            "conjunction": "and",
            "items": [
              {
                "title": "Prostate Specific Antigen Test",
                "description": "Laboratory Test, Result: Prostate Specific Antigen Test",
                "standard_category": "laboratory_test",
                "qds_data_type": "laboratory_test",
                "code_list_id": "2.16.840.1.113883.3.526.3.401",
                "type": "laboratory_tests",
                "definition": "laboratory_test",
                "hard_status": false,
                "negation": false,
                "source_data_criteria": "LaboratoryTestResultProstateSpecificAntigenTest",
                "value": {
                  "type": "IVL_PQ",
                  "high": {
                    "type": "PQ",
                    "unit": "ng/mL",
                    "value": "10",
                    "inclusive?": true,
                    "derived?": false
                  }
                },
                "temporal_references": [
                  {
                    "type": "SBE",
                    "reference": {
                      "title": "Prostate Cancer Treatment",
                      "description": "Procedure, Performed: Prostate Cancer Treatment",
                      "standard_category": "procedure",
                      "qds_data_type": "procedure_performed",
                      "code_list_id": "2.16.840.1.113883.3.526.3.398",
                      "type": "procedures",
                      "definition": "procedure",
                      "status": "performed",
                      "hard_status": false,
                      "negation": false,
                      "specific_occurrence": "A",
                      "source_data_criteria": "OccurrenceAProstateCancerTreatment331"
                    }
                  }
                ]
              },
              {
                "title": "Gleason Score",
                "description": "Laboratory Test, Result: Gleason Score",
                "standard_category": "laboratory_test",
                "qds_data_type": "laboratory_test",
                "code_list_id": "2.16.840.1.113883.3.526.3.397",
                "type": "laboratory_tests",
                "definition": "laboratory_test",
                "hard_status": false,
                "negation": false,
                "source_data_criteria": "LaboratoryTestResultGleasonScore",
                "value": {
                  "type": "IVL_PQ",
                  "high": {
                    "type": "PQ",
                    "value": "6",
                    "inclusive?": true,
                    "derived?": false
                  }
                },
                "temporal_references": [
                  {
                    "type": "SBE",
                    "reference": {
                      "title": "Prostate Cancer Treatment",
                      "description": "Procedure, Performed: Prostate Cancer Treatment",
                      "standard_category": "procedure",
                      "qds_data_type": "procedure_performed",
                      "code_list_id": "2.16.840.1.113883.3.526.3.398",
                      "type": "procedures",
                      "definition": "procedure",
                      "status": "performed",
                      "hard_status": false,
                      "negation": false,
                      "specific_occurrence": "A",
                      "source_data_criteria": "OccurrenceAProstateCancerTreatment331"
                    }
                  }
                ]
              },
              {
                "conjunction": "or",
                "items": [
                  {
                    "title": "Clinical Staging Procedure",
                    "description": "Procedure, Result: Clinical Staging Procedure",
                    "standard_category": "procedure",
                    "qds_data_type": "procedure_result",
                    "code_list_id": "2.16.840.1.113883.3.526.3.1098",
                    "type": "procedures",
                    "definition": "procedure_result",
                    "hard_status": false,
                    "negation": false,
                    "source_data_criteria": "ProcedureResultClinicalStagingProcedure",
                    "value": {
                      "type": "CD",
                      "code_list_id": "2.16.840.1.113883.3.526.3.1325",
                      "title": "Prostate Cancer Primary Tumor Size T1c"
                    },
                    "temporal_references": [
                      {
                        "type": "SBE",
                        "reference": {
                          "title": "Prostate Cancer Treatment",
                          "description": "Procedure, Performed: Prostate Cancer Treatment",
                          "standard_category": "procedure",
                          "qds_data_type": "procedure_performed",
                          "code_list_id": "2.16.840.1.113883.3.526.3.398",
                          "type": "procedures",
                          "definition": "procedure",
                          "status": "performed",
                          "hard_status": false,
                          "negation": false,
                          "specific_occurrence": "A",
                          "source_data_criteria": "OccurrenceAProstateCancerTreatment331"
                        }
                      }
                    ]
                  },
                  {
                    "title": "Clinical Staging Procedure",
                    "description": "Procedure, Result: Clinical Staging Procedure",
                    "standard_category": "procedure",
                    "qds_data_type": "procedure_result",
                    "code_list_id": "2.16.840.1.113883.3.526.3.1098",
                    "type": "procedures",
                    "definition": "procedure_result",
                    "hard_status": false,
                    "negation": false,
                    "source_data_criteria": "ProcedureResultClinicalStagingProcedure",
                    "value": {
                      "type": "CD",
                      "code_list_id": "2.16.840.1.113883.3.526.3.1326",
                      "title": "Prostate Cancer Primary Tumor Size T2a"
                    },
                    "temporal_references": [
                      {
                        "type": "SBE",
                        "reference": {
                          "title": "Prostate Cancer Treatment",
                          "description": "Procedure, Performed: Prostate Cancer Treatment",
                          "standard_category": "procedure",
                          "qds_data_type": "procedure_performed",
                          "code_list_id": "2.16.840.1.113883.3.526.3.398",
                          "type": "procedures",
                          "definition": "procedure",
                          "status": "performed",
                          "hard_status": false,
                          "negation": false,
                          "specific_occurrence": "A",
                          "source_data_criteria": "OccurrenceAProstateCancerTreatment331"
                        }
                      }
                    ]
                  }
                ],
                "negation": null,
                "precondition_id": 7120
              }
            ],
            "negation": null,
            "precondition_id": 7122
          }
        ],
        "negation": null,
        "precondition_id": 7125
      }
    ]
  },
  "numerator": {
    "conjunction": "and",
    "items": [
      {
        "conjunction": "and",
        "items": [
          {
            "title": "Bone Scan",
            "description": "Diagnostic Study, Performed: Bone Scan",
            "standard_category": "diagnostic_study",
            "qds_data_type": "diagnostic_study_performed",
            "code_list_id": "2.16.840.1.113883.3.526.3.320",
            "type": "diagnostic_studies",
            "definition": "diagnostic_study",
            "status": "performed",
            "hard_status": false,
            "negation": false,
            "source_data_criteria": "DiagnosticStudyPerformedBoneScan",
            "temporal_references": [
              {
                "type": "SAS",
                "reference": {
                  "title": "Prostate Cancer",
                  "description": "Diagnosis, Active: Prostate Cancer",
                  "standard_category": "diagnosis_condition_problem",
                  "qds_data_type": "diagnosis_active",
                  "code_list_id": "2.16.840.1.113883.3.526.3.319",
                  "type": "conditions",
                  "definition": "diagnosis",
                  "status": "active",
                  "hard_status": false,
                  "negation": false,
                  "specific_occurrence": "A",
                  "source_data_criteria": "OccurrenceAProstateCancer330"
                }
              }
            ]
          }
        ],
        "negation": true,
        "precondition_id": 7109
      }
    ]
  },
  "exclusions": null,
  "map_fn": "function() {\n        var patient = this;\n        var effective_date = <%= effective_date %>;\n\n        hqmfjs = {}\n        <%= init_js_frameworks %>\n        \n        \n      var patient_api = new hQuery.Patient(patient);\n\n      \n\n      // clear out logger\n      if (typeof Logger != 'undefined') Logger.logger = [];\n      // turn on logging if it is enabled\n      if (Logger.enabled) enableLogging();\n      \n      \n        // #########################\n        // ##### DATA ELEMENTS #####\n        // #########################\n\n        OidDictionary = <%= oid_dictionary %>;\n        \n        // Measure variables\nvar MeasurePeriod = {\n  \"low\": new TS(\"20100101\", null, true),\n  \"high\": new TS(\"20110101\", null, true)\n}\nhqmfjs.MeasurePeriod = function(patient) {\n  return [new hQuery.CodedEntry(\n    {\n      \"start_time\": MeasurePeriod.low.asDate().getTime()/1000,\n      \"end_time\": MeasurePeriod.high.asDate().getTime()/1000,\n      \"codes\": {}\n    }\n  )];\n}\nif (typeof effective_date === 'number') {\n  MeasurePeriod.high.date = new Date(1000*effective_date);\n  MeasurePeriod.low.date = new Date(1000*effective_date);\n  MeasurePeriod.low.date.setFullYear(MeasurePeriod.low.date.getFullYear()-1);\n}\n\n// Data critera\nhqmfjs.OccurrenceAProstateCancer330 = function(patient) {\n  var events = patient.allProblems();\n  events.specific_occurrence = 'OccurrenceAProstateCancer330'\n  events = events.withStatuses([\"active\"]);\n  events = events.withoutNegation();\n  var codes = getCodes(\"2.16.840.1.113883.3.526.3.319\");\n  var start = null;\n  var end = null;\n  events = events.match(codes, start, end, true);\n\n  events.specificContext=new Specifics(Row.buildForDataCriteria(events.specific_occurrence, events))\n  return events;\n}\n\nhqmfjs.OccurrenceAProstateCancerTreatment331 = function(patient) {\n  var events = patient.allProcedures();\n  events.specific_occurrence = 'OccurrenceAProstateCancerTreatment331'\n  events = events.withStatuses([\"performed\"]);\n  events = events.withoutNegation();\n  var codes = getCodes(\"2.16.840.1.113883.3.526.3.398\");\n  var start = null;\n  var end = null;\n  events = events.match(codes, start, end, true);\n\n  events.specificContext=new Specifics(Row.buildForDataCriteria(events.specific_occurrence, events))\n  return events;\n}\n\nhqmfjs.DiagnosisActiveProstateCancer = function(patient) {\n  var events = patient.allProblems();\n  events = events.withStatuses([\"active\"]);\n  events = events.withoutNegation();\n  var codes = getCodes(\"2.16.840.1.113883.3.526.3.319\");\n  var start = null;\n  var end = null;\n  events = events.match(codes, start, end, true);\n\n  events.specificContext=Specifics.identity()\n  return events;\n}\n\nhqmfjs.ProcedurePerformedProstateCancerTreatment = function(patient) {\n  var events = patient.allProcedures();\n  events = events.withStatuses([\"performed\"]);\n  events = events.withoutNegation();\n  var codes = getCodes(\"2.16.840.1.113883.3.526.3.398\");\n  var start = null;\n  var end = null;\n  events = events.match(codes, start, end, true);\n\n  events.specificContext=Specifics.identity()\n  return events;\n}\n\nhqmfjs.OccurrenceAProstateCancer330 = function(patient) {\n  var events = patient.allProblems();\n  events.specific_occurrence = 'OccurrenceAProstateCancer330'\n  events = events.withStatuses([\"active\"]);\n  events = events.withoutNegation();\n  var codes = getCodes(\"2.16.840.1.113883.3.526.3.319\");\n  var start = null;\n  var end = null;\n  events = events.match(codes, start, end, true);\n\n  events.specificContext=new Specifics(Row.buildForDataCriteria(events.specific_occurrence, events))\n  return events;\n}\n\nhqmfjs.OccurrenceAProstateCancer330_precondition_7104 = function(patient) {\n  var events = patient.allProblems();\n  events.specific_occurrence = 'OccurrenceAProstateCancer330'\n  events = events.withStatuses([\"active\"]);\n  events = events.withoutNegation();\n  var codes = getCodes(\"2.16.840.1.113883.3.526.3.319\");\n  var start = null;\n  var end = null;\n  events = events.match(codes, start, end, true);\n\n  events.specificContext=new Specifics(Row.buildForDataCriteria(events.specific_occurrence, events))\n  return events;\n}\n\nhqmfjs.DiagnosisActivePainRelatedToProstateCancer_precondition_7095 = function(patient) {\n  var events = patient.allProblems();\n  events = events.withStatuses([\"active\"]);\n  events = events.withoutNegation();\n  var codes = getCodes(\"2.16.840.1.113883.3.526.3.451\");\n  var start = null;\n  var end = null;\n  events = events.match(codes, start, end, true);\n\n  events = SAS(events, hqmfjs.OccurrenceAProstateCancer330_precondition_7104(patient));\n  return events;\n}\n\nhqmfjs.ProcedurePerformedSalvageTherapy_precondition_7097 = function(patient) {\n  var events = patient.allProcedures();\n  events = events.withStatuses([\"performed\"]);\n  events = events.withoutNegation();\n  var codes = getCodes(\"2.16.840.1.113883.3.526.3.399\");\n  var start = null;\n  var end = null;\n  events = events.match(codes, start, end, true);\n\n  events = SAS(events, hqmfjs.OccurrenceAProstateCancer330_precondition_7104(patient));\n  return events;\n}\n\nhqmfjs.DiagnosticStudyPerformedBoneScan_precondition_7099 = function(patient) {\n  var events = patient.allProcedures();\n  events = events.withStatuses([\"performed\"]);\n  events = events.withoutNegation();\n  var codes = getCodes(\"2.16.840.1.113883.3.526.3.320\");\n  var start = null;\n  var end = null;\n  events = events.match(codes, start, end, true);\n\n  events = filterEventsByField(events, \"reason\", new ANYNonNull());\n  events = SAS(events, hqmfjs.OccurrenceAProstateCancer330_precondition_7104(patient));\n  return events;\n}\n\nhqmfjs.DiagnosticStudyOrderBoneScan_precondition_7101 = function(patient) {\n  var events = patient.allProcedures();\n  events = events.withStatuses([\"ordered\"]);\n  events = events.withoutNegation();\n  var codes = getCodes(\"2.16.840.1.113883.3.526.3.320\");\n  var start = null;\n  var end = null;\n  events = events.match(codes, start, end, true);\n\n  events = filterEventsByField(events, \"source\", new CodeList(getCodes(\"2.16.840.1.113883.3.526.3.1126\")));\n  events = SAS(events, hqmfjs.OccurrenceAProstateCancer330_precondition_7104(patient));\n  return events;\n}\n\nhqmfjs.DiagnosticStudyPerformedBoneScan_precondition_7107 = function(patient) {\n  var events = patient.allProcedures();\n  events = events.withStatuses([\"performed\"]);\n  events = events.withoutNegation();\n  var codes = getCodes(\"2.16.840.1.113883.3.526.3.320\");\n  var start = null;\n  var end = null;\n  events = events.match(codes, start, end, true);\n\n  events = SAS(events, hqmfjs.OccurrenceAProstateCancer330(patient));\n  return events;\n}\n\nhqmfjs.OccurrenceAProstateCancerTreatment331_precondition_7110 = function(patient) {\n  var events = patient.allProcedures();\n  events.specific_occurrence = 'OccurrenceAProstateCancerTreatment331'\n  events = events.withStatuses([\"performed\"]);\n  events = events.withoutNegation();\n  var codes = getCodes(\"2.16.840.1.113883.3.526.3.398\");\n  var start = null;\n  var end = null;\n  events = events.match(codes, start, end, true);\n\n  events = DURING(events, hqmfjs.MeasurePeriod(patient));\n  return events;\n}\n\nhqmfjs.OccurrenceAProstateCancerTreatment331_precondition_7123 = function(patient) {\n  var events = patient.allProcedures();\n  events.specific_occurrence = 'OccurrenceAProstateCancerTreatment331'\n  events = events.withStatuses([\"performed\"]);\n  events = events.withoutNegation();\n  var codes = getCodes(\"2.16.840.1.113883.3.526.3.398\");\n  var start = null;\n  var end = null;\n  events = events.match(codes, start, end, true);\n\n  events.specificContext=new Specifics(Row.buildForDataCriteria(events.specific_occurrence, events))\n  return events;\n}\n\nhqmfjs.LaboratoryTestResultProstateSpecificAntigenTest_precondition_7112 = function(patient) {\n  var events = patient.laboratoryTests();\n  events = events.withoutNegation();\n  var codes = getCodes(\"2.16.840.1.113883.3.526.3.401\");\n  var start = null;\n  var end = null;\n  events = events.match(codes, start, end, true);\n\n  events = filterEventsByValue(events, new IVL_PQ(null, new PQ(10, \"ng/mL\", true)));\n  events = SBE(events, hqmfjs.OccurrenceAProstateCancerTreatment331_precondition_7123(patient));\n  return events;\n}\n\nhqmfjs.LaboratoryTestResultGleasonScore_precondition_7114 = function(patient) {\n  var events = patient.laboratoryTests();\n  events = events.withoutNegation();\n  var codes = getCodes(\"2.16.840.1.113883.3.526.3.397\");\n  var start = null;\n  var end = null;\n  events = events.match(codes, start, end, true);\n\n  events = filterEventsByValue(events, new IVL_PQ(null, new PQ(6, null, true)));\n  events = SBE(events, hqmfjs.OccurrenceAProstateCancerTreatment331_precondition_7123(patient));\n  return events;\n}\n\nhqmfjs.ProcedureResultClinicalStagingProcedure_precondition_7116 = function(patient) {\n  var events = patient.procedureResults();\n  events = events.withoutNegation();\n  var codes = getCodes(\"2.16.840.1.113883.3.526.3.1098\");\n  var start = null;\n  var end = null;\n  events = events.match(codes, start, end, true);\n\n  events = filterEventsByValue(events, new CodeList(getCodes(\"2.16.840.1.113883.3.526.3.1325\")));\n  events = SBE(events, hqmfjs.OccurrenceAProstateCancerTreatment331_precondition_7123(patient));\n  return events;\n}\n\nhqmfjs.ProcedureResultClinicalStagingProcedure_precondition_7118 = function(patient) {\n  var events = patient.procedureResults();\n  events = events.withoutNegation();\n  var codes = getCodes(\"2.16.840.1.113883.3.526.3.1098\");\n  var start = null;\n  var end = null;\n  events = events.match(codes, start, end, true);\n\n  events = filterEventsByValue(events, new CodeList(getCodes(\"2.16.840.1.113883.3.526.3.1326\")));\n  events = SBE(events, hqmfjs.OccurrenceAProstateCancerTreatment331_precondition_7123(patient));\n  return events;\n}\n\nhqmfjs.OccurrenceAProstateCancer330_precondition_7126 = function(patient) {\n  var events = patient.allProblems();\n  events.specific_occurrence = 'OccurrenceAProstateCancer330'\n  events = events.withStatuses([\"active\"]);\n  events = events.withoutNegation();\n  var codes = getCodes(\"2.16.840.1.113883.3.526.3.319\");\n  var start = null;\n  var end = null;\n  events = events.match(codes, start, end, true);\n\n  events = SBE(events, hqmfjs.MeasurePeriod(patient));\n  return events;\n}\n\nhqmfjs.PatientCharacteristicSexMale_precondition_7128 = function(patient) {\nvar value = patient.gender();\nmatching = matchingValue(value, new CD(\"M\", \"Administrative Sex\"));\nmatching.specificContext=Specifics.identity();\nreturn matching;\n\n}\n\n\n\n        // #########################\n        // ##### MEASURE LOGIC #####\n        // #########################\n        \n        hqmfjs.initializeSpecifics = function(patient_api, hqmfjs) { Specifics.initialize(patient_api,hqmfjs,{\"id\":\"OccurrenceAProstateCancer330\",\"type\":\"\",\"function\":\"OccurrenceAProstateCancer330\"},{\"id\":\"OccurrenceAProstateCancerTreatment331\",\"type\":\"\",\"function\":\"OccurrenceAProstateCancerTreatment331\"}) }\n\n        // INITIAL PATIENT POPULATION\n        hqmfjs.IPP = function(patient) {\n  return allTrue(  \n    allTrue(    \n      hqmfjs.OccurrenceAProstateCancer330_precondition_7126(patient),    \n      hqmfjs.PatientCharacteristicSexMale_precondition_7128(patient)\n    )\n  );\n};\n\n\n        // DENOMINATOR\n        hqmfjs.DENOM = function(patient) {\n  return allTrue(  \n    allTrue(    \n      hqmfjs.OccurrenceAProstateCancerTreatment331_precondition_7110(patient),    \n      allTrue(      \n        hqmfjs.LaboratoryTestResultProstateSpecificAntigenTest_precondition_7112(patient),      \n        hqmfjs.LaboratoryTestResultGleasonScore_precondition_7114(patient),      \n        atLeastOneTrue(        \n          hqmfjs.ProcedureResultClinicalStagingProcedure_precondition_7116(patient),        \n          hqmfjs.ProcedureResultClinicalStagingProcedure_precondition_7118(patient)\n        )\n      )\n    )\n  );\n};\n\n\n        // NUMERATOR\n        hqmfjs.NUMER = function(patient) {\n  return allTrue(  \n    atLeastOneFalse(    \n      hqmfjs.DiagnosticStudyPerformedBoneScan_precondition_7107(patient)\n    )\n  );\n};\n\n\n        hqmfjs.DENEX = function(patient) { return new Boolean(false); }\n        hqmfjs.DENEXCEP = function(patient) {\n  return atLeastOneTrue(  \n    allTrue(    \n      atLeastOneTrue(      \n        hqmfjs.DiagnosisActivePainRelatedToProstateCancer_precondition_7095(patient),      \n        hqmfjs.ProcedurePerformedSalvageTherapy_precondition_7097(patient),      \n        hqmfjs.DiagnosticStudyPerformedBoneScan_precondition_7099(patient),      \n        hqmfjs.DiagnosticStudyOrderBoneScan_precondition_7101(patient)\n      )\n    )\n  );\n};\n\n\n        \n\n      hqmfjs.initializeSpecifics(patient_api, hqmfjs)\n      \n      var population = function() {\n        return executeIfAvailable(hqmfjs.IPP, patient_api);\n      }\n      var denominator = function() {\n        return executeIfAvailable(hqmfjs.DENOM, patient_api);\n      }\n      var numerator = function() {\n        return executeIfAvailable(hqmfjs.NUMER, patient_api);\n      }\n      var exclusion = function() {\n        return executeIfAvailable(hqmfjs.DENEX, patient_api);\n      }\n      var denexcep = function() {\n        return executeIfAvailable(hqmfjs.DENEXCEP, patient_api);\n      }\n      \n      var executeIfAvailable = function(optionalFunction, arg) {\n        if (typeof(optionalFunction)==='function')\n          return optionalFunction(arg);\n        else\n          return false;\n      }\n\n      if (Logger.enabled) enableMeasureLogging(hqmfjs);\n\n      map(patient, population, denominator, numerator, exclusion, denexcep);\n      \n      };\n      ",
  "data_criteria": [
    {
      "DiagnosisActivePainRelatedToProstateCancer_precondition_7095": {
        "title": "Pain Related to Prostate Cancer",
        "description": "Diagnosis, Active: Pain Related to Prostate Cancer",
        "standard_category": "diagnosis_condition_problem",
        "qds_data_type": "diagnosis_active",
        "code_list_id": "2.16.840.1.113883.3.526.3.451",
        "type": "conditions",
        "definition": "diagnosis",
        "status": "active",
        "hard_status": false,
        "negation": false,
        "source_data_criteria": "DiagnosisActivePainRelatedToProstateCancer",
        "temporal_references": [
          {
            "type": "SAS",
            "reference": "OccurrenceAProstateCancer330_precondition_7104"
          }
        ]
      }
    },
    {
      "OccurrenceAProstateCancer330_precondition_7104": {
        "title": "Prostate Cancer",
        "description": "Diagnosis, Active: Prostate Cancer",
        "standard_category": "diagnosis_condition_problem",
        "qds_data_type": "diagnosis_active",
        "code_list_id": "2.16.840.1.113883.3.526.3.319",
        "type": "conditions",
        "definition": "diagnosis",
        "status": "active",
        "hard_status": false,
        "negation": false,
        "specific_occurrence": "A",
        "source_data_criteria": "OccurrenceAProstateCancer330"
      }
    },
    {
      "ProcedurePerformedSalvageTherapy_precondition_7097": {
        "title": "Salvage Therapy",
        "description": "Procedure, Performed: Salvage Therapy",
        "standard_category": "procedure",
        "qds_data_type": "procedure_performed",
        "code_list_id": "2.16.840.1.113883.3.526.3.399",
        "type": "procedures",
        "definition": "procedure",
        "status": "performed",
        "hard_status": false,
        "negation": false,
        "source_data_criteria": "ProcedurePerformedSalvageTherapy",
        "temporal_references": [
          {
            "type": "SAS",
            "reference": "OccurrenceAProstateCancer330_precondition_7104"
          }
        ]
      }
    },
    {
      "DiagnosticStudyPerformedBoneScan_precondition_7099": {
        "title": "Bone Scan",
        "description": "Diagnostic Study, Performed: Bone Scan",
        "standard_category": "diagnostic_study",
        "qds_data_type": "diagnostic_study_performed",
        "code_list_id": "2.16.840.1.113883.3.526.3.320",
        "type": "diagnostic_studies",
        "definition": "diagnostic_study",
        "status": "performed",
        "hard_status": false,
        "negation": false,
        "source_data_criteria": "DiagnosticStudyPerformedBoneScan",
        "field_values": {
          "REASON": {
            "type": "ANYNonNull"
          }
        },
        "temporal_references": [
          {
            "type": "SAS",
            "reference": "OccurrenceAProstateCancer330_precondition_7104"
          }
        ]
      }
    },
    {
      "DiagnosticStudyOrderBoneScan_precondition_7101": {
        "title": "Bone Scan",
        "description": "Diagnostic Study, Order: Bone Scan",
        "standard_category": "diagnostic_study",
        "qds_data_type": "diagnostic_study_performed",
        "code_list_id": "2.16.840.1.113883.3.526.3.320",
        "type": "diagnostic_studies",
        "definition": "diagnostic_study",
        "status": "ordered",
        "hard_status": false,
        "negation": false,
        "source_data_criteria": "DiagnosticStudyOrderBoneScan",
        "field_values": {
          "SOURCE": {
            "type": "CD",
            "code_list_id": "2.16.840.1.113883.3.526.3.1126",
            "title": "Other provider"
          }
        },
        "temporal_references": [
          {
            "type": "SAS",
            "reference": "OccurrenceAProstateCancer330_precondition_7104"
          }
        ]
      }
    },
    {
      "DiagnosticStudyPerformedBoneScan_precondition_7107": {
        "title": "Bone Scan",
        "description": "Diagnostic Study, Performed: Bone Scan",
        "standard_category": "diagnostic_study",
        "qds_data_type": "diagnostic_study_performed",
        "code_list_id": "2.16.840.1.113883.3.526.3.320",
        "type": "diagnostic_studies",
        "definition": "diagnostic_study",
        "status": "performed",
        "hard_status": false,
        "negation": false,
        "source_data_criteria": "DiagnosticStudyPerformedBoneScan",
        "temporal_references": [
          {
            "type": "SAS",
            "reference": "OccurrenceAProstateCancer330"
          }
        ]
      }
    },
    {
      "OccurrenceAProstateCancer330": {
        "title": "Prostate Cancer",
        "description": "Diagnosis, Active: Prostate Cancer",
        "standard_category": "diagnosis_condition_problem",
        "qds_data_type": "diagnosis_active",
        "code_list_id": "2.16.840.1.113883.3.526.3.319",
        "type": "conditions",
        "definition": "diagnosis",
        "status": "active",
        "hard_status": false,
        "negation": false,
        "specific_occurrence": "A",
        "source_data_criteria": "OccurrenceAProstateCancer330"
      }
    },
    {
      "OccurrenceAProstateCancerTreatment331_precondition_7110": {
        "title": "Prostate Cancer Treatment",
        "description": "Procedure, Performed: Prostate Cancer Treatment",
        "standard_category": "procedure",
        "qds_data_type": "procedure_performed",
        "code_list_id": "2.16.840.1.113883.3.526.3.398",
        "type": "procedures",
        "definition": "procedure",
        "status": "performed",
        "hard_status": false,
        "negation": false,
        "specific_occurrence": "A",
        "source_data_criteria": "OccurrenceAProstateCancerTreatment331",
        "temporal_references": [
          {
            "type": "DURING",
            "reference": "MeasurePeriod"
          }
        ]
      }
    },
    {
      "LaboratoryTestResultProstateSpecificAntigenTest_precondition_7112": {
        "title": "Prostate Specific Antigen Test",
        "description": "Laboratory Test, Result: Prostate Specific Antigen Test",
        "standard_category": "laboratory_test",
        "qds_data_type": "laboratory_test",
        "code_list_id": "2.16.840.1.113883.3.526.3.401",
        "type": "laboratory_tests",
        "definition": "laboratory_test",
        "hard_status": false,
        "negation": false,
        "source_data_criteria": "LaboratoryTestResultProstateSpecificAntigenTest",
        "value": {
          "type": "IVL_PQ",
          "high": {
            "type": "PQ",
            "unit": "ng/mL",
            "value": "10",
            "inclusive?": true,
            "derived?": false
          }
        },
        "temporal_references": [
          {
            "type": "SBE",
            "reference": "OccurrenceAProstateCancerTreatment331_precondition_7123"
          }
        ]
      }
    },
    {
      "OccurrenceAProstateCancerTreatment331_precondition_7123": {
        "title": "Prostate Cancer Treatment",
        "description": "Procedure, Performed: Prostate Cancer Treatment",
        "standard_category": "procedure",
        "qds_data_type": "procedure_performed",
        "code_list_id": "2.16.840.1.113883.3.526.3.398",
        "type": "procedures",
        "definition": "procedure",
        "status": "performed",
        "hard_status": false,
        "negation": false,
        "specific_occurrence": "A",
        "source_data_criteria": "OccurrenceAProstateCancerTreatment331"
      }
    },
    {
      "LaboratoryTestResultGleasonScore_precondition_7114": {
        "title": "Gleason Score",
        "description": "Laboratory Test, Result: Gleason Score",
        "standard_category": "laboratory_test",
        "qds_data_type": "laboratory_test",
        "code_list_id": "2.16.840.1.113883.3.526.3.397",
        "type": "laboratory_tests",
        "definition": "laboratory_test",
        "hard_status": false,
        "negation": false,
        "source_data_criteria": "LaboratoryTestResultGleasonScore",
        "value": {
          "type": "IVL_PQ",
          "high": {
            "type": "PQ",
            "value": "6",
            "inclusive?": true,
            "derived?": false
          }
        },
        "temporal_references": [
          {
            "type": "SBE",
            "reference": "OccurrenceAProstateCancerTreatment331_precondition_7123"
          }
        ]
      }
    },
    {
      "ProcedureResultClinicalStagingProcedure_precondition_7116": {
        "title": "Clinical Staging Procedure",
        "description": "Procedure, Result: Clinical Staging Procedure",
        "standard_category": "procedure",
        "qds_data_type": "procedure_result",
        "code_list_id": "2.16.840.1.113883.3.526.3.1098",
        "type": "procedures",
        "definition": "procedure_result",
        "hard_status": false,
        "negation": false,
        "source_data_criteria": "ProcedureResultClinicalStagingProcedure",
        "value": {
          "type": "CD",
          "code_list_id": "2.16.840.1.113883.3.526.3.1325",
          "title": "Prostate Cancer Primary Tumor Size T1c"
        },
        "temporal_references": [
          {
            "type": "SBE",
            "reference": "OccurrenceAProstateCancerTreatment331_precondition_7123"
          }
        ]
      }
    },
    {
      "ProcedureResultClinicalStagingProcedure_precondition_7118": {
        "title": "Clinical Staging Procedure",
        "description": "Procedure, Result: Clinical Staging Procedure",
        "standard_category": "procedure",
        "qds_data_type": "procedure_result",
        "code_list_id": "2.16.840.1.113883.3.526.3.1098",
        "type": "procedures",
        "definition": "procedure_result",
        "hard_status": false,
        "negation": false,
        "source_data_criteria": "ProcedureResultClinicalStagingProcedure",
        "value": {
          "type": "CD",
          "code_list_id": "2.16.840.1.113883.3.526.3.1326",
          "title": "Prostate Cancer Primary Tumor Size T2a"
        },
        "temporal_references": [
          {
            "type": "SBE",
            "reference": "OccurrenceAProstateCancerTreatment331_precondition_7123"
          }
        ]
      }
    },
    {
      "OccurrenceAProstateCancer330_precondition_7126": {
        "title": "Prostate Cancer",
        "description": "Diagnosis, Active: Prostate Cancer",
        "standard_category": "diagnosis_condition_problem",
        "qds_data_type": "diagnosis_active",
        "code_list_id": "2.16.840.1.113883.3.526.3.319",
        "type": "conditions",
        "definition": "diagnosis",
        "status": "active",
        "hard_status": false,
        "negation": false,
        "specific_occurrence": "A",
        "source_data_criteria": "OccurrenceAProstateCancer330",
        "temporal_references": [
          {
            "type": "SBE",
            "reference": "MeasurePeriod"
          }
        ]
      }
    },
    {
      "PatientCharacteristicSexMale_precondition_7128": {
        "title": "Male",
        "description": "Patient Characteristic Sex: Male",
        "standard_category": "individual_characteristic",
        "qds_data_type": "individual_characteristic",
        "code_list_id": "2.16.840.1.113883.3.560.100.1",
        "property": "gender",
        "type": "characteristic",
        "definition": "patient_characteristic_gender",
        "hard_status": false,
        "negation": false,
        "source_data_criteria": "PatientCharacteristicSexMale",
        "value": {
          "type": "CD",
          "system": "Administrative Sex",
          "code": "M"
        }
      }
    }
  ],
  "oids": [
    "2.16.840.1.113883.3.560.100.1",
    "2.16.840.1.113883.3.526.3.319",
    "2.16.840.1.113883.3.526.3.320",
    "2.16.840.1.113883.3.526.3.397",
    "2.16.840.1.113883.3.526.3.398",
    "2.16.840.1.113883.3.526.3.399",
    "2.16.840.1.113883.3.526.3.401",
    "2.16.840.1.113883.3.526.3.451",
    "2.16.840.1.113883.3.526.3.1098",
    "2.16.840.1.113883.3.526.3.1126",
    "2.16.840.1.113883.3.526.3.1325",
    "2.16.840.1.113883.3.526.3.1326",
    "2.16.840.1.113883.3.526.2.90",
    "2.16.840.1.113883.3.526.2.91",
    "2.16.840.1.113883.3.526.2.92",
    "2.16.840.1.113883.3.526.2.113",
    "2.16.840.1.113883.3.526.2.213",
    "2.16.840.1.113883.3.526.2.215",
    "2.16.840.1.113883.3.526.2.282",
    "2.16.840.1.113883.3.526.2.323",
    "2.16.840.1.113883.3.526.2.324",
    "2.16.840.1.113883.3.526.2.325",
    "2.16.840.1.113883.3.526.2.449",
    "2.16.840.1.113883.3.526.2.450",
    "2.16.840.1.113883.3.526.2.1027",
    "2.16.840.1.113883.3.526.2.1225",
    "2.16.840.1.113883.3.526.2.1374",
    "2.16.840.1.113883.3.526.2.1394",
    "2.16.840.1.113883.3.526.2.1395"
  ],
  "population_ids": {
    "IPP": "4CFCED75-2F49-409F-998C-BEC750E4244D",
    "DENOM": "80D8D3A3-52AC-42CE-AA34-59EDCC52F619",
    "NUMER": "EBBE5723-050A-44CE-9842-3E1DF08E3F68",
    "DENEXCEP": "9CB3E548-B2C5-453D-9395-F1384A9A46CF"
  }
}