{
  "id": "8A4D92B2-39CA-AF4B-0139-FEDEEAA44F14",
  "nqf_id": "0405",
  "hqmf_id": "8A4D92B2-39CA-AF4B-0139-FEDEEAA44F14",
  "hqmf_set_id": "1CDD20DE-5DE9-4759-8A93-31F1F8BAAAA2",
  "hqmf_version_number": 1,
  "endorser": null,
  "name": "HIV/AIDS: Pneumocystis jiroveci pneumonia (PCP) prophylaxis",
  "description": "Percentage of patients aged 6 weeks and older with a diagnosis of HIV/AIDS who were prescribed Pneumocystis jiroveci pneumonia (PCP) prophylaxis",
  "type": "ep",
  "category": "HIV",
  "steward": null,
  "population": {
    "conjunction": "and",
    "items": [
      {
        "conjunction": "and",
        "items": [
          {
            "title": "birth date",
            "description": "Patient Characteristic Birthdate: birth date",
            "standard_category": "individual_characteristic",
            "qds_data_type": "individual_characteristic",
            "code_list_id": "2.16.840.1.113883.3.560.100.4",
            "property": "birthtime",
            "type": "characteristic",
            "definition": "patient_characteristic_birthdate",
            "hard_status": false,
            "negation": false,
            "source_data_criteria": "PatientCharacteristicBirthdateBirthDate",
            "inline_code_list": {
              "LOINC": [
                "21112-8"
              ]
            },
            "temporal_references": [
              {
                "type": "SBS",
                "reference": "MeasurePeriod",
                "range": {
                  "type": "IVL_PQ",
                  "low": {
                    "type": "PQ",
                    "unit": "a",
                    "value": "6",
                    "inclusive?": true,
                    "derived?": false
                  }
                },
                "title": "MeasurePeriod"
              }
            ]
          },
          {
            "title": "HIV",
            "description": "Diagnosis, Active: HIV",
            "standard_category": "diagnosis_condition_problem",
            "qds_data_type": "diagnosis_active",
            "code_list_id": "2.16.840.1.113883.3.464.1003.120.12.1003",
            "type": "conditions",
            "definition": "diagnosis",
            "status": "active",
            "hard_status": false,
            "negation": false,
            "source_data_criteria": "DiagnosisActiveHiv",
            "temporal_references": [
              {
                "type": "SBE",
                "reference": "MeasurePeriod",
                "title": "MeasurePeriod"
              }
            ]
          },
          {
            "title": "HIV Visit",
            "description": "Encounter, Performed: HIV Visit",
            "standard_category": "encounter",
            "qds_data_type": "encounter",
            "code_list_id": "2.16.840.1.113883.3.464.1003.101.12.1047",
            "type": "encounters",
            "definition": "encounter",
            "status": "performed",
            "hard_status": false,
            "negation": false,
            "specific_occurrence": "A",
            "source_data_criteria": "OccurrenceAHivVisit252",
            "temporal_references": [
              {
                "type": "DURING",
                "reference": "MeasurePeriod",
                "title": "MeasurePeriod"
              }
            ]
          },
          {
            "title": "HIV Visit",
            "description": "Encounter, Performed: HIV Visit",
            "standard_category": "encounter",
            "qds_data_type": "encounter",
            "code_list_id": "2.16.840.1.113883.3.464.1003.101.12.1047",
            "type": "encounters",
            "definition": "encounter",
            "status": "performed",
            "hard_status": false,
            "negation": false,
            "specific_occurrence": "B",
            "source_data_criteria": "OccurrenceBHivVisit253",
            "temporal_references": [
              {
                "type": "DURING",
                "reference": "MeasurePeriod",
                "title": "MeasurePeriod"
              }
            ]
          },
          {
            "title": "CD4+ Count",
            "description": "Laboratory Test: CD4+ Count",
            "standard_category": "laboratory_test",
            "qds_data_type": "laboratory_test",
            "code_list_id": "2.16.840.1.113883.3.464.1003.121.12.1004",
            "type": "laboratory_tests",
            "definition": "laboratory_test",
            "hard_status": false,
            "negation": false,
            "specific_occurrence": "A",
            "source_data_criteria": "OccurrenceACd4Count254",
            "value": {
              "type": "IVL_PQ",
              "high": {
                "type": "PQ",
                "unit": "/mm3",
                "value": "200",
                "inclusive?": false,
                "derived?": false
              }
            },
            "temporal_references": [
              {
                "type": "EAS",
                "reference": "MeasurePeriod",
                "range": {
                  "type": "IVL_PQ",
                  "high": {
                    "type": "PQ",
                    "unit": "mo",
                    "value": "9",
                    "inclusive?": false,
                    "derived?": false
                  }
                },
                "title": "MeasurePeriod"
              }
            ]
          },
          {
            "title": "HIV Visit",
            "description": "Encounter, Performed: HIV Visit",
            "standard_category": "encounter",
            "qds_data_type": "encounter",
            "code_list_id": "2.16.840.1.113883.3.464.1003.101.12.1047",
            "type": "encounters",
            "definition": "encounter",
            "status": "performed",
            "hard_status": false,
            "negation": false,
            "specific_occurrence": "B",
            "source_data_criteria": "OccurrenceBHivVisit253",
            "temporal_references": [
              {
                "type": "SAE",
                "reference": {
                  "title": "HIV Visit",
                  "description": "Encounter, Performed: HIV Visit",
                  "standard_category": "encounter",
                  "qds_data_type": "encounter",
                  "code_list_id": "2.16.840.1.113883.3.464.1003.101.12.1047",
                  "type": "encounters",
                  "definition": "encounter",
                  "status": "performed",
                  "hard_status": false,
                  "negation": false,
                  "specific_occurrence": "A",
                  "source_data_criteria": "OccurrenceAHivVisit252"
                },
                "range": {
                  "type": "IVL_PQ",
                  "low": {
                    "type": "PQ",
                    "unit": "d",
                    "value": "90",
                    "inclusive?": true,
                    "derived?": false
                  }
                }
              }
            ]
          }
        ],
        "negation": null,
        "precondition_id": 5804
      }
    ]
  },
  "denominator": {
    "conjunction": "and",
    "items": [

    ]
  },
  "numerator": {
    "conjunction": "and",
    "items": [
      {
        "conjunction": "and",
        "items": [
          {
            "conjunction": "or",
            "items": [
              {
                "title": "Pneumocystis Jiroveci Pneumonia (PCP) Prophylaxis",
                "description": "Medication, Order: Pneumocystis Jiroveci Pneumonia (PCP) Prophylaxis",
                "standard_category": "medication",
                "qds_data_type": "medication_order",
                "code_list_id": "2.16.840.1.113883.3.464.1003.196.12.1076",
                "type": "medications",
                "definition": "medication",
                "status": "ordered",
                "hard_status": false,
                "negation": false,
                "source_data_criteria": "MedicationOrderPneumocystisJiroveciPneumoniaPcpProphylaxis",
                "temporal_references": [
                  {
                    "type": "SAE",
                    "reference": {
                      "title": "CD4+ Count",
                      "description": "Laboratory Test: CD4+ Count",
                      "standard_category": "laboratory_test",
                      "qds_data_type": "laboratory_test",
                      "code_list_id": "2.16.840.1.113883.3.464.1003.121.12.1004",
                      "type": "laboratory_tests",
                      "definition": "laboratory_test",
                      "hard_status": false,
                      "negation": false,
                      "specific_occurrence": "A",
                      "source_data_criteria": "OccurrenceACd4Count254"
                    },
                    "range": {
                      "type": "IVL_PQ",
                      "high": {
                        "type": "PQ",
                        "unit": "mo",
                        "value": "3",
                        "inclusive?": true,
                        "derived?": false
                      }
                    }
                  }
                ]
              },
              {
                "conjunction": "and",
                "items": [
                  {
                    "title": "Dapsone and pyrimethamine",
                    "description": "Medication, Ordered: Dapsone and pyrimethamine",
                    "standard_category": "medication",
                    "qds_data_type": "medication_order",
                    "code_list_id": "2.16.840.1.113883.3.464.1003.196.12.1202",
                    "type": "medications",
                    "definition": "medication",
                    "status": "ordered",
                    "hard_status": false,
                    "negation": false,
                    "specific_occurrence": "A",
                    "source_data_criteria": "OccurrenceADapsoneAndPyrimethamine260",
                    "temporal_references": [
                      {
                        "type": "SAE",
                        "reference": {
                          "title": "CD4+ Count",
                          "description": "Laboratory Test: CD4+ Count",
                          "standard_category": "laboratory_test",
                          "qds_data_type": "laboratory_test",
                          "code_list_id": "2.16.840.1.113883.3.464.1003.121.12.1004",
                          "type": "laboratory_tests",
                          "definition": "laboratory_test",
                          "hard_status": false,
                          "negation": false,
                          "specific_occurrence": "A",
                          "source_data_criteria": "OccurrenceACd4Count254"
                        },
                        "range": {
                          "type": "IVL_PQ",
                          "high": {
                            "type": "PQ",
                            "unit": "mo",
                            "value": "3",
                            "inclusive?": true,
                            "derived?": false
                          }
                        }
                      }
                    ]
                  },
                  {
                    "title": "Leucovorin",
                    "description": "Medication, Ordered: Leucovorin",
                    "standard_category": "medication",
                    "qds_data_type": "medication_order",
                    "code_list_id": "2.16.840.1.113883.3.464.1003.196.12.1205",
                    "type": "medications",
                    "definition": "medication",
                    "status": "ordered",
                    "hard_status": false,
                    "negation": false,
                    "specific_occurrence": "A",
                    "source_data_criteria": "OccurrenceALeucovorin256",
                    "temporal_references": [
                      {
                        "type": "SAE",
                        "reference": {
                          "title": "CD4+ Count",
                          "description": "Laboratory Test: CD4+ Count",
                          "standard_category": "laboratory_test",
                          "qds_data_type": "laboratory_test",
                          "code_list_id": "2.16.840.1.113883.3.464.1003.121.12.1004",
                          "type": "laboratory_tests",
                          "definition": "laboratory_test",
                          "hard_status": false,
                          "negation": false,
                          "specific_occurrence": "A",
                          "source_data_criteria": "OccurrenceACd4Count254"
                        },
                        "range": {
                          "type": "IVL_PQ",
                          "high": {
                            "type": "PQ",
                            "unit": "mo",
                            "value": "3",
                            "inclusive?": true,
                            "derived?": false
                          }
                        }
                      }
                    ]
                  },
                  {
                    "conjunction": "or",
                    "items": [
                      {
                        "title": "Leucovorin",
                        "description": "Medication, Ordered: Leucovorin",
                        "standard_category": "medication",
                        "qds_data_type": "medication_order",
                        "code_list_id": "2.16.840.1.113883.3.464.1003.196.12.1205",
                        "type": "medications",
                        "definition": "medication",
                        "status": "ordered",
                        "hard_status": false,
                        "negation": false,
                        "specific_occurrence": "A",
                        "source_data_criteria": "OccurrenceALeucovorin256",
                        "temporal_references": [
                          {
                            "type": "CONCURRENT",
                            "reference": {
                              "title": "Dapsone and pyrimethamine",
                              "description": "Medication, Ordered: Dapsone and pyrimethamine",
                              "standard_category": "medication",
                              "qds_data_type": "medication_order",
                              "code_list_id": "2.16.840.1.113883.3.464.1003.196.12.1202",
                              "type": "medications",
                              "definition": "medication",
                              "status": "ordered",
                              "hard_status": false,
                              "negation": false,
                              "specific_occurrence": "A",
                              "source_data_criteria": "OccurrenceADapsoneAndPyrimethamine260"
                            }
                          }
                        ]
                      },
                      {
                        "conjunction": "and",
                        "items": [
                          {
                            "title": "Dapsone and pyrimethamine",
                            "description": "Medication, Ordered: Dapsone and pyrimethamine",
                            "standard_category": "medication",
                            "qds_data_type": "medication_order",
                            "code_list_id": "2.16.840.1.113883.3.464.1003.196.12.1202",
                            "type": "medications",
                            "definition": "medication",
                            "status": "ordered",
                            "hard_status": false,
                            "negation": false,
                            "specific_occurrence": "A",
                            "source_data_criteria": "OccurrenceADapsoneAndPyrimethamine260",
                            "temporal_references": [
                              {
                                "type": "SBE",
                                "reference": {
                                  "title": "Leucovorin",
                                  "description": "Medication, Ordered: Leucovorin",
                                  "standard_category": "medication",
                                  "qds_data_type": "medication_order",
                                  "code_list_id": "2.16.840.1.113883.3.464.1003.196.12.1205",
                                  "type": "medications",
                                  "definition": "medication",
                                  "status": "ordered",
                                  "hard_status": false,
                                  "negation": false,
                                  "specific_occurrence": "A",
                                  "source_data_criteria": "OccurrenceALeucovorin256"
                                },
                                "range": {
                                  "type": "IVL_PQ",
                                  "high": {
                                    "type": "PQ",
                                    "unit": "d",
                                    "value": "1",
                                    "inclusive?": false,
                                    "derived?": false
                                  }
                                }
                              }
                            ]
                          },
                          {
                            "conjunction": "and",
                            "items": [
                              {
                                "title": "Dapsone and pyrimethamine",
                                "description": "Medication, Ordered: Dapsone and pyrimethamine",
                                "standard_category": "medication",
                                "qds_data_type": "medication_order",
                                "code_list_id": "2.16.840.1.113883.3.464.1003.196.12.1202",
                                "type": "medications",
                                "definition": "medication",
                                "status": "ordered",
                                "hard_status": false,
                                "negation": false,
                                "specific_occurrence": "A",
                                "source_data_criteria": "OccurrenceADapsoneAndPyrimethamine260",
                                "temporal_references": [
                                  {
                                    "type": "EBS",
                                    "reference": {
                                      "title": "Leucovorin",
                                      "description": "Medication, Ordered: Leucovorin",
                                      "standard_category": "medication",
                                      "qds_data_type": "medication_order",
                                      "code_list_id": "2.16.840.1.113883.3.464.1003.196.12.1205",
                                      "type": "medications",
                                      "definition": "medication",
                                      "status": "ordered",
                                      "hard_status": false,
                                      "negation": false,
                                      "specific_occurrence": "A",
                                      "source_data_criteria": "OccurrenceALeucovorin256"
                                    }
                                  }
                                ]
                              }
                            ],
                            "negation": true,
                            "precondition_id": 5765
                          }
                        ],
                        "negation": null,
                        "precondition_id": 5766
                      },
                      {
                        "conjunction": "and",
                        "items": [
                          {
                            "title": "Leucovorin",
                            "description": "Medication, Ordered: Leucovorin",
                            "standard_category": "medication",
                            "qds_data_type": "medication_order",
                            "code_list_id": "2.16.840.1.113883.3.464.1003.196.12.1205",
                            "type": "medications",
                            "definition": "medication",
                            "status": "ordered",
                            "hard_status": false,
                            "negation": false,
                            "specific_occurrence": "A",
                            "source_data_criteria": "OccurrenceALeucovorin256",
                            "temporal_references": [
                              {
                                "type": "SBE",
                                "reference": {
                                  "title": "Dapsone and pyrimethamine",
                                  "description": "Medication, Ordered: Dapsone and pyrimethamine",
                                  "standard_category": "medication",
                                  "qds_data_type": "medication_order",
                                  "code_list_id": "2.16.840.1.113883.3.464.1003.196.12.1202",
                                  "type": "medications",
                                  "definition": "medication",
                                  "status": "ordered",
                                  "hard_status": false,
                                  "negation": false,
                                  "specific_occurrence": "A",
                                  "source_data_criteria": "OccurrenceADapsoneAndPyrimethamine260"
                                },
                                "range": {
                                  "type": "IVL_PQ",
                                  "high": {
                                    "type": "PQ",
                                    "unit": "d",
                                    "value": "1",
                                    "inclusive?": false,
                                    "derived?": false
                                  }
                                }
                              }
                            ]
                          },
                          {
                            "conjunction": "and",
                            "items": [
                              {
                                "title": "Leucovorin",
                                "description": "Medication, Ordered: Leucovorin",
                                "standard_category": "medication",
                                "qds_data_type": "medication_order",
                                "code_list_id": "2.16.840.1.113883.3.464.1003.196.12.1205",
                                "type": "medications",
                                "definition": "medication",
                                "status": "ordered",
                                "hard_status": false,
                                "negation": false,
                                "specific_occurrence": "A",
                                "source_data_criteria": "OccurrenceALeucovorin256",
                                "temporal_references": [
                                  {
                                    "type": "EBS",
                                    "reference": {
                                      "title": "Dapsone and pyrimethamine",
                                      "description": "Medication, Ordered: Dapsone and pyrimethamine",
                                      "standard_category": "medication",
                                      "qds_data_type": "medication_order",
                                      "code_list_id": "2.16.840.1.113883.3.464.1003.196.12.1202",
                                      "type": "medications",
                                      "definition": "medication",
                                      "status": "ordered",
                                      "hard_status": false,
                                      "negation": false,
                                      "specific_occurrence": "A",
                                      "source_data_criteria": "OccurrenceADapsoneAndPyrimethamine260"
                                    }
                                  }
                                ]
                              }
                            ],
                            "negation": true,
                            "precondition_id": 5772
                          }
                        ],
                        "negation": null,
                        "precondition_id": 5773
                      }
                    ],
                    "negation": null,
                    "precondition_id": 5775
                  }
                ],
                "negation": null,
                "precondition_id": 5777
              }
            ],
            "negation": null,
            "precondition_id": 5779
          }
        ],
        "negation": null,
        "precondition_id": 5781
      }
    ]
  },
  "exclusions": null,
  "map_fn": "function() {\n        var patient = this;\n        var effective_date = <%= effective_date %>;\n\n        hqmfjs = {}\n        <%= init_js_frameworks %>\n        \n        \n      var patient_api = new hQuery.Patient(patient);\n\n      \n\n      // clear out logger\n      if (typeof Logger != 'undefined') Logger.logger = [];\n      // turn on logging if it is enabled\n      if (Logger.enabled) enableLogging();\n      \n      \n        // #########################\n        // ##### DATA ELEMENTS #####\n        // #########################\n\n        OidDictionary = <%= oid_dictionary %>;\n        \n        // Measure variables\nvar MeasurePeriod = {\n  \"low\": new TS(\"20100101\", null, true),\n  \"high\": new TS(\"20110101\", null, true)\n}\nhqmfjs.MeasurePeriod = function(patient) {\n  return [new hQuery.CodedEntry(\n    {\n      \"start_time\": MeasurePeriod.low.asDate().getTime()/1000,\n      \"end_time\": MeasurePeriod.high.asDate().getTime()/1000,\n      \"codes\": {}\n    }\n  )];\n}\nif (typeof effective_date === 'number') {\n  MeasurePeriod.high.date = new Date(1000*effective_date);\n  MeasurePeriod.low.date = new Date(1000*effective_date);\n  MeasurePeriod.low.date.setFullYear(MeasurePeriod.low.date.getFullYear()-1);\n}\n\n// Data critera\nhqmfjs.OccurrenceAHivVisit252 = function(patient) {\n  var events = patient.encounters();\n  events.specific_occurrence = 'OccurrenceAHivVisit252'\n  events = events.withStatuses([\"performed\"]);\n  events = events.withoutNegation();\n  var codes = getCodes(\"2.16.840.1.113883.3.464.1003.101.12.1047\");\n  var start = null;\n  var end = null;\n  events = events.match(codes, start, end, true);\n\n  events.specificContext=new Specifics(Row.buildForDataCriteria(events.specific_occurrence, events))\n  return events;\n}\n\nhqmfjs.OccurrenceBHivVisit253 = function(patient) {\n  var events = patient.encounters();\n  events.specific_occurrence = 'OccurrenceBHivVisit253'\n  events = events.withStatuses([\"performed\"]);\n  events = events.withoutNegation();\n  var codes = getCodes(\"2.16.840.1.113883.3.464.1003.101.12.1047\");\n  var start = null;\n  var end = null;\n  events = events.match(codes, start, end, true);\n\n  events.specificContext=new Specifics(Row.buildForDataCriteria(events.specific_occurrence, events))\n  return events;\n}\n\nhqmfjs.OccurrenceACd4Count254 = function(patient) {\n  var events = patient.laboratoryTests();\n  events.specific_occurrence = 'OccurrenceACd4Count254'\n  events = events.withoutNegation();\n  var codes = getCodes(\"2.16.840.1.113883.3.464.1003.121.12.1004\");\n  var start = null;\n  var end = null;\n  events = events.match(codes, start, end, true);\n\n  events.specificContext=new Specifics(Row.buildForDataCriteria(events.specific_occurrence, events))\n  return events;\n}\n\nhqmfjs.OccurrenceBCd4Count255 = function(patient) {\n  var events = patient.laboratoryTests();\n  events.specific_occurrence = 'OccurrenceBCd4Count255'\n  events = events.withoutNegation();\n  var codes = getCodes(\"2.16.840.1.113883.3.464.1003.121.12.1004\");\n  var start = null;\n  var end = null;\n  events = events.match(codes, start, end, true);\n\n  events.specificContext=new Specifics(Row.buildForDataCriteria(events.specific_occurrence, events))\n  return events;\n}\n\nhqmfjs.OccurrenceALeucovorin256 = function(patient) {\n  var events = patient.allMedications();\n  events.specific_occurrence = 'OccurrenceALeucovorin256'\n  events = events.withStatuses([\"ordered\"]);\n  events = events.withoutNegation();\n  var codes = getCodes(\"2.16.840.1.113883.3.464.1003.196.12.1205\");\n  var start = null;\n  var end = null;\n  events = events.match(codes, start, end, true);\n\n  events.specificContext=new Specifics(Row.buildForDataCriteria(events.specific_occurrence, events))\n  return events;\n}\n\nhqmfjs.OccurrenceACd4Percentage257 = function(patient) {\n  var events = patient.laboratoryTests();\n  events.specific_occurrence = 'OccurrenceACd4Percentage257'\n  events = events.withoutNegation();\n  var codes = getCodes(\"2.16.840.1.113883.3.464.1003.121.12.1005\");\n  var start = null;\n  var end = null;\n  events = events.match(codes, start, end, true);\n\n  events.specificContext=new Specifics(Row.buildForDataCriteria(events.specific_occurrence, events))\n  return events;\n}\n\nhqmfjs.OccurrenceBCd4Percentage258 = function(patient) {\n  var events = patient.laboratoryTests();\n  events.specific_occurrence = 'OccurrenceBCd4Percentage258'\n  events = events.withoutNegation();\n  var codes = getCodes(\"2.16.840.1.113883.3.464.1003.121.12.1005\");\n  var start = null;\n  var end = null;\n  events = events.match(codes, start, end, true);\n\n  events.specificContext=new Specifics(Row.buildForDataCriteria(events.specific_occurrence, events))\n  return events;\n}\n\nhqmfjs.OccurrenceAHiv259 = function(patient) {\n  var events = patient.allProblems();\n  events.specific_occurrence = 'OccurrenceAHiv259'\n  events = events.withStatuses([\"active\"]);\n  events = events.withoutNegation();\n  var codes = getCodes(\"2.16.840.1.113883.3.464.1003.120.12.1003\");\n  var start = null;\n  var end = null;\n  events = events.match(codes, start, end, true);\n\n  events.specificContext=new Specifics(Row.buildForDataCriteria(events.specific_occurrence, events))\n  return events;\n}\n\nhqmfjs.OccurrenceADapsoneAndPyrimethamine260 = function(patient) {\n  var events = patient.allMedications();\n  events.specific_occurrence = 'OccurrenceADapsoneAndPyrimethamine260'\n  events = events.withStatuses([\"ordered\"]);\n  events = events.withoutNegation();\n  var codes = getCodes(\"2.16.840.1.113883.3.464.1003.196.12.1202\");\n  var start = null;\n  var end = null;\n  events = events.match(codes, start, end, true);\n\n  events.specificContext=new Specifics(Row.buildForDataCriteria(events.specific_occurrence, events))\n  return events;\n}\n\nhqmfjs.LaboratoryTestResultCd4Percentage = function(patient) {\n  var events = patient.laboratoryTests();\n  events = events.withoutNegation();\n  var codes = getCodes(\"2.16.840.1.113883.3.464.1003.121.12.1005\");\n  var start = null;\n  var end = null;\n  events = events.match(codes, start, end, true);\n\n  events.specificContext=Specifics.identity()\n  return events;\n}\n\nhqmfjs.MedicationOrderLeucovorin = function(patient) {\n  var events = patient.allMedications();\n  events = events.withStatuses([\"ordered\"]);\n  events = events.withoutNegation();\n  var codes = getCodes(\"2.16.840.1.113883.3.464.1003.196.12.1205\");\n  var start = null;\n  var end = null;\n  events = events.match(codes, start, end, true);\n\n  events.specificContext=Specifics.identity()\n  return events;\n}\n\nhqmfjs.MedicationOrderDapsoneAndPyrimethamine = function(patient) {\n  var events = patient.allMedications();\n  events = events.withStatuses([\"ordered\"]);\n  events = events.withoutNegation();\n  var codes = getCodes(\"2.16.840.1.113883.3.464.1003.196.12.1202\");\n  var start = null;\n  var end = null;\n  events = events.match(codes, start, end, true);\n\n  events.specificContext=Specifics.identity()\n  return events;\n}\n\nhqmfjs.EncounterPerformedHivVisit = function(patient) {\n  var events = patient.encounters();\n  events = events.withStatuses([\"performed\"]);\n  events = events.withoutNegation();\n  var codes = getCodes(\"2.16.840.1.113883.3.464.1003.101.12.1047\");\n  var start = null;\n  var end = null;\n  events = events.match(codes, start, end, true);\n\n  events.specificContext=Specifics.identity()\n  return events;\n}\n\nhqmfjs.LaboratoryTestResultCd4Count = function(patient) {\n  var events = patient.laboratoryTests();\n  events = events.withoutNegation();\n  var codes = getCodes(\"2.16.840.1.113883.3.464.1003.121.12.1004\");\n  var start = null;\n  var end = null;\n  events = events.match(codes, start, end, true);\n\n  events.specificContext=Specifics.identity()\n  return events;\n}\n\nhqmfjs.OccurrenceAHivVisit252 = function(patient) {\n  var events = patient.encounters();\n  events.specific_occurrence = 'OccurrenceAHivVisit252'\n  events = events.withStatuses([\"performed\"]);\n  events = events.withoutNegation();\n  var codes = getCodes(\"2.16.840.1.113883.3.464.1003.101.12.1047\");\n  var start = null;\n  var end = null;\n  events = events.match(codes, start, end, true);\n\n  events.specificContext=new Specifics(Row.buildForDataCriteria(events.specific_occurrence, events))\n  return events;\n}\n\nhqmfjs.OccurrenceACd4Count254 = function(patient) {\n  var events = patient.laboratoryTests();\n  events.specific_occurrence = 'OccurrenceACd4Count254'\n  events = events.withoutNegation();\n  var codes = getCodes(\"2.16.840.1.113883.3.464.1003.121.12.1004\");\n  var start = null;\n  var end = null;\n  events = events.match(codes, start, end, true);\n\n  events.specificContext=new Specifics(Row.buildForDataCriteria(events.specific_occurrence, events))\n  return events;\n}\n\nhqmfjs.OccurrenceALeucovorin256 = function(patient) {\n  var events = patient.allMedications();\n  events.specific_occurrence = 'OccurrenceALeucovorin256'\n  events = events.withStatuses([\"ordered\"]);\n  events = events.withoutNegation();\n  var codes = getCodes(\"2.16.840.1.113883.3.464.1003.196.12.1205\");\n  var start = null;\n  var end = null;\n  events = events.match(codes, start, end, true);\n\n  events.specificContext=new Specifics(Row.buildForDataCriteria(events.specific_occurrence, events))\n  return events;\n}\n\nhqmfjs.OccurrenceACd4Percentage257 = function(patient) {\n  var events = patient.laboratoryTests();\n  events.specific_occurrence = 'OccurrenceACd4Percentage257'\n  events = events.withoutNegation();\n  var codes = getCodes(\"2.16.840.1.113883.3.464.1003.121.12.1005\");\n  var start = null;\n  var end = null;\n  events = events.match(codes, start, end, true);\n\n  events.specificContext=new Specifics(Row.buildForDataCriteria(events.specific_occurrence, events))\n  return events;\n}\n\nhqmfjs.OccurrenceAHiv259 = function(patient) {\n  var events = patient.allProblems();\n  events.specific_occurrence = 'OccurrenceAHiv259'\n  events = events.withStatuses([\"active\"]);\n  events = events.withoutNegation();\n  var codes = getCodes(\"2.16.840.1.113883.3.464.1003.120.12.1003\");\n  var start = null;\n  var end = null;\n  events = events.match(codes, start, end, true);\n\n  events.specificContext=new Specifics(Row.buildForDataCriteria(events.specific_occurrence, events))\n  return events;\n}\n\nhqmfjs.OccurrenceADapsoneAndPyrimethamine260 = function(patient) {\n  var events = patient.allMedications();\n  events.specific_occurrence = 'OccurrenceADapsoneAndPyrimethamine260'\n  events = events.withStatuses([\"ordered\"]);\n  events = events.withoutNegation();\n  var codes = getCodes(\"2.16.840.1.113883.3.464.1003.196.12.1202\");\n  var start = null;\n  var end = null;\n  events = events.match(codes, start, end, true);\n\n  events.specificContext=new Specifics(Row.buildForDataCriteria(events.specific_occurrence, events))\n  return events;\n}\n\nhqmfjs.OccurrenceBCd4Count255_precondition_5743 = function(patient) {\n  var events = patient.laboratoryTests();\n  events.specific_occurrence = 'OccurrenceBCd4Count255'\n  events = events.withoutNegation();\n  var codes = getCodes(\"2.16.840.1.113883.3.464.1003.121.12.1004\");\n  var start = null;\n  var end = null;\n  events = events.match(codes, start, end, true);\n\n  events = filterEventsByValue(events, new IVL_PQ(new PQ(200, \"/mm3\", true), null));\n  events = EAE(events, hqmfjs.OccurrenceACd4Count254(patient), new IVL_PQ(null, new PQ(3, \"mo\", true)));\n  return events;\n}\n\nhqmfjs.OccurrenceBCd4Count255_precondition_5746 = function(patient) {\n  var events = patient.laboratoryTests();\n  events.specific_occurrence = 'OccurrenceBCd4Count255'\n  events = events.withoutNegation();\n  var codes = getCodes(\"2.16.840.1.113883.3.464.1003.121.12.1004\");\n  var start = null;\n  var end = null;\n  events = events.match(codes, start, end, true);\n\n  events = filterEventsByValue(events, new IVL_PQ(new PQ(500, \"/mm3\", true), null));\n  events = EAE(events, hqmfjs.OccurrenceACd4Count254(patient), new IVL_PQ(null, new PQ(3, \"mo\", true)));\n  return events;\n}\n\nhqmfjs.OccurrenceBCd4Percentage258_precondition_5748 = function(patient) {\n  var events = patient.laboratoryTests();\n  events.specific_occurrence = 'OccurrenceBCd4Percentage258'\n  events = events.withoutNegation();\n  var codes = getCodes(\"2.16.840.1.113883.3.464.1003.121.12.1005\");\n  var start = null;\n  var end = null;\n  events = events.match(codes, start, end, true);\n\n  events = filterEventsByValue(events, new IVL_PQ(new PQ(15, \"%\", true), null));\n  events = EAE(events, hqmfjs.OccurrenceACd4Percentage257(patient), new IVL_PQ(null, new PQ(3, \"mo\", true)));\n  return events;\n}\n\nhqmfjs.MedicationOrderPneumocystisJiroveciPneumoniaPcpProphylaxis_precondition_5753 = function(patient) {\n  var events = patient.allMedications();\n  events = events.withStatuses([\"ordered\"]);\n  events = events.withoutNegation();\n  var codes = getCodes(\"2.16.840.1.113883.3.464.1003.196.12.1076\");\n  var start = null;\n  var end = null;\n  events = events.match(codes, start, end, true);\n\n  events = SAE(events, hqmfjs.OccurrenceACd4Count254(patient), new IVL_PQ(null, new PQ(3, \"mo\", true)));\n  return events;\n}\n\nhqmfjs.OccurrenceADapsoneAndPyrimethamine260_precondition_5755 = function(patient) {\n  var events = patient.allMedications();\n  events.specific_occurrence = 'OccurrenceADapsoneAndPyrimethamine260'\n  events = events.withStatuses([\"ordered\"]);\n  events = events.withoutNegation();\n  var codes = getCodes(\"2.16.840.1.113883.3.464.1003.196.12.1202\");\n  var start = null;\n  var end = null;\n  events = events.match(codes, start, end, true);\n\n  events = SAE(events, hqmfjs.OccurrenceACd4Count254(patient), new IVL_PQ(null, new PQ(3, \"mo\", true)));\n  return events;\n}\n\nhqmfjs.OccurrenceALeucovorin256_precondition_5757 = function(patient) {\n  var events = patient.allMedications();\n  events.specific_occurrence = 'OccurrenceALeucovorin256'\n  events = events.withStatuses([\"ordered\"]);\n  events = events.withoutNegation();\n  var codes = getCodes(\"2.16.840.1.113883.3.464.1003.196.12.1205\");\n  var start = null;\n  var end = null;\n  events = events.match(codes, start, end, true);\n\n  events = SAE(events, hqmfjs.OccurrenceACd4Count254(patient), new IVL_PQ(null, new PQ(3, \"mo\", true)));\n  return events;\n}\n\nhqmfjs.OccurrenceALeucovorin256_precondition_5759 = function(patient) {\n  var events = patient.allMedications();\n  events.specific_occurrence = 'OccurrenceALeucovorin256'\n  events = events.withStatuses([\"ordered\"]);\n  events = events.withoutNegation();\n  var codes = getCodes(\"2.16.840.1.113883.3.464.1003.196.12.1205\");\n  var start = null;\n  var end = null;\n  events = events.match(codes, start, end, true);\n\n  events = CONCURRENT(events, hqmfjs.OccurrenceADapsoneAndPyrimethamine260(patient));\n  return events;\n}\n\nhqmfjs.OccurrenceADapsoneAndPyrimethamine260_precondition_5763 = function(patient) {\n  var events = patient.allMedications();\n  events.specific_occurrence = 'OccurrenceADapsoneAndPyrimethamine260'\n  events = events.withStatuses([\"ordered\"]);\n  events = events.withoutNegation();\n  var codes = getCodes(\"2.16.840.1.113883.3.464.1003.196.12.1202\");\n  var start = null;\n  var end = null;\n  events = events.match(codes, start, end, true);\n\n  events = SBE(events, hqmfjs.OccurrenceALeucovorin256(patient), new IVL_PQ(null, new PQ(1, \"d\", false)));\n  return events;\n}\n\nhqmfjs.OccurrenceADapsoneAndPyrimethamine260_precondition_5761 = function(patient) {\n  var events = patient.allMedications();\n  events.specific_occurrence = 'OccurrenceADapsoneAndPyrimethamine260'\n  events = events.withStatuses([\"ordered\"]);\n  events = events.withoutNegation();\n  var codes = getCodes(\"2.16.840.1.113883.3.464.1003.196.12.1202\");\n  var start = null;\n  var end = null;\n  events = events.match(codes, start, end, true);\n\n  events = EBS(events, hqmfjs.OccurrenceALeucovorin256(patient));\n  return events;\n}\n\nhqmfjs.OccurrenceALeucovorin256_precondition_5770 = function(patient) {\n  var events = patient.allMedications();\n  events.specific_occurrence = 'OccurrenceALeucovorin256'\n  events = events.withStatuses([\"ordered\"]);\n  events = events.withoutNegation();\n  var codes = getCodes(\"2.16.840.1.113883.3.464.1003.196.12.1205\");\n  var start = null;\n  var end = null;\n  events = events.match(codes, start, end, true);\n\n  events = SBE(events, hqmfjs.OccurrenceADapsoneAndPyrimethamine260(patient), new IVL_PQ(null, new PQ(1, \"d\", false)));\n  return events;\n}\n\nhqmfjs.OccurrenceALeucovorin256_precondition_5768 = function(patient) {\n  var events = patient.allMedications();\n  events.specific_occurrence = 'OccurrenceALeucovorin256'\n  events = events.withStatuses([\"ordered\"]);\n  events = events.withoutNegation();\n  var codes = getCodes(\"2.16.840.1.113883.3.464.1003.196.12.1205\");\n  var start = null;\n  var end = null;\n  events = events.match(codes, start, end, true);\n\n  events = EBS(events, hqmfjs.OccurrenceADapsoneAndPyrimethamine260(patient));\n  return events;\n}\n\nhqmfjs.MedicationOrderPneumocystisJiroveciPneumoniaPcpProphylaxis_precondition_5782 = function(patient) {\n  var events = patient.allMedications();\n  events = events.withStatuses([\"ordered\"]);\n  events = events.withoutNegation();\n  var codes = getCodes(\"2.16.840.1.113883.3.464.1003.196.12.1076\");\n  var start = null;\n  var end = null;\n  events = events.match(codes, start, end, true);\n\n  events = SAE(events, hqmfjs.OccurrenceACd4Count254(patient), new IVL_PQ(null, new PQ(3, \"mo\", true)));\n  return events;\n}\n\nhqmfjs.MedicationOrderPneumocystisJiroveciPneumoniaPcpProphylaxis_precondition_5784 = function(patient) {\n  var events = patient.allMedications();\n  events = events.withStatuses([\"ordered\"]);\n  events = events.withoutNegation();\n  var codes = getCodes(\"2.16.840.1.113883.3.464.1003.196.12.1076\");\n  var start = null;\n  var end = null;\n  events = events.match(codes, start, end, true);\n\n  events = SAE(events, hqmfjs.OccurrenceACd4Percentage257(patient), new IVL_PQ(null, new PQ(3, \"mo\", true)));\n  return events;\n}\n\nhqmfjs.MedicationOrderPneumocystisJiroveciPneumoniaPcpProphylaxis_precondition_5789 = function(patient) {\n  var events = patient.allMedications();\n  events = events.withStatuses([\"ordered\"]);\n  events = events.withoutNegation();\n  var codes = getCodes(\"2.16.840.1.113883.3.464.1003.196.12.1076\");\n  var start = null;\n  var end = null;\n  events = events.match(codes, start, end, true);\n\n  events = SDU(events, hqmfjs.OccurrenceAHiv259(patient));\n  return events;\n}\n\nhqmfjs.PatientCharacteristicBirthdateBirthDate_precondition_5792 = function(patient) {\nvar value = patient.birthtime();\nvar events = [value];\nevents = SBS(events, hqmfjs.MeasurePeriod(patient), new IVL_PQ(new PQ(6, \"a\", true), null));\nevents.specificContext=Specifics.identity();\nreturn events;\n\n}\n\nhqmfjs.DiagnosisActiveHiv_precondition_5794 = function(patient) {\n  var events = patient.allProblems();\n  events = events.withStatuses([\"active\"]);\n  events = events.withoutNegation();\n  var codes = getCodes(\"2.16.840.1.113883.3.464.1003.120.12.1003\");\n  var start = null;\n  var end = null;\n  events = events.match(codes, start, end, true);\n\n  events = SBE(events, hqmfjs.MeasurePeriod(patient));\n  return events;\n}\n\nhqmfjs.OccurrenceAHivVisit252_precondition_5796 = function(patient) {\n  var events = patient.encounters();\n  events.specific_occurrence = 'OccurrenceAHivVisit252'\n  events = events.withStatuses([\"performed\"]);\n  events = events.withoutNegation();\n  var codes = getCodes(\"2.16.840.1.113883.3.464.1003.101.12.1047\");\n  var start = null;\n  var end = null;\n  events = events.match(codes, start, end, true);\n\n  events = DURING(events, hqmfjs.MeasurePeriod(patient));\n  return events;\n}\n\nhqmfjs.OccurrenceBHivVisit253_precondition_5798 = function(patient) {\n  var events = patient.encounters();\n  events.specific_occurrence = 'OccurrenceBHivVisit253'\n  events = events.withStatuses([\"performed\"]);\n  events = events.withoutNegation();\n  var codes = getCodes(\"2.16.840.1.113883.3.464.1003.101.12.1047\");\n  var start = null;\n  var end = null;\n  events = events.match(codes, start, end, true);\n\n  events = DURING(events, hqmfjs.MeasurePeriod(patient));\n  return events;\n}\n\nhqmfjs.OccurrenceACd4Count254_precondition_5800 = function(patient) {\n  var events = patient.laboratoryTests();\n  events.specific_occurrence = 'OccurrenceACd4Count254'\n  events = events.withoutNegation();\n  var codes = getCodes(\"2.16.840.1.113883.3.464.1003.121.12.1004\");\n  var start = null;\n  var end = null;\n  events = events.match(codes, start, end, true);\n\n  events = filterEventsByValue(events, new IVL_PQ(null, new PQ(200, \"/mm3\", false)));\n  events = EAS(events, hqmfjs.MeasurePeriod(patient), new IVL_PQ(null, new PQ(9, \"mo\", false)));\n  return events;\n}\n\nhqmfjs.OccurrenceBHivVisit253_precondition_5802 = function(patient) {\n  var events = patient.encounters();\n  events.specific_occurrence = 'OccurrenceBHivVisit253'\n  events = events.withStatuses([\"performed\"]);\n  events = events.withoutNegation();\n  var codes = getCodes(\"2.16.840.1.113883.3.464.1003.101.12.1047\");\n  var start = null;\n  var end = null;\n  events = events.match(codes, start, end, true);\n\n  events = SAE(events, hqmfjs.OccurrenceAHivVisit252(patient), new IVL_PQ(new PQ(90, \"d\", true), null));\n  return events;\n}\n\nhqmfjs.PatientCharacteristicBirthdateBirthDate_precondition_5805 = function(patient) {\nvar value = patient.birthtime();\nvar events = [value];\nevents = SBS(events, hqmfjs.MeasurePeriod(patient), new IVL_PQ(new PQ(1, \"a\", true), null));\nevents.specificContext=Specifics.identity();\nreturn events;\n\n}\n\nhqmfjs.PatientCharacteristicBirthdateBirthDate_precondition_5807 = function(patient) {\nvar value = patient.birthtime();\nvar events = [value];\nevents = SBS(events, hqmfjs.MeasurePeriod(patient), new IVL_PQ(null, new PQ(5, \"a\", true)));\nevents.specificContext=Specifics.identity();\nreturn events;\n\n}\n\nhqmfjs.DiagnosisActiveHiv_precondition_5809 = function(patient) {\n  var events = patient.allProblems();\n  events = events.withStatuses([\"active\"]);\n  events = events.withoutNegation();\n  var codes = getCodes(\"2.16.840.1.113883.3.464.1003.120.12.1003\");\n  var start = null;\n  var end = null;\n  events = events.match(codes, start, end, true);\n\n  events = SBE(events, hqmfjs.MeasurePeriod(patient));\n  return events;\n}\n\nhqmfjs.OccurrenceAHivVisit252_precondition_5811 = function(patient) {\n  var events = patient.encounters();\n  events.specific_occurrence = 'OccurrenceAHivVisit252'\n  events = events.withStatuses([\"performed\"]);\n  events = events.withoutNegation();\n  var codes = getCodes(\"2.16.840.1.113883.3.464.1003.101.12.1047\");\n  var start = null;\n  var end = null;\n  events = events.match(codes, start, end, true);\n\n  events = DURING(events, hqmfjs.MeasurePeriod(patient));\n  return events;\n}\n\nhqmfjs.OccurrenceBHivVisit253_precondition_5813 = function(patient) {\n  var events = patient.encounters();\n  events.specific_occurrence = 'OccurrenceBHivVisit253'\n  events = events.withStatuses([\"performed\"]);\n  events = events.withoutNegation();\n  var codes = getCodes(\"2.16.840.1.113883.3.464.1003.101.12.1047\");\n  var start = null;\n  var end = null;\n  events = events.match(codes, start, end, true);\n\n  events = DURING(events, hqmfjs.MeasurePeriod(patient));\n  return events;\n}\n\nhqmfjs.OccurrenceBHivVisit253_precondition_5815 = function(patient) {\n  var events = patient.encounters();\n  events.specific_occurrence = 'OccurrenceBHivVisit253'\n  events = events.withStatuses([\"performed\"]);\n  events = events.withoutNegation();\n  var codes = getCodes(\"2.16.840.1.113883.3.464.1003.101.12.1047\");\n  var start = null;\n  var end = null;\n  events = events.match(codes, start, end, true);\n\n  events = SAE(events, hqmfjs.OccurrenceAHivVisit252(patient), new IVL_PQ(new PQ(90, \"d\", true), null));\n  return events;\n}\n\nhqmfjs.OccurrenceACd4Count254_precondition_5817 = function(patient) {\n  var events = patient.laboratoryTests();\n  events.specific_occurrence = 'OccurrenceACd4Count254'\n  events = events.withoutNegation();\n  var codes = getCodes(\"2.16.840.1.113883.3.464.1003.121.12.1004\");\n  var start = null;\n  var end = null;\n  events = events.match(codes, start, end, true);\n\n  events = filterEventsByValue(events, new IVL_PQ(null, new PQ(500, \"/mm3\", false)));\n  events = EAS(events, hqmfjs.MeasurePeriod(patient), new IVL_PQ(null, new PQ(9, \"mo\", false)));\n  return events;\n}\n\nhqmfjs.OccurrenceACd4Percentage257_precondition_5819 = function(patient) {\n  var events = patient.laboratoryTests();\n  events.specific_occurrence = 'OccurrenceACd4Percentage257'\n  events = events.withoutNegation();\n  var codes = getCodes(\"2.16.840.1.113883.3.464.1003.121.12.1005\");\n  var start = null;\n  var end = null;\n  events = events.match(codes, start, end, true);\n\n  events = filterEventsByValue(events, new IVL_PQ(null, new PQ(15, \"%\", false)));\n  events = EAS(events, hqmfjs.MeasurePeriod(patient), new IVL_PQ(null, new PQ(9, \"mo\", false)));\n  return events;\n}\n\nhqmfjs.OccurrenceAHiv259_precondition_5824 = function(patient) {\n  var events = patient.allProblems();\n  events.specific_occurrence = 'OccurrenceAHiv259'\n  events = events.withStatuses([\"active\"]);\n  events = events.withoutNegation();\n  var codes = getCodes(\"2.16.840.1.113883.3.464.1003.120.12.1003\");\n  var start = null;\n  var end = null;\n  events = events.match(codes, start, end, true);\n\n  events = SBE(events, hqmfjs.MeasurePeriod(patient));\n  events = FIRST(events);\n  return events;\n}\n\nhqmfjs.PatientCharacteristicBirthdateBirthDate_precondition_5827 = function(patient) {\nvar value = patient.birthtime();\nvar events = [value];\nevents = SBS(events, hqmfjs.MeasurePeriod(patient), new IVL_PQ(new PQ(6, \"wk\", true), null));\nevents.specificContext=Specifics.identity();\nreturn events;\n\n}\n\nhqmfjs.PatientCharacteristicBirthdateBirthDate_precondition_5829 = function(patient) {\nvar value = patient.birthtime();\nvar events = [value];\nevents = SBS(events, hqmfjs.MeasurePeriod(patient), new IVL_PQ(null, new PQ(1, \"a\", false)));\nevents.specificContext=Specifics.identity();\nreturn events;\n\n}\n\nhqmfjs.OccurrenceAHivVisit252_precondition_5831 = function(patient) {\n  var events = patient.encounters();\n  events.specific_occurrence = 'OccurrenceAHivVisit252'\n  events = events.withStatuses([\"performed\"]);\n  events = events.withoutNegation();\n  var codes = getCodes(\"2.16.840.1.113883.3.464.1003.101.12.1047\");\n  var start = null;\n  var end = null;\n  events = events.match(codes, start, end, true);\n\n  events = DURING(events, hqmfjs.MeasurePeriod(patient));\n  return events;\n}\n\nhqmfjs.OccurrenceBHivVisit253_precondition_5833 = function(patient) {\n  var events = patient.encounters();\n  events.specific_occurrence = 'OccurrenceBHivVisit253'\n  events = events.withStatuses([\"performed\"]);\n  events = events.withoutNegation();\n  var codes = getCodes(\"2.16.840.1.113883.3.464.1003.101.12.1047\");\n  var start = null;\n  var end = null;\n  events = events.match(codes, start, end, true);\n\n  events = DURING(events, hqmfjs.MeasurePeriod(patient));\n  return events;\n}\n\nhqmfjs.OccurrenceBHivVisit253_precondition_5835 = function(patient) {\n  var events = patient.encounters();\n  events.specific_occurrence = 'OccurrenceBHivVisit253'\n  events = events.withStatuses([\"performed\"]);\n  events = events.withoutNegation();\n  var codes = getCodes(\"2.16.840.1.113883.3.464.1003.101.12.1047\");\n  var start = null;\n  var end = null;\n  events = events.match(codes, start, end, true);\n\n  events = SAE(events, hqmfjs.OccurrenceAHivVisit252(patient), new IVL_PQ(new PQ(90, \"d\", true), null));\n  return events;\n}\n\n\n\n        // #########################\n        // ##### MEASURE LOGIC #####\n        // #########################\n        \n        hqmfjs.initializeSpecifics = function(patient_api, hqmfjs) { Specifics.initialize(patient_api,hqmfjs,{\"id\":\"OccurrenceAHivVisit252\",\"type\":\"\",\"function\":\"OccurrenceAHivVisit252\"},{\"id\":\"OccurrenceBHivVisit253\",\"type\":\"\",\"function\":\"OccurrenceBHivVisit253\"},{\"id\":\"OccurrenceACd4Count254\",\"type\":\"\",\"function\":\"OccurrenceACd4Count254\"},{\"id\":\"OccurrenceBCd4Count255\",\"type\":\"\",\"function\":\"OccurrenceBCd4Count255\"},{\"id\":\"OccurrenceALeucovorin256\",\"type\":\"\",\"function\":\"OccurrenceALeucovorin256\"},{\"id\":\"OccurrenceACd4Percentage257\",\"type\":\"\",\"function\":\"OccurrenceACd4Percentage257\"},{\"id\":\"OccurrenceBCd4Percentage258\",\"type\":\"\",\"function\":\"OccurrenceBCd4Percentage258\"},{\"id\":\"OccurrenceAHiv259\",\"type\":\"\",\"function\":\"OccurrenceAHiv259\"},{\"id\":\"OccurrenceADapsoneAndPyrimethamine260\",\"type\":\"\",\"function\":\"OccurrenceADapsoneAndPyrimethamine260\"}) }\n\n        // INITIAL PATIENT POPULATION\n        hqmfjs.IPP = function(patient) {\n  return allTrue(  \n    allTrue(    \n      hqmfjs.PatientCharacteristicBirthdateBirthDate_precondition_5792(patient),    \n      hqmfjs.DiagnosisActiveHiv_precondition_5794(patient),    \n      hqmfjs.OccurrenceAHivVisit252_precondition_5796(patient),    \n      hqmfjs.OccurrenceBHivVisit253_precondition_5798(patient),    \n      hqmfjs.OccurrenceACd4Count254_precondition_5800(patient),    \n      hqmfjs.OccurrenceBHivVisit253_precondition_5802(patient)\n    )\n  );\n};\n\n\n        // DENOMINATOR\n        hqmfjs.DENOM = function(patient) { return new Boolean(true); }\n        // NUMERATOR\n        hqmfjs.NUMER = function(patient) {\n  return allTrue(  \n    allTrue(    \n      atLeastOneTrue(      \n        hqmfjs.MedicationOrderPneumocystisJiroveciPneumoniaPcpProphylaxis_precondition_5753(patient),      \n        allTrue(        \n          hqmfjs.OccurrenceADapsoneAndPyrimethamine260_precondition_5755(patient),        \n          hqmfjs.OccurrenceALeucovorin256_precondition_5757(patient),        \n          atLeastOneTrue(          \n            hqmfjs.OccurrenceALeucovorin256_precondition_5759(patient),          \n            allTrue(            \n              hqmfjs.OccurrenceADapsoneAndPyrimethamine260_precondition_5763(patient),            \n              atLeastOneFalse(              \n                hqmfjs.OccurrenceADapsoneAndPyrimethamine260_precondition_5761(patient)\n              )\n            ),          \n            allTrue(            \n              hqmfjs.OccurrenceALeucovorin256_precondition_5770(patient),            \n              atLeastOneFalse(              \n                hqmfjs.OccurrenceALeucovorin256_precondition_5768(patient)\n              )\n            )\n          )\n        )\n      )\n    )\n  );\n};\n\n\n        hqmfjs.DENEX = function(patient) { return new Boolean(false); }\n        hqmfjs.DENEXCEP = function(patient) {\n  return atLeastOneTrue(  \n    allTrue(    \n      hqmfjs.OccurrenceBCd4Count255_precondition_5743(patient)\n    )\n  );\n};\n\n\n        \n\n      hqmfjs.initializeSpecifics(patient_api, hqmfjs)\n      \n      var population = function() {\n        return executeIfAvailable(hqmfjs.IPP, patient_api);\n      }\n      var denominator = function() {\n        return executeIfAvailable(hqmfjs.DENOM, patient_api);\n      }\n      var numerator = function() {\n        return executeIfAvailable(hqmfjs.NUMER, patient_api);\n      }\n      var exclusion = function() {\n        return executeIfAvailable(hqmfjs.DENEX, patient_api);\n      }\n      var denexcep = function() {\n        return executeIfAvailable(hqmfjs.DENEXCEP, patient_api);\n      }\n      \n      var executeIfAvailable = function(optionalFunction, arg) {\n        if (typeof(optionalFunction)==='function')\n          return optionalFunction(arg);\n        else\n          return false;\n      }\n\n      if (Logger.enabled) enableMeasureLogging(hqmfjs);\n\n      map(patient, population, denominator, numerator, exclusion, denexcep);\n      \n      };\n      ",
  "sub_id": "a",
  "subtitle": "<=3 Mon. of CD4 <200 cells/mm3",
  "short_subtitle": "<=3 Mon. of CD4 <200 cells/mm3",
  "data_criteria": [
    {
      "OccurrenceBCd4Count255_precondition_5743": {
        "title": "CD4+ Count",
        "description": "Laboratory Test: CD4+ Count",
        "standard_category": "laboratory_test",
        "qds_data_type": "laboratory_test",
        "code_list_id": "2.16.840.1.113883.3.464.1003.121.12.1004",
        "type": "laboratory_tests",
        "definition": "laboratory_test",
        "hard_status": false,
        "negation": false,
        "specific_occurrence": "B",
        "source_data_criteria": "OccurrenceBCd4Count255",
        "value": {
          "type": "IVL_PQ",
          "low": {
            "type": "PQ",
            "unit": "/mm3",
            "value": "200",
            "inclusive?": true,
            "derived?": false
          }
        },
        "temporal_references": [
          {
            "type": "EAE",
            "reference": "OccurrenceACd4Count254",
            "range": {
              "type": "IVL_PQ",
              "high": {
                "type": "PQ",
                "unit": "mo",
                "value": "3",
                "inclusive?": true,
                "derived?": false
              }
            }
          }
        ]
      }
    },
    {
      "OccurrenceACd4Count254": {
        "title": "CD4+ Count",
        "description": "Laboratory Test: CD4+ Count",
        "standard_category": "laboratory_test",
        "qds_data_type": "laboratory_test",
        "code_list_id": "2.16.840.1.113883.3.464.1003.121.12.1004",
        "type": "laboratory_tests",
        "definition": "laboratory_test",
        "hard_status": false,
        "negation": false,
        "specific_occurrence": "A",
        "source_data_criteria": "OccurrenceACd4Count254"
      }
    },
    {
      "OccurrenceBCd4Count255_precondition_5746": {
        "title": "CD4+ Count",
        "description": "Laboratory Test: CD4+ Count",
        "standard_category": "laboratory_test",
        "qds_data_type": "laboratory_test",
        "code_list_id": "2.16.840.1.113883.3.464.1003.121.12.1004",
        "type": "laboratory_tests",
        "definition": "laboratory_test",
        "hard_status": false,
        "negation": false,
        "specific_occurrence": "B",
        "source_data_criteria": "OccurrenceBCd4Count255",
        "value": {
          "type": "IVL_PQ",
          "low": {
            "type": "PQ",
            "unit": "/mm3",
            "value": "500",
            "inclusive?": true,
            "derived?": false
          }
        },
        "temporal_references": [
          {
            "type": "EAE",
            "reference": "OccurrenceACd4Count254",
            "range": {
              "type": "IVL_PQ",
              "high": {
                "type": "PQ",
                "unit": "mo",
                "value": "3",
                "inclusive?": true,
                "derived?": false
              }
            }
          }
        ]
      }
    },
    {
      "OccurrenceBCd4Percentage258_precondition_5748": {
        "title": "CD4+ Percentage",
        "description": "Laboratory Test: CD4+ Percentage",
        "standard_category": "laboratory_test",
        "qds_data_type": "laboratory_test",
        "code_list_id": "2.16.840.1.113883.3.464.1003.121.12.1005",
        "type": "laboratory_tests",
        "definition": "laboratory_test",
        "hard_status": false,
        "negation": false,
        "specific_occurrence": "B",
        "source_data_criteria": "OccurrenceBCd4Percentage258",
        "value": {
          "type": "IVL_PQ",
          "low": {
            "type": "PQ",
            "unit": "%",
            "value": "15",
            "inclusive?": true,
            "derived?": false
          }
        },
        "temporal_references": [
          {
            "type": "EAE",
            "reference": "OccurrenceACd4Percentage257",
            "range": {
              "type": "IVL_PQ",
              "high": {
                "type": "PQ",
                "unit": "mo",
                "value": "3",
                "inclusive?": true,
                "derived?": false
              }
            }
          }
        ]
      }
    },
    {
      "OccurrenceACd4Percentage257": {
        "title": "CD4+ Percentage",
        "description": "Laboratory Test: CD4+ Percentage",
        "standard_category": "laboratory_test",
        "qds_data_type": "laboratory_test",
        "code_list_id": "2.16.840.1.113883.3.464.1003.121.12.1005",
        "type": "laboratory_tests",
        "definition": "laboratory_test",
        "hard_status": false,
        "negation": false,
        "specific_occurrence": "A",
        "source_data_criteria": "OccurrenceACd4Percentage257"
      }
    },
    {
      "MedicationOrderPneumocystisJiroveciPneumoniaPcpProphylaxis_precondition_5753": {
        "title": "Pneumocystis Jiroveci Pneumonia (PCP) Prophylaxis",
        "description": "Medication, Order: Pneumocystis Jiroveci Pneumonia (PCP) Prophylaxis",
        "standard_category": "medication",
        "qds_data_type": "medication_order",
        "code_list_id": "2.16.840.1.113883.3.464.1003.196.12.1076",
        "type": "medications",
        "definition": "medication",
        "status": "ordered",
        "hard_status": false,
        "negation": false,
        "source_data_criteria": "MedicationOrderPneumocystisJiroveciPneumoniaPcpProphylaxis",
        "temporal_references": [
          {
            "type": "SAE",
            "reference": "OccurrenceACd4Count254",
            "range": {
              "type": "IVL_PQ",
              "high": {
                "type": "PQ",
                "unit": "mo",
                "value": "3",
                "inclusive?": true,
                "derived?": false
              }
            }
          }
        ]
      }
    },
    {
      "OccurrenceADapsoneAndPyrimethamine260_precondition_5755": {
        "title": "Dapsone and pyrimethamine",
        "description": "Medication, Ordered: Dapsone and pyrimethamine",
        "standard_category": "medication",
        "qds_data_type": "medication_order",
        "code_list_id": "2.16.840.1.113883.3.464.1003.196.12.1202",
        "type": "medications",
        "definition": "medication",
        "status": "ordered",
        "hard_status": false,
        "negation": false,
        "specific_occurrence": "A",
        "source_data_criteria": "OccurrenceADapsoneAndPyrimethamine260",
        "temporal_references": [
          {
            "type": "SAE",
            "reference": "OccurrenceACd4Count254",
            "range": {
              "type": "IVL_PQ",
              "high": {
                "type": "PQ",
                "unit": "mo",
                "value": "3",
                "inclusive?": true,
                "derived?": false
              }
            }
          }
        ]
      }
    },
    {
      "OccurrenceALeucovorin256_precondition_5757": {
        "title": "Leucovorin",
        "description": "Medication, Ordered: Leucovorin",
        "standard_category": "medication",
        "qds_data_type": "medication_order",
        "code_list_id": "2.16.840.1.113883.3.464.1003.196.12.1205",
        "type": "medications",
        "definition": "medication",
        "status": "ordered",
        "hard_status": false,
        "negation": false,
        "specific_occurrence": "A",
        "source_data_criteria": "OccurrenceALeucovorin256",
        "temporal_references": [
          {
            "type": "SAE",
            "reference": "OccurrenceACd4Count254",
            "range": {
              "type": "IVL_PQ",
              "high": {
                "type": "PQ",
                "unit": "mo",
                "value": "3",
                "inclusive?": true,
                "derived?": false
              }
            }
          }
        ]
      }
    },
    {
      "OccurrenceALeucovorin256_precondition_5759": {
        "title": "Leucovorin",
        "description": "Medication, Ordered: Leucovorin",
        "standard_category": "medication",
        "qds_data_type": "medication_order",
        "code_list_id": "2.16.840.1.113883.3.464.1003.196.12.1205",
        "type": "medications",
        "definition": "medication",
        "status": "ordered",
        "hard_status": false,
        "negation": false,
        "specific_occurrence": "A",
        "source_data_criteria": "OccurrenceALeucovorin256",
        "temporal_references": [
          {
            "type": "CONCURRENT",
            "reference": "OccurrenceADapsoneAndPyrimethamine260"
          }
        ]
      }
    },
    {
      "OccurrenceADapsoneAndPyrimethamine260": {
        "title": "Dapsone and pyrimethamine",
        "description": "Medication, Ordered: Dapsone and pyrimethamine",
        "standard_category": "medication",
        "qds_data_type": "medication_order",
        "code_list_id": "2.16.840.1.113883.3.464.1003.196.12.1202",
        "type": "medications",
        "definition": "medication",
        "status": "ordered",
        "hard_status": false,
        "negation": false,
        "specific_occurrence": "A",
        "source_data_criteria": "OccurrenceADapsoneAndPyrimethamine260"
      }
    },
    {
      "OccurrenceADapsoneAndPyrimethamine260_precondition_5763": {
        "title": "Dapsone and pyrimethamine",
        "description": "Medication, Ordered: Dapsone and pyrimethamine",
        "standard_category": "medication",
        "qds_data_type": "medication_order",
        "code_list_id": "2.16.840.1.113883.3.464.1003.196.12.1202",
        "type": "medications",
        "definition": "medication",
        "status": "ordered",
        "hard_status": false,
        "negation": false,
        "specific_occurrence": "A",
        "source_data_criteria": "OccurrenceADapsoneAndPyrimethamine260",
        "temporal_references": [
          {
            "type": "SBE",
            "reference": "OccurrenceALeucovorin256",
            "range": {
              "type": "IVL_PQ",
              "high": {
                "type": "PQ",
                "unit": "d",
                "value": "1",
                "inclusive?": false,
                "derived?": false
              }
            }
          }
        ]
      }
    },
    {
      "OccurrenceALeucovorin256": {
        "title": "Leucovorin",
        "description": "Medication, Ordered: Leucovorin",
        "standard_category": "medication",
        "qds_data_type": "medication_order",
        "code_list_id": "2.16.840.1.113883.3.464.1003.196.12.1205",
        "type": "medications",
        "definition": "medication",
        "status": "ordered",
        "hard_status": false,
        "negation": false,
        "specific_occurrence": "A",
        "source_data_criteria": "OccurrenceALeucovorin256"
      }
    },
    {
      "OccurrenceADapsoneAndPyrimethamine260_precondition_5761": {
        "title": "Dapsone and pyrimethamine",
        "description": "Medication, Ordered: Dapsone and pyrimethamine",
        "standard_category": "medication",
        "qds_data_type": "medication_order",
        "code_list_id": "2.16.840.1.113883.3.464.1003.196.12.1202",
        "type": "medications",
        "definition": "medication",
        "status": "ordered",
        "hard_status": false,
        "negation": false,
        "specific_occurrence": "A",
        "source_data_criteria": "OccurrenceADapsoneAndPyrimethamine260",
        "temporal_references": [
          {
            "type": "EBS",
            "reference": "OccurrenceALeucovorin256"
          }
        ]
      }
    },
    {
      "OccurrenceALeucovorin256_precondition_5770": {
        "title": "Leucovorin",
        "description": "Medication, Ordered: Leucovorin",
        "standard_category": "medication",
        "qds_data_type": "medication_order",
        "code_list_id": "2.16.840.1.113883.3.464.1003.196.12.1205",
        "type": "medications",
        "definition": "medication",
        "status": "ordered",
        "hard_status": false,
        "negation": false,
        "specific_occurrence": "A",
        "source_data_criteria": "OccurrenceALeucovorin256",
        "temporal_references": [
          {
            "type": "SBE",
            "reference": "OccurrenceADapsoneAndPyrimethamine260",
            "range": {
              "type": "IVL_PQ",
              "high": {
                "type": "PQ",
                "unit": "d",
                "value": "1",
                "inclusive?": false,
                "derived?": false
              }
            }
          }
        ]
      }
    },
    {
      "OccurrenceALeucovorin256_precondition_5768": {
        "title": "Leucovorin",
        "description": "Medication, Ordered: Leucovorin",
        "standard_category": "medication",
        "qds_data_type": "medication_order",
        "code_list_id": "2.16.840.1.113883.3.464.1003.196.12.1205",
        "type": "medications",
        "definition": "medication",
        "status": "ordered",
        "hard_status": false,
        "negation": false,
        "specific_occurrence": "A",
        "source_data_criteria": "OccurrenceALeucovorin256",
        "temporal_references": [
          {
            "type": "EBS",
            "reference": "OccurrenceADapsoneAndPyrimethamine260"
          }
        ]
      }
    },
    {
      "MedicationOrderPneumocystisJiroveciPneumoniaPcpProphylaxis_precondition_5782": {
        "title": "Pneumocystis Jiroveci Pneumonia (PCP) Prophylaxis",
        "description": "Medication, Order: Pneumocystis Jiroveci Pneumonia (PCP) Prophylaxis",
        "standard_category": "medication",
        "qds_data_type": "medication_order",
        "code_list_id": "2.16.840.1.113883.3.464.1003.196.12.1076",
        "type": "medications",
        "definition": "medication",
        "status": "ordered",
        "hard_status": false,
        "negation": false,
        "source_data_criteria": "MedicationOrderPneumocystisJiroveciPneumoniaPcpProphylaxis",
        "temporal_references": [
          {
            "type": "SAE",
            "reference": "OccurrenceACd4Count254",
            "range": {
              "type": "IVL_PQ",
              "high": {
                "type": "PQ",
                "unit": "mo",
                "value": "3",
                "inclusive?": true,
                "derived?": false
              }
            }
          }
        ]
      }
    },
    {
      "MedicationOrderPneumocystisJiroveciPneumoniaPcpProphylaxis_precondition_5784": {
        "title": "Pneumocystis Jiroveci Pneumonia (PCP) Prophylaxis",
        "description": "Medication, Order: Pneumocystis Jiroveci Pneumonia (PCP) Prophylaxis",
        "standard_category": "medication",
        "qds_data_type": "medication_order",
        "code_list_id": "2.16.840.1.113883.3.464.1003.196.12.1076",
        "type": "medications",
        "definition": "medication",
        "status": "ordered",
        "hard_status": false,
        "negation": false,
        "source_data_criteria": "MedicationOrderPneumocystisJiroveciPneumoniaPcpProphylaxis",
        "temporal_references": [
          {
            "type": "SAE",
            "reference": "OccurrenceACd4Percentage257",
            "range": {
              "type": "IVL_PQ",
              "high": {
                "type": "PQ",
                "unit": "mo",
                "value": "3",
                "inclusive?": true,
                "derived?": false
              }
            }
          }
        ]
      }
    },
    {
      "MedicationOrderPneumocystisJiroveciPneumoniaPcpProphylaxis_precondition_5789": {
        "title": "Pneumocystis Jiroveci Pneumonia (PCP) Prophylaxis",
        "description": "Medication, Order: Pneumocystis Jiroveci Pneumonia (PCP) Prophylaxis",
        "standard_category": "medication",
        "qds_data_type": "medication_order",
        "code_list_id": "2.16.840.1.113883.3.464.1003.196.12.1076",
        "type": "medications",
        "definition": "medication",
        "status": "ordered",
        "hard_status": false,
        "negation": false,
        "source_data_criteria": "MedicationOrderPneumocystisJiroveciPneumoniaPcpProphylaxis",
        "temporal_references": [
          {
            "type": "SDU",
            "reference": "OccurrenceAHiv259"
          }
        ]
      }
    },
    {
      "OccurrenceAHiv259": {
        "title": "HIV",
        "description": "Diagnosis, Active: HIV",
        "standard_category": "diagnosis_condition_problem",
        "qds_data_type": "diagnosis_active",
        "code_list_id": "2.16.840.1.113883.3.464.1003.120.12.1003",
        "type": "conditions",
        "definition": "diagnosis",
        "status": "active",
        "hard_status": false,
        "negation": false,
        "specific_occurrence": "A",
        "source_data_criteria": "OccurrenceAHiv259"
      }
    },
    {
      "PatientCharacteristicBirthdateBirthDate_precondition_5792": {
        "title": "birth date",
        "description": "Patient Characteristic Birthdate: birth date",
        "standard_category": "individual_characteristic",
        "qds_data_type": "individual_characteristic",
        "code_list_id": "2.16.840.1.113883.3.560.100.4",
        "property": "birthtime",
        "type": "characteristic",
        "definition": "patient_characteristic_birthdate",
        "hard_status": false,
        "negation": false,
        "source_data_criteria": "PatientCharacteristicBirthdateBirthDate",
        "inline_code_list": {
          "LOINC": [
            "21112-8"
          ]
        },
        "temporal_references": [
          {
            "type": "SBS",
            "reference": "MeasurePeriod",
            "range": {
              "type": "IVL_PQ",
              "low": {
                "type": "PQ",
                "unit": "a",
                "value": "6",
                "inclusive?": true,
                "derived?": false
              }
            }
          }
        ]
      }
    },
    {
      "DiagnosisActiveHiv_precondition_5794": {
        "title": "HIV",
        "description": "Diagnosis, Active: HIV",
        "standard_category": "diagnosis_condition_problem",
        "qds_data_type": "diagnosis_active",
        "code_list_id": "2.16.840.1.113883.3.464.1003.120.12.1003",
        "type": "conditions",
        "definition": "diagnosis",
        "status": "active",
        "hard_status": false,
        "negation": false,
        "source_data_criteria": "DiagnosisActiveHiv",
        "temporal_references": [
          {
            "type": "SBE",
            "reference": "MeasurePeriod"
          }
        ]
      }
    },
    {
      "OccurrenceAHivVisit252_precondition_5796": {
        "title": "HIV Visit",
        "description": "Encounter, Performed: HIV Visit",
        "standard_category": "encounter",
        "qds_data_type": "encounter",
        "code_list_id": "2.16.840.1.113883.3.464.1003.101.12.1047",
        "type": "encounters",
        "definition": "encounter",
        "status": "performed",
        "hard_status": false,
        "negation": false,
        "specific_occurrence": "A",
        "source_data_criteria": "OccurrenceAHivVisit252",
        "temporal_references": [
          {
            "type": "DURING",
            "reference": "MeasurePeriod"
          }
        ]
      }
    },
    {
      "OccurrenceBHivVisit253_precondition_5798": {
        "title": "HIV Visit",
        "description": "Encounter, Performed: HIV Visit",
        "standard_category": "encounter",
        "qds_data_type": "encounter",
        "code_list_id": "2.16.840.1.113883.3.464.1003.101.12.1047",
        "type": "encounters",
        "definition": "encounter",
        "status": "performed",
        "hard_status": false,
        "negation": false,
        "specific_occurrence": "B",
        "source_data_criteria": "OccurrenceBHivVisit253",
        "temporal_references": [
          {
            "type": "DURING",
            "reference": "MeasurePeriod"
          }
        ]
      }
    },
    {
      "OccurrenceACd4Count254_precondition_5800": {
        "title": "CD4+ Count",
        "description": "Laboratory Test: CD4+ Count",
        "standard_category": "laboratory_test",
        "qds_data_type": "laboratory_test",
        "code_list_id": "2.16.840.1.113883.3.464.1003.121.12.1004",
        "type": "laboratory_tests",
        "definition": "laboratory_test",
        "hard_status": false,
        "negation": false,
        "specific_occurrence": "A",
        "source_data_criteria": "OccurrenceACd4Count254",
        "value": {
          "type": "IVL_PQ",
          "high": {
            "type": "PQ",
            "unit": "/mm3",
            "value": "200",
            "inclusive?": false,
            "derived?": false
          }
        },
        "temporal_references": [
          {
            "type": "EAS",
            "reference": "MeasurePeriod",
            "range": {
              "type": "IVL_PQ",
              "high": {
                "type": "PQ",
                "unit": "mo",
                "value": "9",
                "inclusive?": false,
                "derived?": false
              }
            }
          }
        ]
      }
    },
    {
      "OccurrenceBHivVisit253_precondition_5802": {
        "title": "HIV Visit",
        "description": "Encounter, Performed: HIV Visit",
        "standard_category": "encounter",
        "qds_data_type": "encounter",
        "code_list_id": "2.16.840.1.113883.3.464.1003.101.12.1047",
        "type": "encounters",
        "definition": "encounter",
        "status": "performed",
        "hard_status": false,
        "negation": false,
        "specific_occurrence": "B",
        "source_data_criteria": "OccurrenceBHivVisit253",
        "temporal_references": [
          {
            "type": "SAE",
            "reference": "OccurrenceAHivVisit252",
            "range": {
              "type": "IVL_PQ",
              "low": {
                "type": "PQ",
                "unit": "d",
                "value": "90",
                "inclusive?": true,
                "derived?": false
              }
            }
          }
        ]
      }
    },
    {
      "OccurrenceAHivVisit252": {
        "title": "HIV Visit",
        "description": "Encounter, Performed: HIV Visit",
        "standard_category": "encounter",
        "qds_data_type": "encounter",
        "code_list_id": "2.16.840.1.113883.3.464.1003.101.12.1047",
        "type": "encounters",
        "definition": "encounter",
        "status": "performed",
        "hard_status": false,
        "negation": false,
        "specific_occurrence": "A",
        "source_data_criteria": "OccurrenceAHivVisit252"
      }
    },
    {
      "PatientCharacteristicBirthdateBirthDate_precondition_5805": {
        "title": "birth date",
        "description": "Patient Characteristic Birthdate: birth date",
        "standard_category": "individual_characteristic",
        "qds_data_type": "individual_characteristic",
        "code_list_id": "2.16.840.1.113883.3.560.100.4",
        "property": "birthtime",
        "type": "characteristic",
        "definition": "patient_characteristic_birthdate",
        "hard_status": false,
        "negation": false,
        "source_data_criteria": "PatientCharacteristicBirthdateBirthDate",
        "inline_code_list": {
          "LOINC": [
            "21112-8"
          ]
        },
        "temporal_references": [
          {
            "type": "SBS",
            "reference": "MeasurePeriod",
            "range": {
              "type": "IVL_PQ",
              "low": {
                "type": "PQ",
                "unit": "a",
                "value": "1",
                "inclusive?": true,
                "derived?": false
              }
            }
          }
        ]
      }
    },
    {
      "PatientCharacteristicBirthdateBirthDate_precondition_5807": {
        "title": "birth date",
        "description": "Patient Characteristic Birthdate: birth date",
        "standard_category": "individual_characteristic",
        "qds_data_type": "individual_characteristic",
        "code_list_id": "2.16.840.1.113883.3.560.100.4",
        "property": "birthtime",
        "type": "characteristic",
        "definition": "patient_characteristic_birthdate",
        "hard_status": false,
        "negation": false,
        "source_data_criteria": "PatientCharacteristicBirthdateBirthDate",
        "inline_code_list": {
          "LOINC": [
            "21112-8"
          ]
        },
        "temporal_references": [
          {
            "type": "SBS",
            "reference": "MeasurePeriod",
            "range": {
              "type": "IVL_PQ",
              "high": {
                "type": "PQ",
                "unit": "a",
                "value": "5",
                "inclusive?": true,
                "derived?": false
              }
            }
          }
        ]
      }
    },
    {
      "DiagnosisActiveHiv_precondition_5809": {
        "title": "HIV",
        "description": "Diagnosis, Active: HIV",
        "standard_category": "diagnosis_condition_problem",
        "qds_data_type": "diagnosis_active",
        "code_list_id": "2.16.840.1.113883.3.464.1003.120.12.1003",
        "type": "conditions",
        "definition": "diagnosis",
        "status": "active",
        "hard_status": false,
        "negation": false,
        "source_data_criteria": "DiagnosisActiveHiv",
        "temporal_references": [
          {
            "type": "SBE",
            "reference": "MeasurePeriod"
          }
        ]
      }
    },
    {
      "OccurrenceAHivVisit252_precondition_5811": {
        "title": "HIV Visit",
        "description": "Encounter, Performed: HIV Visit",
        "standard_category": "encounter",
        "qds_data_type": "encounter",
        "code_list_id": "2.16.840.1.113883.3.464.1003.101.12.1047",
        "type": "encounters",
        "definition": "encounter",
        "status": "performed",
        "hard_status": false,
        "negation": false,
        "specific_occurrence": "A",
        "source_data_criteria": "OccurrenceAHivVisit252",
        "temporal_references": [
          {
            "type": "DURING",
            "reference": "MeasurePeriod"
          }
        ]
      }
    },
    {
      "OccurrenceBHivVisit253_precondition_5813": {
        "title": "HIV Visit",
        "description": "Encounter, Performed: HIV Visit",
        "standard_category": "encounter",
        "qds_data_type": "encounter",
        "code_list_id": "2.16.840.1.113883.3.464.1003.101.12.1047",
        "type": "encounters",
        "definition": "encounter",
        "status": "performed",
        "hard_status": false,
        "negation": false,
        "specific_occurrence": "B",
        "source_data_criteria": "OccurrenceBHivVisit253",
        "temporal_references": [
          {
            "type": "DURING",
            "reference": "MeasurePeriod"
          }
        ]
      }
    },
    {
      "OccurrenceBHivVisit253_precondition_5815": {
        "title": "HIV Visit",
        "description": "Encounter, Performed: HIV Visit",
        "standard_category": "encounter",
        "qds_data_type": "encounter",
        "code_list_id": "2.16.840.1.113883.3.464.1003.101.12.1047",
        "type": "encounters",
        "definition": "encounter",
        "status": "performed",
        "hard_status": false,
        "negation": false,
        "specific_occurrence": "B",
        "source_data_criteria": "OccurrenceBHivVisit253",
        "temporal_references": [
          {
            "type": "SAE",
            "reference": "OccurrenceAHivVisit252",
            "range": {
              "type": "IVL_PQ",
              "low": {
                "type": "PQ",
                "unit": "d",
                "value": "90",
                "inclusive?": true,
                "derived?": false
              }
            }
          }
        ]
      }
    },
    {
      "OccurrenceACd4Count254_precondition_5817": {
        "title": "CD4+ Count",
        "description": "Laboratory Test: CD4+ Count",
        "standard_category": "laboratory_test",
        "qds_data_type": "laboratory_test",
        "code_list_id": "2.16.840.1.113883.3.464.1003.121.12.1004",
        "type": "laboratory_tests",
        "definition": "laboratory_test",
        "hard_status": false,
        "negation": false,
        "specific_occurrence": "A",
        "source_data_criteria": "OccurrenceACd4Count254",
        "value": {
          "type": "IVL_PQ",
          "high": {
            "type": "PQ",
            "unit": "/mm3",
            "value": "500",
            "inclusive?": false,
            "derived?": false
          }
        },
        "temporal_references": [
          {
            "type": "EAS",
            "reference": "MeasurePeriod",
            "range": {
              "type": "IVL_PQ",
              "high": {
                "type": "PQ",
                "unit": "mo",
                "value": "9",
                "inclusive?": false,
                "derived?": false
              }
            }
          }
        ]
      }
    },
    {
      "OccurrenceACd4Percentage257_precondition_5819": {
        "title": "CD4+ Percentage",
        "description": "Laboratory Test: CD4+ Percentage",
        "standard_category": "laboratory_test",
        "qds_data_type": "laboratory_test",
        "code_list_id": "2.16.840.1.113883.3.464.1003.121.12.1005",
        "type": "laboratory_tests",
        "definition": "laboratory_test",
        "hard_status": false,
        "negation": false,
        "specific_occurrence": "A",
        "source_data_criteria": "OccurrenceACd4Percentage257",
        "value": {
          "type": "IVL_PQ",
          "high": {
            "type": "PQ",
            "unit": "%",
            "value": "15",
            "inclusive?": false,
            "derived?": false
          }
        },
        "temporal_references": [
          {
            "type": "EAS",
            "reference": "MeasurePeriod",
            "range": {
              "type": "IVL_PQ",
              "high": {
                "type": "PQ",
                "unit": "mo",
                "value": "9",
                "inclusive?": false,
                "derived?": false
              }
            }
          }
        ]
      }
    },
    {
      "OccurrenceAHiv259_precondition_5824": {
        "title": "HIV",
        "description": "Diagnosis, Active: HIV",
        "standard_category": "diagnosis_condition_problem",
        "qds_data_type": "diagnosis_active",
        "code_list_id": "2.16.840.1.113883.3.464.1003.120.12.1003",
        "type": "conditions",
        "definition": "diagnosis",
        "status": "active",
        "hard_status": false,
        "negation": false,
        "specific_occurrence": "A",
        "source_data_criteria": "OccurrenceAHiv259",
        "temporal_references": [
          {
            "type": "SBE",
            "reference": "MeasurePeriod"
          }
        ],
        "subset_operators": [
          {
            "type": "FIRST"
          }
        ]
      }
    },
    {
      "PatientCharacteristicBirthdateBirthDate_precondition_5827": {
        "title": "birth date",
        "description": "Patient Characteristic Birthdate: birth date",
        "standard_category": "individual_characteristic",
        "qds_data_type": "individual_characteristic",
        "code_list_id": "2.16.840.1.113883.3.560.100.4",
        "property": "birthtime",
        "type": "characteristic",
        "definition": "patient_characteristic_birthdate",
        "hard_status": false,
        "negation": false,
        "source_data_criteria": "PatientCharacteristicBirthdateBirthDate",
        "inline_code_list": {
          "LOINC": [
            "21112-8"
          ]
        },
        "temporal_references": [
          {
            "type": "SBS",
            "reference": "MeasurePeriod",
            "range": {
              "type": "IVL_PQ",
              "low": {
                "type": "PQ",
                "unit": "wk",
                "value": "6",
                "inclusive?": true,
                "derived?": false
              }
            }
          }
        ]
      }
    },
    {
      "PatientCharacteristicBirthdateBirthDate_precondition_5829": {
        "title": "birth date",
        "description": "Patient Characteristic Birthdate: birth date",
        "standard_category": "individual_characteristic",
        "qds_data_type": "individual_characteristic",
        "code_list_id": "2.16.840.1.113883.3.560.100.4",
        "property": "birthtime",
        "type": "characteristic",
        "definition": "patient_characteristic_birthdate",
        "hard_status": false,
        "negation": false,
        "source_data_criteria": "PatientCharacteristicBirthdateBirthDate",
        "inline_code_list": {
          "LOINC": [
            "21112-8"
          ]
        },
        "temporal_references": [
          {
            "type": "SBS",
            "reference": "MeasurePeriod",
            "range": {
              "type": "IVL_PQ",
              "high": {
                "type": "PQ",
                "unit": "a",
                "value": "1",
                "inclusive?": false,
                "derived?": false
              }
            }
          }
        ]
      }
    },
    {
      "OccurrenceAHivVisit252_precondition_5831": {
        "title": "HIV Visit",
        "description": "Encounter, Performed: HIV Visit",
        "standard_category": "encounter",
        "qds_data_type": "encounter",
        "code_list_id": "2.16.840.1.113883.3.464.1003.101.12.1047",
        "type": "encounters",
        "definition": "encounter",
        "status": "performed",
        "hard_status": false,
        "negation": false,
        "specific_occurrence": "A",
        "source_data_criteria": "OccurrenceAHivVisit252",
        "temporal_references": [
          {
            "type": "DURING",
            "reference": "MeasurePeriod"
          }
        ]
      }
    },
    {
      "OccurrenceBHivVisit253_precondition_5833": {
        "title": "HIV Visit",
        "description": "Encounter, Performed: HIV Visit",
        "standard_category": "encounter",
        "qds_data_type": "encounter",
        "code_list_id": "2.16.840.1.113883.3.464.1003.101.12.1047",
        "type": "encounters",
        "definition": "encounter",
        "status": "performed",
        "hard_status": false,
        "negation": false,
        "specific_occurrence": "B",
        "source_data_criteria": "OccurrenceBHivVisit253",
        "temporal_references": [
          {
            "type": "DURING",
            "reference": "MeasurePeriod"
          }
        ]
      }
    },
    {
      "OccurrenceBHivVisit253_precondition_5835": {
        "title": "HIV Visit",
        "description": "Encounter, Performed: HIV Visit",
        "standard_category": "encounter",
        "qds_data_type": "encounter",
        "code_list_id": "2.16.840.1.113883.3.464.1003.101.12.1047",
        "type": "encounters",
        "definition": "encounter",
        "status": "performed",
        "hard_status": false,
        "negation": false,
        "specific_occurrence": "B",
        "source_data_criteria": "OccurrenceBHivVisit253",
        "temporal_references": [
          {
            "type": "SAE",
            "reference": "OccurrenceAHivVisit252",
            "range": {
              "type": "IVL_PQ",
              "low": {
                "type": "PQ",
                "unit": "d",
                "value": "90",
                "inclusive?": true,
                "derived?": false
              }
            }
          }
        ]
      }
    }
  ],
  "oids": [
    "2.16.840.1.113883.3.464.1003.120.12.1003",
    "2.16.840.1.113883.3.464.1003.196.12.1076",
    "2.16.840.1.113883.3.560.100.4",
    "2.16.840.1.113883.3.464.1003.101.12.1047",
    "2.16.840.1.113883.3.464.1003.121.12.1004",
    "2.16.840.1.113883.3.464.1003.121.12.1005",
    "2.16.840.1.113883.3.464.1003.196.12.1202",
    "2.16.840.1.113883.3.464.1003.196.12.1205",
    "2.16.840.1.113883.3.464.1003.101.11.1005",
    "2.16.840.1.113883.3.464.1003.101.11.1040",
    "2.16.840.1.113883.3.464.1003.101.11.1110",
    "2.16.840.1.113883.3.464.1003.101.11.1115",
    "2.16.840.1.113883.3.464.1003.101.11.1120",
    "2.16.840.1.113883.3.464.1003.101.11.1125",
    "2.16.840.1.113883.3.464.1003.101.11.1216",
    "2.16.840.1.113883.3.464.1003.120.11.1005",
    "2.16.840.1.113883.3.464.1003.120.11.1006",
    "2.16.840.1.113883.3.464.1003.120.11.1007",
    "2.16.840.1.113883.3.464.1003.121.11.1006",
    "2.16.840.1.113883.3.464.1003.121.11.1009",
    "2.16.840.1.113883.3.464.1003.196.11.1076",
    "2.16.840.1.113883.3.464.1003.196.11.1202",
    "2.16.840.1.113883.3.464.1003.196.11.1205"
  ],
  "population_ids": {
    "IPP": "4EDD11A3-39FE-492B-950B-EE46C54BCF53",
    "DENOM": "95A132E6-731A-4FC3-9DF4-794AA8164F99",
    "NUMER": "2E4C6038-8797-4B3E-AEAC-CB91271262F4",
    "DENEXCEP": "C86B8A8E-E7F9-459F-9204-84749E933D5A"
  }
}