{
  "id": "8A4D92B2-3A00-2A25-013A-4B4A282E7048",
  "nqf_id": "0419",
  "hqmf_id": "8A4D92B2-3A00-2A25-013A-4B4A282E7048",
  "hqmf_set_id": "9A032D9C-3D9B-11E1-8634-00237D5BF174",
  "hqmf_version_number": 1,
  "endorser": null,
  "name": "Documentation of Current Medications in the Medical Record",
  "description": "Percentage of specified visits for patients aged 18 years and older for which the eligible professional attests to documenting a list of current medications to the best of his/her knowledge and ability.  This list must include ALL prescriptions, over-the-counters, herbals, and vitamin/mineral/dietary (nutritional) supplements AND must contain the medications' name, dosage, frequency and route of administration.",
  "type": "ep",
  "category": "Core Adult",
  "steward": null,
  "population": {
    "conjunction": "and",
    "items": [
      {
        "conjunction": "and",
        "items": [
          {
            "title": "birth date",
            "description": "Patient Characteristic: birth date",
            "standard_category": "individual_characteristic",
            "qds_data_type": "individual_characteristic",
            "code_list_id": "2.16.840.1.113883.3.560.100.4",
            "property": "birthtime",
            "type": "characteristic",
            "definition": "patient_characteristic_birthdate",
            "hard_status": false,
            "negation": false,
            "source_data_criteria": "PatientCharacteristicBirthDate",
            "temporal_references": [
              {
                "type": "SBS",
                "reference": "MeasurePeriod",
                "range": {
                  "type": "IVL_PQ",
                  "low": {
                    "type": "PQ",
                    "unit": "a",
                    "value": "18",
                    "inclusive?": true,
                    "derived?": false
                  }
                },
                "title": "MeasurePeriod"
              }
            ]
          },
          {
            "title": "Medications Encounter Code Set",
            "description": "Encounter, Performed: Medications Encounter Code Set",
            "standard_category": "encounter",
            "qds_data_type": "encounter",
            "code_list_id": "2.16.840.1.113883.3.600.1.1834",
            "type": "encounters",
            "definition": "encounter",
            "status": "performed",
            "hard_status": false,
            "negation": false,
            "specific_occurrence": "A",
            "source_data_criteria": "OccurrenceAMedicationsEncounterCodeSet284",
            "temporal_references": [
              {
                "type": "DURING",
                "reference": "MeasurePeriod",
                "title": "MeasurePeriod"
              }
            ]
          }
        ],
        "negation": null,
        "precondition_id": 6185
      }
    ]
  },
  "denominator": {
    "conjunction": "and",
    "items": [

    ]
  },
  "numerator": {
    "conjunction": "and",
    "items": [
      {
        "conjunction": "and",
        "items": [
          {
            "title": "Current Medications Documented SNMD",
            "description": "Procedure, Performed: Current Medications Documented SNMD",
            "standard_category": "procedure",
            "qds_data_type": "procedure_performed",
            "code_list_id": "2.16.840.1.113883.3.600.1.462",
            "type": "procedures",
            "definition": "procedure",
            "status": "performed",
            "hard_status": false,
            "negation": false,
            "source_data_criteria": "ProcedurePerformedCurrentMedicationsDocumentedSnmd",
            "temporal_references": [
              {
                "type": "DURING",
                "reference": {
                  "title": "Medications Encounter Code Set",
                  "description": "Encounter, Performed: Medications Encounter Code Set",
                  "standard_category": "encounter",
                  "qds_data_type": "encounter",
                  "code_list_id": "2.16.840.1.113883.3.600.1.1834",
                  "type": "encounters",
                  "definition": "encounter",
                  "status": "performed",
                  "hard_status": false,
                  "negation": false,
                  "specific_occurrence": "A",
                  "source_data_criteria": "OccurrenceAMedicationsEncounterCodeSet284"
                }
              }
            ]
          }
        ],
        "negation": null,
        "precondition_id": 6180
      }
    ]
  },
  "exclusions": null,
  "map_fn": "function() {\n        var patient = this;\n        var effective_date = <%= effective_date %>;\n\n        hqmfjs = {}\n        <%= init_js_frameworks %>\n        \n        \n      var patient_api = new hQuery.Patient(patient);\n\n      \n\n      // clear out logger\n      if (typeof Logger != 'undefined') Logger.logger = [];\n      // turn on logging if it is enabled\n      if (Logger.enabled) enableLogging();\n      \n      \n        // #########################\n        // ##### DATA ELEMENTS #####\n        // #########################\n\n        OidDictionary = <%= oid_dictionary %>;\n        \n        // Measure variables\nvar MeasurePeriod = {\n  \"low\": new TS(\"20100101\", null, true),\n  \"high\": new TS(\"20110101\", null, true)\n}\nhqmfjs.MeasurePeriod = function(patient) {\n  return [new hQuery.CodedEntry(\n    {\n      \"start_time\": MeasurePeriod.low.asDate().getTime()/1000,\n      \"end_time\": MeasurePeriod.high.asDate().getTime()/1000,\n      \"codes\": {}\n    }\n  )];\n}\nif (typeof effective_date === 'number') {\n  MeasurePeriod.high.date = new Date(1000*effective_date);\n  MeasurePeriod.low.date = new Date(1000*effective_date);\n  MeasurePeriod.low.date.setFullYear(MeasurePeriod.low.date.getFullYear()-1);\n}\n\n// Data critera\nhqmfjs.OccurrenceAMedicationsEncounterCodeSet284 = function(patient) {\n  var events = patient.encounters();\n  events.specific_occurrence = 'OccurrenceAMedicationsEncounterCodeSet284'\n  events = events.withStatuses([\"performed\"]);\n  events = events.withoutNegation();\n  var codes = getCodes(\"2.16.840.1.113883.3.600.1.1834\");\n  var start = null;\n  var end = null;\n  events = events.match(codes, start, end, true);\n\n  events.specificContext=new Specifics(Row.buildForDataCriteria(events.specific_occurrence, events))\n  return events;\n}\n\nhqmfjs.EncounterPerformedMedicationsEncounterCodeSet = function(patient) {\n  var events = patient.encounters();\n  events = events.withStatuses([\"performed\"]);\n  events = events.withoutNegation();\n  var codes = getCodes(\"2.16.840.1.113883.3.600.1.1834\");\n  var start = null;\n  var end = null;\n  events = events.match(codes, start, end, true);\n\n  events.specificContext=Specifics.identity()\n  return events;\n}\n\nhqmfjs.ProcedurePerformedNotDoneMedicalOrOtherReasonNotDone = function(patient) {\n  var events = patient.allProcedures();\n  events = events.withStatuses([\"performed\"]);\n  events = events.withNegation();\n  var codes = getCodes(\"2.16.840.1.113883.3.600.1.1502\");\n  var start = null;\n  var end = null;\n  events = events.match(codes, start, end, true);\n\n  events.specificContext=Specifics.identity()\n  return events;\n}\n\nhqmfjs.OccurrenceAMedicationsEncounterCodeSet284 = function(patient) {\n  var events = patient.encounters();\n  events.specific_occurrence = 'OccurrenceAMedicationsEncounterCodeSet284'\n  events = events.withStatuses([\"performed\"]);\n  events = events.withoutNegation();\n  var codes = getCodes(\"2.16.840.1.113883.3.600.1.1834\");\n  var start = null;\n  var end = null;\n  events = events.match(codes, start, end, true);\n\n  events.specificContext=new Specifics(Row.buildForDataCriteria(events.specific_occurrence, events))\n  return events;\n}\n\nhqmfjs.ProcedurePerformedCurrentMedicationsDocumentedSnmd_precondition_6173 = function(patient) {\n  var events = patient.allProcedures();\n  events = events.withStatuses([\"performed\"]);\n  events = events.withNegation(getCodes(\"2.16.840.1.113883.3.600.1.1502\"));\n  var codes = getCodes(\"2.16.840.1.113883.3.600.1.462\");\n  var start = null;\n  var end = null;\n  events = events.match(codes, start, end, true);\n\n  events = DURING(events, hqmfjs.OccurrenceAMedicationsEncounterCodeSet284(patient));\n  return events;\n}\n\nhqmfjs.ProcedurePerformedCurrentMedicationsDocumentedSnmd_precondition_6178 = function(patient) {\n  var events = patient.allProcedures();\n  events = events.withStatuses([\"performed\"]);\n  events = events.withoutNegation();\n  var codes = getCodes(\"2.16.840.1.113883.3.600.1.462\");\n  var start = null;\n  var end = null;\n  events = events.match(codes, start, end, true);\n\n  events = DURING(events, hqmfjs.OccurrenceAMedicationsEncounterCodeSet284(patient));\n  return events;\n}\n\nhqmfjs.PatientCharacteristicBirthDate_precondition_6181 = function(patient) {\nvar value = patient.birthtime();\nvar events = [value];\nevents = SBS(events, hqmfjs.MeasurePeriod(patient), new IVL_PQ(new PQ(18, \"a\", true), null));\nevents.specificContext=Specifics.identity();\nreturn events;\n\n}\n\nhqmfjs.OccurrenceAMedicationsEncounterCodeSet284_precondition_6183 = function(patient) {\n  var events = patient.encounters();\n  events.specific_occurrence = 'OccurrenceAMedicationsEncounterCodeSet284'\n  events = events.withStatuses([\"performed\"]);\n  events = events.withoutNegation();\n  var codes = getCodes(\"2.16.840.1.113883.3.600.1.1834\");\n  var start = null;\n  var end = null;\n  events = events.match(codes, start, end, true);\n\n  events = DURING(events, hqmfjs.MeasurePeriod(patient));\n  return events;\n}\n\n\n\n        // #########################\n        // ##### MEASURE LOGIC #####\n        // #########################\n        \n        hqmfjs.initializeSpecifics = function(patient_api, hqmfjs) { Specifics.initialize(patient_api,hqmfjs,{\"id\":\"OccurrenceAMedicationsEncounterCodeSet284\",\"type\":\"\",\"function\":\"OccurrenceAMedicationsEncounterCodeSet284\"}) }\n\n        // INITIAL PATIENT POPULATION\n        hqmfjs.IPP = function(patient) {\n  return allTrue(  \n    allTrue(    \n      hqmfjs.PatientCharacteristicBirthDate_precondition_6181(patient),    \n      hqmfjs.OccurrenceAMedicationsEncounterCodeSet284_precondition_6183(patient)\n    )\n  );\n};\n\n\n        // DENOMINATOR\n        hqmfjs.DENOM = function(patient) { return new Boolean(true); }\n        // NUMERATOR\n        hqmfjs.NUMER = function(patient) {\n  return allTrue(  \n    allTrue(    \n      hqmfjs.ProcedurePerformedCurrentMedicationsDocumentedSnmd_precondition_6178(patient)\n    )\n  );\n};\n\n\n        hqmfjs.DENEX = function(patient) { return new Boolean(false); }\n        hqmfjs.DENEXCEP = function(patient) {\n  return atLeastOneTrue(  \n    allTrue(    \n      atLeastOneTrue(      \n        hqmfjs.ProcedurePerformedCurrentMedicationsDocumentedSnmd_precondition_6173(patient)\n      )\n    )\n  );\n};\n\n\n        \n\n      hqmfjs.initializeSpecifics(patient_api, hqmfjs)\n      \n      var population = function() {\n        return executeIfAvailable(hqmfjs.IPP, patient_api);\n      }\n      var denominator = function() {\n        return executeIfAvailable(hqmfjs.DENOM, patient_api);\n      }\n      var numerator = function() {\n        return executeIfAvailable(hqmfjs.NUMER, patient_api);\n      }\n      var exclusion = function() {\n        return executeIfAvailable(hqmfjs.DENEX, patient_api);\n      }\n      var denexcep = function() {\n        return executeIfAvailable(hqmfjs.DENEXCEP, patient_api);\n      }\n      \n      var executeIfAvailable = function(optionalFunction, arg) {\n        if (typeof(optionalFunction)==='function')\n          return optionalFunction(arg);\n        else\n          return false;\n      }\n\n      if (Logger.enabled) enableMeasureLogging(hqmfjs);\n\n      map(patient, population, denominator, numerator, exclusion, denexcep);\n      \n      };\n      ",
  "data_criteria": [
    {
      "ProcedurePerformedCurrentMedicationsDocumentedSnmd_precondition_6173": {
        "title": "Current Medications Documented SNMD",
        "description": "Procedure, Performed: Current Medications Documented SNMD",
        "standard_category": "procedure",
        "qds_data_type": "procedure_performed",
        "code_list_id": "2.16.840.1.113883.3.600.1.462",
        "type": "procedures",
        "definition": "procedure",
        "status": "performed",
        "hard_status": false,
        "negation": true,
        "negation_code_list_id": "2.16.840.1.113883.3.600.1.1502",
        "source_data_criteria": "ProcedurePerformedCurrentMedicationsDocumentedSnmd",
        "temporal_references": [
          {
            "type": "DURING",
            "reference": "OccurrenceAMedicationsEncounterCodeSet284"
          }
        ]
      }
    },
    {
      "OccurrenceAMedicationsEncounterCodeSet284": {
        "title": "Medications Encounter Code Set",
        "description": "Encounter, Performed: Medications Encounter Code Set",
        "standard_category": "encounter",
        "qds_data_type": "encounter",
        "code_list_id": "2.16.840.1.113883.3.600.1.1834",
        "type": "encounters",
        "definition": "encounter",
        "status": "performed",
        "hard_status": false,
        "negation": false,
        "specific_occurrence": "A",
        "source_data_criteria": "OccurrenceAMedicationsEncounterCodeSet284"
      }
    },
    {
      "ProcedurePerformedCurrentMedicationsDocumentedSnmd_precondition_6178": {
        "title": "Current Medications Documented SNMD",
        "description": "Procedure, Performed: Current Medications Documented SNMD",
        "standard_category": "procedure",
        "qds_data_type": "procedure_performed",
        "code_list_id": "2.16.840.1.113883.3.600.1.462",
        "type": "procedures",
        "definition": "procedure",
        "status": "performed",
        "hard_status": false,
        "negation": false,
        "source_data_criteria": "ProcedurePerformedCurrentMedicationsDocumentedSnmd",
        "temporal_references": [
          {
            "type": "DURING",
            "reference": "OccurrenceAMedicationsEncounterCodeSet284"
          }
        ]
      }
    },
    {
      "PatientCharacteristicBirthDate_precondition_6181": {
        "title": "birth date",
        "description": "Patient Characteristic: birth date",
        "standard_category": "individual_characteristic",
        "qds_data_type": "individual_characteristic",
        "code_list_id": "2.16.840.1.113883.3.560.100.4",
        "property": "birthtime",
        "type": "characteristic",
        "definition": "patient_characteristic_birthdate",
        "hard_status": false,
        "negation": false,
        "source_data_criteria": "PatientCharacteristicBirthDate",
        "temporal_references": [
          {
            "type": "SBS",
            "reference": "MeasurePeriod",
            "range": {
              "type": "IVL_PQ",
              "low": {
                "type": "PQ",
                "unit": "a",
                "value": "18",
                "inclusive?": true,
                "derived?": false
              }
            }
          }
        ]
      }
    },
    {
      "OccurrenceAMedicationsEncounterCodeSet284_precondition_6183": {
        "title": "Medications Encounter Code Set",
        "description": "Encounter, Performed: Medications Encounter Code Set",
        "standard_category": "encounter",
        "qds_data_type": "encounter",
        "code_list_id": "2.16.840.1.113883.3.600.1.1834",
        "type": "encounters",
        "definition": "encounter",
        "status": "performed",
        "hard_status": false,
        "negation": false,
        "specific_occurrence": "A",
        "source_data_criteria": "OccurrenceAMedicationsEncounterCodeSet284",
        "temporal_references": [
          {
            "type": "DURING",
            "reference": "MeasurePeriod"
          }
        ]
      }
    }
  ],
  "oids": [
    "2.16.840.1.113883.3.600.1.1834",
    "2.16.840.1.113883.3.560.100.4",
    "2.16.840.1.113883.3.600.1.462",
    "2.16.840.1.113883.3.600.1.1502",
    "2.16.840.1.113883.3.600.1.1608",
    "2.16.840.1.113883.3.600.1.1609",
    "2.16.840.1.113883.3.600.1.1917"
  ],
  "population_ids": {
    "IPP": "3DF9F7A5-D738-47E9-A5D1-D2C3FA368ED6",
    "DENOM": "37656248-F7EE-45F6-8D17-ACD631549B3F",
    "NUMER": "F0720840-73DB-4577-96B8-5D37F3535D24",
    "DENEXCEP": "2DC3B80B-D05F-47A4-B1F5-E4909970B0CA"
  }
}