{
  "id": "8A4D92B2-35FB-4AA7-0136-1CB01C4D758C",
  "nqf_id": "0608",
  "hqmf_id": "8A4D92B2-35FB-4AA7-0136-1CB01C4D758C",
  "hqmf_set_id": "3BBFC929-50C8-44B8-8D34-82BE75C08A70",
  "hqmf_version_number": 1,
  "endorser": null,
  "name": "Pregnant women that had HBsAg testing",
  "description": "This measure identifies pregnant women who had a HBsAg (hepatitis B) test during their pregnancy.",
  "type": "ep",
  "category": "Pregnancy",
  "steward": null,
  "population": {
    "conjunction": "and",
    "items": [
      {
        "conjunction": "and",
        "items": [
          {
            "title": "Delivery",
            "description": "Procedure, Performed: Delivery",
            "standard_category": "procedure",
            "qds_data_type": "procedure_performed",
            "code_list_id": "2.16.840.1.113883.3.67.1.101.1.278",
            "type": "procedures",
            "definition": "procedure",
            "status": "performed",
            "hard_status": false,
            "negation": false,
            "specific_occurrence": "A",
            "source_data_criteria": "OccurrenceADelivery328",
            "temporal_references": [
              {
                "type": "DURING",
                "reference": "MeasurePeriod",
                "title": "MeasurePeriod"
              }
            ],
            "subset_operators": [
              {
                "type": "FIRST"
              }
            ]
          },
          {
            "title": "birth date",
            "description": "Patient Characteristic Birthdate: birth date",
            "standard_category": "individual_characteristic",
            "qds_data_type": "individual_characteristic",
            "code_list_id": "2.16.840.1.113883.3.560.100.4",
            "property": "birthtime",
            "type": "characteristic",
            "definition": "patient_characteristic_birthdate",
            "hard_status": false,
            "negation": false,
            "source_data_criteria": "PatientCharacteristicBirthdateBirthDate",
            "inline_code_list": {
              "LOINC": [
                "21112-8"
              ]
            },
            "temporal_references": [
              {
                "type": "SBS",
                "reference": "MeasurePeriod",
                "range": {
                  "type": "IVL_PQ",
                  "low": {
                    "type": "PQ",
                    "unit": "a",
                    "value": "12",
                    "inclusive?": true,
                    "derived?": false
                  }
                },
                "title": "MeasurePeriod"
              }
            ]
          },
          {
            "title": "Female",
            "description": "Patient Characteristic Sex: Female",
            "standard_category": "individual_characteristic",
            "qds_data_type": "individual_characteristic",
            "code_list_id": "2.16.840.1.113883.3.560.100.2",
            "property": "gender",
            "type": "characteristic",
            "definition": "patient_characteristic_gender",
            "hard_status": false,
            "negation": false,
            "source_data_criteria": "PatientCharacteristicSexFemale",
            "value": {
              "type": "CD",
              "system": "Administrative Sex",
              "code": "F"
            }
          },
          {
            "title": "Full Term Delivery",
            "description": "Diagnosis, Active: Full Term Delivery",
            "standard_category": "diagnosis_condition_problem",
            "qds_data_type": "diagnosis_active",
            "code_list_id": "2.16.840.1.113883.3.67.1.101.1.273",
            "type": "conditions",
            "definition": "diagnosis",
            "status": "active",
            "hard_status": false,
            "negation": false,
            "specific_occurrence": "A",
            "source_data_criteria": "OccurrenceAFullTermDelivery329",
            "temporal_references": [
              {
                "type": "SBE",
                "reference": {
                  "title": "Delivery",
                  "description": "Procedure, Performed: Delivery",
                  "standard_category": "procedure",
                  "qds_data_type": "procedure_performed",
                  "code_list_id": "2.16.840.1.113883.3.67.1.101.1.278",
                  "type": "procedures",
                  "definition": "procedure",
                  "status": "performed",
                  "hard_status": false,
                  "negation": false,
                  "specific_occurrence": "A",
                  "source_data_criteria": "OccurrenceADelivery328"
                }
              }
            ]
          },
          {
            "conjunction": "and",
            "items": [
              {
                "title": "Full Term Delivery",
                "description": "Diagnosis, Active: Full Term Delivery",
                "standard_category": "diagnosis_condition_problem",
                "qds_data_type": "diagnosis_active",
                "code_list_id": "2.16.840.1.113883.3.67.1.101.1.273",
                "type": "conditions",
                "definition": "diagnosis",
                "status": "active",
                "hard_status": false,
                "negation": false,
                "specific_occurrence": "A",
                "source_data_criteria": "OccurrenceAFullTermDelivery329",
                "temporal_references": [
                  {
                    "type": "EBS",
                    "reference": {
                      "title": "Delivery",
                      "description": "Procedure, Performed: Delivery",
                      "standard_category": "procedure",
                      "qds_data_type": "procedure_performed",
                      "code_list_id": "2.16.840.1.113883.3.67.1.101.1.278",
                      "type": "procedures",
                      "definition": "procedure",
                      "status": "performed",
                      "hard_status": false,
                      "negation": false,
                      "specific_occurrence": "A",
                      "source_data_criteria": "OccurrenceADelivery328"
                    }
                  }
                ]
              }
            ],
            "negation": true,
            "precondition_id": 7069
          }
        ],
        "negation": null,
        "precondition_id": 7070
      }
    ]
  },
  "denominator": {
    "conjunction": "and",
    "items": [

    ]
  },
  "numerator": {
    "conjunction": "and",
    "items": [
      {
        "conjunction": "and",
        "items": [
          {
            "title": "HBsAg",
            "description": "Laboratory Test, Performed: HBsAg",
            "standard_category": "laboratory_test",
            "qds_data_type": "laboratory_test",
            "code_list_id": "2.16.840.1.113883.3.67.1.101.1.279",
            "type": "laboratory_tests",
            "definition": "laboratory_test",
            "status": "performed",
            "hard_status": false,
            "negation": false,
            "source_data_criteria": "LaboratoryTestPerformedHbsag",
            "temporal_references": [
              {
                "type": "SBS",
                "reference": {
                  "title": "Delivery",
                  "description": "Procedure, Performed: Delivery",
                  "standard_category": "procedure",
                  "qds_data_type": "procedure_performed",
                  "code_list_id": "2.16.840.1.113883.3.67.1.101.1.278",
                  "type": "procedures",
                  "definition": "procedure",
                  "status": "performed",
                  "hard_status": false,
                  "negation": false,
                  "specific_occurrence": "A",
                  "source_data_criteria": "OccurrenceADelivery328"
                },
                "range": {
                  "type": "IVL_PQ",
                  "high": {
                    "type": "PQ",
                    "unit": "d",
                    "value": "280",
                    "inclusive?": true,
                    "derived?": false
                  }
                }
              }
            ]
          }
        ],
        "negation": null,
        "precondition_id": 7057
      }
    ]
  },
  "exclusions": null,
  "map_fn": "function() {\n        var patient = this;\n        var effective_date = <%= effective_date %>;\n\n        hqmfjs = {}\n        <%= init_js_frameworks %>\n        \n        \n      var patient_api = new hQuery.Patient(patient);\n\n      \n\n      // clear out logger\n      if (typeof Logger != 'undefined') Logger.logger = [];\n      // turn on logging if it is enabled\n      if (Logger.enabled) enableLogging();\n      \n      \n        // #########################\n        // ##### DATA ELEMENTS #####\n        // #########################\n\n        OidDictionary = <%= oid_dictionary %>;\n        \n        // Measure variables\nvar MeasurePeriod = {\n  \"low\": new TS(\"20100101\", null, true),\n  \"high\": new TS(\"20110101\", null, true)\n}\nhqmfjs.MeasurePeriod = function(patient) {\n  return [new hQuery.CodedEntry(\n    {\n      \"start_time\": MeasurePeriod.low.asDate().getTime()/1000,\n      \"end_time\": MeasurePeriod.high.asDate().getTime()/1000,\n      \"codes\": {}\n    }\n  )];\n}\nif (typeof effective_date === 'number') {\n  MeasurePeriod.high.date = new Date(1000*effective_date);\n  MeasurePeriod.low.date = new Date(1000*effective_date);\n  MeasurePeriod.low.date.setFullYear(MeasurePeriod.low.date.getFullYear()-1);\n}\n\n// Data critera\nhqmfjs.OccurrenceADelivery328 = function(patient) {\n  var events = patient.allProcedures();\n  events.specific_occurrence = 'OccurrenceADelivery328'\n  events = events.withStatuses([\"performed\"]);\n  events = events.withoutNegation();\n  var codes = getCodes(\"2.16.840.1.113883.3.67.1.101.1.278\");\n  var start = null;\n  var end = null;\n  events = events.match(codes, start, end, true);\n\n  events.specificContext=new Specifics(Row.buildForDataCriteria(events.specific_occurrence, events))\n  return events;\n}\n\nhqmfjs.OccurrenceAFullTermDelivery329 = function(patient) {\n  var events = patient.allProblems();\n  events.specific_occurrence = 'OccurrenceAFullTermDelivery329'\n  events = events.withStatuses([\"active\"]);\n  events = events.withoutNegation();\n  var codes = getCodes(\"2.16.840.1.113883.3.67.1.101.1.273\");\n  var start = null;\n  var end = null;\n  events = events.match(codes, start, end, true);\n\n  events.specificContext=new Specifics(Row.buildForDataCriteria(events.specific_occurrence, events))\n  return events;\n}\n\nhqmfjs.DiagnosisActiveFullTermDelivery = function(patient) {\n  var events = patient.allProblems();\n  events = events.withStatuses([\"active\"]);\n  events = events.withoutNegation();\n  var codes = getCodes(\"2.16.840.1.113883.3.67.1.101.1.273\");\n  var start = null;\n  var end = null;\n  events = events.match(codes, start, end, true);\n\n  events.specificContext=Specifics.identity()\n  return events;\n}\n\nhqmfjs.ProcedurePerformedDelivery = function(patient) {\n  var events = patient.allProcedures();\n  events = events.withStatuses([\"performed\"]);\n  events = events.withoutNegation();\n  var codes = getCodes(\"2.16.840.1.113883.3.67.1.101.1.278\");\n  var start = null;\n  var end = null;\n  events = events.match(codes, start, end, true);\n\n  events.specificContext=Specifics.identity()\n  return events;\n}\n\nhqmfjs.OccurrenceADelivery328 = function(patient) {\n  var events = patient.allProcedures();\n  events.specific_occurrence = 'OccurrenceADelivery328'\n  events = events.withStatuses([\"performed\"]);\n  events = events.withoutNegation();\n  var codes = getCodes(\"2.16.840.1.113883.3.67.1.101.1.278\");\n  var start = null;\n  var end = null;\n  events = events.match(codes, start, end, true);\n\n  events.specificContext=new Specifics(Row.buildForDataCriteria(events.specific_occurrence, events))\n  return events;\n}\n\nhqmfjs.OccurrenceADelivery328_precondition_7052 = function(patient) {\n  var events = patient.allProcedures();\n  events.specific_occurrence = 'OccurrenceADelivery328'\n  events = events.withStatuses([\"performed\"]);\n  events = events.withoutNegation();\n  var codes = getCodes(\"2.16.840.1.113883.3.67.1.101.1.278\");\n  var start = null;\n  var end = null;\n  events = events.match(codes, start, end, true);\n\n  events.specificContext=new Specifics(Row.buildForDataCriteria(events.specific_occurrence, events))\n  return events;\n}\n\nhqmfjs.DiagnosisActiveHepatitisB_precondition_7047 = function(patient) {\n  var events = patient.allProblems();\n  events = events.withStatuses([\"active\"]);\n  events = events.withoutNegation();\n  var codes = getCodes(\"2.16.840.1.113883.3.67.1.101.1.269\");\n  var start = null;\n  var end = null;\n  events = events.match(codes, start, end, true);\n\n  events = SBS(events, hqmfjs.OccurrenceADelivery328_precondition_7052(patient));\n  return events;\n}\n\nhqmfjs.DiagnosisInactiveHepatitisB_precondition_7049 = function(patient) {\n  var events = patient.allProblems();\n  events = events.withStatuses([\"inactive\"], false);\n  events = events.withoutNegation();\n  var codes = getCodes(\"2.16.840.1.113883.3.67.1.101.1.269\");\n  var start = null;\n  var end = null;\n  events = events.match(codes, start, end, true);\n\n  events = SBS(events, hqmfjs.OccurrenceADelivery328_precondition_7052(patient));\n  return events;\n}\n\nhqmfjs.LaboratoryTestPerformedHbsag_precondition_7055 = function(patient) {\n  var events = patient.laboratoryTests();\n  events = events.withStatuses([\"performed\"]);\n  events = events.withoutNegation();\n  var codes = getCodes(\"2.16.840.1.113883.3.67.1.101.1.279\");\n  var start = null;\n  var end = null;\n  events = events.match(codes, start, end, true);\n\n  events = SBS(events, hqmfjs.OccurrenceADelivery328(patient), new IVL_PQ(null, new PQ(280, \"d\", true)));\n  return events;\n}\n\nhqmfjs.OccurrenceADelivery328_precondition_7058 = function(patient) {\n  var events = patient.allProcedures();\n  events.specific_occurrence = 'OccurrenceADelivery328'\n  events = events.withStatuses([\"performed\"]);\n  events = events.withoutNegation();\n  var codes = getCodes(\"2.16.840.1.113883.3.67.1.101.1.278\");\n  var start = null;\n  var end = null;\n  events = events.match(codes, start, end, true);\n\n  events = DURING(events, hqmfjs.MeasurePeriod(patient));\n  events = FIRST(events);\n  return events;\n}\n\nhqmfjs.PatientCharacteristicBirthdateBirthDate_precondition_7063 = function(patient) {\nvar value = patient.birthtime();\nvar events = [value];\nevents = SBS(events, hqmfjs.MeasurePeriod(patient), new IVL_PQ(new PQ(12, \"a\", true), null));\nevents.specificContext=Specifics.identity();\nreturn events;\n\n}\n\nhqmfjs.PatientCharacteristicSexFemale_precondition_7065 = function(patient) {\nvar value = patient.gender();\nmatching = matchingValue(value, new CD(\"F\", \"Administrative Sex\"));\nmatching.specificContext=Specifics.identity();\nreturn matching;\n\n}\n\nhqmfjs.OccurrenceAFullTermDelivery329_precondition_7067 = function(patient) {\n  var events = patient.allProblems();\n  events.specific_occurrence = 'OccurrenceAFullTermDelivery329'\n  events = events.withStatuses([\"active\"]);\n  events = events.withoutNegation();\n  var codes = getCodes(\"2.16.840.1.113883.3.67.1.101.1.273\");\n  var start = null;\n  var end = null;\n  events = events.match(codes, start, end, true);\n\n  events = SBE(events, hqmfjs.OccurrenceADelivery328(patient));\n  return events;\n}\n\nhqmfjs.OccurrenceAFullTermDelivery329_precondition_7061 = function(patient) {\n  var events = patient.allProblems();\n  events.specific_occurrence = 'OccurrenceAFullTermDelivery329'\n  events = events.withStatuses([\"active\"]);\n  events = events.withoutNegation();\n  var codes = getCodes(\"2.16.840.1.113883.3.67.1.101.1.273\");\n  var start = null;\n  var end = null;\n  events = events.match(codes, start, end, true);\n\n  events = EBS(events, hqmfjs.OccurrenceADelivery328(patient));\n  return events;\n}\n\n\n\n        // #########################\n        // ##### MEASURE LOGIC #####\n        // #########################\n        \n        hqmfjs.initializeSpecifics = function(patient_api, hqmfjs) { Specifics.initialize(patient_api,hqmfjs,{\"id\":\"OccurrenceADelivery328\",\"type\":\"\",\"function\":\"OccurrenceADelivery328\"},{\"id\":\"OccurrenceAFullTermDelivery329\",\"type\":\"\",\"function\":\"OccurrenceAFullTermDelivery329\"}) }\n\n        // INITIAL PATIENT POPULATION\n        hqmfjs.IPP = function(patient) {\n  return allTrue(  \n    allTrue(    \n      hqmfjs.OccurrenceADelivery328_precondition_7058(patient),    \n      hqmfjs.PatientCharacteristicBirthdateBirthDate_precondition_7063(patient),    \n      hqmfjs.PatientCharacteristicSexFemale_precondition_7065(patient),    \n      hqmfjs.OccurrenceAFullTermDelivery329_precondition_7067(patient),    \n      atLeastOneFalse(      \n        hqmfjs.OccurrenceAFullTermDelivery329_precondition_7061(patient)\n      )\n    )\n  );\n};\n\n\n        // DENOMINATOR\n        hqmfjs.DENOM = function(patient) { return new Boolean(true); }\n        // NUMERATOR\n        hqmfjs.NUMER = function(patient) {\n  return allTrue(  \n    allTrue(    \n      hqmfjs.LaboratoryTestPerformedHbsag_precondition_7055(patient)\n    )\n  );\n};\n\n\n        hqmfjs.DENEX = function(patient) { return new Boolean(false); }\n        hqmfjs.DENEXCEP = function(patient) {\n  return atLeastOneTrue(  \n    allTrue(    \n      atLeastOneTrue(      \n        hqmfjs.DiagnosisActiveHepatitisB_precondition_7047(patient),      \n        hqmfjs.DiagnosisInactiveHepatitisB_precondition_7049(patient)\n      )\n    )\n  );\n};\n\n\n        \n\n      hqmfjs.initializeSpecifics(patient_api, hqmfjs)\n      \n      var population = function() {\n        return executeIfAvailable(hqmfjs.IPP, patient_api);\n      }\n      var denominator = function() {\n        return executeIfAvailable(hqmfjs.DENOM, patient_api);\n      }\n      var numerator = function() {\n        return executeIfAvailable(hqmfjs.NUMER, patient_api);\n      }\n      var exclusion = function() {\n        return executeIfAvailable(hqmfjs.DENEX, patient_api);\n      }\n      var denexcep = function() {\n        return executeIfAvailable(hqmfjs.DENEXCEP, patient_api);\n      }\n      \n      var executeIfAvailable = function(optionalFunction, arg) {\n        if (typeof(optionalFunction)==='function')\n          return optionalFunction(arg);\n        else\n          return false;\n      }\n\n      if (Logger.enabled) enableMeasureLogging(hqmfjs);\n\n      map(patient, population, denominator, numerator, exclusion, denexcep);\n      \n      };\n      ",
  "data_criteria": [
    {
      "DiagnosisActiveHepatitisB_precondition_7047": {
        "title": "Hepatitis B",
        "description": "Diagnosis, Active: Hepatitis B",
        "standard_category": "diagnosis_condition_problem",
        "qds_data_type": "diagnosis_active",
        "code_list_id": "2.16.840.1.113883.3.67.1.101.1.269",
        "type": "conditions",
        "definition": "diagnosis",
        "status": "active",
        "hard_status": false,
        "negation": false,
        "source_data_criteria": "DiagnosisActiveHepatitisB",
        "temporal_references": [
          {
            "type": "SBS",
            "reference": "OccurrenceADelivery328_precondition_7052"
          }
        ]
      }
    },
    {
      "OccurrenceADelivery328_precondition_7052": {
        "title": "Delivery",
        "description": "Procedure, Performed: Delivery",
        "standard_category": "procedure",
        "qds_data_type": "procedure_performed",
        "code_list_id": "2.16.840.1.113883.3.67.1.101.1.278",
        "type": "procedures",
        "definition": "procedure",
        "status": "performed",
        "hard_status": false,
        "negation": false,
        "specific_occurrence": "A",
        "source_data_criteria": "OccurrenceADelivery328"
      }
    },
    {
      "DiagnosisInactiveHepatitisB_precondition_7049": {
        "title": "Hepatitis B",
        "description": "Diagnosis, Inactive: Hepatitis B",
        "standard_category": "diagnosis_condition_problem",
        "qds_data_type": "diagnosis_inactive",
        "code_list_id": "2.16.840.1.113883.3.67.1.101.1.269",
        "type": "conditions",
        "definition": "diagnosis",
        "status": "inactive",
        "hard_status": true,
        "negation": false,
        "source_data_criteria": "DiagnosisInactiveHepatitisB",
        "temporal_references": [
          {
            "type": "SBS",
            "reference": "OccurrenceADelivery328_precondition_7052"
          }
        ]
      }
    },
    {
      "LaboratoryTestPerformedHbsag_precondition_7055": {
        "title": "HBsAg",
        "description": "Laboratory Test, Performed: HBsAg",
        "standard_category": "laboratory_test",
        "qds_data_type": "laboratory_test",
        "code_list_id": "2.16.840.1.113883.3.67.1.101.1.279",
        "type": "laboratory_tests",
        "definition": "laboratory_test",
        "status": "performed",
        "hard_status": false,
        "negation": false,
        "source_data_criteria": "LaboratoryTestPerformedHbsag",
        "temporal_references": [
          {
            "type": "SBS",
            "reference": "OccurrenceADelivery328",
            "range": {
              "type": "IVL_PQ",
              "high": {
                "type": "PQ",
                "unit": "d",
                "value": "280",
                "inclusive?": true,
                "derived?": false
              }
            }
          }
        ]
      }
    },
    {
      "OccurrenceADelivery328": {
        "title": "Delivery",
        "description": "Procedure, Performed: Delivery",
        "standard_category": "procedure",
        "qds_data_type": "procedure_performed",
        "code_list_id": "2.16.840.1.113883.3.67.1.101.1.278",
        "type": "procedures",
        "definition": "procedure",
        "status": "performed",
        "hard_status": false,
        "negation": false,
        "specific_occurrence": "A",
        "source_data_criteria": "OccurrenceADelivery328"
      }
    },
    {
      "OccurrenceADelivery328_precondition_7058": {
        "title": "Delivery",
        "description": "Procedure, Performed: Delivery",
        "standard_category": "procedure",
        "qds_data_type": "procedure_performed",
        "code_list_id": "2.16.840.1.113883.3.67.1.101.1.278",
        "type": "procedures",
        "definition": "procedure",
        "status": "performed",
        "hard_status": false,
        "negation": false,
        "specific_occurrence": "A",
        "source_data_criteria": "OccurrenceADelivery328",
        "temporal_references": [
          {
            "type": "DURING",
            "reference": "MeasurePeriod"
          }
        ],
        "subset_operators": [
          {
            "type": "FIRST"
          }
        ]
      }
    },
    {
      "PatientCharacteristicBirthdateBirthDate_precondition_7063": {
        "title": "birth date",
        "description": "Patient Characteristic Birthdate: birth date",
        "standard_category": "individual_characteristic",
        "qds_data_type": "individual_characteristic",
        "code_list_id": "2.16.840.1.113883.3.560.100.4",
        "property": "birthtime",
        "type": "characteristic",
        "definition": "patient_characteristic_birthdate",
        "hard_status": false,
        "negation": false,
        "source_data_criteria": "PatientCharacteristicBirthdateBirthDate",
        "inline_code_list": {
          "LOINC": [
            "21112-8"
          ]
        },
        "temporal_references": [
          {
            "type": "SBS",
            "reference": "MeasurePeriod",
            "range": {
              "type": "IVL_PQ",
              "low": {
                "type": "PQ",
                "unit": "a",
                "value": "12",
                "inclusive?": true,
                "derived?": false
              }
            }
          }
        ]
      }
    },
    {
      "PatientCharacteristicSexFemale_precondition_7065": {
        "title": "Female",
        "description": "Patient Characteristic Sex: Female",
        "standard_category": "individual_characteristic",
        "qds_data_type": "individual_characteristic",
        "code_list_id": "2.16.840.1.113883.3.560.100.2",
        "property": "gender",
        "type": "characteristic",
        "definition": "patient_characteristic_gender",
        "hard_status": false,
        "negation": false,
        "source_data_criteria": "PatientCharacteristicSexFemale",
        "value": {
          "type": "CD",
          "system": "Administrative Sex",
          "code": "F"
        }
      }
    },
    {
      "OccurrenceAFullTermDelivery329_precondition_7067": {
        "title": "Full Term Delivery",
        "description": "Diagnosis, Active: Full Term Delivery",
        "standard_category": "diagnosis_condition_problem",
        "qds_data_type": "diagnosis_active",
        "code_list_id": "2.16.840.1.113883.3.67.1.101.1.273",
        "type": "conditions",
        "definition": "diagnosis",
        "status": "active",
        "hard_status": false,
        "negation": false,
        "specific_occurrence": "A",
        "source_data_criteria": "OccurrenceAFullTermDelivery329",
        "temporal_references": [
          {
            "type": "SBE",
            "reference": "OccurrenceADelivery328"
          }
        ]
      }
    },
    {
      "OccurrenceAFullTermDelivery329_precondition_7061": {
        "title": "Full Term Delivery",
        "description": "Diagnosis, Active: Full Term Delivery",
        "standard_category": "diagnosis_condition_problem",
        "qds_data_type": "diagnosis_active",
        "code_list_id": "2.16.840.1.113883.3.67.1.101.1.273",
        "type": "conditions",
        "definition": "diagnosis",
        "status": "active",
        "hard_status": false,
        "negation": false,
        "specific_occurrence": "A",
        "source_data_criteria": "OccurrenceAFullTermDelivery329",
        "temporal_references": [
          {
            "type": "EBS",
            "reference": "OccurrenceADelivery328"
          }
        ]
      }
    }
  ],
  "oids": [
    "2.16.840.1.113883.3.560.100.2",
    "2.16.840.1.113883.3.67.1.101.1.269",
    "2.16.840.1.113883.3.67.1.101.1.273",
    "2.16.840.1.113883.3.67.1.101.1.278",
    "2.16.840.1.113883.3.67.1.101.1.279",
    "2.16.840.1.113883.3.67.1.101.1.82",
    "2.16.840.1.113883.3.67.1.101.1.83",
    "2.16.840.1.113883.3.67.1.101.1.270",
    "2.16.840.1.113883.3.67.1.101.1.271",
    "2.16.840.1.113883.3.67.1.101.1.272",
    "2.16.840.1.113883.3.67.1.101.1.274",
    "2.16.840.1.113883.3.67.1.101.1.275",
    "2.16.840.1.113883.3.67.1.101.1.276",
    "2.16.840.1.113883.3.67.1.101.1.277",
    "2.16.840.1.113883.3.67.1.101.1.281",
    "2.16.840.1.113883.3.560.100.4"
  ],
  "population_ids": {
    "IPP": "63FBE113-2ECD-4E1B-92D4-D15AA1A25653",
    "DENOM": "4A1DDE20-02BE-44CC-BCA4-613AEEE3ABB7",
    "NUMER": "6F32F052-F111-4D97-BEBC-55A7208C8566",
    "DENEXCEP": "DF1C41FB-FB6B-4235-986B-1479D520CD4A"
  }
}