{
  "id": "8A4D92B2-3A00-2A25-013A-23015AD43373",
  "nqf_id": "ADE_TTR",
  "hqmf_id": "8A4D92B2-3A00-2A25-013A-23015AD43373",
  "hqmf_set_id": "A5E96A45-8132-4E72-BF4F-E8C81DB9E641",
  "hqmf_version_number": 1,
  "endorser": null,
  "name": "ADE Prevention and Monitoring: Warfarin Time in Therapeutic Range",
  "description": "Average percentage of time in which patients aged 18 and older with atrial fibrillation who are on chronic warfarin therapy have International Normalized Ratio (INR) test results within the therapeutic range (i.e., TTR) during the measurement period.",
  "type": "ep",
  "category": "Heart",
  "steward": null,
  "population": {
    "conjunction": "and",
    "items": [
      {
        "conjunction": "and",
        "items": [
          {
            "title": "birth date",
            "description": "Patient Characteristic Birthdate: birth date",
            "standard_category": "individual_characteristic",
            "qds_data_type": "individual_characteristic",
            "code_list_id": "2.16.840.1.113883.3.560.100.4",
            "property": "birthtime",
            "type": "characteristic",
            "definition": "patient_characteristic_birthdate",
            "hard_status": false,
            "negation": false,
            "source_data_criteria": "PatientCharacteristicBirthdateBirthDate",
            "inline_code_list": {
              "LOINC": [
                "21112-8"
              ]
            },
            "temporal_references": [
              {
                "type": "SBS",
                "reference": "MeasurePeriod",
                "range": {
                  "type": "IVL_PQ",
                  "low": {
                    "type": "PQ",
                    "unit": "a",
                    "value": "18",
                    "inclusive?": true,
                    "derived?": false
                  }
                },
                "title": "MeasurePeriod"
              }
            ]
          },
          {
            "conjunction": "and",
            "items": [
              {
                "title": "Atrial Fibrillation/Flutter",
                "description": "Diagnosis, Active: Atrial Fibrillation/Flutter",
                "standard_category": "diagnosis_condition_problem",
                "qds_data_type": "diagnosis_active",
                "code_list_id": "2.16.840.1.113883.3.117.1.7.1.202",
                "type": "conditions",
                "definition": "diagnosis",
                "status": "active",
                "hard_status": false,
                "negation": false,
                "specific_occurrence": "A",
                "source_data_criteria": "OccurrenceAAtrialFibrillationFlutter7",
                "temporal_references": [
                  {
                    "type": "SBS",
                    "reference": "MeasurePeriod",
                    "title": "MeasurePeriod"
                  }
                ]
              },
              {
                "conjunction": "and",
                "items": [
                  {
                    "title": "Atrial Fibrillation/Flutter",
                    "description": "Diagnosis, Active: Atrial Fibrillation/Flutter",
                    "standard_category": "diagnosis_condition_problem",
                    "qds_data_type": "diagnosis_active",
                    "code_list_id": "2.16.840.1.113883.3.117.1.7.1.202",
                    "type": "conditions",
                    "definition": "diagnosis",
                    "status": "active",
                    "hard_status": false,
                    "negation": false,
                    "specific_occurrence": "A",
                    "source_data_criteria": "OccurrenceAAtrialFibrillationFlutter7",
                    "temporal_references": [
                      {
                        "type": "EBS",
                        "reference": "MeasurePeriod",
                        "title": "MeasurePeriod"
                      }
                    ]
                  }
                ],
                "negation": true,
                "precondition_id": 133
              }
            ],
            "negation": null,
            "precondition_id": 134
          },
          {
            "conjunction": "and",
            "items": [
              {
                "title": "Warfarin",
                "description": "Medication, Active: Warfarin",
                "standard_category": "medication",
                "qds_data_type": "medication_active",
                "code_list_id": "2.16.840.1.113883.3.117.1.7.1.232",
                "type": "medications",
                "definition": "medication",
                "status": "active",
                "hard_status": false,
                "negation": false,
                "source_data_criteria": "MedicationActiveWarfarin",
                "field_values": {
                  "CUMULATIVE_MEDICATION_DURATION": {
                    "type": "IVL_PQ",
                    "low": {
                      "type": "PQ",
                      "unit": "d",
                      "value": "180",
                      "inclusive?": true,
                      "derived?": false
                    }
                  }
                },
                "temporal_references": [
                  {
                    "type": "SBS",
                    "reference": "MeasurePeriod",
                    "title": "MeasurePeriod"
                  }
                ]
              },
              {
                "conjunction": "and",
                "items": [
                  {
                    "title": "Warfarin",
                    "description": "Medication, Active: Warfarin",
                    "standard_category": "medication",
                    "qds_data_type": "medication_active",
                    "code_list_id": "2.16.840.1.113883.3.117.1.7.1.232",
                    "type": "medications",
                    "definition": "medication",
                    "status": "active",
                    "hard_status": false,
                    "negation": false,
                    "specific_occurrence": "A",
                    "source_data_criteria": "OccurrenceAWarfarin9",
                    "temporal_references": [
                      {
                        "type": "SBE",
                        "reference": "MeasurePeriod",
                        "title": "MeasurePeriod"
                      }
                    ]
                  },
                  {
                    "conjunction": "and",
                    "items": [
                      {
                        "title": "Warfarin",
                        "description": "Medication, Active: Warfarin",
                        "standard_category": "medication",
                        "qds_data_type": "medication_active",
                        "code_list_id": "2.16.840.1.113883.3.117.1.7.1.232",
                        "type": "medications",
                        "definition": "medication",
                        "status": "active",
                        "hard_status": false,
                        "negation": false,
                        "specific_occurrence": "A",
                        "source_data_criteria": "OccurrenceAWarfarin9",
                        "temporal_references": [
                          {
                            "type": "EBS",
                            "reference": "MeasurePeriod",
                            "title": "MeasurePeriod"
                          }
                        ]
                      }
                    ],
                    "negation": true,
                    "precondition_id": 142
                  }
                ],
                "negation": null,
                "precondition_id": 143
              }
            ],
            "negation": null,
            "precondition_id": 145
          },
          {
            "conjunction": "or",
            "items": [
              {
                "title": "Face-to-Face Interaction",
                "description": "Encounter, Performed: Face-to-Face Interaction",
                "standard_category": "encounter",
                "qds_data_type": "encounter",
                "code_list_id": "2.16.840.1.113883.3.464.1003.101.12.1048",
                "type": "encounters",
                "definition": "encounter",
                "status": "performed",
                "hard_status": false,
                "negation": false,
                "source_data_criteria": "EncounterPerformedFaceToFaceInteraction",
                "temporal_references": [
                  {
                    "type": "DURING",
                    "reference": "MeasurePeriod",
                    "title": "MeasurePeriod"
                  }
                ]
              },
              {
                "title": "Office Visit",
                "description": "Encounter, Performed: Office Visit",
                "standard_category": "encounter",
                "qds_data_type": "encounter",
                "code_list_id": "2.16.840.1.113883.3.464.1003.101.12.1001",
                "type": "encounters",
                "definition": "encounter",
                "status": "performed",
                "hard_status": false,
                "negation": false,
                "source_data_criteria": "EncounterPerformedOfficeVisit",
                "temporal_references": [
                  {
                    "type": "DURING",
                    "reference": "MeasurePeriod",
                    "title": "MeasurePeriod"
                  }
                ]
              }
            ],
            "negation": null,
            "precondition_id": 151
          },
          {
            "conjunction": "or",
            "items": [
              {
                "title": "Valvular Heart Disease",
                "description": "Diagnosis, Active: Valvular Heart Disease",
                "standard_category": "diagnosis_condition_problem",
                "qds_data_type": "diagnosis_active",
                "code_list_id": "2.16.840.1.113883.3.464.1003.104.12.1017",
                "type": "conditions",
                "definition": "diagnosis",
                "status": "active",
                "hard_status": false,
                "negation": false,
                "specific_occurrence": "A",
                "source_data_criteria": "OccurrenceAValvularHeartDisease8",
                "temporal_references": [
                  {
                    "type": "EBS",
                    "reference": "MeasurePeriod",
                    "title": "MeasurePeriod"
                  }
                ]
              },
              {
                "conjunction": "or",
                "items": [
                  {
                    "title": "Valvular Heart Disease",
                    "description": "Diagnosis, Active: Valvular Heart Disease",
                    "standard_category": "diagnosis_condition_problem",
                    "qds_data_type": "diagnosis_active",
                    "code_list_id": "2.16.840.1.113883.3.464.1003.104.12.1017",
                    "type": "conditions",
                    "definition": "diagnosis",
                    "status": "active",
                    "hard_status": false,
                    "negation": false,
                    "specific_occurrence": "A",
                    "source_data_criteria": "OccurrenceAValvularHeartDisease8",
                    "temporal_references": [
                      {
                        "type": "SBE",
                        "reference": "MeasurePeriod",
                        "title": "MeasurePeriod"
                      }
                    ]
                  }
                ],
                "negation": true,
                "precondition_id": 157
              }
            ],
            "negation": null,
            "precondition_id": 158
          }
        ],
        "negation": null,
        "precondition_id": 160
      }
    ]
  },
  "denominator": null,
  "numerator": null,
  "exclusions": null,
  "map_fn": "function() {\n        var patient = this;\n        var effective_date = <%= effective_date %>;\n\n        hqmfjs = {}\n        <%= init_js_frameworks %>\n        \n        \n      var patient_api = new hQuery.Patient(patient);\n\n      \n\n      // clear out logger\n      if (typeof Logger != 'undefined') Logger.logger = [];\n      // turn on logging if it is enabled\n      if (Logger.enabled) enableLogging();\n      \n      \n        // #########################\n        // ##### DATA ELEMENTS #####\n        // #########################\n\n        OidDictionary = <%= oid_dictionary %>;\n        \n        // Measure variables\nvar MeasurePeriod = {\n  \"low\": new TS(\"20100101\", null, true),\n  \"high\": new TS(\"20110101\", null, true)\n}\nhqmfjs.MeasurePeriod = function(patient) {\n  return [new hQuery.CodedEntry(\n    {\n      \"start_time\": MeasurePeriod.low.asDate().getTime()/1000,\n      \"end_time\": MeasurePeriod.high.asDate().getTime()/1000,\n      \"codes\": {}\n    }\n  )];\n}\nif (typeof effective_date === 'number') {\n  MeasurePeriod.high.date = new Date(1000*effective_date);\n  MeasurePeriod.low.date = new Date(1000*effective_date);\n  MeasurePeriod.low.date.setFullYear(MeasurePeriod.low.date.getFullYear()-1);\n}\n\n// Data critera\nhqmfjs.OccurrenceAInr3 = function(patient) {\n  var events = patient.laboratoryTests();\n  events.specific_occurrence = 'OccurrenceAInr3'\n  events = events.withoutNegation();\n  var codes = getCodes(\"2.16.840.1.113883.3.117.1.7.1.213\");\n  var start = null;\n  var end = null;\n  events = events.match(codes, start, end, true);\n\n  events.specificContext=new Specifics(Row.buildForDataCriteria(events.specific_occurrence, events))\n  return events;\n}\n\nhqmfjs.OccurrenceBInr4 = function(patient) {\n  var events = patient.laboratoryTests();\n  events.specific_occurrence = 'OccurrenceBInr4'\n  events = events.withoutNegation();\n  var codes = getCodes(\"2.16.840.1.113883.3.117.1.7.1.213\");\n  var start = null;\n  var end = null;\n  events = events.match(codes, start, end, true);\n\n  events.specificContext=new Specifics(Row.buildForDataCriteria(events.specific_occurrence, events))\n  return events;\n}\n\nhqmfjs.OccurrenceCInr5 = function(patient) {\n  var events = patient.laboratoryTests();\n  events.specific_occurrence = 'OccurrenceCInr5'\n  events = events.withoutNegation();\n  var codes = getCodes(\"2.16.840.1.113883.3.117.1.7.1.213\");\n  var start = null;\n  var end = null;\n  events = events.match(codes, start, end, true);\n\n  events.specificContext=new Specifics(Row.buildForDataCriteria(events.specific_occurrence, events))\n  return events;\n}\n\nhqmfjs.OccurrenceDInr6 = function(patient) {\n  var events = patient.laboratoryTests();\n  events.specific_occurrence = 'OccurrenceDInr6'\n  events = events.withoutNegation();\n  var codes = getCodes(\"2.16.840.1.113883.3.117.1.7.1.213\");\n  var start = null;\n  var end = null;\n  events = events.match(codes, start, end, true);\n\n  events.specificContext=new Specifics(Row.buildForDataCriteria(events.specific_occurrence, events))\n  return events;\n}\n\nhqmfjs.OccurrenceAAtrialFibrillationFlutter7 = function(patient) {\n  var events = patient.allProblems();\n  events.specific_occurrence = 'OccurrenceAAtrialFibrillationFlutter7'\n  events = events.withStatuses([\"active\"]);\n  events = events.withoutNegation();\n  var codes = getCodes(\"2.16.840.1.113883.3.117.1.7.1.202\");\n  var start = null;\n  var end = null;\n  events = events.match(codes, start, end, true);\n\n  events.specificContext=new Specifics(Row.buildForDataCriteria(events.specific_occurrence, events))\n  return events;\n}\n\nhqmfjs.OccurrenceAValvularHeartDisease8 = function(patient) {\n  var events = patient.allProblems();\n  events.specific_occurrence = 'OccurrenceAValvularHeartDisease8'\n  events = events.withStatuses([\"active\"]);\n  events = events.withoutNegation();\n  var codes = getCodes(\"2.16.840.1.113883.3.464.1003.104.12.1017\");\n  var start = null;\n  var end = null;\n  events = events.match(codes, start, end, true);\n\n  events.specificContext=new Specifics(Row.buildForDataCriteria(events.specific_occurrence, events))\n  return events;\n}\n\nhqmfjs.OccurrenceAWarfarin9 = function(patient) {\n  var events = patient.allMedications();\n  events.specific_occurrence = 'OccurrenceAWarfarin9'\n  events = events.withStatuses([\"active\"]);\n  events = events.withoutNegation();\n  var codes = getCodes(\"2.16.840.1.113883.3.117.1.7.1.232\");\n  var start = null;\n  var end = null;\n  events = events.match(codes, start, end, true);\n\n  events.specificContext=new Specifics(Row.buildForDataCriteria(events.specific_occurrence, events))\n  return events;\n}\n\nhqmfjs.DiagnosisActiveAtrialFibrillationFlutter = function(patient) {\n  var events = patient.allProblems();\n  events = events.withStatuses([\"active\"]);\n  events = events.withoutNegation();\n  var codes = getCodes(\"2.16.840.1.113883.3.117.1.7.1.202\");\n  var start = null;\n  var end = null;\n  events = events.match(codes, start, end, true);\n\n  events.specificContext=Specifics.identity()\n  return events;\n}\n\nhqmfjs.DiagnosisActiveValvularHeartDisease = function(patient) {\n  var events = patient.allProblems();\n  events = events.withStatuses([\"active\"]);\n  events = events.withoutNegation();\n  var codes = getCodes(\"2.16.840.1.113883.3.464.1003.104.12.1017\");\n  var start = null;\n  var end = null;\n  events = events.match(codes, start, end, true);\n\n  events.specificContext=Specifics.identity()\n  return events;\n}\n\nhqmfjs.LaboratoryTestResultInr = function(patient) {\n  var events = patient.laboratoryTests();\n  events = events.withoutNegation();\n  var codes = getCodes(\"2.16.840.1.113883.3.117.1.7.1.213\");\n  var start = null;\n  var end = null;\n  events = events.match(codes, start, end, true);\n\n  events.specificContext=Specifics.identity()\n  return events;\n}\n\nhqmfjs.LaboratoryTestResultComputedValueInrPercentTtr = function(patient) {\n  var events = patient.laboratoryTests();\n  events = events.withoutNegation();\n  var codes = getCodes(\"2.16.840.1.113883.3.464.1003.104.12.1018\");\n  var start = null;\n  var end = null;\n  events = events.match(codes, start, end, true);\n\n  events.specificContext=Specifics.identity()\n  return events;\n}\n\nhqmfjs.OccurrenceAInr3 = function(patient) {\n  var events = patient.laboratoryTests();\n  events.specific_occurrence = 'OccurrenceAInr3'\n  events = events.withoutNegation();\n  var codes = getCodes(\"2.16.840.1.113883.3.117.1.7.1.213\");\n  var start = null;\n  var end = null;\n  events = events.match(codes, start, end, true);\n\n  events.specificContext=new Specifics(Row.buildForDataCriteria(events.specific_occurrence, events))\n  return events;\n}\n\nhqmfjs.OccurrenceBInr4 = function(patient) {\n  var events = patient.laboratoryTests();\n  events.specific_occurrence = 'OccurrenceBInr4'\n  events = events.withoutNegation();\n  var codes = getCodes(\"2.16.840.1.113883.3.117.1.7.1.213\");\n  var start = null;\n  var end = null;\n  events = events.match(codes, start, end, true);\n\n  events.specificContext=new Specifics(Row.buildForDataCriteria(events.specific_occurrence, events))\n  return events;\n}\n\nhqmfjs.PatientCharacteristicBirthdateBirthDate_precondition_127 = function(patient) {\nvar value = patient.birthtime();\nvar events = [value];\nevents = SBS(events, hqmfjs.MeasurePeriod(patient), new IVL_PQ(new PQ(18, \"a\", true), null));\nevents.specificContext=Specifics.identity();\nreturn events;\n\n}\n\nhqmfjs.OccurrenceAAtrialFibrillationFlutter7_precondition_131 = function(patient) {\n  var events = patient.allProblems();\n  events.specific_occurrence = 'OccurrenceAAtrialFibrillationFlutter7'\n  events = events.withStatuses([\"active\"]);\n  events = events.withoutNegation();\n  var codes = getCodes(\"2.16.840.1.113883.3.117.1.7.1.202\");\n  var start = null;\n  var end = null;\n  events = events.match(codes, start, end, true);\n\n  events = SBS(events, hqmfjs.MeasurePeriod(patient));\n  return events;\n}\n\nhqmfjs.OccurrenceAAtrialFibrillationFlutter7_precondition_129 = function(patient) {\n  var events = patient.allProblems();\n  events.specific_occurrence = 'OccurrenceAAtrialFibrillationFlutter7'\n  events = events.withStatuses([\"active\"]);\n  events = events.withoutNegation();\n  var codes = getCodes(\"2.16.840.1.113883.3.117.1.7.1.202\");\n  var start = null;\n  var end = null;\n  events = events.match(codes, start, end, true);\n\n  events = EBS(events, hqmfjs.MeasurePeriod(patient));\n  return events;\n}\n\nhqmfjs.MedicationActiveWarfarin_precondition_136 = function(patient) {\n  var events = patient.allMedications();\n  events = events.withStatuses([\"active\"]);\n  events = events.withoutNegation();\n  var codes = getCodes(\"2.16.840.1.113883.3.117.1.7.1.232\");\n  var start = null;\n  var end = null;\n  events = events.match(codes, start, end, true);\n\n  events = filterEventsByField(events, \"cumulativeMedicationDuration\", new IVL_PQ(new PQ(180, \"d\", true), null));\n  events = SBS(events, hqmfjs.MeasurePeriod(patient));\n  return events;\n}\n\nhqmfjs.OccurrenceAWarfarin9_precondition_140 = function(patient) {\n  var events = patient.allMedications();\n  events.specific_occurrence = 'OccurrenceAWarfarin9'\n  events = events.withStatuses([\"active\"]);\n  events = events.withoutNegation();\n  var codes = getCodes(\"2.16.840.1.113883.3.117.1.7.1.232\");\n  var start = null;\n  var end = null;\n  events = events.match(codes, start, end, true);\n\n  events = SBE(events, hqmfjs.MeasurePeriod(patient));\n  return events;\n}\n\nhqmfjs.OccurrenceAWarfarin9_precondition_138 = function(patient) {\n  var events = patient.allMedications();\n  events.specific_occurrence = 'OccurrenceAWarfarin9'\n  events = events.withStatuses([\"active\"]);\n  events = events.withoutNegation();\n  var codes = getCodes(\"2.16.840.1.113883.3.117.1.7.1.232\");\n  var start = null;\n  var end = null;\n  events = events.match(codes, start, end, true);\n\n  events = EBS(events, hqmfjs.MeasurePeriod(patient));\n  return events;\n}\n\nhqmfjs.EncounterPerformedFaceToFaceInteraction_precondition_147 = function(patient) {\n  var events = patient.encounters();\n  events = events.withStatuses([\"performed\"]);\n  events = events.withoutNegation();\n  var codes = getCodes(\"2.16.840.1.113883.3.464.1003.101.12.1048\");\n  var start = null;\n  var end = null;\n  events = events.match(codes, start, end, true);\n\n  events = DURING(events, hqmfjs.MeasurePeriod(patient));\n  return events;\n}\n\nhqmfjs.EncounterPerformedOfficeVisit_precondition_149 = function(patient) {\n  var events = patient.encounters();\n  events = events.withStatuses([\"performed\"]);\n  events = events.withoutNegation();\n  var codes = getCodes(\"2.16.840.1.113883.3.464.1003.101.12.1001\");\n  var start = null;\n  var end = null;\n  events = events.match(codes, start, end, true);\n\n  events = DURING(events, hqmfjs.MeasurePeriod(patient));\n  return events;\n}\n\nhqmfjs.OccurrenceAValvularHeartDisease8_precondition_155 = function(patient) {\n  var events = patient.allProblems();\n  events.specific_occurrence = 'OccurrenceAValvularHeartDisease8'\n  events = events.withStatuses([\"active\"]);\n  events = events.withoutNegation();\n  var codes = getCodes(\"2.16.840.1.113883.3.464.1003.104.12.1017\");\n  var start = null;\n  var end = null;\n  events = events.match(codes, start, end, true);\n\n  events = EBS(events, hqmfjs.MeasurePeriod(patient));\n  return events;\n}\n\nhqmfjs.OccurrenceAValvularHeartDisease8_precondition_153 = function(patient) {\n  var events = patient.allProblems();\n  events.specific_occurrence = 'OccurrenceAValvularHeartDisease8'\n  events = events.withStatuses([\"active\"]);\n  events = events.withoutNegation();\n  var codes = getCodes(\"2.16.840.1.113883.3.464.1003.104.12.1017\");\n  var start = null;\n  var end = null;\n  events = events.match(codes, start, end, true);\n\n  events = SBE(events, hqmfjs.MeasurePeriod(patient));\n  return events;\n}\n\nhqmfjs.OccurrenceAInr3_precondition_161 = function(patient) {\n  var events = patient.laboratoryTests();\n  events.specific_occurrence = 'OccurrenceAInr3'\n  events = events.withoutNegation();\n  var codes = getCodes(\"2.16.840.1.113883.3.117.1.7.1.213\");\n  var start = null;\n  var end = null;\n  events = events.match(codes, start, end, true);\n\n  events = filterEventsByValue(events, new IVL_PQ(new PQ(0.8, null, true), null));\n  events = DURING(events, hqmfjs.MeasurePeriod(patient));\n  return events;\n}\n\nhqmfjs.OccurrenceBInr4_precondition_163 = function(patient) {\n  var events = patient.laboratoryTests();\n  events.specific_occurrence = 'OccurrenceBInr4'\n  events = events.withoutNegation();\n  var codes = getCodes(\"2.16.840.1.113883.3.117.1.7.1.213\");\n  var start = null;\n  var end = null;\n  events = events.match(codes, start, end, true);\n\n  events = filterEventsByValue(events, new IVL_PQ(new PQ(0.8, null, true), null));\n  events = SAE(events, hqmfjs.OccurrenceAInr3(patient), new IVL_PQ(null, new PQ(56, \"d\", false)));\n  return events;\n}\n\nhqmfjs.OccurrenceCInr5_precondition_165 = function(patient) {\n  var events = patient.laboratoryTests();\n  events.specific_occurrence = 'OccurrenceCInr5'\n  events = events.withoutNegation();\n  var codes = getCodes(\"2.16.840.1.113883.3.117.1.7.1.213\");\n  var start = null;\n  var end = null;\n  events = events.match(codes, start, end, true);\n\n  events = filterEventsByValue(events, new IVL_PQ(new PQ(0.8, null, true), null));\n  events = SAE(events, hqmfjs.OccurrenceBInr4(patient), new IVL_PQ(null, new PQ(56, \"d\", false)));\n  return events;\n}\n\nhqmfjs.OccurrenceBInr4_precondition_167 = function(patient) {\n  var events = patient.laboratoryTests();\n  events.specific_occurrence = 'OccurrenceBInr4'\n  events = events.withoutNegation();\n  var codes = getCodes(\"2.16.840.1.113883.3.117.1.7.1.213\");\n  var start = null;\n  var end = null;\n  events = events.match(codes, start, end, true);\n\n  events = DURING(events, hqmfjs.MeasurePeriod(patient));\n  return events;\n}\n\nhqmfjs.OccurrenceCInr5_precondition_169 = function(patient) {\n  var events = patient.laboratoryTests();\n  events.specific_occurrence = 'OccurrenceCInr5'\n  events = events.withoutNegation();\n  var codes = getCodes(\"2.16.840.1.113883.3.117.1.7.1.213\");\n  var start = null;\n  var end = null;\n  events = events.match(codes, start, end, true);\n\n  events = DURING(events, hqmfjs.MeasurePeriod(patient));\n  return events;\n}\n\nhqmfjs.OccurrenceBInr4_precondition_175 = function(patient) {\n  var events = patient.laboratoryTests();\n  events.specific_occurrence = 'OccurrenceBInr4'\n  events = events.withoutNegation();\n  var codes = getCodes(\"2.16.840.1.113883.3.117.1.7.1.213\");\n  var start = null;\n  var end = null;\n  events = events.match(codes, start, end, true);\n\n  events = filterEventsByValue(events, new IVL_PQ(new PQ(0.8, null, true), null));\n  events = SAE(events, hqmfjs.OccurrenceAInr3(patient), new IVL_PQ(null, new PQ(56, \"d\", false)));\n  return events;\n}\n\nhqmfjs.OccurrenceCInr5_precondition_177 = function(patient) {\n  var events = patient.laboratoryTests();\n  events.specific_occurrence = 'OccurrenceCInr5'\n  events = events.withoutNegation();\n  var codes = getCodes(\"2.16.840.1.113883.3.117.1.7.1.213\");\n  var start = null;\n  var end = null;\n  events = events.match(codes, start, end, true);\n\n  events = filterEventsByValue(events, new IVL_PQ(new PQ(0.8, null, true), null));\n  events.specificContext=new Specifics(Row.buildForDataCriteria(events.specific_occurrence, events))\n  return events;\n}\n\nhqmfjs.OccurrenceDInr6_precondition_178 = function(patient) {\n  var events = patient.laboratoryTests();\n  events.specific_occurrence = 'OccurrenceDInr6'\n  events = events.withoutNegation();\n  var codes = getCodes(\"2.16.840.1.113883.3.117.1.7.1.213\");\n  var start = null;\n  var end = null;\n  events = events.match(codes, start, end, true);\n\n  events = filterEventsByValue(events, new IVL_PQ(new PQ(0.8, null, true), null));\n  events = SAE(events, hqmfjs.OccurrenceCInr5_precondition_177(patient), new IVL_PQ(null, new PQ(56, \"d\", false)));\n  return events;\n}\n\nhqmfjs.OccurrenceBInr4_precondition_180 = function(patient) {\n  var events = patient.laboratoryTests();\n  events.specific_occurrence = 'OccurrenceBInr4'\n  events = events.withoutNegation();\n  var codes = getCodes(\"2.16.840.1.113883.3.117.1.7.1.213\");\n  var start = null;\n  var end = null;\n  events = events.match(codes, start, end, true);\n\n  events = DURING(events, hqmfjs.MeasurePeriod(patient));\n  return events;\n}\n\nhqmfjs.OccurrenceCInr5_precondition_182 = function(patient) {\n  var events = patient.laboratoryTests();\n  events.specific_occurrence = 'OccurrenceCInr5'\n  events = events.withoutNegation();\n  var codes = getCodes(\"2.16.840.1.113883.3.117.1.7.1.213\");\n  var start = null;\n  var end = null;\n  events = events.match(codes, start, end, true);\n\n  events = DURING(events, hqmfjs.MeasurePeriod(patient));\n  return events;\n}\n\nhqmfjs.OccurrenceDInr6_precondition_184 = function(patient) {\n  var events = patient.laboratoryTests();\n  events.specific_occurrence = 'OccurrenceDInr6'\n  events = events.withoutNegation();\n  var codes = getCodes(\"2.16.840.1.113883.3.117.1.7.1.213\");\n  var start = null;\n  var end = null;\n  events = events.match(codes, start, end, true);\n\n  events = DURING(events, hqmfjs.MeasurePeriod(patient));\n  return events;\n}\n\n\n\n        // #########################\n        // ##### MEASURE LOGIC #####\n        // #########################\n        \n        hqmfjs.initializeSpecifics = function(patient_api, hqmfjs) { Specifics.initialize(patient_api,hqmfjs,{\"id\":\"OccurrenceAInr3\",\"type\":\"\",\"function\":\"OccurrenceAInr3\"},{\"id\":\"OccurrenceBInr4\",\"type\":\"\",\"function\":\"OccurrenceBInr4\"},{\"id\":\"OccurrenceCInr5\",\"type\":\"\",\"function\":\"OccurrenceCInr5\"},{\"id\":\"OccurrenceDInr6\",\"type\":\"\",\"function\":\"OccurrenceDInr6\"},{\"id\":\"OccurrenceAAtrialFibrillationFlutter7\",\"type\":\"\",\"function\":\"OccurrenceAAtrialFibrillationFlutter7\"},{\"id\":\"OccurrenceAValvularHeartDisease8\",\"type\":\"\",\"function\":\"OccurrenceAValvularHeartDisease8\"},{\"id\":\"OccurrenceAWarfarin9\",\"type\":\"\",\"function\":\"OccurrenceAWarfarin9\"}) }\n\n        // INITIAL PATIENT POPULATION\n        hqmfjs.IPP = function(patient) {\n  return allTrue(  \n    allTrue(    \n      hqmfjs.PatientCharacteristicBirthdateBirthDate_precondition_127(patient),    \n      allTrue(      \n        hqmfjs.OccurrenceAAtrialFibrillationFlutter7_precondition_131(patient),      \n        atLeastOneFalse(        \n          hqmfjs.OccurrenceAAtrialFibrillationFlutter7_precondition_129(patient)\n        )\n      ),    \n      allTrue(      \n        hqmfjs.MedicationActiveWarfarin_precondition_136(patient),      \n        allTrue(        \n          hqmfjs.OccurrenceAWarfarin9_precondition_140(patient),        \n          atLeastOneFalse(          \n            hqmfjs.OccurrenceAWarfarin9_precondition_138(patient)\n          )\n        )\n      ),    \n      atLeastOneTrue(      \n        hqmfjs.EncounterPerformedFaceToFaceInteraction_precondition_147(patient),      \n        hqmfjs.EncounterPerformedOfficeVisit_precondition_149(patient)\n      ),    \n      atLeastOneTrue(      \n        hqmfjs.OccurrenceAValvularHeartDisease8_precondition_155(patient),      \n        allFalse(        \n          hqmfjs.OccurrenceAValvularHeartDisease8_precondition_153(patient)\n        )\n      )\n    )\n  );\n};\n\n\n        // DENOMINATOR\n        hqmfjs.DENOM = function(patient) { return new Boolean(true); }\n        // NUMERATOR\n        hqmfjs.NUMER = function(patient) { return new Boolean(false); }\n        hqmfjs.DENEX = function(patient) { return new Boolean(false); }\n        hqmfjs.DENEXCEP = function(patient) { return new Boolean(false); }\n        \n\n      hqmfjs.initializeSpecifics(patient_api, hqmfjs)\n      \n      var population = function() {\n        return executeIfAvailable(hqmfjs.IPP, patient_api);\n      }\n      var denominator = function() {\n        return executeIfAvailable(hqmfjs.DENOM, patient_api);\n      }\n      var numerator = function() {\n        return executeIfAvailable(hqmfjs.NUMER, patient_api);\n      }\n      var exclusion = function() {\n        return executeIfAvailable(hqmfjs.DENEX, patient_api);\n      }\n      var denexcep = function() {\n        return executeIfAvailable(hqmfjs.DENEXCEP, patient_api);\n      }\n      \n      var executeIfAvailable = function(optionalFunction, arg) {\n        if (typeof(optionalFunction)==='function')\n          return optionalFunction(arg);\n        else\n          return false;\n      }\n\n      if (Logger.enabled) enableMeasureLogging(hqmfjs);\n\n      map(patient, population, denominator, numerator, exclusion, denexcep);\n      \n      };\n      ",
  "data_criteria": [
    {
      "PatientCharacteristicBirthdateBirthDate_precondition_127": {
        "title": "birth date",
        "description": "Patient Characteristic Birthdate: birth date",
        "standard_category": "individual_characteristic",
        "qds_data_type": "individual_characteristic",
        "code_list_id": "2.16.840.1.113883.3.560.100.4",
        "property": "birthtime",
        "type": "characteristic",
        "definition": "patient_characteristic_birthdate",
        "hard_status": false,
        "negation": false,
        "source_data_criteria": "PatientCharacteristicBirthdateBirthDate",
        "inline_code_list": {
          "LOINC": [
            "21112-8"
          ]
        },
        "temporal_references": [
          {
            "type": "SBS",
            "reference": "MeasurePeriod",
            "range": {
              "type": "IVL_PQ",
              "low": {
                "type": "PQ",
                "unit": "a",
                "value": "18",
                "inclusive?": true,
                "derived?": false
              }
            }
          }
        ]
      }
    },
    {
      "OccurrenceAAtrialFibrillationFlutter7_precondition_131": {
        "title": "Atrial Fibrillation/Flutter",
        "description": "Diagnosis, Active: Atrial Fibrillation/Flutter",
        "standard_category": "diagnosis_condition_problem",
        "qds_data_type": "diagnosis_active",
        "code_list_id": "2.16.840.1.113883.3.117.1.7.1.202",
        "type": "conditions",
        "definition": "diagnosis",
        "status": "active",
        "hard_status": false,
        "negation": false,
        "specific_occurrence": "A",
        "source_data_criteria": "OccurrenceAAtrialFibrillationFlutter7",
        "temporal_references": [
          {
            "type": "SBS",
            "reference": "MeasurePeriod"
          }
        ]
      }
    },
    {
      "OccurrenceAAtrialFibrillationFlutter7_precondition_129": {
        "title": "Atrial Fibrillation/Flutter",
        "description": "Diagnosis, Active: Atrial Fibrillation/Flutter",
        "standard_category": "diagnosis_condition_problem",
        "qds_data_type": "diagnosis_active",
        "code_list_id": "2.16.840.1.113883.3.117.1.7.1.202",
        "type": "conditions",
        "definition": "diagnosis",
        "status": "active",
        "hard_status": false,
        "negation": false,
        "specific_occurrence": "A",
        "source_data_criteria": "OccurrenceAAtrialFibrillationFlutter7",
        "temporal_references": [
          {
            "type": "EBS",
            "reference": "MeasurePeriod"
          }
        ]
      }
    },
    {
      "MedicationActiveWarfarin_precondition_136": {
        "title": "Warfarin",
        "description": "Medication, Active: Warfarin",
        "standard_category": "medication",
        "qds_data_type": "medication_active",
        "code_list_id": "2.16.840.1.113883.3.117.1.7.1.232",
        "type": "medications",
        "definition": "medication",
        "status": "active",
        "hard_status": false,
        "negation": false,
        "source_data_criteria": "MedicationActiveWarfarin",
        "field_values": {
          "CUMULATIVE_MEDICATION_DURATION": {
            "type": "IVL_PQ",
            "low": {
              "type": "PQ",
              "unit": "d",
              "value": "180",
              "inclusive?": true,
              "derived?": false
            }
          }
        },
        "temporal_references": [
          {
            "type": "SBS",
            "reference": "MeasurePeriod"
          }
        ]
      }
    },
    {
      "OccurrenceAWarfarin9_precondition_140": {
        "title": "Warfarin",
        "description": "Medication, Active: Warfarin",
        "standard_category": "medication",
        "qds_data_type": "medication_active",
        "code_list_id": "2.16.840.1.113883.3.117.1.7.1.232",
        "type": "medications",
        "definition": "medication",
        "status": "active",
        "hard_status": false,
        "negation": false,
        "specific_occurrence": "A",
        "source_data_criteria": "OccurrenceAWarfarin9",
        "temporal_references": [
          {
            "type": "SBE",
            "reference": "MeasurePeriod"
          }
        ]
      }
    },
    {
      "OccurrenceAWarfarin9_precondition_138": {
        "title": "Warfarin",
        "description": "Medication, Active: Warfarin",
        "standard_category": "medication",
        "qds_data_type": "medication_active",
        "code_list_id": "2.16.840.1.113883.3.117.1.7.1.232",
        "type": "medications",
        "definition": "medication",
        "status": "active",
        "hard_status": false,
        "negation": false,
        "specific_occurrence": "A",
        "source_data_criteria": "OccurrenceAWarfarin9",
        "temporal_references": [
          {
            "type": "EBS",
            "reference": "MeasurePeriod"
          }
        ]
      }
    },
    {
      "EncounterPerformedFaceToFaceInteraction_precondition_147": {
        "title": "Face-to-Face Interaction",
        "description": "Encounter, Performed: Face-to-Face Interaction",
        "standard_category": "encounter",
        "qds_data_type": "encounter",
        "code_list_id": "2.16.840.1.113883.3.464.1003.101.12.1048",
        "type": "encounters",
        "definition": "encounter",
        "status": "performed",
        "hard_status": false,
        "negation": false,
        "source_data_criteria": "EncounterPerformedFaceToFaceInteraction",
        "temporal_references": [
          {
            "type": "DURING",
            "reference": "MeasurePeriod"
          }
        ]
      }
    },
    {
      "EncounterPerformedOfficeVisit_precondition_149": {
        "title": "Office Visit",
        "description": "Encounter, Performed: Office Visit",
        "standard_category": "encounter",
        "qds_data_type": "encounter",
        "code_list_id": "2.16.840.1.113883.3.464.1003.101.12.1001",
        "type": "encounters",
        "definition": "encounter",
        "status": "performed",
        "hard_status": false,
        "negation": false,
        "source_data_criteria": "EncounterPerformedOfficeVisit",
        "temporal_references": [
          {
            "type": "DURING",
            "reference": "MeasurePeriod"
          }
        ]
      }
    },
    {
      "OccurrenceAValvularHeartDisease8_precondition_155": {
        "title": "Valvular Heart Disease",
        "description": "Diagnosis, Active: Valvular Heart Disease",
        "standard_category": "diagnosis_condition_problem",
        "qds_data_type": "diagnosis_active",
        "code_list_id": "2.16.840.1.113883.3.464.1003.104.12.1017",
        "type": "conditions",
        "definition": "diagnosis",
        "status": "active",
        "hard_status": false,
        "negation": false,
        "specific_occurrence": "A",
        "source_data_criteria": "OccurrenceAValvularHeartDisease8",
        "temporal_references": [
          {
            "type": "EBS",
            "reference": "MeasurePeriod"
          }
        ]
      }
    },
    {
      "OccurrenceAValvularHeartDisease8_precondition_153": {
        "title": "Valvular Heart Disease",
        "description": "Diagnosis, Active: Valvular Heart Disease",
        "standard_category": "diagnosis_condition_problem",
        "qds_data_type": "diagnosis_active",
        "code_list_id": "2.16.840.1.113883.3.464.1003.104.12.1017",
        "type": "conditions",
        "definition": "diagnosis",
        "status": "active",
        "hard_status": false,
        "negation": false,
        "specific_occurrence": "A",
        "source_data_criteria": "OccurrenceAValvularHeartDisease8",
        "temporal_references": [
          {
            "type": "SBE",
            "reference": "MeasurePeriod"
          }
        ]
      }
    },
    {
      "OccurrenceAInr3_precondition_161": {
        "title": "INR",
        "description": "Laboratory Test: INR",
        "standard_category": "laboratory_test",
        "qds_data_type": "laboratory_test",
        "code_list_id": "2.16.840.1.113883.3.117.1.7.1.213",
        "type": "laboratory_tests",
        "definition": "laboratory_test",
        "hard_status": false,
        "negation": false,
        "specific_occurrence": "A",
        "source_data_criteria": "OccurrenceAInr3",
        "value": {
          "type": "IVL_PQ",
          "low": {
            "type": "PQ",
            "value": "0.8",
            "inclusive?": true,
            "derived?": false
          }
        },
        "temporal_references": [
          {
            "type": "DURING",
            "reference": "MeasurePeriod"
          }
        ]
      }
    },
    {
      "OccurrenceBInr4_precondition_163": {
        "title": "INR",
        "description": "Laboratory Test: INR",
        "standard_category": "laboratory_test",
        "qds_data_type": "laboratory_test",
        "code_list_id": "2.16.840.1.113883.3.117.1.7.1.213",
        "type": "laboratory_tests",
        "definition": "laboratory_test",
        "hard_status": false,
        "negation": false,
        "specific_occurrence": "B",
        "source_data_criteria": "OccurrenceBInr4",
        "value": {
          "type": "IVL_PQ",
          "low": {
            "type": "PQ",
            "value": "0.8",
            "inclusive?": true,
            "derived?": false
          }
        },
        "temporal_references": [
          {
            "type": "SAE",
            "reference": "OccurrenceAInr3",
            "range": {
              "type": "IVL_PQ",
              "high": {
                "type": "PQ",
                "unit": "d",
                "value": "56",
                "inclusive?": false,
                "derived?": false
              }
            }
          }
        ]
      }
    },
    {
      "OccurrenceAInr3": {
        "title": "INR",
        "description": "Laboratory Test: INR",
        "standard_category": "laboratory_test",
        "qds_data_type": "laboratory_test",
        "code_list_id": "2.16.840.1.113883.3.117.1.7.1.213",
        "type": "laboratory_tests",
        "definition": "laboratory_test",
        "hard_status": false,
        "negation": false,
        "specific_occurrence": "A",
        "source_data_criteria": "OccurrenceAInr3"
      }
    },
    {
      "OccurrenceCInr5_precondition_165": {
        "title": "INR",
        "description": "Laboratory Test: INR",
        "standard_category": "laboratory_test",
        "qds_data_type": "laboratory_test",
        "code_list_id": "2.16.840.1.113883.3.117.1.7.1.213",
        "type": "laboratory_tests",
        "definition": "laboratory_test",
        "hard_status": false,
        "negation": false,
        "specific_occurrence": "C",
        "source_data_criteria": "OccurrenceCInr5",
        "value": {
          "type": "IVL_PQ",
          "low": {
            "type": "PQ",
            "value": "0.8",
            "inclusive?": true,
            "derived?": false
          }
        },
        "temporal_references": [
          {
            "type": "SAE",
            "reference": "OccurrenceBInr4",
            "range": {
              "type": "IVL_PQ",
              "high": {
                "type": "PQ",
                "unit": "d",
                "value": "56",
                "inclusive?": false,
                "derived?": false
              }
            }
          }
        ]
      }
    },
    {
      "OccurrenceBInr4": {
        "title": "INR",
        "description": "Laboratory Test: INR",
        "standard_category": "laboratory_test",
        "qds_data_type": "laboratory_test",
        "code_list_id": "2.16.840.1.113883.3.117.1.7.1.213",
        "type": "laboratory_tests",
        "definition": "laboratory_test",
        "hard_status": false,
        "negation": false,
        "specific_occurrence": "B",
        "source_data_criteria": "OccurrenceBInr4"
      }
    },
    {
      "OccurrenceBInr4_precondition_167": {
        "title": "INR",
        "description": "Laboratory Test: INR",
        "standard_category": "laboratory_test",
        "qds_data_type": "laboratory_test",
        "code_list_id": "2.16.840.1.113883.3.117.1.7.1.213",
        "type": "laboratory_tests",
        "definition": "laboratory_test",
        "hard_status": false,
        "negation": false,
        "specific_occurrence": "B",
        "source_data_criteria": "OccurrenceBInr4",
        "temporal_references": [
          {
            "type": "DURING",
            "reference": "MeasurePeriod"
          }
        ]
      }
    },
    {
      "OccurrenceCInr5_precondition_169": {
        "title": "INR",
        "description": "Laboratory Test: INR",
        "standard_category": "laboratory_test",
        "qds_data_type": "laboratory_test",
        "code_list_id": "2.16.840.1.113883.3.117.1.7.1.213",
        "type": "laboratory_tests",
        "definition": "laboratory_test",
        "hard_status": false,
        "negation": false,
        "specific_occurrence": "C",
        "source_data_criteria": "OccurrenceCInr5",
        "temporal_references": [
          {
            "type": "DURING",
            "reference": "MeasurePeriod"
          }
        ]
      }
    },
    {
      "OccurrenceBInr4_precondition_175": {
        "title": "INR",
        "description": "Laboratory Test: INR",
        "standard_category": "laboratory_test",
        "qds_data_type": "laboratory_test",
        "code_list_id": "2.16.840.1.113883.3.117.1.7.1.213",
        "type": "laboratory_tests",
        "definition": "laboratory_test",
        "hard_status": false,
        "negation": false,
        "specific_occurrence": "B",
        "source_data_criteria": "OccurrenceBInr4",
        "value": {
          "type": "IVL_PQ",
          "low": {
            "type": "PQ",
            "value": "0.8",
            "inclusive?": true,
            "derived?": false
          }
        },
        "temporal_references": [
          {
            "type": "SAE",
            "reference": "OccurrenceAInr3",
            "range": {
              "type": "IVL_PQ",
              "high": {
                "type": "PQ",
                "unit": "d",
                "value": "56",
                "inclusive?": false,
                "derived?": false
              }
            }
          }
        ]
      }
    },
    {
      "OccurrenceDInr6_precondition_178": {
        "title": "INR",
        "description": "Laboratory Test: INR",
        "standard_category": "laboratory_test",
        "qds_data_type": "laboratory_test",
        "code_list_id": "2.16.840.1.113883.3.117.1.7.1.213",
        "type": "laboratory_tests",
        "definition": "laboratory_test",
        "hard_status": false,
        "negation": false,
        "specific_occurrence": "D",
        "source_data_criteria": "OccurrenceDInr6",
        "value": {
          "type": "IVL_PQ",
          "low": {
            "type": "PQ",
            "value": "0.8",
            "inclusive?": true,
            "derived?": false
          }
        },
        "temporal_references": [
          {
            "type": "SAE",
            "reference": "OccurrenceCInr5_precondition_177",
            "range": {
              "type": "IVL_PQ",
              "high": {
                "type": "PQ",
                "unit": "d",
                "value": "56",
                "inclusive?": false,
                "derived?": false
              }
            }
          }
        ]
      }
    },
    {
      "OccurrenceCInr5_precondition_177": {
        "title": "INR",
        "description": "Laboratory Test: INR",
        "standard_category": "laboratory_test",
        "qds_data_type": "laboratory_test",
        "code_list_id": "2.16.840.1.113883.3.117.1.7.1.213",
        "type": "laboratory_tests",
        "definition": "laboratory_test",
        "hard_status": false,
        "negation": false,
        "specific_occurrence": "C",
        "source_data_criteria": "OccurrenceCInr5",
        "value": {
          "type": "IVL_PQ",
          "low": {
            "type": "PQ",
            "value": "0.8",
            "inclusive?": true,
            "derived?": false
          }
        }
      }
    },
    {
      "OccurrenceBInr4_precondition_180": {
        "title": "INR",
        "description": "Laboratory Test: INR",
        "standard_category": "laboratory_test",
        "qds_data_type": "laboratory_test",
        "code_list_id": "2.16.840.1.113883.3.117.1.7.1.213",
        "type": "laboratory_tests",
        "definition": "laboratory_test",
        "hard_status": false,
        "negation": false,
        "specific_occurrence": "B",
        "source_data_criteria": "OccurrenceBInr4",
        "temporal_references": [
          {
            "type": "DURING",
            "reference": "MeasurePeriod"
          }
        ]
      }
    },
    {
      "OccurrenceCInr5_precondition_182": {
        "title": "INR",
        "description": "Laboratory Test: INR",
        "standard_category": "laboratory_test",
        "qds_data_type": "laboratory_test",
        "code_list_id": "2.16.840.1.113883.3.117.1.7.1.213",
        "type": "laboratory_tests",
        "definition": "laboratory_test",
        "hard_status": false,
        "negation": false,
        "specific_occurrence": "C",
        "source_data_criteria": "OccurrenceCInr5",
        "temporal_references": [
          {
            "type": "DURING",
            "reference": "MeasurePeriod"
          }
        ]
      }
    },
    {
      "OccurrenceDInr6_precondition_184": {
        "title": "INR",
        "description": "Laboratory Test: INR",
        "standard_category": "laboratory_test",
        "qds_data_type": "laboratory_test",
        "code_list_id": "2.16.840.1.113883.3.117.1.7.1.213",
        "type": "laboratory_tests",
        "definition": "laboratory_test",
        "hard_status": false,
        "negation": false,
        "specific_occurrence": "D",
        "source_data_criteria": "OccurrenceDInr6",
        "temporal_references": [
          {
            "type": "DURING",
            "reference": "MeasurePeriod"
          }
        ]
      }
    }
  ],
  "oids": [
    "2.16.840.1.113883.3.464.1003.104.11.1040",
    "2.16.840.1.113883.3.117.1.7.1.245",
    "2.16.840.1.113883.3.464.1003.101.11.1005",
    "2.16.840.1.113883.3.117.1.7.1.202",
    "2.16.840.1.113883.3.464.1003.101.12.1001",
    "2.16.840.1.113883.3.464.1003.101.12.1048",
    "2.16.840.1.113883.3.464.1003.104.12.1017",
    "2.16.840.1.113883.3.464.1003.104.12.1018",
    "2.16.840.1.113883.3.117.1.7.1.213",
    "2.16.840.1.113883.3.117.1.7.1.232",
    "2.16.840.1.113883.3.117.1.7.1.244",
    "2.16.840.1.113883.3.117.1.7.1.246",
    "2.16.840.1.113883.3.464.1003.101.11.1216",
    "2.16.840.1.113883.3.464.1003.104.11.1039",
    "2.16.840.1.113883.3.464.1003.104.11.1041",
    "2.16.840.1.113883.3.464.1003.104.11.1042",
    "2.16.840.1.113883.3.560.100.4"
  ],
  "population_ids": {
    "IPP": "5BA23DCC-C007-4952-8D4B-14C179F4A697"
  }
}