{
  "id": "8A4D92B2-356D-A09E-0135-C5FFA8972292",
  "nqf_id": "ClosingReferralLoop",
  "hqmf_id": "8A4D92B2-356D-A09E-0135-C5FFA8972292",
  "hqmf_set_id": "F58FC0D6-EDF5-416A-8D29-79AFBFD24DEA",
  "hqmf_version_number": 1,
  "endorser": null,
  "name": "Closing the referral loop: receipt of specialist report",
  "description": "Percentage of patients with referrals, regardless of age, for which the referring provider receives a report from the provider to whom the patient was referred.",
  "type": "ep",
  "category": "General Practice General",
  "steward": null,
  "population": {
    "conjunction": "and",
    "items": [
      {
        "conjunction": "and",
        "items": [
          {
            "title": "Referral",
            "description": "Intervention, Performed: Referral",
            "standard_category": "procedure",
            "qds_data_type": "procedure_performed",
            "code_list_id": "2.16.840.1.113883.3.464.1003.101.12.1046",
            "type": "interventions",
            "definition": "intervention",
            "status": "performed",
            "hard_status": false,
            "negation": false,
            "specific_occurrence": "A",
            "source_data_criteria": "OccurrenceAReferral135",
            "temporal_references": [
              {
                "type": "DURING",
                "reference": "MeasurePeriod",
                "title": "MeasurePeriod"
              }
            ]
          },
          {
            "conjunction": "or",
            "items": [
              {
                "title": "Preventive Care- Initial Office Visit, 0 to 17",
                "description": "Encounter, Performed: Preventive Care- Initial Office Visit, 0 to 17",
                "standard_category": "encounter",
                "qds_data_type": "encounter",
                "code_list_id": "2.16.840.1.113883.3.464.1003.101.12.1022",
                "type": "encounters",
                "definition": "encounter",
                "status": "performed",
                "hard_status": false,
                "negation": false,
                "source_data_criteria": "EncounterPerformedPreventiveCareInitialOfficeVisit0To17",
                "temporal_references": [
                  {
                    "type": "DURING",
                    "reference": "MeasurePeriod",
                    "title": "MeasurePeriod"
                  }
                ]
              },
              {
                "title": "Preventive Care - Established Office Visit, 0 to 17",
                "description": "Encounter, Performed: Preventive Care - Established Office Visit, 0 to 17",
                "standard_category": "encounter",
                "qds_data_type": "encounter",
                "code_list_id": "2.16.840.1.113883.3.464.1003.101.12.1024",
                "type": "encounters",
                "definition": "encounter",
                "status": "performed",
                "hard_status": false,
                "negation": false,
                "source_data_criteria": "EncounterPerformedPreventiveCareEstablishedOfficeVisit0To17",
                "temporal_references": [
                  {
                    "type": "DURING",
                    "reference": "MeasurePeriod",
                    "title": "MeasurePeriod"
                  }
                ]
              },
              {
                "title": "Preventive Care Services - Established Office Visit, 18 and Up",
                "description": "Encounter, Performed: Preventive Care Services - Established Office Visit, 18 and Up",
                "standard_category": "encounter",
                "qds_data_type": "encounter",
                "code_list_id": "2.16.840.1.113883.3.464.1003.101.12.1025",
                "type": "encounters",
                "definition": "encounter",
                "status": "performed",
                "hard_status": false,
                "negation": false,
                "source_data_criteria": "EncounterPerformedPreventiveCareServicesEstablishedOfficeVisit18AndUp",
                "temporal_references": [
                  {
                    "type": "DURING",
                    "reference": "MeasurePeriod",
                    "title": "MeasurePeriod"
                  }
                ]
              },
              {
                "title": "Preventive Care Services-Initial Office Visit, 18 and Up",
                "description": "Encounter, Performed: Preventive Care Services-Initial Office Visit, 18 and Up",
                "standard_category": "encounter",
                "qds_data_type": "encounter",
                "code_list_id": "2.16.840.1.113883.3.464.1003.101.12.1023",
                "type": "encounters",
                "definition": "encounter",
                "status": "performed",
                "hard_status": false,
                "negation": false,
                "source_data_criteria": "EncounterPerformedPreventiveCareServicesInitialOfficeVisit18AndUp",
                "temporal_references": [
                  {
                    "type": "DURING",
                    "reference": "MeasurePeriod",
                    "title": "MeasurePeriod"
                  }
                ]
              },
              {
                "title": "Office Visit",
                "description": "Encounter, Performed: Office Visit",
                "standard_category": "encounter",
                "qds_data_type": "encounter",
                "code_list_id": "2.16.840.1.113883.3.464.1003.101.12.1001",
                "type": "encounters",
                "definition": "encounter",
                "status": "performed",
                "hard_status": false,
                "negation": false,
                "source_data_criteria": "EncounterPerformedOfficeVisit",
                "temporal_references": [
                  {
                    "type": "DURING",
                    "reference": "MeasurePeriod",
                    "title": "MeasurePeriod"
                  }
                ]
              },
              {
                "title": "Face-to-Face Interaction",
                "description": "Encounter, Performed: Face-to-Face Interaction",
                "standard_category": "encounter",
                "qds_data_type": "encounter",
                "code_list_id": "2.16.840.1.113883.3.464.1003.101.12.1048",
                "type": "encounters",
                "definition": "encounter",
                "status": "performed",
                "hard_status": false,
                "negation": false,
                "source_data_criteria": "EncounterPerformedFaceToFaceInteraction",
                "temporal_references": [
                  {
                    "type": "DURING",
                    "reference": "MeasurePeriod",
                    "title": "MeasurePeriod"
                  }
                ]
              }
            ],
            "negation": null,
            "precondition_id": 3523
          }
        ],
        "negation": null,
        "precondition_id": 3525
      }
    ]
  },
  "denominator": {
    "conjunction": "and",
    "items": [

    ]
  },
  "numerator": {
    "conjunction": "and",
    "items": [
      {
        "conjunction": "and",
        "items": [
          {
            "title": "Referral",
            "description": "Intervention, Performed: Referral",
            "standard_category": "procedure",
            "qds_data_type": "procedure_performed",
            "code_list_id": "2.16.840.1.113883.3.464.1003.101.12.1046",
            "type": "interventions",
            "definition": "intervention",
            "status": "performed",
            "hard_status": false,
            "negation": false,
            "specific_occurrence": "A",
            "source_data_criteria": "OccurrenceAReferral135",
            "temporal_references": [
              {
                "type": "EBS",
                "reference": {
                  "title": "Consultant Report",
                  "description": "Communication: From Provider to Provider: Consultant Report",
                  "standard_category": "communication",
                  "qds_data_type": "communication",
                  "code_list_id": "2.16.840.1.113883.3.464.1003.121.12.1006",
                  "type": "communications",
                  "definition": "communication_from_provider_to_provider",
                  "hard_status": false,
                  "negation": false,
                  "source_data_criteria": "CommunicationFromProviderToProviderConsultantReport",
                  "temporal_references": [
                    {
                      "type": "DURING",
                      "reference": "MeasurePeriod",
                      "title": "MeasurePeriod"
                    }
                  ]
                }
              }
            ]
          }
        ],
        "negation": null,
        "precondition_id": 3508
      }
    ]
  },
  "exclusions": null,
  "map_fn": "function() {\n        var patient = this;\n        var effective_date = <%= effective_date %>;\n\n        hqmfjs = {}\n        <%= init_js_frameworks %>\n        \n        \n      var patient_api = new hQuery.Patient(patient);\n\n      \n\n      // clear out logger\n      if (typeof Logger != 'undefined') Logger.logger = [];\n      // turn on logging if it is enabled\n      if (Logger.enabled) enableLogging();\n      \n      \n        // #########################\n        // ##### DATA ELEMENTS #####\n        // #########################\n\n        OidDictionary = <%= oid_dictionary %>;\n        \n        // Measure variables\nvar MeasurePeriod = {\n  \"low\": new TS(\"20100101\", null, true),\n  \"high\": new TS(\"20110101\", null, true)\n}\nhqmfjs.MeasurePeriod = function(patient) {\n  return [new hQuery.CodedEntry(\n    {\n      \"start_time\": MeasurePeriod.low.asDate().getTime()/1000,\n      \"end_time\": MeasurePeriod.high.asDate().getTime()/1000,\n      \"codes\": {}\n    }\n  )];\n}\nif (typeof effective_date === 'number') {\n  MeasurePeriod.high.date = new Date(1000*effective_date);\n  MeasurePeriod.low.date = new Date(1000*effective_date);\n  MeasurePeriod.low.date.setFullYear(MeasurePeriod.low.date.getFullYear()-1);\n}\n\n// Data critera\nhqmfjs.OccurrenceAReferral135 = function(patient) {\n  var events = patient.allProcedures();\n  events.specific_occurrence = 'OccurrenceAReferral135'\n  events = events.withStatuses([\"performed\"]);\n  events = events.withoutNegation();\n  var codes = getCodes(\"2.16.840.1.113883.3.464.1003.101.12.1046\");\n  var start = null;\n  var end = null;\n  events = events.match(codes, start, end, true);\n\n  events.specificContext=new Specifics(Row.buildForDataCriteria(events.specific_occurrence, events))\n  return events;\n}\n\nhqmfjs.InterventionPerformedReferral = function(patient) {\n  var events = patient.allProcedures();\n  events = events.withStatuses([\"performed\"]);\n  events = events.withoutNegation();\n  var codes = getCodes(\"2.16.840.1.113883.3.464.1003.101.12.1046\");\n  var start = null;\n  var end = null;\n  events = events.match(codes, start, end, true);\n\n  events.specificContext=Specifics.identity()\n  return events;\n}\n\nhqmfjs.CommunicationFromProviderToProviderConsultantReport_precondition_3505 = function(patient) {\n  var events = patient.procedures();\n  events = events.withoutNegation();\n  var codes = getCodes(\"2.16.840.1.113883.3.464.1003.121.12.1006\");\n  var start = null;\n  var end = null;\n  events = events.match(codes, start, end, true);\n\n  events = DURING(events, hqmfjs.MeasurePeriod(patient));\n  return events;\n}\n\nhqmfjs.OccurrenceAReferral135_precondition_3506 = function(patient) {\n  var events = patient.allProcedures();\n  events.specific_occurrence = 'OccurrenceAReferral135'\n  events = events.withStatuses([\"performed\"]);\n  events = events.withoutNegation();\n  var codes = getCodes(\"2.16.840.1.113883.3.464.1003.101.12.1046\");\n  var start = null;\n  var end = null;\n  events = events.match(codes, start, end, true);\n\n  events = EBS(events, hqmfjs.CommunicationFromProviderToProviderConsultantReport_precondition_3505(patient));\n  return events;\n}\n\nhqmfjs.OccurrenceAReferral135_precondition_3509 = function(patient) {\n  var events = patient.allProcedures();\n  events.specific_occurrence = 'OccurrenceAReferral135'\n  events = events.withStatuses([\"performed\"]);\n  events = events.withoutNegation();\n  var codes = getCodes(\"2.16.840.1.113883.3.464.1003.101.12.1046\");\n  var start = null;\n  var end = null;\n  events = events.match(codes, start, end, true);\n\n  events = DURING(events, hqmfjs.MeasurePeriod(patient));\n  return events;\n}\n\nhqmfjs.EncounterPerformedPreventiveCareInitialOfficeVisit0To17_precondition_3511 = function(patient) {\n  var events = patient.encounters();\n  events = events.withStatuses([\"performed\"]);\n  events = events.withoutNegation();\n  var codes = getCodes(\"2.16.840.1.113883.3.464.1003.101.12.1022\");\n  var start = null;\n  var end = null;\n  events = events.match(codes, start, end, true);\n\n  events = DURING(events, hqmfjs.MeasurePeriod(patient));\n  return events;\n}\n\nhqmfjs.EncounterPerformedPreventiveCareEstablishedOfficeVisit0To17_precondition_3513 = function(patient) {\n  var events = patient.encounters();\n  events = events.withStatuses([\"performed\"]);\n  events = events.withoutNegation();\n  var codes = getCodes(\"2.16.840.1.113883.3.464.1003.101.12.1024\");\n  var start = null;\n  var end = null;\n  events = events.match(codes, start, end, true);\n\n  events = DURING(events, hqmfjs.MeasurePeriod(patient));\n  return events;\n}\n\nhqmfjs.EncounterPerformedPreventiveCareServicesEstablishedOfficeVisit18AndUp_precondition_3515 = function(patient) {\n  var events = patient.encounters();\n  events = events.withStatuses([\"performed\"]);\n  events = events.withoutNegation();\n  var codes = getCodes(\"2.16.840.1.113883.3.464.1003.101.12.1025\");\n  var start = null;\n  var end = null;\n  events = events.match(codes, start, end, true);\n\n  events = DURING(events, hqmfjs.MeasurePeriod(patient));\n  return events;\n}\n\nhqmfjs.EncounterPerformedPreventiveCareServicesInitialOfficeVisit18AndUp_precondition_3517 = function(patient) {\n  var events = patient.encounters();\n  events = events.withStatuses([\"performed\"]);\n  events = events.withoutNegation();\n  var codes = getCodes(\"2.16.840.1.113883.3.464.1003.101.12.1023\");\n  var start = null;\n  var end = null;\n  events = events.match(codes, start, end, true);\n\n  events = DURING(events, hqmfjs.MeasurePeriod(patient));\n  return events;\n}\n\nhqmfjs.EncounterPerformedOfficeVisit_precondition_3519 = function(patient) {\n  var events = patient.encounters();\n  events = events.withStatuses([\"performed\"]);\n  events = events.withoutNegation();\n  var codes = getCodes(\"2.16.840.1.113883.3.464.1003.101.12.1001\");\n  var start = null;\n  var end = null;\n  events = events.match(codes, start, end, true);\n\n  events = DURING(events, hqmfjs.MeasurePeriod(patient));\n  return events;\n}\n\nhqmfjs.EncounterPerformedFaceToFaceInteraction_precondition_3521 = function(patient) {\n  var events = patient.encounters();\n  events = events.withStatuses([\"performed\"]);\n  events = events.withoutNegation();\n  var codes = getCodes(\"2.16.840.1.113883.3.464.1003.101.12.1048\");\n  var start = null;\n  var end = null;\n  events = events.match(codes, start, end, true);\n\n  events = DURING(events, hqmfjs.MeasurePeriod(patient));\n  return events;\n}\n\n\n\n        // #########################\n        // ##### MEASURE LOGIC #####\n        // #########################\n        \n        hqmfjs.initializeSpecifics = function(patient_api, hqmfjs) { Specifics.initialize(patient_api,hqmfjs,{\"id\":\"OccurrenceAReferral135\",\"type\":\"\",\"function\":\"OccurrenceAReferral135\"}) }\n\n        // INITIAL PATIENT POPULATION\n        hqmfjs.IPP = function(patient) {\n  return allTrue(  \n    allTrue(    \n      hqmfjs.OccurrenceAReferral135_precondition_3509(patient),    \n      atLeastOneTrue(      \n        hqmfjs.EncounterPerformedPreventiveCareInitialOfficeVisit0To17_precondition_3511(patient),      \n        hqmfjs.EncounterPerformedPreventiveCareEstablishedOfficeVisit0To17_precondition_3513(patient),      \n        hqmfjs.EncounterPerformedPreventiveCareServicesEstablishedOfficeVisit18AndUp_precondition_3515(patient),      \n        hqmfjs.EncounterPerformedPreventiveCareServicesInitialOfficeVisit18AndUp_precondition_3517(patient),      \n        hqmfjs.EncounterPerformedOfficeVisit_precondition_3519(patient),      \n        hqmfjs.EncounterPerformedFaceToFaceInteraction_precondition_3521(patient)\n      )\n    )\n  );\n};\n\n\n        // DENOMINATOR\n        hqmfjs.DENOM = function(patient) { return new Boolean(true); }\n        // NUMERATOR\n        hqmfjs.NUMER = function(patient) {\n  return allTrue(  \n    allTrue(    \n      hqmfjs.OccurrenceAReferral135_precondition_3506(patient)\n    )\n  );\n};\n\n\n        hqmfjs.DENEX = function(patient) { return new Boolean(false); }\n        hqmfjs.DENEXCEP = function(patient) { return new Boolean(false); }\n        \n\n      hqmfjs.initializeSpecifics(patient_api, hqmfjs)\n      \n      var population = function() {\n        return executeIfAvailable(hqmfjs.IPP, patient_api);\n      }\n      var denominator = function() {\n        return executeIfAvailable(hqmfjs.DENOM, patient_api);\n      }\n      var numerator = function() {\n        return executeIfAvailable(hqmfjs.NUMER, patient_api);\n      }\n      var exclusion = function() {\n        return executeIfAvailable(hqmfjs.DENEX, patient_api);\n      }\n      var denexcep = function() {\n        return executeIfAvailable(hqmfjs.DENEXCEP, patient_api);\n      }\n      \n      var executeIfAvailable = function(optionalFunction, arg) {\n        if (typeof(optionalFunction)==='function')\n          return optionalFunction(arg);\n        else\n          return false;\n      }\n\n      if (Logger.enabled) enableMeasureLogging(hqmfjs);\n\n      map(patient, population, denominator, numerator, exclusion, denexcep);\n      \n      };\n      ",
  "data_criteria": [
    {
      "OccurrenceAReferral135_precondition_3506": {
        "title": "Referral",
        "description": "Intervention, Performed: Referral",
        "standard_category": "procedure",
        "qds_data_type": "procedure_performed",
        "code_list_id": "2.16.840.1.113883.3.464.1003.101.12.1046",
        "type": "interventions",
        "definition": "intervention",
        "status": "performed",
        "hard_status": false,
        "negation": false,
        "specific_occurrence": "A",
        "source_data_criteria": "OccurrenceAReferral135",
        "temporal_references": [
          {
            "type": "EBS",
            "reference": "CommunicationFromProviderToProviderConsultantReport_precondition_3505"
          }
        ]
      }
    },
    {
      "CommunicationFromProviderToProviderConsultantReport_precondition_3505": {
        "title": "Consultant Report",
        "description": "Communication: From Provider to Provider: Consultant Report",
        "standard_category": "communication",
        "qds_data_type": "communication",
        "code_list_id": "2.16.840.1.113883.3.464.1003.121.12.1006",
        "type": "communications",
        "definition": "communication_from_provider_to_provider",
        "hard_status": false,
        "negation": false,
        "source_data_criteria": "CommunicationFromProviderToProviderConsultantReport",
        "temporal_references": [
          {
            "type": "DURING",
            "reference": "MeasurePeriod"
          }
        ]
      }
    },
    {
      "OccurrenceAReferral135_precondition_3509": {
        "title": "Referral",
        "description": "Intervention, Performed: Referral",
        "standard_category": "procedure",
        "qds_data_type": "procedure_performed",
        "code_list_id": "2.16.840.1.113883.3.464.1003.101.12.1046",
        "type": "interventions",
        "definition": "intervention",
        "status": "performed",
        "hard_status": false,
        "negation": false,
        "specific_occurrence": "A",
        "source_data_criteria": "OccurrenceAReferral135",
        "temporal_references": [
          {
            "type": "DURING",
            "reference": "MeasurePeriod"
          }
        ]
      }
    },
    {
      "EncounterPerformedPreventiveCareInitialOfficeVisit0To17_precondition_3511": {
        "title": "Preventive Care- Initial Office Visit, 0 to 17",
        "description": "Encounter, Performed: Preventive Care- Initial Office Visit, 0 to 17",
        "standard_category": "encounter",
        "qds_data_type": "encounter",
        "code_list_id": "2.16.840.1.113883.3.464.1003.101.12.1022",
        "type": "encounters",
        "definition": "encounter",
        "status": "performed",
        "hard_status": false,
        "negation": false,
        "source_data_criteria": "EncounterPerformedPreventiveCareInitialOfficeVisit0To17",
        "temporal_references": [
          {
            "type": "DURING",
            "reference": "MeasurePeriod"
          }
        ]
      }
    },
    {
      "EncounterPerformedPreventiveCareEstablishedOfficeVisit0To17_precondition_3513": {
        "title": "Preventive Care - Established Office Visit, 0 to 17",
        "description": "Encounter, Performed: Preventive Care - Established Office Visit, 0 to 17",
        "standard_category": "encounter",
        "qds_data_type": "encounter",
        "code_list_id": "2.16.840.1.113883.3.464.1003.101.12.1024",
        "type": "encounters",
        "definition": "encounter",
        "status": "performed",
        "hard_status": false,
        "negation": false,
        "source_data_criteria": "EncounterPerformedPreventiveCareEstablishedOfficeVisit0To17",
        "temporal_references": [
          {
            "type": "DURING",
            "reference": "MeasurePeriod"
          }
        ]
      }
    },
    {
      "EncounterPerformedPreventiveCareServicesEstablishedOfficeVisit18AndUp_precondition_3515": {
        "title": "Preventive Care Services - Established Office Visit, 18 and Up",
        "description": "Encounter, Performed: Preventive Care Services - Established Office Visit, 18 and Up",
        "standard_category": "encounter",
        "qds_data_type": "encounter",
        "code_list_id": "2.16.840.1.113883.3.464.1003.101.12.1025",
        "type": "encounters",
        "definition": "encounter",
        "status": "performed",
        "hard_status": false,
        "negation": false,
        "source_data_criteria": "EncounterPerformedPreventiveCareServicesEstablishedOfficeVisit18AndUp",
        "temporal_references": [
          {
            "type": "DURING",
            "reference": "MeasurePeriod"
          }
        ]
      }
    },
    {
      "EncounterPerformedPreventiveCareServicesInitialOfficeVisit18AndUp_precondition_3517": {
        "title": "Preventive Care Services-Initial Office Visit, 18 and Up",
        "description": "Encounter, Performed: Preventive Care Services-Initial Office Visit, 18 and Up",
        "standard_category": "encounter",
        "qds_data_type": "encounter",
        "code_list_id": "2.16.840.1.113883.3.464.1003.101.12.1023",
        "type": "encounters",
        "definition": "encounter",
        "status": "performed",
        "hard_status": false,
        "negation": false,
        "source_data_criteria": "EncounterPerformedPreventiveCareServicesInitialOfficeVisit18AndUp",
        "temporal_references": [
          {
            "type": "DURING",
            "reference": "MeasurePeriod"
          }
        ]
      }
    },
    {
      "EncounterPerformedOfficeVisit_precondition_3519": {
        "title": "Office Visit",
        "description": "Encounter, Performed: Office Visit",
        "standard_category": "encounter",
        "qds_data_type": "encounter",
        "code_list_id": "2.16.840.1.113883.3.464.1003.101.12.1001",
        "type": "encounters",
        "definition": "encounter",
        "status": "performed",
        "hard_status": false,
        "negation": false,
        "source_data_criteria": "EncounterPerformedOfficeVisit",
        "temporal_references": [
          {
            "type": "DURING",
            "reference": "MeasurePeriod"
          }
        ]
      }
    },
    {
      "EncounterPerformedFaceToFaceInteraction_precondition_3521": {
        "title": "Face-to-Face Interaction",
        "description": "Encounter, Performed: Face-to-Face Interaction",
        "standard_category": "encounter",
        "qds_data_type": "encounter",
        "code_list_id": "2.16.840.1.113883.3.464.1003.101.12.1048",
        "type": "encounters",
        "definition": "encounter",
        "status": "performed",
        "hard_status": false,
        "negation": false,
        "source_data_criteria": "EncounterPerformedFaceToFaceInteraction",
        "temporal_references": [
          {
            "type": "DURING",
            "reference": "MeasurePeriod"
          }
        ]
      }
    }
  ],
  "oids": [
    "2.16.840.1.113883.3.464.1003.101.12.1001",
    "2.16.840.1.113883.3.464.1003.101.12.1022",
    "2.16.840.1.113883.3.464.1003.101.12.1023",
    "2.16.840.1.113883.3.464.1003.101.12.1024",
    "2.16.840.1.113883.3.464.1003.101.12.1025",
    "2.16.840.1.113883.3.464.1003.101.12.1046",
    "2.16.840.1.113883.3.464.1003.101.12.1048",
    "2.16.840.1.113883.3.464.1003.121.12.1006",
    "2.16.840.1.113883.3.464.1003.101.11.1110",
    "2.16.840.1.113883.3.464.1003.101.11.1115",
    "2.16.840.1.113883.3.464.1003.101.11.1120",
    "2.16.840.1.113883.3.464.1003.101.11.1125",
    "2.16.840.1.113883.3.464.1003.101.11.1215",
    "2.16.840.1.113883.3.464.1003.101.11.1216",
    "2.16.840.1.113883.3.464.1003.121.11.1011",
    "2.16.840.1.113883.3.464.1003.101.11.1005"
  ],
  "population_ids": {
    "IPP": "AA3E3C36-70B6-4DAA-A45E-533618C76035",
    "DENOM": "CB2FE04B-C7E7-4F81-B0C6-3A00FAA63491",
    "NUMER": "7FCD316C-15D3-4A3B-810C-184227A5BFDB"
  }
}