{
  "id": "8A4D92B2-356D-A09E-0135-AF80862E655B",
  "nqf_id": "FSAHip",
  "hqmf_id": "8A4D92B2-356D-A09E-0135-AF80862E655B",
  "hqmf_set_id": "2F291003-3F2F-48AF-BEF9-E5AACB95AC3E",
  "hqmf_version_number": 1,
  "endorser": null,
  "name": "Functional Status Assessment for Hip Replacement",
  "description": "Percentage of patients aged 18 years and older with primary total hip arthroplasty (THA) who completed baseline and follow-up (patient-reported) functional status assessments",
  "type": "ep",
  "category": "Orthopedics",
  "steward": null,
  "population": {
    "conjunction": "and",
    "items": [
      {
        "conjunction": "and",
        "items": [
          {
            "title": "birth date",
            "description": "Patient Characteristic Birthdate: birth date",
            "standard_category": "individual_characteristic",
            "qds_data_type": "individual_characteristic",
            "code_list_id": "2.16.840.1.113883.3.560.100.4",
            "property": "birthtime",
            "type": "characteristic",
            "definition": "patient_characteristic_birthdate",
            "hard_status": false,
            "negation": false,
            "source_data_criteria": "PatientCharacteristicBirthdateBirthDate",
            "inline_code_list": {
              "LOINC": [
                "21112-8"
              ]
            },
            "temporal_references": [
              {
                "type": "SBS",
                "reference": "MeasurePeriod",
                "range": {
                  "type": "IVL_PQ",
                  "low": {
                    "type": "PQ",
                    "unit": "a",
                    "value": "18",
                    "inclusive?": true,
                    "derived?": false
                  }
                },
                "title": "MeasurePeriod"
              }
            ]
          },
          {
            "conjunction": "or",
            "items": [
              {
                "title": "Primary THA Procedure",
                "description": "Procedure, Performed: Primary THA Procedure",
                "standard_category": "procedure",
                "qds_data_type": "procedure_performed",
                "code_list_id": "2.16.840.1.113883.3.464.1003.198.12.1006",
                "type": "procedures",
                "definition": "procedure",
                "status": "performed",
                "hard_status": false,
                "negation": false,
                "specific_occurrence": "A",
                "source_data_criteria": "OccurrenceAPrimaryThaProcedure220",
                "temporal_references": [
                  {
                    "type": "EBS",
                    "reference": "MeasurePeriod",
                    "range": {
                      "type": "IVL_PQ",
                      "high": {
                        "type": "PQ",
                        "unit": "d",
                        "value": "180",
                        "inclusive?": true,
                        "derived?": false
                      }
                    },
                    "title": "MeasurePeriod"
                  }
                ]
              },
              {
                "title": "Primary THA Procedure",
                "description": "Procedure, Performed: Primary THA Procedure",
                "standard_category": "procedure",
                "qds_data_type": "procedure_performed",
                "code_list_id": "2.16.840.1.113883.3.464.1003.198.12.1006",
                "type": "procedures",
                "definition": "procedure",
                "status": "performed",
                "hard_status": false,
                "negation": false,
                "specific_occurrence": "A",
                "source_data_criteria": "OccurrenceAPrimaryThaProcedure220",
                "temporal_references": [
                  {
                    "type": "EAS",
                    "reference": "MeasurePeriod",
                    "range": {
                      "type": "IVL_PQ",
                      "high": {
                        "type": "PQ",
                        "unit": "d",
                        "value": "185",
                        "inclusive?": true,
                        "derived?": false
                      }
                    },
                    "title": "MeasurePeriod"
                  }
                ]
              }
            ],
            "negation": null,
            "precondition_id": 5156
          },
          {
            "conjunction": "or",
            "items": [
              {
                "conjunction": "and",
                "items": [
                  {
                    "title": "Outpatient Consultation",
                    "description": "Encounter, Performed: Outpatient Consultation",
                    "standard_category": "encounter",
                    "qds_data_type": "encounter",
                    "code_list_id": "2.16.840.1.113883.3.464.1003.101.12.1008",
                    "type": "encounters",
                    "definition": "encounter",
                    "status": "performed",
                    "hard_status": false,
                    "negation": false,
                    "source_data_criteria": "EncounterPerformedOutpatientConsultation",
                    "temporal_references": [
                      {
                        "type": "EBS",
                        "reference": {
                          "title": "Primary THA Procedure",
                          "description": "Procedure, Performed: Primary THA Procedure",
                          "standard_category": "procedure",
                          "qds_data_type": "procedure_performed",
                          "code_list_id": "2.16.840.1.113883.3.464.1003.198.12.1006",
                          "type": "procedures",
                          "definition": "procedure",
                          "status": "performed",
                          "hard_status": false,
                          "negation": false,
                          "specific_occurrence": "A",
                          "source_data_criteria": "OccurrenceAPrimaryThaProcedure220"
                        },
                        "range": {
                          "type": "IVL_PQ",
                          "high": {
                            "type": "PQ",
                            "unit": "d",
                            "value": "180",
                            "inclusive?": true,
                            "derived?": false
                          }
                        }
                      }
                    ]
                  },
                  {
                    "title": "Outpatient Consultation",
                    "description": "Encounter, Performed: Outpatient Consultation",
                    "standard_category": "encounter",
                    "qds_data_type": "encounter",
                    "code_list_id": "2.16.840.1.113883.3.464.1003.101.12.1008",
                    "type": "encounters",
                    "definition": "encounter",
                    "status": "performed",
                    "hard_status": false,
                    "negation": false,
                    "specific_occurrence": "A",
                    "source_data_criteria": "OccurrenceAOutpatientConsultation222",
                    "temporal_references": [
                      {
                        "type": "EAE",
                        "reference": {
                          "title": "Primary THA Procedure",
                          "description": "Procedure, Performed: Primary THA Procedure",
                          "standard_category": "procedure",
                          "qds_data_type": "procedure_performed",
                          "code_list_id": "2.16.840.1.113883.3.464.1003.198.12.1006",
                          "type": "procedures",
                          "definition": "procedure",
                          "status": "performed",
                          "hard_status": false,
                          "negation": false,
                          "specific_occurrence": "A",
                          "source_data_criteria": "OccurrenceAPrimaryThaProcedure220"
                        },
                        "range": {
                          "type": "IVL_PQ",
                          "low": {
                            "type": "PQ",
                            "unit": "d",
                            "value": "60",
                            "inclusive?": true,
                            "derived?": false
                          }
                        }
                      }
                    ]
                  },
                  {
                    "title": "Outpatient Consultation",
                    "description": "Encounter, Performed: Outpatient Consultation",
                    "standard_category": "encounter",
                    "qds_data_type": "encounter",
                    "code_list_id": "2.16.840.1.113883.3.464.1003.101.12.1008",
                    "type": "encounters",
                    "definition": "encounter",
                    "status": "performed",
                    "hard_status": false,
                    "negation": false,
                    "specific_occurrence": "A",
                    "source_data_criteria": "OccurrenceAOutpatientConsultation222",
                    "temporal_references": [
                      {
                        "type": "EAE",
                        "reference": {
                          "title": "Primary THA Procedure",
                          "description": "Procedure, Performed: Primary THA Procedure",
                          "standard_category": "procedure",
                          "qds_data_type": "procedure_performed",
                          "code_list_id": "2.16.840.1.113883.3.464.1003.198.12.1006",
                          "type": "procedures",
                          "definition": "procedure",
                          "status": "performed",
                          "hard_status": false,
                          "negation": false,
                          "specific_occurrence": "A",
                          "source_data_criteria": "OccurrenceAPrimaryThaProcedure220"
                        },
                        "range": {
                          "type": "IVL_PQ",
                          "high": {
                            "type": "PQ",
                            "unit": "d",
                            "value": "180",
                            "inclusive?": true,
                            "derived?": false
                          }
                        }
                      }
                    ]
                  }
                ],
                "negation": null,
                "precondition_id": 5164
              },
              {
                "conjunction": "and",
                "items": [
                  {
                    "title": "Face-to-Face Interaction",
                    "description": "Encounter, Performed: Face-to-Face Interaction",
                    "standard_category": "encounter",
                    "qds_data_type": "encounter",
                    "code_list_id": "2.16.840.1.113883.3.464.1003.101.12.1048",
                    "type": "encounters",
                    "definition": "encounter",
                    "status": "performed",
                    "hard_status": false,
                    "negation": false,
                    "source_data_criteria": "EncounterPerformedFaceToFaceInteraction",
                    "temporal_references": [
                      {
                        "type": "EBS",
                        "reference": {
                          "title": "Primary THA Procedure",
                          "description": "Procedure, Performed: Primary THA Procedure",
                          "standard_category": "procedure",
                          "qds_data_type": "procedure_performed",
                          "code_list_id": "2.16.840.1.113883.3.464.1003.198.12.1006",
                          "type": "procedures",
                          "definition": "procedure",
                          "status": "performed",
                          "hard_status": false,
                          "negation": false,
                          "specific_occurrence": "A",
                          "source_data_criteria": "OccurrenceAPrimaryThaProcedure220"
                        },
                        "range": {
                          "type": "IVL_PQ",
                          "high": {
                            "type": "PQ",
                            "unit": "d",
                            "value": "180",
                            "inclusive?": true,
                            "derived?": false
                          }
                        }
                      }
                    ]
                  },
                  {
                    "title": "Face-to-Face Interaction",
                    "description": "Encounter, Performed: Face-to-Face Interaction",
                    "standard_category": "encounter",
                    "qds_data_type": "encounter",
                    "code_list_id": "2.16.840.1.113883.3.464.1003.101.12.1048",
                    "type": "encounters",
                    "definition": "encounter",
                    "status": "performed",
                    "hard_status": false,
                    "negation": false,
                    "specific_occurrence": "A",
                    "source_data_criteria": "OccurrenceAFaceToFaceInteraction223",
                    "temporal_references": [
                      {
                        "type": "EAE",
                        "reference": {
                          "title": "Primary THA Procedure",
                          "description": "Procedure, Performed: Primary THA Procedure",
                          "standard_category": "procedure",
                          "qds_data_type": "procedure_performed",
                          "code_list_id": "2.16.840.1.113883.3.464.1003.198.12.1006",
                          "type": "procedures",
                          "definition": "procedure",
                          "status": "performed",
                          "hard_status": false,
                          "negation": false,
                          "specific_occurrence": "A",
                          "source_data_criteria": "OccurrenceAPrimaryThaProcedure220"
                        },
                        "range": {
                          "type": "IVL_PQ",
                          "low": {
                            "type": "PQ",
                            "unit": "d",
                            "value": "60",
                            "inclusive?": true,
                            "derived?": false
                          }
                        }
                      }
                    ]
                  },
                  {
                    "title": "Face-to-Face Interaction",
                    "description": "Encounter, Performed: Face-to-Face Interaction",
                    "standard_category": "encounter",
                    "qds_data_type": "encounter",
                    "code_list_id": "2.16.840.1.113883.3.464.1003.101.12.1048",
                    "type": "encounters",
                    "definition": "encounter",
                    "status": "performed",
                    "hard_status": false,
                    "negation": false,
                    "specific_occurrence": "A",
                    "source_data_criteria": "OccurrenceAFaceToFaceInteraction223",
                    "temporal_references": [
                      {
                        "type": "EAE",
                        "reference": {
                          "title": "Primary THA Procedure",
                          "description": "Procedure, Performed: Primary THA Procedure",
                          "standard_category": "procedure",
                          "qds_data_type": "procedure_performed",
                          "code_list_id": "2.16.840.1.113883.3.464.1003.198.12.1006",
                          "type": "procedures",
                          "definition": "procedure",
                          "status": "performed",
                          "hard_status": false,
                          "negation": false,
                          "specific_occurrence": "A",
                          "source_data_criteria": "OccurrenceAPrimaryThaProcedure220"
                        },
                        "range": {
                          "type": "IVL_PQ",
                          "high": {
                            "type": "PQ",
                            "unit": "d",
                            "value": "180",
                            "inclusive?": true,
                            "derived?": false
                          }
                        }
                      }
                    ]
                  }
                ],
                "negation": null,
                "precondition_id": 5172
              },
              {
                "conjunction": "and",
                "items": [
                  {
                    "title": "Office Visit",
                    "description": "Encounter, Performed: Office Visit",
                    "standard_category": "encounter",
                    "qds_data_type": "encounter",
                    "code_list_id": "2.16.840.1.113883.3.464.1003.101.12.1001",
                    "type": "encounters",
                    "definition": "encounter",
                    "status": "performed",
                    "hard_status": false,
                    "negation": false,
                    "source_data_criteria": "EncounterPerformedOfficeVisit",
                    "temporal_references": [
                      {
                        "type": "EBS",
                        "reference": {
                          "title": "Primary THA Procedure",
                          "description": "Procedure, Performed: Primary THA Procedure",
                          "standard_category": "procedure",
                          "qds_data_type": "procedure_performed",
                          "code_list_id": "2.16.840.1.113883.3.464.1003.198.12.1006",
                          "type": "procedures",
                          "definition": "procedure",
                          "status": "performed",
                          "hard_status": false,
                          "negation": false,
                          "specific_occurrence": "A",
                          "source_data_criteria": "OccurrenceAPrimaryThaProcedure220"
                        },
                        "range": {
                          "type": "IVL_PQ",
                          "high": {
                            "type": "PQ",
                            "unit": "d",
                            "value": "180",
                            "inclusive?": true,
                            "derived?": false
                          }
                        }
                      }
                    ]
                  },
                  {
                    "title": "Office Visit",
                    "description": "Encounter, Performed: Office Visit",
                    "standard_category": "encounter",
                    "qds_data_type": "encounter",
                    "code_list_id": "2.16.840.1.113883.3.464.1003.101.12.1001",
                    "type": "encounters",
                    "definition": "encounter",
                    "status": "performed",
                    "hard_status": false,
                    "negation": false,
                    "specific_occurrence": "A",
                    "source_data_criteria": "OccurrenceAOfficeVisit226",
                    "temporal_references": [
                      {
                        "type": "EAE",
                        "reference": {
                          "title": "Primary THA Procedure",
                          "description": "Procedure, Performed: Primary THA Procedure",
                          "standard_category": "procedure",
                          "qds_data_type": "procedure_performed",
                          "code_list_id": "2.16.840.1.113883.3.464.1003.198.12.1006",
                          "type": "procedures",
                          "definition": "procedure",
                          "status": "performed",
                          "hard_status": false,
                          "negation": false,
                          "specific_occurrence": "A",
                          "source_data_criteria": "OccurrenceAPrimaryThaProcedure220"
                        },
                        "range": {
                          "type": "IVL_PQ",
                          "low": {
                            "type": "PQ",
                            "unit": "d",
                            "value": "60",
                            "inclusive?": true,
                            "derived?": false
                          }
                        }
                      }
                    ]
                  },
                  {
                    "title": "Office Visit",
                    "description": "Encounter, Performed: Office Visit",
                    "standard_category": "encounter",
                    "qds_data_type": "encounter",
                    "code_list_id": "2.16.840.1.113883.3.464.1003.101.12.1001",
                    "type": "encounters",
                    "definition": "encounter",
                    "status": "performed",
                    "hard_status": false,
                    "negation": false,
                    "specific_occurrence": "A",
                    "source_data_criteria": "OccurrenceAOfficeVisit226",
                    "temporal_references": [
                      {
                        "type": "EAE",
                        "reference": {
                          "title": "Primary THA Procedure",
                          "description": "Procedure, Performed: Primary THA Procedure",
                          "standard_category": "procedure",
                          "qds_data_type": "procedure_performed",
                          "code_list_id": "2.16.840.1.113883.3.464.1003.198.12.1006",
                          "type": "procedures",
                          "definition": "procedure",
                          "status": "performed",
                          "hard_status": false,
                          "negation": false,
                          "specific_occurrence": "A",
                          "source_data_criteria": "OccurrenceAPrimaryThaProcedure220"
                        },
                        "range": {
                          "type": "IVL_PQ",
                          "high": {
                            "type": "PQ",
                            "unit": "d",
                            "value": "180",
                            "inclusive?": true,
                            "derived?": false
                          }
                        }
                      }
                    ]
                  }
                ],
                "negation": null,
                "precondition_id": 5180
              }
            ],
            "negation": null,
            "precondition_id": 5182
          }
        ],
        "negation": null,
        "precondition_id": 5184
      }
    ]
  },
  "denominator": {
    "conjunction": "and",
    "items": [

    ]
  },
  "numerator": {
    "conjunction": "and",
    "items": [
      {
        "conjunction": "and",
        "items": [
          {
            "title": "Functional Status Assessment  for Hip Replacement",
            "description": "Functional Status, Result: Functional Status Assessment  for Hip Replacement",
            "standard_category": "procedure",
            "qds_data_type": "procedure_result",
            "code_list_id": "2.16.840.1.113883.3.464.1003.118.12.1029",
            "type": "functional_statuses",
            "definition": "functional_status_result",
            "hard_status": false,
            "negation": false,
            "source_data_criteria": "FunctionalStatusResultFunctionalStatusAssessmentForHipReplacement",
            "temporal_references": [
              {
                "type": "EBS",
                "reference": {
                  "title": "Primary THA Procedure",
                  "description": "Procedure, Performed: Primary THA Procedure",
                  "standard_category": "procedure",
                  "qds_data_type": "procedure_performed",
                  "code_list_id": "2.16.840.1.113883.3.464.1003.198.12.1006",
                  "type": "procedures",
                  "definition": "procedure",
                  "status": "performed",
                  "hard_status": false,
                  "negation": false,
                  "specific_occurrence": "A",
                  "source_data_criteria": "OccurrenceAPrimaryThaProcedure220"
                },
                "range": {
                  "type": "IVL_PQ",
                  "high": {
                    "type": "PQ",
                    "unit": "d",
                    "value": "180",
                    "inclusive?": true,
                    "derived?": false
                  }
                }
              }
            ]
          },
          {
            "title": "Functional Status Assessment  for Hip Replacement",
            "description": "Functional Status Result: Functional Status Assessment  for Hip Replacement",
            "standard_category": "procedure",
            "qds_data_type": "procedure_result",
            "code_list_id": "2.16.840.1.113883.3.464.1003.118.12.1029",
            "type": "functional_statuses",
            "definition": "functional_status_result",
            "hard_status": false,
            "negation": false,
            "specific_occurrence": "A",
            "source_data_criteria": "OccurrenceAFunctionalStatusAssessmentForHipReplacement221",
            "temporal_references": [
              {
                "type": "EAE",
                "reference": {
                  "title": "Primary THA Procedure",
                  "description": "Procedure, Performed: Primary THA Procedure",
                  "standard_category": "procedure",
                  "qds_data_type": "procedure_performed",
                  "code_list_id": "2.16.840.1.113883.3.464.1003.198.12.1006",
                  "type": "procedures",
                  "definition": "procedure",
                  "status": "performed",
                  "hard_status": false,
                  "negation": false,
                  "specific_occurrence": "A",
                  "source_data_criteria": "OccurrenceAPrimaryThaProcedure220"
                },
                "range": {
                  "type": "IVL_PQ",
                  "low": {
                    "type": "PQ",
                    "unit": "d",
                    "value": "60",
                    "inclusive?": true,
                    "derived?": false
                  }
                }
              }
            ]
          },
          {
            "title": "Functional Status Assessment  for Hip Replacement",
            "description": "Functional Status Result: Functional Status Assessment  for Hip Replacement",
            "standard_category": "procedure",
            "qds_data_type": "procedure_result",
            "code_list_id": "2.16.840.1.113883.3.464.1003.118.12.1029",
            "type": "functional_statuses",
            "definition": "functional_status_result",
            "hard_status": false,
            "negation": false,
            "specific_occurrence": "A",
            "source_data_criteria": "OccurrenceAFunctionalStatusAssessmentForHipReplacement221",
            "temporal_references": [
              {
                "type": "EAE",
                "reference": {
                  "title": "Primary THA Procedure",
                  "description": "Procedure, Performed: Primary THA Procedure",
                  "standard_category": "procedure",
                  "qds_data_type": "procedure_performed",
                  "code_list_id": "2.16.840.1.113883.3.464.1003.198.12.1006",
                  "type": "procedures",
                  "definition": "procedure",
                  "status": "performed",
                  "hard_status": false,
                  "negation": false,
                  "specific_occurrence": "A",
                  "source_data_criteria": "OccurrenceAPrimaryThaProcedure220"
                },
                "range": {
                  "type": "IVL_PQ",
                  "high": {
                    "type": "PQ",
                    "unit": "d",
                    "value": "180",
                    "inclusive?": true,
                    "derived?": false
                  }
                }
              }
            ]
          }
        ],
        "negation": null,
        "precondition_id": 5149
      }
    ]
  },
  "exclusions": {
    "conjunction": "and",
    "items": [
      {
        "conjunction": "and",
        "items": [
          {
            "conjunction": "or",
            "items": [
              {
                "conjunction": "and",
                "items": [
                  {
                    "title": "Fracture - Lower Body",
                    "description": "Diagnosis, Active: Fracture - Lower Body",
                    "standard_category": "diagnosis_condition_problem",
                    "qds_data_type": "diagnosis_active",
                    "code_list_id": "2.16.840.1.113883.3.464.1003.113.12.1037",
                    "type": "conditions",
                    "definition": "diagnosis",
                    "status": "active",
                    "hard_status": false,
                    "negation": false,
                    "specific_occurrence": "A",
                    "source_data_criteria": "OccurrenceAFractureLowerBody224",
                    "temporal_references": [
                      {
                        "type": "SBS",
                        "reference": {
                          "title": "Primary THA Procedure",
                          "description": "Procedure, Performed: Primary THA Procedure",
                          "standard_category": "procedure",
                          "qds_data_type": "procedure_performed",
                          "code_list_id": "2.16.840.1.113883.3.464.1003.198.12.1006",
                          "type": "procedures",
                          "definition": "procedure",
                          "status": "performed",
                          "hard_status": false,
                          "negation": false,
                          "specific_occurrence": "A",
                          "source_data_criteria": "OccurrenceAPrimaryThaProcedure220"
                        },
                        "range": {
                          "type": "IVL_PQ",
                          "high": {
                            "type": "PQ",
                            "unit": "d",
                            "value": "1",
                            "inclusive?": false,
                            "derived?": false
                          }
                        }
                      }
                    ]
                  },
                  {
                    "title": "Fracture - Lower Body",
                    "description": "Diagnosis, Active: Fracture - Lower Body",
                    "standard_category": "diagnosis_condition_problem",
                    "qds_data_type": "diagnosis_active",
                    "code_list_id": "2.16.840.1.113883.3.464.1003.113.12.1037",
                    "type": "conditions",
                    "definition": "diagnosis",
                    "status": "active",
                    "hard_status": false,
                    "negation": false,
                    "specific_occurrence": "A",
                    "source_data_criteria": "OccurrenceAFractureLowerBody224",
                    "temporal_references": [
                      {
                        "type": "EAS",
                        "reference": {
                          "title": "Primary THA Procedure",
                          "description": "Procedure, Performed: Primary THA Procedure",
                          "standard_category": "procedure",
                          "qds_data_type": "procedure_performed",
                          "code_list_id": "2.16.840.1.113883.3.464.1003.198.12.1006",
                          "type": "procedures",
                          "definition": "procedure",
                          "status": "performed",
                          "hard_status": false,
                          "negation": false,
                          "specific_occurrence": "A",
                          "source_data_criteria": "OccurrenceAPrimaryThaProcedure220"
                        },
                        "range": {
                          "type": "IVL_PQ",
                          "low": {
                            "type": "PQ",
                            "unit": "h",
                            "value": "1",
                            "inclusive?": true,
                            "derived?": false
                          }
                        }
                      }
                    ]
                  },
                  {
                    "title": "Fracture - Lower Body",
                    "description": "Diagnosis, Active: Fracture - Lower Body",
                    "standard_category": "diagnosis_condition_problem",
                    "qds_data_type": "diagnosis_active",
                    "code_list_id": "2.16.840.1.113883.3.464.1003.113.12.1037",
                    "type": "conditions",
                    "definition": "diagnosis",
                    "status": "active",
                    "hard_status": false,
                    "negation": false,
                    "specific_occurrence": "B",
                    "source_data_criteria": "OccurrenceBFractureLowerBody225",
                    "temporal_references": [
                      {
                        "type": "SBS",
                        "reference": {
                          "title": "Primary THA Procedure",
                          "description": "Procedure, Performed: Primary THA Procedure",
                          "standard_category": "procedure",
                          "qds_data_type": "procedure_performed",
                          "code_list_id": "2.16.840.1.113883.3.464.1003.198.12.1006",
                          "type": "procedures",
                          "definition": "procedure",
                          "status": "performed",
                          "hard_status": false,
                          "negation": false,
                          "specific_occurrence": "A",
                          "source_data_criteria": "OccurrenceAPrimaryThaProcedure220"
                        },
                        "range": {
                          "type": "IVL_PQ",
                          "high": {
                            "type": "PQ",
                            "unit": "d",
                            "value": "1",
                            "inclusive?": false,
                            "derived?": false
                          }
                        }
                      }
                    ]
                  },
                  {
                    "title": "Fracture - Lower Body",
                    "description": "Diagnosis, Active: Fracture - Lower Body",
                    "standard_category": "diagnosis_condition_problem",
                    "qds_data_type": "diagnosis_active",
                    "code_list_id": "2.16.840.1.113883.3.464.1003.113.12.1037",
                    "type": "conditions",
                    "definition": "diagnosis",
                    "status": "active",
                    "hard_status": false,
                    "negation": false,
                    "specific_occurrence": "B",
                    "source_data_criteria": "OccurrenceBFractureLowerBody225",
                    "temporal_references": [
                      {
                        "type": "EAS",
                        "reference": {
                          "title": "Primary THA Procedure",
                          "description": "Procedure, Performed: Primary THA Procedure",
                          "standard_category": "procedure",
                          "qds_data_type": "procedure_performed",
                          "code_list_id": "2.16.840.1.113883.3.464.1003.198.12.1006",
                          "type": "procedures",
                          "definition": "procedure",
                          "status": "performed",
                          "hard_status": false,
                          "negation": false,
                          "specific_occurrence": "A",
                          "source_data_criteria": "OccurrenceAPrimaryThaProcedure220"
                        },
                        "range": {
                          "type": "IVL_PQ",
                          "low": {
                            "type": "PQ",
                            "unit": "h",
                            "value": "1",
                            "inclusive?": true,
                            "derived?": false
                          }
                        }
                      }
                    ]
                  }
                ],
                "negation": null,
                "precondition_id": 5131
              },
              {
                "conjunction": "and",
                "items": [
                  {
                    "title": "Severe Dementia",
                    "description": "Diagnosis, Active: Severe Dementia",
                    "standard_category": "diagnosis_condition_problem",
                    "qds_data_type": "diagnosis_active",
                    "code_list_id": "2.16.840.1.113883.3.526.3.1025",
                    "type": "conditions",
                    "definition": "diagnosis",
                    "status": "active",
                    "hard_status": false,
                    "negation": false,
                    "source_data_criteria": "DiagnosisActiveSevereDementia",
                    "temporal_references": [
                      {
                        "type": "SBE",
                        "reference": "MeasurePeriod",
                        "title": "MeasurePeriod"
                      }
                    ]
                  },
                  {
                    "conjunction": "and",
                    "items": [
                      {
                        "title": "Severe Dementia",
                        "description": "Diagnosis, Active: Severe Dementia",
                        "standard_category": "diagnosis_condition_problem",
                        "qds_data_type": "diagnosis_active",
                        "code_list_id": "2.16.840.1.113883.3.526.3.1025",
                        "type": "conditions",
                        "definition": "diagnosis",
                        "status": "active",
                        "hard_status": false,
                        "negation": false,
                        "source_data_criteria": "DiagnosisActiveSevereDementia",
                        "temporal_references": [
                          {
                            "type": "EBS",
                            "reference": "MeasurePeriod",
                            "title": "MeasurePeriod"
                          }
                        ]
                      }
                    ],
                    "negation": true,
                    "precondition_id": 5137
                  }
                ],
                "negation": null,
                "precondition_id": 5138
              }
            ],
            "negation": null,
            "precondition_id": 5140
          }
        ],
        "negation": null,
        "precondition_id": 5142
      }
    ]
  },
  "map_fn": "function() {\n        var patient = this;\n        var effective_date = <%= effective_date %>;\n\n        hqmfjs = {}\n        <%= init_js_frameworks %>\n        \n        \n      var patient_api = new hQuery.Patient(patient);\n\n      \n\n      // clear out logger\n      if (typeof Logger != 'undefined') Logger.logger = [];\n      // turn on logging if it is enabled\n      if (Logger.enabled) enableLogging();\n      \n      \n        // #########################\n        // ##### DATA ELEMENTS #####\n        // #########################\n\n        OidDictionary = <%= oid_dictionary %>;\n        \n        // Measure variables\nvar MeasurePeriod = {\n  \"low\": new TS(\"20100101\", null, true),\n  \"high\": new TS(\"20110101\", null, true)\n}\nhqmfjs.MeasurePeriod = function(patient) {\n  return [new hQuery.CodedEntry(\n    {\n      \"start_time\": MeasurePeriod.low.asDate().getTime()/1000,\n      \"end_time\": MeasurePeriod.high.asDate().getTime()/1000,\n      \"codes\": {}\n    }\n  )];\n}\nif (typeof effective_date === 'number') {\n  MeasurePeriod.high.date = new Date(1000*effective_date);\n  MeasurePeriod.low.date = new Date(1000*effective_date);\n  MeasurePeriod.low.date.setFullYear(MeasurePeriod.low.date.getFullYear()-1);\n}\n\n// Data critera\nhqmfjs.OccurrenceAPrimaryThaProcedure220 = function(patient) {\n  var events = patient.allProcedures();\n  events.specific_occurrence = 'OccurrenceAPrimaryThaProcedure220'\n  events = events.withStatuses([\"performed\"]);\n  events = events.withoutNegation();\n  var codes = getCodes(\"2.16.840.1.113883.3.464.1003.198.12.1006\");\n  var start = null;\n  var end = null;\n  events = events.match(codes, start, end, true);\n\n  events.specificContext=new Specifics(Row.buildForDataCriteria(events.specific_occurrence, events))\n  return events;\n}\n\nhqmfjs.OccurrenceAFunctionalStatusAssessmentForHipReplacement221 = function(patient) {\n  var events = patient.procedureResults();\n  events.specific_occurrence = 'OccurrenceAFunctionalStatusAssessmentForHipReplacement221'\n  events = events.withoutNegation();\n  var codes = getCodes(\"2.16.840.1.113883.3.464.1003.118.12.1029\");\n  var start = null;\n  var end = null;\n  events = events.match(codes, start, end, true);\n\n  events.specificContext=new Specifics(Row.buildForDataCriteria(events.specific_occurrence, events))\n  return events;\n}\n\nhqmfjs.OccurrenceAOutpatientConsultation222 = function(patient) {\n  var events = patient.encounters();\n  events.specific_occurrence = 'OccurrenceAOutpatientConsultation222'\n  events = events.withStatuses([\"performed\"]);\n  events = events.withoutNegation();\n  var codes = getCodes(\"2.16.840.1.113883.3.464.1003.101.12.1008\");\n  var start = null;\n  var end = null;\n  events = events.match(codes, start, end, true);\n\n  events.specificContext=new Specifics(Row.buildForDataCriteria(events.specific_occurrence, events))\n  return events;\n}\n\nhqmfjs.OccurrenceAFaceToFaceInteraction223 = function(patient) {\n  var events = patient.encounters();\n  events.specific_occurrence = 'OccurrenceAFaceToFaceInteraction223'\n  events = events.withStatuses([\"performed\"]);\n  events = events.withoutNegation();\n  var codes = getCodes(\"2.16.840.1.113883.3.464.1003.101.12.1048\");\n  var start = null;\n  var end = null;\n  events = events.match(codes, start, end, true);\n\n  events.specificContext=new Specifics(Row.buildForDataCriteria(events.specific_occurrence, events))\n  return events;\n}\n\nhqmfjs.OccurrenceAFractureLowerBody224 = function(patient) {\n  var events = patient.allProblems();\n  events.specific_occurrence = 'OccurrenceAFractureLowerBody224'\n  events = events.withStatuses([\"active\"]);\n  events = events.withoutNegation();\n  var codes = getCodes(\"2.16.840.1.113883.3.464.1003.113.12.1037\");\n  var start = null;\n  var end = null;\n  events = events.match(codes, start, end, true);\n\n  events.specificContext=new Specifics(Row.buildForDataCriteria(events.specific_occurrence, events))\n  return events;\n}\n\nhqmfjs.OccurrenceBFractureLowerBody225 = function(patient) {\n  var events = patient.allProblems();\n  events.specific_occurrence = 'OccurrenceBFractureLowerBody225'\n  events = events.withStatuses([\"active\"]);\n  events = events.withoutNegation();\n  var codes = getCodes(\"2.16.840.1.113883.3.464.1003.113.12.1037\");\n  var start = null;\n  var end = null;\n  events = events.match(codes, start, end, true);\n\n  events.specificContext=new Specifics(Row.buildForDataCriteria(events.specific_occurrence, events))\n  return events;\n}\n\nhqmfjs.OccurrenceAOfficeVisit226 = function(patient) {\n  var events = patient.encounters();\n  events.specific_occurrence = 'OccurrenceAOfficeVisit226'\n  events = events.withStatuses([\"performed\"]);\n  events = events.withoutNegation();\n  var codes = getCodes(\"2.16.840.1.113883.3.464.1003.101.12.1001\");\n  var start = null;\n  var end = null;\n  events = events.match(codes, start, end, true);\n\n  events.specificContext=new Specifics(Row.buildForDataCriteria(events.specific_occurrence, events))\n  return events;\n}\n\nhqmfjs.DiagnosisActiveFractureLowerBody = function(patient) {\n  var events = patient.allProblems();\n  events = events.withStatuses([\"active\"]);\n  events = events.withoutNegation();\n  var codes = getCodes(\"2.16.840.1.113883.3.464.1003.113.12.1037\");\n  var start = null;\n  var end = null;\n  events = events.match(codes, start, end, true);\n\n  events.specificContext=Specifics.identity()\n  return events;\n}\n\nhqmfjs.ProcedurePerformedPrimaryThaProcedure = function(patient) {\n  var events = patient.allProcedures();\n  events = events.withStatuses([\"performed\"]);\n  events = events.withoutNegation();\n  var codes = getCodes(\"2.16.840.1.113883.3.464.1003.198.12.1006\");\n  var start = null;\n  var end = null;\n  events = events.match(codes, start, end, true);\n\n  events.specificContext=Specifics.identity()\n  return events;\n}\n\nhqmfjs.OccurrenceAPrimaryThaProcedure220 = function(patient) {\n  var events = patient.allProcedures();\n  events.specific_occurrence = 'OccurrenceAPrimaryThaProcedure220'\n  events = events.withStatuses([\"performed\"]);\n  events = events.withoutNegation();\n  var codes = getCodes(\"2.16.840.1.113883.3.464.1003.198.12.1006\");\n  var start = null;\n  var end = null;\n  events = events.match(codes, start, end, true);\n\n  events.specificContext=new Specifics(Row.buildForDataCriteria(events.specific_occurrence, events))\n  return events;\n}\n\nhqmfjs.OccurrenceAFractureLowerBody224_precondition_5123 = function(patient) {\n  var events = patient.allProblems();\n  events.specific_occurrence = 'OccurrenceAFractureLowerBody224'\n  events = events.withStatuses([\"active\"]);\n  events = events.withoutNegation();\n  var codes = getCodes(\"2.16.840.1.113883.3.464.1003.113.12.1037\");\n  var start = null;\n  var end = null;\n  events = events.match(codes, start, end, true);\n\n  events = SBS(events, hqmfjs.OccurrenceAPrimaryThaProcedure220(patient), new IVL_PQ(null, new PQ(1, \"d\", false)));\n  return events;\n}\n\nhqmfjs.OccurrenceAFractureLowerBody224_precondition_5125 = function(patient) {\n  var events = patient.allProblems();\n  events.specific_occurrence = 'OccurrenceAFractureLowerBody224'\n  events = events.withStatuses([\"active\"]);\n  events = events.withoutNegation();\n  var codes = getCodes(\"2.16.840.1.113883.3.464.1003.113.12.1037\");\n  var start = null;\n  var end = null;\n  events = events.match(codes, start, end, true);\n\n  events = EAS(events, hqmfjs.OccurrenceAPrimaryThaProcedure220(patient), new IVL_PQ(new PQ(1, \"h\", true), null));\n  return events;\n}\n\nhqmfjs.OccurrenceBFractureLowerBody225_precondition_5127 = function(patient) {\n  var events = patient.allProblems();\n  events.specific_occurrence = 'OccurrenceBFractureLowerBody225'\n  events = events.withStatuses([\"active\"]);\n  events = events.withoutNegation();\n  var codes = getCodes(\"2.16.840.1.113883.3.464.1003.113.12.1037\");\n  var start = null;\n  var end = null;\n  events = events.match(codes, start, end, true);\n\n  events = SBS(events, hqmfjs.OccurrenceAPrimaryThaProcedure220(patient), new IVL_PQ(null, new PQ(1, \"d\", false)));\n  return events;\n}\n\nhqmfjs.OccurrenceBFractureLowerBody225_precondition_5129 = function(patient) {\n  var events = patient.allProblems();\n  events.specific_occurrence = 'OccurrenceBFractureLowerBody225'\n  events = events.withStatuses([\"active\"]);\n  events = events.withoutNegation();\n  var codes = getCodes(\"2.16.840.1.113883.3.464.1003.113.12.1037\");\n  var start = null;\n  var end = null;\n  events = events.match(codes, start, end, true);\n\n  events = EAS(events, hqmfjs.OccurrenceAPrimaryThaProcedure220(patient), new IVL_PQ(new PQ(1, \"h\", true), null));\n  return events;\n}\n\nhqmfjs.DiagnosisActiveSevereDementia_precondition_5135 = function(patient) {\n  var events = patient.allProblems();\n  events = events.withStatuses([\"active\"]);\n  events = events.withoutNegation();\n  var codes = getCodes(\"2.16.840.1.113883.3.526.3.1025\");\n  var start = null;\n  var end = null;\n  events = events.match(codes, start, end, true);\n\n  events = SBE(events, hqmfjs.MeasurePeriod(patient));\n  return events;\n}\n\nhqmfjs.DiagnosisActiveSevereDementia_precondition_5133 = function(patient) {\n  var events = patient.allProblems();\n  events = events.withStatuses([\"active\"]);\n  events = events.withoutNegation();\n  var codes = getCodes(\"2.16.840.1.113883.3.526.3.1025\");\n  var start = null;\n  var end = null;\n  events = events.match(codes, start, end, true);\n\n  events = EBS(events, hqmfjs.MeasurePeriod(patient));\n  return events;\n}\n\nhqmfjs.FunctionalStatusResultFunctionalStatusAssessmentForHipReplacement_precondition_5143 = function(patient) {\n  var events = patient.procedureResults();\n  events = events.withoutNegation();\n  var codes = getCodes(\"2.16.840.1.113883.3.464.1003.118.12.1029\");\n  var start = null;\n  var end = null;\n  events = events.match(codes, start, end, true);\n\n  events = EBS(events, hqmfjs.OccurrenceAPrimaryThaProcedure220(patient), new IVL_PQ(null, new PQ(180, \"d\", true)));\n  return events;\n}\n\nhqmfjs.OccurrenceAFunctionalStatusAssessmentForHipReplacement221_precondition_5145 = function(patient) {\n  var events = patient.procedureResults();\n  events.specific_occurrence = 'OccurrenceAFunctionalStatusAssessmentForHipReplacement221'\n  events = events.withoutNegation();\n  var codes = getCodes(\"2.16.840.1.113883.3.464.1003.118.12.1029\");\n  var start = null;\n  var end = null;\n  events = events.match(codes, start, end, true);\n\n  events = EAE(events, hqmfjs.OccurrenceAPrimaryThaProcedure220(patient), new IVL_PQ(new PQ(60, \"d\", true), null));\n  return events;\n}\n\nhqmfjs.OccurrenceAFunctionalStatusAssessmentForHipReplacement221_precondition_5147 = function(patient) {\n  var events = patient.procedureResults();\n  events.specific_occurrence = 'OccurrenceAFunctionalStatusAssessmentForHipReplacement221'\n  events = events.withoutNegation();\n  var codes = getCodes(\"2.16.840.1.113883.3.464.1003.118.12.1029\");\n  var start = null;\n  var end = null;\n  events = events.match(codes, start, end, true);\n\n  events = EAE(events, hqmfjs.OccurrenceAPrimaryThaProcedure220(patient), new IVL_PQ(null, new PQ(180, \"d\", true)));\n  return events;\n}\n\nhqmfjs.PatientCharacteristicBirthdateBirthDate_precondition_5150 = function(patient) {\nvar value = patient.birthtime();\nvar events = [value];\nevents = SBS(events, hqmfjs.MeasurePeriod(patient), new IVL_PQ(new PQ(18, \"a\", true), null));\nevents.specificContext=Specifics.identity();\nreturn events;\n\n}\n\nhqmfjs.OccurrenceAPrimaryThaProcedure220_precondition_5152 = function(patient) {\n  var events = patient.allProcedures();\n  events.specific_occurrence = 'OccurrenceAPrimaryThaProcedure220'\n  events = events.withStatuses([\"performed\"]);\n  events = events.withoutNegation();\n  var codes = getCodes(\"2.16.840.1.113883.3.464.1003.198.12.1006\");\n  var start = null;\n  var end = null;\n  events = events.match(codes, start, end, true);\n\n  events = EBS(events, hqmfjs.MeasurePeriod(patient), new IVL_PQ(null, new PQ(180, \"d\", true)));\n  return events;\n}\n\nhqmfjs.OccurrenceAPrimaryThaProcedure220_precondition_5154 = function(patient) {\n  var events = patient.allProcedures();\n  events.specific_occurrence = 'OccurrenceAPrimaryThaProcedure220'\n  events = events.withStatuses([\"performed\"]);\n  events = events.withoutNegation();\n  var codes = getCodes(\"2.16.840.1.113883.3.464.1003.198.12.1006\");\n  var start = null;\n  var end = null;\n  events = events.match(codes, start, end, true);\n\n  events = EAS(events, hqmfjs.MeasurePeriod(patient), new IVL_PQ(null, new PQ(185, \"d\", true)));\n  return events;\n}\n\nhqmfjs.EncounterPerformedOutpatientConsultation_precondition_5158 = function(patient) {\n  var events = patient.encounters();\n  events = events.withStatuses([\"performed\"]);\n  events = events.withoutNegation();\n  var codes = getCodes(\"2.16.840.1.113883.3.464.1003.101.12.1008\");\n  var start = null;\n  var end = null;\n  events = events.match(codes, start, end, true);\n\n  events = EBS(events, hqmfjs.OccurrenceAPrimaryThaProcedure220(patient), new IVL_PQ(null, new PQ(180, \"d\", true)));\n  return events;\n}\n\nhqmfjs.OccurrenceAOutpatientConsultation222_precondition_5160 = function(patient) {\n  var events = patient.encounters();\n  events.specific_occurrence = 'OccurrenceAOutpatientConsultation222'\n  events = events.withStatuses([\"performed\"]);\n  events = events.withoutNegation();\n  var codes = getCodes(\"2.16.840.1.113883.3.464.1003.101.12.1008\");\n  var start = null;\n  var end = null;\n  events = events.match(codes, start, end, true);\n\n  events = EAE(events, hqmfjs.OccurrenceAPrimaryThaProcedure220(patient), new IVL_PQ(new PQ(60, \"d\", true), null));\n  return events;\n}\n\nhqmfjs.OccurrenceAOutpatientConsultation222_precondition_5162 = function(patient) {\n  var events = patient.encounters();\n  events.specific_occurrence = 'OccurrenceAOutpatientConsultation222'\n  events = events.withStatuses([\"performed\"]);\n  events = events.withoutNegation();\n  var codes = getCodes(\"2.16.840.1.113883.3.464.1003.101.12.1008\");\n  var start = null;\n  var end = null;\n  events = events.match(codes, start, end, true);\n\n  events = EAE(events, hqmfjs.OccurrenceAPrimaryThaProcedure220(patient), new IVL_PQ(null, new PQ(180, \"d\", true)));\n  return events;\n}\n\nhqmfjs.EncounterPerformedFaceToFaceInteraction_precondition_5166 = function(patient) {\n  var events = patient.encounters();\n  events = events.withStatuses([\"performed\"]);\n  events = events.withoutNegation();\n  var codes = getCodes(\"2.16.840.1.113883.3.464.1003.101.12.1048\");\n  var start = null;\n  var end = null;\n  events = events.match(codes, start, end, true);\n\n  events = EBS(events, hqmfjs.OccurrenceAPrimaryThaProcedure220(patient), new IVL_PQ(null, new PQ(180, \"d\", true)));\n  return events;\n}\n\nhqmfjs.OccurrenceAFaceToFaceInteraction223_precondition_5168 = function(patient) {\n  var events = patient.encounters();\n  events.specific_occurrence = 'OccurrenceAFaceToFaceInteraction223'\n  events = events.withStatuses([\"performed\"]);\n  events = events.withoutNegation();\n  var codes = getCodes(\"2.16.840.1.113883.3.464.1003.101.12.1048\");\n  var start = null;\n  var end = null;\n  events = events.match(codes, start, end, true);\n\n  events = EAE(events, hqmfjs.OccurrenceAPrimaryThaProcedure220(patient), new IVL_PQ(new PQ(60, \"d\", true), null));\n  return events;\n}\n\nhqmfjs.OccurrenceAFaceToFaceInteraction223_precondition_5170 = function(patient) {\n  var events = patient.encounters();\n  events.specific_occurrence = 'OccurrenceAFaceToFaceInteraction223'\n  events = events.withStatuses([\"performed\"]);\n  events = events.withoutNegation();\n  var codes = getCodes(\"2.16.840.1.113883.3.464.1003.101.12.1048\");\n  var start = null;\n  var end = null;\n  events = events.match(codes, start, end, true);\n\n  events = EAE(events, hqmfjs.OccurrenceAPrimaryThaProcedure220(patient), new IVL_PQ(null, new PQ(180, \"d\", true)));\n  return events;\n}\n\nhqmfjs.EncounterPerformedOfficeVisit_precondition_5174 = function(patient) {\n  var events = patient.encounters();\n  events = events.withStatuses([\"performed\"]);\n  events = events.withoutNegation();\n  var codes = getCodes(\"2.16.840.1.113883.3.464.1003.101.12.1001\");\n  var start = null;\n  var end = null;\n  events = events.match(codes, start, end, true);\n\n  events = EBS(events, hqmfjs.OccurrenceAPrimaryThaProcedure220(patient), new IVL_PQ(null, new PQ(180, \"d\", true)));\n  return events;\n}\n\nhqmfjs.OccurrenceAOfficeVisit226_precondition_5176 = function(patient) {\n  var events = patient.encounters();\n  events.specific_occurrence = 'OccurrenceAOfficeVisit226'\n  events = events.withStatuses([\"performed\"]);\n  events = events.withoutNegation();\n  var codes = getCodes(\"2.16.840.1.113883.3.464.1003.101.12.1001\");\n  var start = null;\n  var end = null;\n  events = events.match(codes, start, end, true);\n\n  events = EAE(events, hqmfjs.OccurrenceAPrimaryThaProcedure220(patient), new IVL_PQ(new PQ(60, \"d\", true), null));\n  return events;\n}\n\nhqmfjs.OccurrenceAOfficeVisit226_precondition_5178 = function(patient) {\n  var events = patient.encounters();\n  events.specific_occurrence = 'OccurrenceAOfficeVisit226'\n  events = events.withStatuses([\"performed\"]);\n  events = events.withoutNegation();\n  var codes = getCodes(\"2.16.840.1.113883.3.464.1003.101.12.1001\");\n  var start = null;\n  var end = null;\n  events = events.match(codes, start, end, true);\n\n  events = EAE(events, hqmfjs.OccurrenceAPrimaryThaProcedure220(patient), new IVL_PQ(null, new PQ(180, \"d\", true)));\n  return events;\n}\n\n\n\n        // #########################\n        // ##### MEASURE LOGIC #####\n        // #########################\n        \n        hqmfjs.initializeSpecifics = function(patient_api, hqmfjs) { Specifics.initialize(patient_api,hqmfjs,{\"id\":\"OccurrenceAPrimaryThaProcedure220\",\"type\":\"\",\"function\":\"OccurrenceAPrimaryThaProcedure220\"},{\"id\":\"OccurrenceAFunctionalStatusAssessmentForHipReplacement221\",\"type\":\"\",\"function\":\"OccurrenceAFunctionalStatusAssessmentForHipReplacement221\"},{\"id\":\"OccurrenceAOutpatientConsultation222\",\"type\":\"\",\"function\":\"OccurrenceAOutpatientConsultation222\"},{\"id\":\"OccurrenceAFaceToFaceInteraction223\",\"type\":\"\",\"function\":\"OccurrenceAFaceToFaceInteraction223\"},{\"id\":\"OccurrenceAFractureLowerBody224\",\"type\":\"\",\"function\":\"OccurrenceAFractureLowerBody224\"},{\"id\":\"OccurrenceBFractureLowerBody225\",\"type\":\"\",\"function\":\"OccurrenceBFractureLowerBody225\"},{\"id\":\"OccurrenceAOfficeVisit226\",\"type\":\"\",\"function\":\"OccurrenceAOfficeVisit226\"}) }\n\n        // INITIAL PATIENT POPULATION\n        hqmfjs.IPP = function(patient) {\n  return allTrue(  \n    allTrue(    \n      hqmfjs.PatientCharacteristicBirthdateBirthDate_precondition_5150(patient),    \n      atLeastOneTrue(      \n        hqmfjs.OccurrenceAPrimaryThaProcedure220_precondition_5152(patient),      \n        hqmfjs.OccurrenceAPrimaryThaProcedure220_precondition_5154(patient)\n      ),    \n      atLeastOneTrue(      \n        allTrue(        \n          hqmfjs.EncounterPerformedOutpatientConsultation_precondition_5158(patient),        \n          hqmfjs.OccurrenceAOutpatientConsultation222_precondition_5160(patient),        \n          hqmfjs.OccurrenceAOutpatientConsultation222_precondition_5162(patient)\n        ),      \n        allTrue(        \n          hqmfjs.EncounterPerformedFaceToFaceInteraction_precondition_5166(patient),        \n          hqmfjs.OccurrenceAFaceToFaceInteraction223_precondition_5168(patient),        \n          hqmfjs.OccurrenceAFaceToFaceInteraction223_precondition_5170(patient)\n        ),      \n        allTrue(        \n          hqmfjs.EncounterPerformedOfficeVisit_precondition_5174(patient),        \n          hqmfjs.OccurrenceAOfficeVisit226_precondition_5176(patient),        \n          hqmfjs.OccurrenceAOfficeVisit226_precondition_5178(patient)\n        )\n      )\n    )\n  );\n};\n\n\n        // DENOMINATOR\n        hqmfjs.DENOM = function(patient) { return new Boolean(true); }\n        // NUMERATOR\n        hqmfjs.NUMER = function(patient) {\n  return allTrue(  \n    allTrue(    \n      hqmfjs.FunctionalStatusResultFunctionalStatusAssessmentForHipReplacement_precondition_5143(patient),    \n      hqmfjs.OccurrenceAFunctionalStatusAssessmentForHipReplacement221_precondition_5145(patient),    \n      hqmfjs.OccurrenceAFunctionalStatusAssessmentForHipReplacement221_precondition_5147(patient)\n    )\n  );\n};\n\n\n        hqmfjs.DENEX = function(patient) {\n  return atLeastOneTrue(  \n    allTrue(    \n      atLeastOneTrue(      \n        allTrue(        \n          hqmfjs.OccurrenceAFractureLowerBody224_precondition_5123(patient),        \n          hqmfjs.OccurrenceAFractureLowerBody224_precondition_5125(patient),        \n          hqmfjs.OccurrenceBFractureLowerBody225_precondition_5127(patient),        \n          hqmfjs.OccurrenceBFractureLowerBody225_precondition_5129(patient)\n        ),      \n        allTrue(        \n          hqmfjs.DiagnosisActiveSevereDementia_precondition_5135(patient),        \n          atLeastOneFalse(          \n            hqmfjs.DiagnosisActiveSevereDementia_precondition_5133(patient)\n          )\n        )\n      )\n    )\n  );\n};\n\n\n        hqmfjs.DENEXCEP = function(patient) { return new Boolean(false); }\n        \n\n      hqmfjs.initializeSpecifics(patient_api, hqmfjs)\n      \n      var population = function() {\n        return executeIfAvailable(hqmfjs.IPP, patient_api);\n      }\n      var denominator = function() {\n        return executeIfAvailable(hqmfjs.DENOM, patient_api);\n      }\n      var numerator = function() {\n        return executeIfAvailable(hqmfjs.NUMER, patient_api);\n      }\n      var exclusion = function() {\n        return executeIfAvailable(hqmfjs.DENEX, patient_api);\n      }\n      var denexcep = function() {\n        return executeIfAvailable(hqmfjs.DENEXCEP, patient_api);\n      }\n      \n      var executeIfAvailable = function(optionalFunction, arg) {\n        if (typeof(optionalFunction)==='function')\n          return optionalFunction(arg);\n        else\n          return false;\n      }\n\n      if (Logger.enabled) enableMeasureLogging(hqmfjs);\n\n      map(patient, population, denominator, numerator, exclusion, denexcep);\n      \n      };\n      ",
  "data_criteria": [
    {
      "OccurrenceAFractureLowerBody224_precondition_5123": {
        "title": "Fracture - Lower Body",
        "description": "Diagnosis, Active: Fracture - Lower Body",
        "standard_category": "diagnosis_condition_problem",
        "qds_data_type": "diagnosis_active",
        "code_list_id": "2.16.840.1.113883.3.464.1003.113.12.1037",
        "type": "conditions",
        "definition": "diagnosis",
        "status": "active",
        "hard_status": false,
        "negation": false,
        "specific_occurrence": "A",
        "source_data_criteria": "OccurrenceAFractureLowerBody224",
        "temporal_references": [
          {
            "type": "SBS",
            "reference": "OccurrenceAPrimaryThaProcedure220",
            "range": {
              "type": "IVL_PQ",
              "high": {
                "type": "PQ",
                "unit": "d",
                "value": "1",
                "inclusive?": false,
                "derived?": false
              }
            }
          }
        ]
      }
    },
    {
      "OccurrenceAPrimaryThaProcedure220": {
        "title": "Primary THA Procedure",
        "description": "Procedure, Performed: Primary THA Procedure",
        "standard_category": "procedure",
        "qds_data_type": "procedure_performed",
        "code_list_id": "2.16.840.1.113883.3.464.1003.198.12.1006",
        "type": "procedures",
        "definition": "procedure",
        "status": "performed",
        "hard_status": false,
        "negation": false,
        "specific_occurrence": "A",
        "source_data_criteria": "OccurrenceAPrimaryThaProcedure220"
      }
    },
    {
      "OccurrenceAFractureLowerBody224_precondition_5125": {
        "title": "Fracture - Lower Body",
        "description": "Diagnosis, Active: Fracture - Lower Body",
        "standard_category": "diagnosis_condition_problem",
        "qds_data_type": "diagnosis_active",
        "code_list_id": "2.16.840.1.113883.3.464.1003.113.12.1037",
        "type": "conditions",
        "definition": "diagnosis",
        "status": "active",
        "hard_status": false,
        "negation": false,
        "specific_occurrence": "A",
        "source_data_criteria": "OccurrenceAFractureLowerBody224",
        "temporal_references": [
          {
            "type": "EAS",
            "reference": "OccurrenceAPrimaryThaProcedure220",
            "range": {
              "type": "IVL_PQ",
              "low": {
                "type": "PQ",
                "unit": "h",
                "value": "1",
                "inclusive?": true,
                "derived?": false
              }
            }
          }
        ]
      }
    },
    {
      "OccurrenceBFractureLowerBody225_precondition_5127": {
        "title": "Fracture - Lower Body",
        "description": "Diagnosis, Active: Fracture - Lower Body",
        "standard_category": "diagnosis_condition_problem",
        "qds_data_type": "diagnosis_active",
        "code_list_id": "2.16.840.1.113883.3.464.1003.113.12.1037",
        "type": "conditions",
        "definition": "diagnosis",
        "status": "active",
        "hard_status": false,
        "negation": false,
        "specific_occurrence": "B",
        "source_data_criteria": "OccurrenceBFractureLowerBody225",
        "temporal_references": [
          {
            "type": "SBS",
            "reference": "OccurrenceAPrimaryThaProcedure220",
            "range": {
              "type": "IVL_PQ",
              "high": {
                "type": "PQ",
                "unit": "d",
                "value": "1",
                "inclusive?": false,
                "derived?": false
              }
            }
          }
        ]
      }
    },
    {
      "OccurrenceBFractureLowerBody225_precondition_5129": {
        "title": "Fracture - Lower Body",
        "description": "Diagnosis, Active: Fracture - Lower Body",
        "standard_category": "diagnosis_condition_problem",
        "qds_data_type": "diagnosis_active",
        "code_list_id": "2.16.840.1.113883.3.464.1003.113.12.1037",
        "type": "conditions",
        "definition": "diagnosis",
        "status": "active",
        "hard_status": false,
        "negation": false,
        "specific_occurrence": "B",
        "source_data_criteria": "OccurrenceBFractureLowerBody225",
        "temporal_references": [
          {
            "type": "EAS",
            "reference": "OccurrenceAPrimaryThaProcedure220",
            "range": {
              "type": "IVL_PQ",
              "low": {
                "type": "PQ",
                "unit": "h",
                "value": "1",
                "inclusive?": true,
                "derived?": false
              }
            }
          }
        ]
      }
    },
    {
      "DiagnosisActiveSevereDementia_precondition_5135": {
        "title": "Severe Dementia",
        "description": "Diagnosis, Active: Severe Dementia",
        "standard_category": "diagnosis_condition_problem",
        "qds_data_type": "diagnosis_active",
        "code_list_id": "2.16.840.1.113883.3.526.3.1025",
        "type": "conditions",
        "definition": "diagnosis",
        "status": "active",
        "hard_status": false,
        "negation": false,
        "source_data_criteria": "DiagnosisActiveSevereDementia",
        "temporal_references": [
          {
            "type": "SBE",
            "reference": "MeasurePeriod"
          }
        ]
      }
    },
    {
      "DiagnosisActiveSevereDementia_precondition_5133": {
        "title": "Severe Dementia",
        "description": "Diagnosis, Active: Severe Dementia",
        "standard_category": "diagnosis_condition_problem",
        "qds_data_type": "diagnosis_active",
        "code_list_id": "2.16.840.1.113883.3.526.3.1025",
        "type": "conditions",
        "definition": "diagnosis",
        "status": "active",
        "hard_status": false,
        "negation": false,
        "source_data_criteria": "DiagnosisActiveSevereDementia",
        "temporal_references": [
          {
            "type": "EBS",
            "reference": "MeasurePeriod"
          }
        ]
      }
    },
    {
      "FunctionalStatusResultFunctionalStatusAssessmentForHipReplacement_precondition_5143": {
        "title": "Functional Status Assessment  for Hip Replacement",
        "description": "Functional Status, Result: Functional Status Assessment  for Hip Replacement",
        "standard_category": "procedure",
        "qds_data_type": "procedure_result",
        "code_list_id": "2.16.840.1.113883.3.464.1003.118.12.1029",
        "type": "functional_statuses",
        "definition": "functional_status_result",
        "hard_status": false,
        "negation": false,
        "source_data_criteria": "FunctionalStatusResultFunctionalStatusAssessmentForHipReplacement",
        "temporal_references": [
          {
            "type": "EBS",
            "reference": "OccurrenceAPrimaryThaProcedure220",
            "range": {
              "type": "IVL_PQ",
              "high": {
                "type": "PQ",
                "unit": "d",
                "value": "180",
                "inclusive?": true,
                "derived?": false
              }
            }
          }
        ]
      }
    },
    {
      "OccurrenceAFunctionalStatusAssessmentForHipReplacement221_precondition_5145": {
        "title": "Functional Status Assessment  for Hip Replacement",
        "description": "Functional Status Result: Functional Status Assessment  for Hip Replacement",
        "standard_category": "procedure",
        "qds_data_type": "procedure_result",
        "code_list_id": "2.16.840.1.113883.3.464.1003.118.12.1029",
        "type": "functional_statuses",
        "definition": "functional_status_result",
        "hard_status": false,
        "negation": false,
        "specific_occurrence": "A",
        "source_data_criteria": "OccurrenceAFunctionalStatusAssessmentForHipReplacement221",
        "temporal_references": [
          {
            "type": "EAE",
            "reference": "OccurrenceAPrimaryThaProcedure220",
            "range": {
              "type": "IVL_PQ",
              "low": {
                "type": "PQ",
                "unit": "d",
                "value": "60",
                "inclusive?": true,
                "derived?": false
              }
            }
          }
        ]
      }
    },
    {
      "OccurrenceAFunctionalStatusAssessmentForHipReplacement221_precondition_5147": {
        "title": "Functional Status Assessment  for Hip Replacement",
        "description": "Functional Status Result: Functional Status Assessment  for Hip Replacement",
        "standard_category": "procedure",
        "qds_data_type": "procedure_result",
        "code_list_id": "2.16.840.1.113883.3.464.1003.118.12.1029",
        "type": "functional_statuses",
        "definition": "functional_status_result",
        "hard_status": false,
        "negation": false,
        "specific_occurrence": "A",
        "source_data_criteria": "OccurrenceAFunctionalStatusAssessmentForHipReplacement221",
        "temporal_references": [
          {
            "type": "EAE",
            "reference": "OccurrenceAPrimaryThaProcedure220",
            "range": {
              "type": "IVL_PQ",
              "high": {
                "type": "PQ",
                "unit": "d",
                "value": "180",
                "inclusive?": true,
                "derived?": false
              }
            }
          }
        ]
      }
    },
    {
      "PatientCharacteristicBirthdateBirthDate_precondition_5150": {
        "title": "birth date",
        "description": "Patient Characteristic Birthdate: birth date",
        "standard_category": "individual_characteristic",
        "qds_data_type": "individual_characteristic",
        "code_list_id": "2.16.840.1.113883.3.560.100.4",
        "property": "birthtime",
        "type": "characteristic",
        "definition": "patient_characteristic_birthdate",
        "hard_status": false,
        "negation": false,
        "source_data_criteria": "PatientCharacteristicBirthdateBirthDate",
        "inline_code_list": {
          "LOINC": [
            "21112-8"
          ]
        },
        "temporal_references": [
          {
            "type": "SBS",
            "reference": "MeasurePeriod",
            "range": {
              "type": "IVL_PQ",
              "low": {
                "type": "PQ",
                "unit": "a",
                "value": "18",
                "inclusive?": true,
                "derived?": false
              }
            }
          }
        ]
      }
    },
    {
      "OccurrenceAPrimaryThaProcedure220_precondition_5152": {
        "title": "Primary THA Procedure",
        "description": "Procedure, Performed: Primary THA Procedure",
        "standard_category": "procedure",
        "qds_data_type": "procedure_performed",
        "code_list_id": "2.16.840.1.113883.3.464.1003.198.12.1006",
        "type": "procedures",
        "definition": "procedure",
        "status": "performed",
        "hard_status": false,
        "negation": false,
        "specific_occurrence": "A",
        "source_data_criteria": "OccurrenceAPrimaryThaProcedure220",
        "temporal_references": [
          {
            "type": "EBS",
            "reference": "MeasurePeriod",
            "range": {
              "type": "IVL_PQ",
              "high": {
                "type": "PQ",
                "unit": "d",
                "value": "180",
                "inclusive?": true,
                "derived?": false
              }
            }
          }
        ]
      }
    },
    {
      "OccurrenceAPrimaryThaProcedure220_precondition_5154": {
        "title": "Primary THA Procedure",
        "description": "Procedure, Performed: Primary THA Procedure",
        "standard_category": "procedure",
        "qds_data_type": "procedure_performed",
        "code_list_id": "2.16.840.1.113883.3.464.1003.198.12.1006",
        "type": "procedures",
        "definition": "procedure",
        "status": "performed",
        "hard_status": false,
        "negation": false,
        "specific_occurrence": "A",
        "source_data_criteria": "OccurrenceAPrimaryThaProcedure220",
        "temporal_references": [
          {
            "type": "EAS",
            "reference": "MeasurePeriod",
            "range": {
              "type": "IVL_PQ",
              "high": {
                "type": "PQ",
                "unit": "d",
                "value": "185",
                "inclusive?": true,
                "derived?": false
              }
            }
          }
        ]
      }
    },
    {
      "EncounterPerformedOutpatientConsultation_precondition_5158": {
        "title": "Outpatient Consultation",
        "description": "Encounter, Performed: Outpatient Consultation",
        "standard_category": "encounter",
        "qds_data_type": "encounter",
        "code_list_id": "2.16.840.1.113883.3.464.1003.101.12.1008",
        "type": "encounters",
        "definition": "encounter",
        "status": "performed",
        "hard_status": false,
        "negation": false,
        "source_data_criteria": "EncounterPerformedOutpatientConsultation",
        "temporal_references": [
          {
            "type": "EBS",
            "reference": "OccurrenceAPrimaryThaProcedure220",
            "range": {
              "type": "IVL_PQ",
              "high": {
                "type": "PQ",
                "unit": "d",
                "value": "180",
                "inclusive?": true,
                "derived?": false
              }
            }
          }
        ]
      }
    },
    {
      "OccurrenceAOutpatientConsultation222_precondition_5160": {
        "title": "Outpatient Consultation",
        "description": "Encounter, Performed: Outpatient Consultation",
        "standard_category": "encounter",
        "qds_data_type": "encounter",
        "code_list_id": "2.16.840.1.113883.3.464.1003.101.12.1008",
        "type": "encounters",
        "definition": "encounter",
        "status": "performed",
        "hard_status": false,
        "negation": false,
        "specific_occurrence": "A",
        "source_data_criteria": "OccurrenceAOutpatientConsultation222",
        "temporal_references": [
          {
            "type": "EAE",
            "reference": "OccurrenceAPrimaryThaProcedure220",
            "range": {
              "type": "IVL_PQ",
              "low": {
                "type": "PQ",
                "unit": "d",
                "value": "60",
                "inclusive?": true,
                "derived?": false
              }
            }
          }
        ]
      }
    },
    {
      "OccurrenceAOutpatientConsultation222_precondition_5162": {
        "title": "Outpatient Consultation",
        "description": "Encounter, Performed: Outpatient Consultation",
        "standard_category": "encounter",
        "qds_data_type": "encounter",
        "code_list_id": "2.16.840.1.113883.3.464.1003.101.12.1008",
        "type": "encounters",
        "definition": "encounter",
        "status": "performed",
        "hard_status": false,
        "negation": false,
        "specific_occurrence": "A",
        "source_data_criteria": "OccurrenceAOutpatientConsultation222",
        "temporal_references": [
          {
            "type": "EAE",
            "reference": "OccurrenceAPrimaryThaProcedure220",
            "range": {
              "type": "IVL_PQ",
              "high": {
                "type": "PQ",
                "unit": "d",
                "value": "180",
                "inclusive?": true,
                "derived?": false
              }
            }
          }
        ]
      }
    },
    {
      "EncounterPerformedFaceToFaceInteraction_precondition_5166": {
        "title": "Face-to-Face Interaction",
        "description": "Encounter, Performed: Face-to-Face Interaction",
        "standard_category": "encounter",
        "qds_data_type": "encounter",
        "code_list_id": "2.16.840.1.113883.3.464.1003.101.12.1048",
        "type": "encounters",
        "definition": "encounter",
        "status": "performed",
        "hard_status": false,
        "negation": false,
        "source_data_criteria": "EncounterPerformedFaceToFaceInteraction",
        "temporal_references": [
          {
            "type": "EBS",
            "reference": "OccurrenceAPrimaryThaProcedure220",
            "range": {
              "type": "IVL_PQ",
              "high": {
                "type": "PQ",
                "unit": "d",
                "value": "180",
                "inclusive?": true,
                "derived?": false
              }
            }
          }
        ]
      }
    },
    {
      "OccurrenceAFaceToFaceInteraction223_precondition_5168": {
        "title": "Face-to-Face Interaction",
        "description": "Encounter, Performed: Face-to-Face Interaction",
        "standard_category": "encounter",
        "qds_data_type": "encounter",
        "code_list_id": "2.16.840.1.113883.3.464.1003.101.12.1048",
        "type": "encounters",
        "definition": "encounter",
        "status": "performed",
        "hard_status": false,
        "negation": false,
        "specific_occurrence": "A",
        "source_data_criteria": "OccurrenceAFaceToFaceInteraction223",
        "temporal_references": [
          {
            "type": "EAE",
            "reference": "OccurrenceAPrimaryThaProcedure220",
            "range": {
              "type": "IVL_PQ",
              "low": {
                "type": "PQ",
                "unit": "d",
                "value": "60",
                "inclusive?": true,
                "derived?": false
              }
            }
          }
        ]
      }
    },
    {
      "OccurrenceAFaceToFaceInteraction223_precondition_5170": {
        "title": "Face-to-Face Interaction",
        "description": "Encounter, Performed: Face-to-Face Interaction",
        "standard_category": "encounter",
        "qds_data_type": "encounter",
        "code_list_id": "2.16.840.1.113883.3.464.1003.101.12.1048",
        "type": "encounters",
        "definition": "encounter",
        "status": "performed",
        "hard_status": false,
        "negation": false,
        "specific_occurrence": "A",
        "source_data_criteria": "OccurrenceAFaceToFaceInteraction223",
        "temporal_references": [
          {
            "type": "EAE",
            "reference": "OccurrenceAPrimaryThaProcedure220",
            "range": {
              "type": "IVL_PQ",
              "high": {
                "type": "PQ",
                "unit": "d",
                "value": "180",
                "inclusive?": true,
                "derived?": false
              }
            }
          }
        ]
      }
    },
    {
      "EncounterPerformedOfficeVisit_precondition_5174": {
        "title": "Office Visit",
        "description": "Encounter, Performed: Office Visit",
        "standard_category": "encounter",
        "qds_data_type": "encounter",
        "code_list_id": "2.16.840.1.113883.3.464.1003.101.12.1001",
        "type": "encounters",
        "definition": "encounter",
        "status": "performed",
        "hard_status": false,
        "negation": false,
        "source_data_criteria": "EncounterPerformedOfficeVisit",
        "temporal_references": [
          {
            "type": "EBS",
            "reference": "OccurrenceAPrimaryThaProcedure220",
            "range": {
              "type": "IVL_PQ",
              "high": {
                "type": "PQ",
                "unit": "d",
                "value": "180",
                "inclusive?": true,
                "derived?": false
              }
            }
          }
        ]
      }
    },
    {
      "OccurrenceAOfficeVisit226_precondition_5176": {
        "title": "Office Visit",
        "description": "Encounter, Performed: Office Visit",
        "standard_category": "encounter",
        "qds_data_type": "encounter",
        "code_list_id": "2.16.840.1.113883.3.464.1003.101.12.1001",
        "type": "encounters",
        "definition": "encounter",
        "status": "performed",
        "hard_status": false,
        "negation": false,
        "specific_occurrence": "A",
        "source_data_criteria": "OccurrenceAOfficeVisit226",
        "temporal_references": [
          {
            "type": "EAE",
            "reference": "OccurrenceAPrimaryThaProcedure220",
            "range": {
              "type": "IVL_PQ",
              "low": {
                "type": "PQ",
                "unit": "d",
                "value": "60",
                "inclusive?": true,
                "derived?": false
              }
            }
          }
        ]
      }
    },
    {
      "OccurrenceAOfficeVisit226_precondition_5178": {
        "title": "Office Visit",
        "description": "Encounter, Performed: Office Visit",
        "standard_category": "encounter",
        "qds_data_type": "encounter",
        "code_list_id": "2.16.840.1.113883.3.464.1003.101.12.1001",
        "type": "encounters",
        "definition": "encounter",
        "status": "performed",
        "hard_status": false,
        "negation": false,
        "specific_occurrence": "A",
        "source_data_criteria": "OccurrenceAOfficeVisit226",
        "temporal_references": [
          {
            "type": "EAE",
            "reference": "OccurrenceAPrimaryThaProcedure220",
            "range": {
              "type": "IVL_PQ",
              "high": {
                "type": "PQ",
                "unit": "d",
                "value": "180",
                "inclusive?": true,
                "derived?": false
              }
            }
          }
        ]
      }
    }
  ],
  "oids": [
    "2.16.840.1.113883.3.526.3.1025",
    "2.16.840.1.113883.3.464.1003.101.12.1001",
    "2.16.840.1.113883.3.464.1003.101.12.1008",
    "2.16.840.1.113883.3.464.1003.101.12.1048",
    "2.16.840.1.113883.3.464.1003.113.12.1037",
    "2.16.840.1.113883.3.464.1003.118.12.1029",
    "2.16.840.1.113883.3.464.1003.198.12.1006",
    "2.16.840.1.113883.3.464.1003.101.11.1005",
    "2.16.840.1.113883.3.464.1003.101.11.1040",
    "2.16.840.1.113883.3.464.1003.101.11.1216",
    "2.16.840.1.113883.3.464.1003.113.11.1069",
    "2.16.840.1.113883.3.464.1003.113.11.1070",
    "2.16.840.1.113883.3.464.1003.113.11.1071",
    "2.16.840.1.113883.3.464.1003.118.11.1039",
    "2.16.840.1.113883.3.464.1003.198.11.1009",
    "2.16.840.1.113883.3.464.1003.198.11.1039",
    "2.16.840.1.113883.3.464.1003.198.11.1080",
    "2.16.840.1.113883.3.526.2.1074",
    "2.16.840.1.113883.3.560.100.4"
  ],
  "population_ids": {
    "IPP": "30BF2515-F3B1-444E-9DBB-776194F1EEEB",
    "DENOM": "16074BEE-136D-443D-8201-C5193B46490D",
    "NUMER": "9ADF9BD8-682B-4BF1-8D16-D29D54B82B66",
    "DENEX": "BF45A376-D93D-4BA6-9F46-A52082A44597"
  }
}