{
  "id": "8A4D92B2-356D-A09E-0135-9B065EFA5D47",
  "nqf_id": "FSAKnee",
  "hqmf_id": "8A4D92B2-356D-A09E-0135-9B065EFA5D47",
  "hqmf_set_id": "BE8D9655-1194-46EF-B43E-4B1D0C36AB71",
  "hqmf_version_number": 1,
  "endorser": null,
  "name": "Functional Status Assessment for Knee Replacement",
  "description": "Percentage of patients aged 18 years and older with primary total knee arthroplasty (TKA) who completed  baseline and follow-up (patient-reported) functional status assessments.",
  "type": "ep",
  "category": "Orthopedics",
  "steward": null,
  "population": {
    "conjunction": "and",
    "items": [
      {
        "conjunction": "and",
        "items": [
          {
            "title": "birth date",
            "description": "Patient Characteristic Birthdate: birth date",
            "standard_category": "individual_characteristic",
            "qds_data_type": "individual_characteristic",
            "code_list_id": "2.16.840.1.113883.3.560.100.4",
            "property": "birthtime",
            "type": "characteristic",
            "definition": "patient_characteristic_birthdate",
            "hard_status": false,
            "negation": false,
            "source_data_criteria": "PatientCharacteristicBirthdateBirthDate",
            "inline_code_list": {
              "LOINC": [
                "21112-8"
              ]
            },
            "temporal_references": [
              {
                "type": "SBS",
                "reference": "MeasurePeriod",
                "range": {
                  "type": "IVL_PQ",
                  "low": {
                    "type": "PQ",
                    "unit": "a",
                    "value": "18",
                    "inclusive?": true,
                    "derived?": false
                  }
                },
                "title": "MeasurePeriod"
              }
            ]
          },
          {
            "conjunction": "or",
            "items": [
              {
                "title": "Primary TKA Procedure",
                "description": "Procedure, Performed: Primary TKA Procedure",
                "standard_category": "procedure",
                "qds_data_type": "procedure_performed",
                "code_list_id": "2.16.840.1.113883.3.464.1003.198.12.1007",
                "type": "procedures",
                "definition": "procedure",
                "status": "performed",
                "hard_status": false,
                "negation": false,
                "specific_occurrence": "A",
                "source_data_criteria": "OccurrenceAPrimaryTkaProcedure213",
                "temporal_references": [
                  {
                    "type": "EBS",
                    "reference": "MeasurePeriod",
                    "range": {
                      "type": "IVL_PQ",
                      "high": {
                        "type": "PQ",
                        "unit": "d",
                        "value": "180",
                        "inclusive?": true,
                        "derived?": false
                      }
                    },
                    "title": "MeasurePeriod"
                  }
                ]
              },
              {
                "title": "Primary TKA Procedure",
                "description": "Procedure, Performed: Primary TKA Procedure",
                "standard_category": "procedure",
                "qds_data_type": "procedure_performed",
                "code_list_id": "2.16.840.1.113883.3.464.1003.198.12.1007",
                "type": "procedures",
                "definition": "procedure",
                "status": "performed",
                "hard_status": false,
                "negation": false,
                "specific_occurrence": "A",
                "source_data_criteria": "OccurrenceAPrimaryTkaProcedure213",
                "temporal_references": [
                  {
                    "type": "EAS",
                    "reference": "MeasurePeriod",
                    "range": {
                      "type": "IVL_PQ",
                      "high": {
                        "type": "PQ",
                        "unit": "d",
                        "value": "185",
                        "inclusive?": true,
                        "derived?": false
                      }
                    },
                    "title": "MeasurePeriod"
                  }
                ]
              }
            ],
            "negation": null,
            "precondition_id": 5094
          },
          {
            "conjunction": "or",
            "items": [
              {
                "conjunction": "and",
                "items": [
                  {
                    "title": "Outpatient Consultation",
                    "description": "Encounter, Performed: Outpatient Consultation",
                    "standard_category": "encounter",
                    "qds_data_type": "encounter",
                    "code_list_id": "2.16.840.1.113883.3.464.1003.101.12.1008",
                    "type": "encounters",
                    "definition": "encounter",
                    "status": "performed",
                    "hard_status": false,
                    "negation": false,
                    "source_data_criteria": "EncounterPerformedOutpatientConsultation",
                    "temporal_references": [
                      {
                        "type": "EBS",
                        "reference": {
                          "title": "Primary TKA Procedure",
                          "description": "Procedure, Performed: Primary TKA Procedure",
                          "standard_category": "procedure",
                          "qds_data_type": "procedure_performed",
                          "code_list_id": "2.16.840.1.113883.3.464.1003.198.12.1007",
                          "type": "procedures",
                          "definition": "procedure",
                          "status": "performed",
                          "hard_status": false,
                          "negation": false,
                          "specific_occurrence": "A",
                          "source_data_criteria": "OccurrenceAPrimaryTkaProcedure213"
                        },
                        "range": {
                          "type": "IVL_PQ",
                          "high": {
                            "type": "PQ",
                            "unit": "d",
                            "value": "180",
                            "inclusive?": true,
                            "derived?": false
                          }
                        }
                      }
                    ]
                  },
                  {
                    "title": "Outpatient Consultation",
                    "description": "Encounter, Performed: Outpatient Consultation",
                    "standard_category": "encounter",
                    "qds_data_type": "encounter",
                    "code_list_id": "2.16.840.1.113883.3.464.1003.101.12.1008",
                    "type": "encounters",
                    "definition": "encounter",
                    "status": "performed",
                    "hard_status": false,
                    "negation": false,
                    "specific_occurrence": "A",
                    "source_data_criteria": "OccurrenceAOutpatientConsultation214",
                    "temporal_references": [
                      {
                        "type": "EAE",
                        "reference": {
                          "title": "Primary TKA Procedure",
                          "description": "Procedure, Performed: Primary TKA Procedure",
                          "standard_category": "procedure",
                          "qds_data_type": "procedure_performed",
                          "code_list_id": "2.16.840.1.113883.3.464.1003.198.12.1007",
                          "type": "procedures",
                          "definition": "procedure",
                          "status": "performed",
                          "hard_status": false,
                          "negation": false,
                          "specific_occurrence": "A",
                          "source_data_criteria": "OccurrenceAPrimaryTkaProcedure213"
                        },
                        "range": {
                          "type": "IVL_PQ",
                          "low": {
                            "type": "PQ",
                            "unit": "d",
                            "value": "60",
                            "inclusive?": true,
                            "derived?": false
                          }
                        }
                      }
                    ]
                  },
                  {
                    "title": "Outpatient Consultation",
                    "description": "Encounter, Performed: Outpatient Consultation",
                    "standard_category": "encounter",
                    "qds_data_type": "encounter",
                    "code_list_id": "2.16.840.1.113883.3.464.1003.101.12.1008",
                    "type": "encounters",
                    "definition": "encounter",
                    "status": "performed",
                    "hard_status": false,
                    "negation": false,
                    "specific_occurrence": "A",
                    "source_data_criteria": "OccurrenceAOutpatientConsultation214",
                    "temporal_references": [
                      {
                        "type": "EAE",
                        "reference": {
                          "title": "Primary TKA Procedure",
                          "description": "Procedure, Performed: Primary TKA Procedure",
                          "standard_category": "procedure",
                          "qds_data_type": "procedure_performed",
                          "code_list_id": "2.16.840.1.113883.3.464.1003.198.12.1007",
                          "type": "procedures",
                          "definition": "procedure",
                          "status": "performed",
                          "hard_status": false,
                          "negation": false,
                          "specific_occurrence": "A",
                          "source_data_criteria": "OccurrenceAPrimaryTkaProcedure213"
                        },
                        "range": {
                          "type": "IVL_PQ",
                          "high": {
                            "type": "PQ",
                            "unit": "d",
                            "value": "180",
                            "inclusive?": true,
                            "derived?": false
                          }
                        }
                      }
                    ]
                  }
                ],
                "negation": null,
                "precondition_id": 5102
              },
              {
                "conjunction": "and",
                "items": [
                  {
                    "title": "Face-to-Face Interaction",
                    "description": "Encounter, Performed: Face-to-Face Interaction",
                    "standard_category": "encounter",
                    "qds_data_type": "encounter",
                    "code_list_id": "2.16.840.1.113883.3.464.1003.101.12.1048",
                    "type": "encounters",
                    "definition": "encounter",
                    "status": "performed",
                    "hard_status": false,
                    "negation": false,
                    "source_data_criteria": "EncounterPerformedFaceToFaceInteraction",
                    "temporal_references": [
                      {
                        "type": "EBS",
                        "reference": {
                          "title": "Primary TKA Procedure",
                          "description": "Procedure, Performed: Primary TKA Procedure",
                          "standard_category": "procedure",
                          "qds_data_type": "procedure_performed",
                          "code_list_id": "2.16.840.1.113883.3.464.1003.198.12.1007",
                          "type": "procedures",
                          "definition": "procedure",
                          "status": "performed",
                          "hard_status": false,
                          "negation": false,
                          "specific_occurrence": "A",
                          "source_data_criteria": "OccurrenceAPrimaryTkaProcedure213"
                        },
                        "range": {
                          "type": "IVL_PQ",
                          "high": {
                            "type": "PQ",
                            "unit": "d",
                            "value": "180",
                            "inclusive?": true,
                            "derived?": false
                          }
                        }
                      }
                    ]
                  },
                  {
                    "title": "Face-to-Face Interaction",
                    "description": "Encounter, Performed: Face-to-Face Interaction",
                    "standard_category": "encounter",
                    "qds_data_type": "encounter",
                    "code_list_id": "2.16.840.1.113883.3.464.1003.101.12.1048",
                    "type": "encounters",
                    "definition": "encounter",
                    "status": "performed",
                    "hard_status": false,
                    "negation": false,
                    "specific_occurrence": "A",
                    "source_data_criteria": "OccurrenceAFaceToFaceInteraction215",
                    "temporal_references": [
                      {
                        "type": "EAE",
                        "reference": {
                          "title": "Primary TKA Procedure",
                          "description": "Procedure, Performed: Primary TKA Procedure",
                          "standard_category": "procedure",
                          "qds_data_type": "procedure_performed",
                          "code_list_id": "2.16.840.1.113883.3.464.1003.198.12.1007",
                          "type": "procedures",
                          "definition": "procedure",
                          "status": "performed",
                          "hard_status": false,
                          "negation": false,
                          "specific_occurrence": "A",
                          "source_data_criteria": "OccurrenceAPrimaryTkaProcedure213"
                        },
                        "range": {
                          "type": "IVL_PQ",
                          "low": {
                            "type": "PQ",
                            "unit": "d",
                            "value": "60",
                            "inclusive?": true,
                            "derived?": false
                          }
                        }
                      }
                    ]
                  },
                  {
                    "title": "Face-to-Face Interaction",
                    "description": "Encounter, Performed: Face-to-Face Interaction",
                    "standard_category": "encounter",
                    "qds_data_type": "encounter",
                    "code_list_id": "2.16.840.1.113883.3.464.1003.101.12.1048",
                    "type": "encounters",
                    "definition": "encounter",
                    "status": "performed",
                    "hard_status": false,
                    "negation": false,
                    "specific_occurrence": "A",
                    "source_data_criteria": "OccurrenceAFaceToFaceInteraction215",
                    "temporal_references": [
                      {
                        "type": "EAE",
                        "reference": {
                          "title": "Primary TKA Procedure",
                          "description": "Procedure, Performed: Primary TKA Procedure",
                          "standard_category": "procedure",
                          "qds_data_type": "procedure_performed",
                          "code_list_id": "2.16.840.1.113883.3.464.1003.198.12.1007",
                          "type": "procedures",
                          "definition": "procedure",
                          "status": "performed",
                          "hard_status": false,
                          "negation": false,
                          "specific_occurrence": "A",
                          "source_data_criteria": "OccurrenceAPrimaryTkaProcedure213"
                        },
                        "range": {
                          "type": "IVL_PQ",
                          "high": {
                            "type": "PQ",
                            "unit": "d",
                            "value": "180",
                            "inclusive?": true,
                            "derived?": false
                          }
                        }
                      }
                    ]
                  }
                ],
                "negation": null,
                "precondition_id": 5110
              },
              {
                "conjunction": "and",
                "items": [
                  {
                    "title": "Office Visit",
                    "description": "Encounter, Performed: Office Visit",
                    "standard_category": "encounter",
                    "qds_data_type": "encounter",
                    "code_list_id": "2.16.840.1.113883.3.464.1003.101.12.1001",
                    "type": "encounters",
                    "definition": "encounter",
                    "status": "performed",
                    "hard_status": false,
                    "negation": false,
                    "source_data_criteria": "EncounterPerformedOfficeVisit",
                    "temporal_references": [
                      {
                        "type": "EBS",
                        "reference": {
                          "title": "Primary TKA Procedure",
                          "description": "Procedure, Performed: Primary TKA Procedure",
                          "standard_category": "procedure",
                          "qds_data_type": "procedure_performed",
                          "code_list_id": "2.16.840.1.113883.3.464.1003.198.12.1007",
                          "type": "procedures",
                          "definition": "procedure",
                          "status": "performed",
                          "hard_status": false,
                          "negation": false,
                          "specific_occurrence": "A",
                          "source_data_criteria": "OccurrenceAPrimaryTkaProcedure213"
                        },
                        "range": {
                          "type": "IVL_PQ",
                          "high": {
                            "type": "PQ",
                            "unit": "d",
                            "value": "180",
                            "inclusive?": true,
                            "derived?": false
                          }
                        }
                      }
                    ]
                  },
                  {
                    "title": "Office Visit",
                    "description": "Encounter, Performed: Office Visit",
                    "standard_category": "encounter",
                    "qds_data_type": "encounter",
                    "code_list_id": "2.16.840.1.113883.3.464.1003.101.12.1001",
                    "type": "encounters",
                    "definition": "encounter",
                    "status": "performed",
                    "hard_status": false,
                    "negation": false,
                    "specific_occurrence": "A",
                    "source_data_criteria": "OccurrenceAOfficeVisit219",
                    "temporal_references": [
                      {
                        "type": "EAE",
                        "reference": {
                          "title": "Primary TKA Procedure",
                          "description": "Procedure, Performed: Primary TKA Procedure",
                          "standard_category": "procedure",
                          "qds_data_type": "procedure_performed",
                          "code_list_id": "2.16.840.1.113883.3.464.1003.198.12.1007",
                          "type": "procedures",
                          "definition": "procedure",
                          "status": "performed",
                          "hard_status": false,
                          "negation": false,
                          "specific_occurrence": "A",
                          "source_data_criteria": "OccurrenceAPrimaryTkaProcedure213"
                        },
                        "range": {
                          "type": "IVL_PQ",
                          "low": {
                            "type": "PQ",
                            "unit": "d",
                            "value": "60",
                            "inclusive?": true,
                            "derived?": false
                          }
                        }
                      }
                    ]
                  },
                  {
                    "title": "Office Visit",
                    "description": "Encounter, Performed: Office Visit",
                    "standard_category": "encounter",
                    "qds_data_type": "encounter",
                    "code_list_id": "2.16.840.1.113883.3.464.1003.101.12.1001",
                    "type": "encounters",
                    "definition": "encounter",
                    "status": "performed",
                    "hard_status": false,
                    "negation": false,
                    "specific_occurrence": "A",
                    "source_data_criteria": "OccurrenceAOfficeVisit219",
                    "temporal_references": [
                      {
                        "type": "EAE",
                        "reference": {
                          "title": "Primary TKA Procedure",
                          "description": "Procedure, Performed: Primary TKA Procedure",
                          "standard_category": "procedure",
                          "qds_data_type": "procedure_performed",
                          "code_list_id": "2.16.840.1.113883.3.464.1003.198.12.1007",
                          "type": "procedures",
                          "definition": "procedure",
                          "status": "performed",
                          "hard_status": false,
                          "negation": false,
                          "specific_occurrence": "A",
                          "source_data_criteria": "OccurrenceAPrimaryTkaProcedure213"
                        },
                        "range": {
                          "type": "IVL_PQ",
                          "high": {
                            "type": "PQ",
                            "unit": "d",
                            "value": "180",
                            "inclusive?": true,
                            "derived?": false
                          }
                        }
                      }
                    ]
                  }
                ],
                "negation": null,
                "precondition_id": 5118
              }
            ],
            "negation": null,
            "precondition_id": 5120
          }
        ],
        "negation": null,
        "precondition_id": 5122
      }
    ]
  },
  "denominator": {
    "conjunction": "and",
    "items": [

    ]
  },
  "numerator": {
    "conjunction": "and",
    "items": [
      {
        "conjunction": "and",
        "items": [
          {
            "title": "Functional Status Assessment for Knee Replacement",
            "description": "Functional Status, Result: Functional Status Assessment for Knee Replacement",
            "standard_category": "procedure",
            "qds_data_type": "procedure_result",
            "code_list_id": "2.16.840.1.113883.3.464.1003.118.12.1030",
            "type": "functional_statuses",
            "definition": "functional_status_result",
            "hard_status": false,
            "negation": false,
            "source_data_criteria": "FunctionalStatusResultFunctionalStatusAssessmentForKneeReplacement",
            "temporal_references": [
              {
                "type": "EBS",
                "reference": {
                  "title": "Primary TKA Procedure",
                  "description": "Procedure, Performed: Primary TKA Procedure",
                  "standard_category": "procedure",
                  "qds_data_type": "procedure_performed",
                  "code_list_id": "2.16.840.1.113883.3.464.1003.198.12.1007",
                  "type": "procedures",
                  "definition": "procedure",
                  "status": "performed",
                  "hard_status": false,
                  "negation": false,
                  "specific_occurrence": "A",
                  "source_data_criteria": "OccurrenceAPrimaryTkaProcedure213"
                },
                "range": {
                  "type": "IVL_PQ",
                  "high": {
                    "type": "PQ",
                    "unit": "d",
                    "value": "180",
                    "inclusive?": true,
                    "derived?": false
                  }
                }
              }
            ]
          },
          {
            "title": "Functional Status Assessment for Knee Replacement",
            "description": "Functional Status Result: Functional Status Assessment for Knee Replacement",
            "standard_category": "procedure",
            "qds_data_type": "procedure_result",
            "code_list_id": "2.16.840.1.113883.3.464.1003.118.12.1030",
            "type": "functional_statuses",
            "definition": "functional_status_result",
            "hard_status": false,
            "negation": false,
            "specific_occurrence": "A",
            "source_data_criteria": "OccurrenceAFunctionalStatusAssessmentForKneeReplacement216",
            "temporal_references": [
              {
                "type": "EAE",
                "reference": {
                  "title": "Primary TKA Procedure",
                  "description": "Procedure, Performed: Primary TKA Procedure",
                  "standard_category": "procedure",
                  "qds_data_type": "procedure_performed",
                  "code_list_id": "2.16.840.1.113883.3.464.1003.198.12.1007",
                  "type": "procedures",
                  "definition": "procedure",
                  "status": "performed",
                  "hard_status": false,
                  "negation": false,
                  "specific_occurrence": "A",
                  "source_data_criteria": "OccurrenceAPrimaryTkaProcedure213"
                },
                "range": {
                  "type": "IVL_PQ",
                  "high": {
                    "type": "PQ",
                    "unit": "d",
                    "value": "180",
                    "inclusive?": true,
                    "derived?": false
                  }
                }
              }
            ]
          },
          {
            "title": "Functional Status Assessment for Knee Replacement",
            "description": "Functional Status Result: Functional Status Assessment for Knee Replacement",
            "standard_category": "procedure",
            "qds_data_type": "procedure_result",
            "code_list_id": "2.16.840.1.113883.3.464.1003.118.12.1030",
            "type": "functional_statuses",
            "definition": "functional_status_result",
            "hard_status": false,
            "negation": false,
            "specific_occurrence": "A",
            "source_data_criteria": "OccurrenceAFunctionalStatusAssessmentForKneeReplacement216",
            "temporal_references": [
              {
                "type": "EAE",
                "reference": {
                  "title": "Primary TKA Procedure",
                  "description": "Procedure, Performed: Primary TKA Procedure",
                  "standard_category": "procedure",
                  "qds_data_type": "procedure_performed",
                  "code_list_id": "2.16.840.1.113883.3.464.1003.198.12.1007",
                  "type": "procedures",
                  "definition": "procedure",
                  "status": "performed",
                  "hard_status": false,
                  "negation": false,
                  "specific_occurrence": "A",
                  "source_data_criteria": "OccurrenceAPrimaryTkaProcedure213"
                },
                "range": {
                  "type": "IVL_PQ",
                  "low": {
                    "type": "PQ",
                    "unit": "d",
                    "value": "60",
                    "inclusive?": true,
                    "derived?": false
                  }
                }
              }
            ]
          }
        ],
        "negation": null,
        "precondition_id": 5087
      }
    ]
  },
  "exclusions": {
    "conjunction": "and",
    "items": [
      {
        "conjunction": "and",
        "items": [
          {
            "conjunction": "or",
            "items": [
              {
                "conjunction": "and",
                "items": [
                  {
                    "title": "Fracture - Lower Body",
                    "description": "Diagnosis, Active: Fracture - Lower Body",
                    "standard_category": "diagnosis_condition_problem",
                    "qds_data_type": "diagnosis_active",
                    "code_list_id": "2.16.840.1.113883.3.464.1003.113.12.1037",
                    "type": "conditions",
                    "definition": "diagnosis",
                    "status": "active",
                    "hard_status": false,
                    "negation": false,
                    "specific_occurrence": "A",
                    "source_data_criteria": "OccurrenceAFractureLowerBody217",
                    "temporal_references": [
                      {
                        "type": "SBS",
                        "reference": {
                          "title": "Primary TKA Procedure",
                          "description": "Procedure, Performed: Primary TKA Procedure",
                          "standard_category": "procedure",
                          "qds_data_type": "procedure_performed",
                          "code_list_id": "2.16.840.1.113883.3.464.1003.198.12.1007",
                          "type": "procedures",
                          "definition": "procedure",
                          "status": "performed",
                          "hard_status": false,
                          "negation": false,
                          "specific_occurrence": "A",
                          "source_data_criteria": "OccurrenceAPrimaryTkaProcedure213"
                        },
                        "range": {
                          "type": "IVL_PQ",
                          "high": {
                            "type": "PQ",
                            "unit": "d",
                            "value": "1",
                            "inclusive?": false,
                            "derived?": false
                          }
                        }
                      }
                    ]
                  },
                  {
                    "title": "Fracture - Lower Body",
                    "description": "Diagnosis, Active: Fracture - Lower Body",
                    "standard_category": "diagnosis_condition_problem",
                    "qds_data_type": "diagnosis_active",
                    "code_list_id": "2.16.840.1.113883.3.464.1003.113.12.1037",
                    "type": "conditions",
                    "definition": "diagnosis",
                    "status": "active",
                    "hard_status": false,
                    "negation": false,
                    "specific_occurrence": "A",
                    "source_data_criteria": "OccurrenceAFractureLowerBody217",
                    "temporal_references": [
                      {
                        "type": "EAS",
                        "reference": {
                          "title": "Primary TKA Procedure",
                          "description": "Procedure, Performed: Primary TKA Procedure",
                          "standard_category": "procedure",
                          "qds_data_type": "procedure_performed",
                          "code_list_id": "2.16.840.1.113883.3.464.1003.198.12.1007",
                          "type": "procedures",
                          "definition": "procedure",
                          "status": "performed",
                          "hard_status": false,
                          "negation": false,
                          "specific_occurrence": "A",
                          "source_data_criteria": "OccurrenceAPrimaryTkaProcedure213"
                        },
                        "range": {
                          "type": "IVL_PQ",
                          "low": {
                            "type": "PQ",
                            "unit": "h",
                            "value": "1",
                            "inclusive?": true,
                            "derived?": false
                          }
                        }
                      }
                    ]
                  },
                  {
                    "title": "Fracture - Lower Body",
                    "description": "Diagnosis, Active: Fracture - Lower Body",
                    "standard_category": "diagnosis_condition_problem",
                    "qds_data_type": "diagnosis_active",
                    "code_list_id": "2.16.840.1.113883.3.464.1003.113.12.1037",
                    "type": "conditions",
                    "definition": "diagnosis",
                    "status": "active",
                    "hard_status": false,
                    "negation": false,
                    "specific_occurrence": "B",
                    "source_data_criteria": "OccurrenceBFractureLowerBody218",
                    "temporal_references": [
                      {
                        "type": "SBS",
                        "reference": {
                          "title": "Primary TKA Procedure",
                          "description": "Procedure, Performed: Primary TKA Procedure",
                          "standard_category": "procedure",
                          "qds_data_type": "procedure_performed",
                          "code_list_id": "2.16.840.1.113883.3.464.1003.198.12.1007",
                          "type": "procedures",
                          "definition": "procedure",
                          "status": "performed",
                          "hard_status": false,
                          "negation": false,
                          "specific_occurrence": "A",
                          "source_data_criteria": "OccurrenceAPrimaryTkaProcedure213"
                        },
                        "range": {
                          "type": "IVL_PQ",
                          "high": {
                            "type": "PQ",
                            "unit": "d",
                            "value": "1",
                            "inclusive?": false,
                            "derived?": false
                          }
                        }
                      }
                    ]
                  },
                  {
                    "title": "Fracture - Lower Body",
                    "description": "Diagnosis, Active: Fracture - Lower Body",
                    "standard_category": "diagnosis_condition_problem",
                    "qds_data_type": "diagnosis_active",
                    "code_list_id": "2.16.840.1.113883.3.464.1003.113.12.1037",
                    "type": "conditions",
                    "definition": "diagnosis",
                    "status": "active",
                    "hard_status": false,
                    "negation": false,
                    "specific_occurrence": "B",
                    "source_data_criteria": "OccurrenceBFractureLowerBody218",
                    "temporal_references": [
                      {
                        "type": "EAS",
                        "reference": {
                          "title": "Primary TKA Procedure",
                          "description": "Procedure, Performed: Primary TKA Procedure",
                          "standard_category": "procedure",
                          "qds_data_type": "procedure_performed",
                          "code_list_id": "2.16.840.1.113883.3.464.1003.198.12.1007",
                          "type": "procedures",
                          "definition": "procedure",
                          "status": "performed",
                          "hard_status": false,
                          "negation": false,
                          "specific_occurrence": "A",
                          "source_data_criteria": "OccurrenceAPrimaryTkaProcedure213"
                        },
                        "range": {
                          "type": "IVL_PQ",
                          "low": {
                            "type": "PQ",
                            "unit": "h",
                            "value": "1",
                            "inclusive?": true,
                            "derived?": false
                          }
                        }
                      }
                    ]
                  }
                ],
                "negation": null,
                "precondition_id": 5069
              },
              {
                "conjunction": "and",
                "items": [
                  {
                    "title": "Severe Dementia",
                    "description": "Diagnosis, Active: Severe Dementia",
                    "standard_category": "diagnosis_condition_problem",
                    "qds_data_type": "diagnosis_active",
                    "code_list_id": "2.16.840.1.113883.3.526.3.1025",
                    "type": "conditions",
                    "definition": "diagnosis",
                    "status": "active",
                    "hard_status": false,
                    "negation": false,
                    "source_data_criteria": "DiagnosisActiveSevereDementia",
                    "temporal_references": [
                      {
                        "type": "SBE",
                        "reference": "MeasurePeriod",
                        "title": "MeasurePeriod"
                      }
                    ]
                  },
                  {
                    "conjunction": "and",
                    "items": [
                      {
                        "title": "Severe Dementia",
                        "description": "Diagnosis, Active: Severe Dementia",
                        "standard_category": "diagnosis_condition_problem",
                        "qds_data_type": "diagnosis_active",
                        "code_list_id": "2.16.840.1.113883.3.526.3.1025",
                        "type": "conditions",
                        "definition": "diagnosis",
                        "status": "active",
                        "hard_status": false,
                        "negation": false,
                        "source_data_criteria": "DiagnosisActiveSevereDementia",
                        "temporal_references": [
                          {
                            "type": "EBS",
                            "reference": "MeasurePeriod",
                            "title": "MeasurePeriod"
                          }
                        ]
                      }
                    ],
                    "negation": true,
                    "precondition_id": 5075
                  }
                ],
                "negation": null,
                "precondition_id": 5076
              }
            ],
            "negation": null,
            "precondition_id": 5078
          }
        ],
        "negation": null,
        "precondition_id": 5080
      }
    ]
  },
  "map_fn": "function() {\n        var patient = this;\n        var effective_date = <%= effective_date %>;\n\n        hqmfjs = {}\n        <%= init_js_frameworks %>\n        \n        \n      var patient_api = new hQuery.Patient(patient);\n\n      \n\n      // clear out logger\n      if (typeof Logger != 'undefined') Logger.logger = [];\n      // turn on logging if it is enabled\n      if (Logger.enabled) enableLogging();\n      \n      \n        // #########################\n        // ##### DATA ELEMENTS #####\n        // #########################\n\n        OidDictionary = <%= oid_dictionary %>;\n        \n        // Measure variables\nvar MeasurePeriod = {\n  \"low\": new TS(\"20100101\", null, true),\n  \"high\": new TS(\"20110101\", null, true)\n}\nhqmfjs.MeasurePeriod = function(patient) {\n  return [new hQuery.CodedEntry(\n    {\n      \"start_time\": MeasurePeriod.low.asDate().getTime()/1000,\n      \"end_time\": MeasurePeriod.high.asDate().getTime()/1000,\n      \"codes\": {}\n    }\n  )];\n}\nif (typeof effective_date === 'number') {\n  MeasurePeriod.high.date = new Date(1000*effective_date);\n  MeasurePeriod.low.date = new Date(1000*effective_date);\n  MeasurePeriod.low.date.setFullYear(MeasurePeriod.low.date.getFullYear()-1);\n}\n\n// Data critera\nhqmfjs.OccurrenceAPrimaryTkaProcedure213 = function(patient) {\n  var events = patient.allProcedures();\n  events.specific_occurrence = 'OccurrenceAPrimaryTkaProcedure213'\n  events = events.withStatuses([\"performed\"]);\n  events = events.withoutNegation();\n  var codes = getCodes(\"2.16.840.1.113883.3.464.1003.198.12.1007\");\n  var start = null;\n  var end = null;\n  events = events.match(codes, start, end, true);\n\n  events.specificContext=new Specifics(Row.buildForDataCriteria(events.specific_occurrence, events))\n  return events;\n}\n\nhqmfjs.OccurrenceAOutpatientConsultation214 = function(patient) {\n  var events = patient.encounters();\n  events.specific_occurrence = 'OccurrenceAOutpatientConsultation214'\n  events = events.withStatuses([\"performed\"]);\n  events = events.withoutNegation();\n  var codes = getCodes(\"2.16.840.1.113883.3.464.1003.101.12.1008\");\n  var start = null;\n  var end = null;\n  events = events.match(codes, start, end, true);\n\n  events.specificContext=new Specifics(Row.buildForDataCriteria(events.specific_occurrence, events))\n  return events;\n}\n\nhqmfjs.OccurrenceAFaceToFaceInteraction215 = function(patient) {\n  var events = patient.encounters();\n  events.specific_occurrence = 'OccurrenceAFaceToFaceInteraction215'\n  events = events.withStatuses([\"performed\"]);\n  events = events.withoutNegation();\n  var codes = getCodes(\"2.16.840.1.113883.3.464.1003.101.12.1048\");\n  var start = null;\n  var end = null;\n  events = events.match(codes, start, end, true);\n\n  events.specificContext=new Specifics(Row.buildForDataCriteria(events.specific_occurrence, events))\n  return events;\n}\n\nhqmfjs.OccurrenceAFunctionalStatusAssessmentForKneeReplacement216 = function(patient) {\n  var events = patient.procedureResults();\n  events.specific_occurrence = 'OccurrenceAFunctionalStatusAssessmentForKneeReplacement216'\n  events = events.withoutNegation();\n  var codes = getCodes(\"2.16.840.1.113883.3.464.1003.118.12.1030\");\n  var start = null;\n  var end = null;\n  events = events.match(codes, start, end, true);\n\n  events.specificContext=new Specifics(Row.buildForDataCriteria(events.specific_occurrence, events))\n  return events;\n}\n\nhqmfjs.OccurrenceAFractureLowerBody217 = function(patient) {\n  var events = patient.allProblems();\n  events.specific_occurrence = 'OccurrenceAFractureLowerBody217'\n  events = events.withStatuses([\"active\"]);\n  events = events.withoutNegation();\n  var codes = getCodes(\"2.16.840.1.113883.3.464.1003.113.12.1037\");\n  var start = null;\n  var end = null;\n  events = events.match(codes, start, end, true);\n\n  events.specificContext=new Specifics(Row.buildForDataCriteria(events.specific_occurrence, events))\n  return events;\n}\n\nhqmfjs.OccurrenceBFractureLowerBody218 = function(patient) {\n  var events = patient.allProblems();\n  events.specific_occurrence = 'OccurrenceBFractureLowerBody218'\n  events = events.withStatuses([\"active\"]);\n  events = events.withoutNegation();\n  var codes = getCodes(\"2.16.840.1.113883.3.464.1003.113.12.1037\");\n  var start = null;\n  var end = null;\n  events = events.match(codes, start, end, true);\n\n  events.specificContext=new Specifics(Row.buildForDataCriteria(events.specific_occurrence, events))\n  return events;\n}\n\nhqmfjs.OccurrenceAOfficeVisit219 = function(patient) {\n  var events = patient.encounters();\n  events.specific_occurrence = 'OccurrenceAOfficeVisit219'\n  events = events.withStatuses([\"performed\"]);\n  events = events.withoutNegation();\n  var codes = getCodes(\"2.16.840.1.113883.3.464.1003.101.12.1001\");\n  var start = null;\n  var end = null;\n  events = events.match(codes, start, end, true);\n\n  events.specificContext=new Specifics(Row.buildForDataCriteria(events.specific_occurrence, events))\n  return events;\n}\n\nhqmfjs.DiagnosisActiveFractureLowerBody = function(patient) {\n  var events = patient.allProblems();\n  events = events.withStatuses([\"active\"]);\n  events = events.withoutNegation();\n  var codes = getCodes(\"2.16.840.1.113883.3.464.1003.113.12.1037\");\n  var start = null;\n  var end = null;\n  events = events.match(codes, start, end, true);\n\n  events.specificContext=Specifics.identity()\n  return events;\n}\n\nhqmfjs.ProcedurePerformedPrimaryTkaProcedure = function(patient) {\n  var events = patient.allProcedures();\n  events = events.withStatuses([\"performed\"]);\n  events = events.withoutNegation();\n  var codes = getCodes(\"2.16.840.1.113883.3.464.1003.198.12.1007\");\n  var start = null;\n  var end = null;\n  events = events.match(codes, start, end, true);\n\n  events.specificContext=Specifics.identity()\n  return events;\n}\n\nhqmfjs.OccurrenceAPrimaryTkaProcedure213 = function(patient) {\n  var events = patient.allProcedures();\n  events.specific_occurrence = 'OccurrenceAPrimaryTkaProcedure213'\n  events = events.withStatuses([\"performed\"]);\n  events = events.withoutNegation();\n  var codes = getCodes(\"2.16.840.1.113883.3.464.1003.198.12.1007\");\n  var start = null;\n  var end = null;\n  events = events.match(codes, start, end, true);\n\n  events.specificContext=new Specifics(Row.buildForDataCriteria(events.specific_occurrence, events))\n  return events;\n}\n\nhqmfjs.OccurrenceAFractureLowerBody217_precondition_5061 = function(patient) {\n  var events = patient.allProblems();\n  events.specific_occurrence = 'OccurrenceAFractureLowerBody217'\n  events = events.withStatuses([\"active\"]);\n  events = events.withoutNegation();\n  var codes = getCodes(\"2.16.840.1.113883.3.464.1003.113.12.1037\");\n  var start = null;\n  var end = null;\n  events = events.match(codes, start, end, true);\n\n  events = SBS(events, hqmfjs.OccurrenceAPrimaryTkaProcedure213(patient), new IVL_PQ(null, new PQ(1, \"d\", false)));\n  return events;\n}\n\nhqmfjs.OccurrenceAFractureLowerBody217_precondition_5063 = function(patient) {\n  var events = patient.allProblems();\n  events.specific_occurrence = 'OccurrenceAFractureLowerBody217'\n  events = events.withStatuses([\"active\"]);\n  events = events.withoutNegation();\n  var codes = getCodes(\"2.16.840.1.113883.3.464.1003.113.12.1037\");\n  var start = null;\n  var end = null;\n  events = events.match(codes, start, end, true);\n\n  events = EAS(events, hqmfjs.OccurrenceAPrimaryTkaProcedure213(patient), new IVL_PQ(new PQ(1, \"h\", true), null));\n  return events;\n}\n\nhqmfjs.OccurrenceBFractureLowerBody218_precondition_5065 = function(patient) {\n  var events = patient.allProblems();\n  events.specific_occurrence = 'OccurrenceBFractureLowerBody218'\n  events = events.withStatuses([\"active\"]);\n  events = events.withoutNegation();\n  var codes = getCodes(\"2.16.840.1.113883.3.464.1003.113.12.1037\");\n  var start = null;\n  var end = null;\n  events = events.match(codes, start, end, true);\n\n  events = SBS(events, hqmfjs.OccurrenceAPrimaryTkaProcedure213(patient), new IVL_PQ(null, new PQ(1, \"d\", false)));\n  return events;\n}\n\nhqmfjs.OccurrenceBFractureLowerBody218_precondition_5067 = function(patient) {\n  var events = patient.allProblems();\n  events.specific_occurrence = 'OccurrenceBFractureLowerBody218'\n  events = events.withStatuses([\"active\"]);\n  events = events.withoutNegation();\n  var codes = getCodes(\"2.16.840.1.113883.3.464.1003.113.12.1037\");\n  var start = null;\n  var end = null;\n  events = events.match(codes, start, end, true);\n\n  events = EAS(events, hqmfjs.OccurrenceAPrimaryTkaProcedure213(patient), new IVL_PQ(new PQ(1, \"h\", true), null));\n  return events;\n}\n\nhqmfjs.DiagnosisActiveSevereDementia_precondition_5073 = function(patient) {\n  var events = patient.allProblems();\n  events = events.withStatuses([\"active\"]);\n  events = events.withoutNegation();\n  var codes = getCodes(\"2.16.840.1.113883.3.526.3.1025\");\n  var start = null;\n  var end = null;\n  events = events.match(codes, start, end, true);\n\n  events = SBE(events, hqmfjs.MeasurePeriod(patient));\n  return events;\n}\n\nhqmfjs.DiagnosisActiveSevereDementia_precondition_5071 = function(patient) {\n  var events = patient.allProblems();\n  events = events.withStatuses([\"active\"]);\n  events = events.withoutNegation();\n  var codes = getCodes(\"2.16.840.1.113883.3.526.3.1025\");\n  var start = null;\n  var end = null;\n  events = events.match(codes, start, end, true);\n\n  events = EBS(events, hqmfjs.MeasurePeriod(patient));\n  return events;\n}\n\nhqmfjs.FunctionalStatusResultFunctionalStatusAssessmentForKneeReplacement_precondition_5081 = function(patient) {\n  var events = patient.procedureResults();\n  events = events.withoutNegation();\n  var codes = getCodes(\"2.16.840.1.113883.3.464.1003.118.12.1030\");\n  var start = null;\n  var end = null;\n  events = events.match(codes, start, end, true);\n\n  events = EBS(events, hqmfjs.OccurrenceAPrimaryTkaProcedure213(patient), new IVL_PQ(null, new PQ(180, \"d\", true)));\n  return events;\n}\n\nhqmfjs.OccurrenceAFunctionalStatusAssessmentForKneeReplacement216_precondition_5083 = function(patient) {\n  var events = patient.procedureResults();\n  events.specific_occurrence = 'OccurrenceAFunctionalStatusAssessmentForKneeReplacement216'\n  events = events.withoutNegation();\n  var codes = getCodes(\"2.16.840.1.113883.3.464.1003.118.12.1030\");\n  var start = null;\n  var end = null;\n  events = events.match(codes, start, end, true);\n\n  events = EAE(events, hqmfjs.OccurrenceAPrimaryTkaProcedure213(patient), new IVL_PQ(null, new PQ(180, \"d\", true)));\n  return events;\n}\n\nhqmfjs.OccurrenceAFunctionalStatusAssessmentForKneeReplacement216_precondition_5085 = function(patient) {\n  var events = patient.procedureResults();\n  events.specific_occurrence = 'OccurrenceAFunctionalStatusAssessmentForKneeReplacement216'\n  events = events.withoutNegation();\n  var codes = getCodes(\"2.16.840.1.113883.3.464.1003.118.12.1030\");\n  var start = null;\n  var end = null;\n  events = events.match(codes, start, end, true);\n\n  events = EAE(events, hqmfjs.OccurrenceAPrimaryTkaProcedure213(patient), new IVL_PQ(new PQ(60, \"d\", true), null));\n  return events;\n}\n\nhqmfjs.PatientCharacteristicBirthdateBirthDate_precondition_5088 = function(patient) {\nvar value = patient.birthtime();\nvar events = [value];\nevents = SBS(events, hqmfjs.MeasurePeriod(patient), new IVL_PQ(new PQ(18, \"a\", true), null));\nevents.specificContext=Specifics.identity();\nreturn events;\n\n}\n\nhqmfjs.OccurrenceAPrimaryTkaProcedure213_precondition_5090 = function(patient) {\n  var events = patient.allProcedures();\n  events.specific_occurrence = 'OccurrenceAPrimaryTkaProcedure213'\n  events = events.withStatuses([\"performed\"]);\n  events = events.withoutNegation();\n  var codes = getCodes(\"2.16.840.1.113883.3.464.1003.198.12.1007\");\n  var start = null;\n  var end = null;\n  events = events.match(codes, start, end, true);\n\n  events = EBS(events, hqmfjs.MeasurePeriod(patient), new IVL_PQ(null, new PQ(180, \"d\", true)));\n  return events;\n}\n\nhqmfjs.OccurrenceAPrimaryTkaProcedure213_precondition_5092 = function(patient) {\n  var events = patient.allProcedures();\n  events.specific_occurrence = 'OccurrenceAPrimaryTkaProcedure213'\n  events = events.withStatuses([\"performed\"]);\n  events = events.withoutNegation();\n  var codes = getCodes(\"2.16.840.1.113883.3.464.1003.198.12.1007\");\n  var start = null;\n  var end = null;\n  events = events.match(codes, start, end, true);\n\n  events = EAS(events, hqmfjs.MeasurePeriod(patient), new IVL_PQ(null, new PQ(185, \"d\", true)));\n  return events;\n}\n\nhqmfjs.EncounterPerformedOutpatientConsultation_precondition_5096 = function(patient) {\n  var events = patient.encounters();\n  events = events.withStatuses([\"performed\"]);\n  events = events.withoutNegation();\n  var codes = getCodes(\"2.16.840.1.113883.3.464.1003.101.12.1008\");\n  var start = null;\n  var end = null;\n  events = events.match(codes, start, end, true);\n\n  events = EBS(events, hqmfjs.OccurrenceAPrimaryTkaProcedure213(patient), new IVL_PQ(null, new PQ(180, \"d\", true)));\n  return events;\n}\n\nhqmfjs.OccurrenceAOutpatientConsultation214_precondition_5098 = function(patient) {\n  var events = patient.encounters();\n  events.specific_occurrence = 'OccurrenceAOutpatientConsultation214'\n  events = events.withStatuses([\"performed\"]);\n  events = events.withoutNegation();\n  var codes = getCodes(\"2.16.840.1.113883.3.464.1003.101.12.1008\");\n  var start = null;\n  var end = null;\n  events = events.match(codes, start, end, true);\n\n  events = EAE(events, hqmfjs.OccurrenceAPrimaryTkaProcedure213(patient), new IVL_PQ(new PQ(60, \"d\", true), null));\n  return events;\n}\n\nhqmfjs.OccurrenceAOutpatientConsultation214_precondition_5100 = function(patient) {\n  var events = patient.encounters();\n  events.specific_occurrence = 'OccurrenceAOutpatientConsultation214'\n  events = events.withStatuses([\"performed\"]);\n  events = events.withoutNegation();\n  var codes = getCodes(\"2.16.840.1.113883.3.464.1003.101.12.1008\");\n  var start = null;\n  var end = null;\n  events = events.match(codes, start, end, true);\n\n  events = EAE(events, hqmfjs.OccurrenceAPrimaryTkaProcedure213(patient), new IVL_PQ(null, new PQ(180, \"d\", true)));\n  return events;\n}\n\nhqmfjs.EncounterPerformedFaceToFaceInteraction_precondition_5104 = function(patient) {\n  var events = patient.encounters();\n  events = events.withStatuses([\"performed\"]);\n  events = events.withoutNegation();\n  var codes = getCodes(\"2.16.840.1.113883.3.464.1003.101.12.1048\");\n  var start = null;\n  var end = null;\n  events = events.match(codes, start, end, true);\n\n  events = EBS(events, hqmfjs.OccurrenceAPrimaryTkaProcedure213(patient), new IVL_PQ(null, new PQ(180, \"d\", true)));\n  return events;\n}\n\nhqmfjs.OccurrenceAFaceToFaceInteraction215_precondition_5106 = function(patient) {\n  var events = patient.encounters();\n  events.specific_occurrence = 'OccurrenceAFaceToFaceInteraction215'\n  events = events.withStatuses([\"performed\"]);\n  events = events.withoutNegation();\n  var codes = getCodes(\"2.16.840.1.113883.3.464.1003.101.12.1048\");\n  var start = null;\n  var end = null;\n  events = events.match(codes, start, end, true);\n\n  events = EAE(events, hqmfjs.OccurrenceAPrimaryTkaProcedure213(patient), new IVL_PQ(new PQ(60, \"d\", true), null));\n  return events;\n}\n\nhqmfjs.OccurrenceAFaceToFaceInteraction215_precondition_5108 = function(patient) {\n  var events = patient.encounters();\n  events.specific_occurrence = 'OccurrenceAFaceToFaceInteraction215'\n  events = events.withStatuses([\"performed\"]);\n  events = events.withoutNegation();\n  var codes = getCodes(\"2.16.840.1.113883.3.464.1003.101.12.1048\");\n  var start = null;\n  var end = null;\n  events = events.match(codes, start, end, true);\n\n  events = EAE(events, hqmfjs.OccurrenceAPrimaryTkaProcedure213(patient), new IVL_PQ(null, new PQ(180, \"d\", true)));\n  return events;\n}\n\nhqmfjs.EncounterPerformedOfficeVisit_precondition_5112 = function(patient) {\n  var events = patient.encounters();\n  events = events.withStatuses([\"performed\"]);\n  events = events.withoutNegation();\n  var codes = getCodes(\"2.16.840.1.113883.3.464.1003.101.12.1001\");\n  var start = null;\n  var end = null;\n  events = events.match(codes, start, end, true);\n\n  events = EBS(events, hqmfjs.OccurrenceAPrimaryTkaProcedure213(patient), new IVL_PQ(null, new PQ(180, \"d\", true)));\n  return events;\n}\n\nhqmfjs.OccurrenceAOfficeVisit219_precondition_5114 = function(patient) {\n  var events = patient.encounters();\n  events.specific_occurrence = 'OccurrenceAOfficeVisit219'\n  events = events.withStatuses([\"performed\"]);\n  events = events.withoutNegation();\n  var codes = getCodes(\"2.16.840.1.113883.3.464.1003.101.12.1001\");\n  var start = null;\n  var end = null;\n  events = events.match(codes, start, end, true);\n\n  events = EAE(events, hqmfjs.OccurrenceAPrimaryTkaProcedure213(patient), new IVL_PQ(new PQ(60, \"d\", true), null));\n  return events;\n}\n\nhqmfjs.OccurrenceAOfficeVisit219_precondition_5116 = function(patient) {\n  var events = patient.encounters();\n  events.specific_occurrence = 'OccurrenceAOfficeVisit219'\n  events = events.withStatuses([\"performed\"]);\n  events = events.withoutNegation();\n  var codes = getCodes(\"2.16.840.1.113883.3.464.1003.101.12.1001\");\n  var start = null;\n  var end = null;\n  events = events.match(codes, start, end, true);\n\n  events = EAE(events, hqmfjs.OccurrenceAPrimaryTkaProcedure213(patient), new IVL_PQ(null, new PQ(180, \"d\", true)));\n  return events;\n}\n\n\n\n        // #########################\n        // ##### MEASURE LOGIC #####\n        // #########################\n        \n        hqmfjs.initializeSpecifics = function(patient_api, hqmfjs) { Specifics.initialize(patient_api,hqmfjs,{\"id\":\"OccurrenceAPrimaryTkaProcedure213\",\"type\":\"\",\"function\":\"OccurrenceAPrimaryTkaProcedure213\"},{\"id\":\"OccurrenceAOutpatientConsultation214\",\"type\":\"\",\"function\":\"OccurrenceAOutpatientConsultation214\"},{\"id\":\"OccurrenceAFaceToFaceInteraction215\",\"type\":\"\",\"function\":\"OccurrenceAFaceToFaceInteraction215\"},{\"id\":\"OccurrenceAFunctionalStatusAssessmentForKneeReplacement216\",\"type\":\"\",\"function\":\"OccurrenceAFunctionalStatusAssessmentForKneeReplacement216\"},{\"id\":\"OccurrenceAFractureLowerBody217\",\"type\":\"\",\"function\":\"OccurrenceAFractureLowerBody217\"},{\"id\":\"OccurrenceBFractureLowerBody218\",\"type\":\"\",\"function\":\"OccurrenceBFractureLowerBody218\"},{\"id\":\"OccurrenceAOfficeVisit219\",\"type\":\"\",\"function\":\"OccurrenceAOfficeVisit219\"}) }\n\n        // INITIAL PATIENT POPULATION\n        hqmfjs.IPP = function(patient) {\n  return allTrue(  \n    allTrue(    \n      hqmfjs.PatientCharacteristicBirthdateBirthDate_precondition_5088(patient),    \n      atLeastOneTrue(      \n        hqmfjs.OccurrenceAPrimaryTkaProcedure213_precondition_5090(patient),      \n        hqmfjs.OccurrenceAPrimaryTkaProcedure213_precondition_5092(patient)\n      ),    \n      atLeastOneTrue(      \n        allTrue(        \n          hqmfjs.EncounterPerformedOutpatientConsultation_precondition_5096(patient),        \n          hqmfjs.OccurrenceAOutpatientConsultation214_precondition_5098(patient),        \n          hqmfjs.OccurrenceAOutpatientConsultation214_precondition_5100(patient)\n        ),      \n        allTrue(        \n          hqmfjs.EncounterPerformedFaceToFaceInteraction_precondition_5104(patient),        \n          hqmfjs.OccurrenceAFaceToFaceInteraction215_precondition_5106(patient),        \n          hqmfjs.OccurrenceAFaceToFaceInteraction215_precondition_5108(patient)\n        ),      \n        allTrue(        \n          hqmfjs.EncounterPerformedOfficeVisit_precondition_5112(patient),        \n          hqmfjs.OccurrenceAOfficeVisit219_precondition_5114(patient),        \n          hqmfjs.OccurrenceAOfficeVisit219_precondition_5116(patient)\n        )\n      )\n    )\n  );\n};\n\n\n        // DENOMINATOR\n        hqmfjs.DENOM = function(patient) { return new Boolean(true); }\n        // NUMERATOR\n        hqmfjs.NUMER = function(patient) {\n  return allTrue(  \n    allTrue(    \n      hqmfjs.FunctionalStatusResultFunctionalStatusAssessmentForKneeReplacement_precondition_5081(patient),    \n      hqmfjs.OccurrenceAFunctionalStatusAssessmentForKneeReplacement216_precondition_5083(patient),    \n      hqmfjs.OccurrenceAFunctionalStatusAssessmentForKneeReplacement216_precondition_5085(patient)\n    )\n  );\n};\n\n\n        hqmfjs.DENEX = function(patient) {\n  return atLeastOneTrue(  \n    allTrue(    \n      atLeastOneTrue(      \n        allTrue(        \n          hqmfjs.OccurrenceAFractureLowerBody217_precondition_5061(patient),        \n          hqmfjs.OccurrenceAFractureLowerBody217_precondition_5063(patient),        \n          hqmfjs.OccurrenceBFractureLowerBody218_precondition_5065(patient),        \n          hqmfjs.OccurrenceBFractureLowerBody218_precondition_5067(patient)\n        ),      \n        allTrue(        \n          hqmfjs.DiagnosisActiveSevereDementia_precondition_5073(patient),        \n          atLeastOneFalse(          \n            hqmfjs.DiagnosisActiveSevereDementia_precondition_5071(patient)\n          )\n        )\n      )\n    )\n  );\n};\n\n\n        hqmfjs.DENEXCEP = function(patient) { return new Boolean(false); }\n        \n\n      hqmfjs.initializeSpecifics(patient_api, hqmfjs)\n      \n      var population = function() {\n        return executeIfAvailable(hqmfjs.IPP, patient_api);\n      }\n      var denominator = function() {\n        return executeIfAvailable(hqmfjs.DENOM, patient_api);\n      }\n      var numerator = function() {\n        return executeIfAvailable(hqmfjs.NUMER, patient_api);\n      }\n      var exclusion = function() {\n        return executeIfAvailable(hqmfjs.DENEX, patient_api);\n      }\n      var denexcep = function() {\n        return executeIfAvailable(hqmfjs.DENEXCEP, patient_api);\n      }\n      \n      var executeIfAvailable = function(optionalFunction, arg) {\n        if (typeof(optionalFunction)==='function')\n          return optionalFunction(arg);\n        else\n          return false;\n      }\n\n      if (Logger.enabled) enableMeasureLogging(hqmfjs);\n\n      map(patient, population, denominator, numerator, exclusion, denexcep);\n      \n      };\n      ",
  "data_criteria": [
    {
      "OccurrenceAFractureLowerBody217_precondition_5061": {
        "title": "Fracture - Lower Body",
        "description": "Diagnosis, Active: Fracture - Lower Body",
        "standard_category": "diagnosis_condition_problem",
        "qds_data_type": "diagnosis_active",
        "code_list_id": "2.16.840.1.113883.3.464.1003.113.12.1037",
        "type": "conditions",
        "definition": "diagnosis",
        "status": "active",
        "hard_status": false,
        "negation": false,
        "specific_occurrence": "A",
        "source_data_criteria": "OccurrenceAFractureLowerBody217",
        "temporal_references": [
          {
            "type": "SBS",
            "reference": "OccurrenceAPrimaryTkaProcedure213",
            "range": {
              "type": "IVL_PQ",
              "high": {
                "type": "PQ",
                "unit": "d",
                "value": "1",
                "inclusive?": false,
                "derived?": false
              }
            }
          }
        ]
      }
    },
    {
      "OccurrenceAPrimaryTkaProcedure213": {
        "title": "Primary TKA Procedure",
        "description": "Procedure, Performed: Primary TKA Procedure",
        "standard_category": "procedure",
        "qds_data_type": "procedure_performed",
        "code_list_id": "2.16.840.1.113883.3.464.1003.198.12.1007",
        "type": "procedures",
        "definition": "procedure",
        "status": "performed",
        "hard_status": false,
        "negation": false,
        "specific_occurrence": "A",
        "source_data_criteria": "OccurrenceAPrimaryTkaProcedure213"
      }
    },
    {
      "OccurrenceAFractureLowerBody217_precondition_5063": {
        "title": "Fracture - Lower Body",
        "description": "Diagnosis, Active: Fracture - Lower Body",
        "standard_category": "diagnosis_condition_problem",
        "qds_data_type": "diagnosis_active",
        "code_list_id": "2.16.840.1.113883.3.464.1003.113.12.1037",
        "type": "conditions",
        "definition": "diagnosis",
        "status": "active",
        "hard_status": false,
        "negation": false,
        "specific_occurrence": "A",
        "source_data_criteria": "OccurrenceAFractureLowerBody217",
        "temporal_references": [
          {
            "type": "EAS",
            "reference": "OccurrenceAPrimaryTkaProcedure213",
            "range": {
              "type": "IVL_PQ",
              "low": {
                "type": "PQ",
                "unit": "h",
                "value": "1",
                "inclusive?": true,
                "derived?": false
              }
            }
          }
        ]
      }
    },
    {
      "OccurrenceBFractureLowerBody218_precondition_5065": {
        "title": "Fracture - Lower Body",
        "description": "Diagnosis, Active: Fracture - Lower Body",
        "standard_category": "diagnosis_condition_problem",
        "qds_data_type": "diagnosis_active",
        "code_list_id": "2.16.840.1.113883.3.464.1003.113.12.1037",
        "type": "conditions",
        "definition": "diagnosis",
        "status": "active",
        "hard_status": false,
        "negation": false,
        "specific_occurrence": "B",
        "source_data_criteria": "OccurrenceBFractureLowerBody218",
        "temporal_references": [
          {
            "type": "SBS",
            "reference": "OccurrenceAPrimaryTkaProcedure213",
            "range": {
              "type": "IVL_PQ",
              "high": {
                "type": "PQ",
                "unit": "d",
                "value": "1",
                "inclusive?": false,
                "derived?": false
              }
            }
          }
        ]
      }
    },
    {
      "OccurrenceBFractureLowerBody218_precondition_5067": {
        "title": "Fracture - Lower Body",
        "description": "Diagnosis, Active: Fracture - Lower Body",
        "standard_category": "diagnosis_condition_problem",
        "qds_data_type": "diagnosis_active",
        "code_list_id": "2.16.840.1.113883.3.464.1003.113.12.1037",
        "type": "conditions",
        "definition": "diagnosis",
        "status": "active",
        "hard_status": false,
        "negation": false,
        "specific_occurrence": "B",
        "source_data_criteria": "OccurrenceBFractureLowerBody218",
        "temporal_references": [
          {
            "type": "EAS",
            "reference": "OccurrenceAPrimaryTkaProcedure213",
            "range": {
              "type": "IVL_PQ",
              "low": {
                "type": "PQ",
                "unit": "h",
                "value": "1",
                "inclusive?": true,
                "derived?": false
              }
            }
          }
        ]
      }
    },
    {
      "DiagnosisActiveSevereDementia_precondition_5073": {
        "title": "Severe Dementia",
        "description": "Diagnosis, Active: Severe Dementia",
        "standard_category": "diagnosis_condition_problem",
        "qds_data_type": "diagnosis_active",
        "code_list_id": "2.16.840.1.113883.3.526.3.1025",
        "type": "conditions",
        "definition": "diagnosis",
        "status": "active",
        "hard_status": false,
        "negation": false,
        "source_data_criteria": "DiagnosisActiveSevereDementia",
        "temporal_references": [
          {
            "type": "SBE",
            "reference": "MeasurePeriod"
          }
        ]
      }
    },
    {
      "DiagnosisActiveSevereDementia_precondition_5071": {
        "title": "Severe Dementia",
        "description": "Diagnosis, Active: Severe Dementia",
        "standard_category": "diagnosis_condition_problem",
        "qds_data_type": "diagnosis_active",
        "code_list_id": "2.16.840.1.113883.3.526.3.1025",
        "type": "conditions",
        "definition": "diagnosis",
        "status": "active",
        "hard_status": false,
        "negation": false,
        "source_data_criteria": "DiagnosisActiveSevereDementia",
        "temporal_references": [
          {
            "type": "EBS",
            "reference": "MeasurePeriod"
          }
        ]
      }
    },
    {
      "FunctionalStatusResultFunctionalStatusAssessmentForKneeReplacement_precondition_5081": {
        "title": "Functional Status Assessment for Knee Replacement",
        "description": "Functional Status, Result: Functional Status Assessment for Knee Replacement",
        "standard_category": "procedure",
        "qds_data_type": "procedure_result",
        "code_list_id": "2.16.840.1.113883.3.464.1003.118.12.1030",
        "type": "functional_statuses",
        "definition": "functional_status_result",
        "hard_status": false,
        "negation": false,
        "source_data_criteria": "FunctionalStatusResultFunctionalStatusAssessmentForKneeReplacement",
        "temporal_references": [
          {
            "type": "EBS",
            "reference": "OccurrenceAPrimaryTkaProcedure213",
            "range": {
              "type": "IVL_PQ",
              "high": {
                "type": "PQ",
                "unit": "d",
                "value": "180",
                "inclusive?": true,
                "derived?": false
              }
            }
          }
        ]
      }
    },
    {
      "OccurrenceAFunctionalStatusAssessmentForKneeReplacement216_precondition_5083": {
        "title": "Functional Status Assessment for Knee Replacement",
        "description": "Functional Status Result: Functional Status Assessment for Knee Replacement",
        "standard_category": "procedure",
        "qds_data_type": "procedure_result",
        "code_list_id": "2.16.840.1.113883.3.464.1003.118.12.1030",
        "type": "functional_statuses",
        "definition": "functional_status_result",
        "hard_status": false,
        "negation": false,
        "specific_occurrence": "A",
        "source_data_criteria": "OccurrenceAFunctionalStatusAssessmentForKneeReplacement216",
        "temporal_references": [
          {
            "type": "EAE",
            "reference": "OccurrenceAPrimaryTkaProcedure213",
            "range": {
              "type": "IVL_PQ",
              "high": {
                "type": "PQ",
                "unit": "d",
                "value": "180",
                "inclusive?": true,
                "derived?": false
              }
            }
          }
        ]
      }
    },
    {
      "OccurrenceAFunctionalStatusAssessmentForKneeReplacement216_precondition_5085": {
        "title": "Functional Status Assessment for Knee Replacement",
        "description": "Functional Status Result: Functional Status Assessment for Knee Replacement",
        "standard_category": "procedure",
        "qds_data_type": "procedure_result",
        "code_list_id": "2.16.840.1.113883.3.464.1003.118.12.1030",
        "type": "functional_statuses",
        "definition": "functional_status_result",
        "hard_status": false,
        "negation": false,
        "specific_occurrence": "A",
        "source_data_criteria": "OccurrenceAFunctionalStatusAssessmentForKneeReplacement216",
        "temporal_references": [
          {
            "type": "EAE",
            "reference": "OccurrenceAPrimaryTkaProcedure213",
            "range": {
              "type": "IVL_PQ",
              "low": {
                "type": "PQ",
                "unit": "d",
                "value": "60",
                "inclusive?": true,
                "derived?": false
              }
            }
          }
        ]
      }
    },
    {
      "PatientCharacteristicBirthdateBirthDate_precondition_5088": {
        "title": "birth date",
        "description": "Patient Characteristic Birthdate: birth date",
        "standard_category": "individual_characteristic",
        "qds_data_type": "individual_characteristic",
        "code_list_id": "2.16.840.1.113883.3.560.100.4",
        "property": "birthtime",
        "type": "characteristic",
        "definition": "patient_characteristic_birthdate",
        "hard_status": false,
        "negation": false,
        "source_data_criteria": "PatientCharacteristicBirthdateBirthDate",
        "inline_code_list": {
          "LOINC": [
            "21112-8"
          ]
        },
        "temporal_references": [
          {
            "type": "SBS",
            "reference": "MeasurePeriod",
            "range": {
              "type": "IVL_PQ",
              "low": {
                "type": "PQ",
                "unit": "a",
                "value": "18",
                "inclusive?": true,
                "derived?": false
              }
            }
          }
        ]
      }
    },
    {
      "OccurrenceAPrimaryTkaProcedure213_precondition_5090": {
        "title": "Primary TKA Procedure",
        "description": "Procedure, Performed: Primary TKA Procedure",
        "standard_category": "procedure",
        "qds_data_type": "procedure_performed",
        "code_list_id": "2.16.840.1.113883.3.464.1003.198.12.1007",
        "type": "procedures",
        "definition": "procedure",
        "status": "performed",
        "hard_status": false,
        "negation": false,
        "specific_occurrence": "A",
        "source_data_criteria": "OccurrenceAPrimaryTkaProcedure213",
        "temporal_references": [
          {
            "type": "EBS",
            "reference": "MeasurePeriod",
            "range": {
              "type": "IVL_PQ",
              "high": {
                "type": "PQ",
                "unit": "d",
                "value": "180",
                "inclusive?": true,
                "derived?": false
              }
            }
          }
        ]
      }
    },
    {
      "OccurrenceAPrimaryTkaProcedure213_precondition_5092": {
        "title": "Primary TKA Procedure",
        "description": "Procedure, Performed: Primary TKA Procedure",
        "standard_category": "procedure",
        "qds_data_type": "procedure_performed",
        "code_list_id": "2.16.840.1.113883.3.464.1003.198.12.1007",
        "type": "procedures",
        "definition": "procedure",
        "status": "performed",
        "hard_status": false,
        "negation": false,
        "specific_occurrence": "A",
        "source_data_criteria": "OccurrenceAPrimaryTkaProcedure213",
        "temporal_references": [
          {
            "type": "EAS",
            "reference": "MeasurePeriod",
            "range": {
              "type": "IVL_PQ",
              "high": {
                "type": "PQ",
                "unit": "d",
                "value": "185",
                "inclusive?": true,
                "derived?": false
              }
            }
          }
        ]
      }
    },
    {
      "EncounterPerformedOutpatientConsultation_precondition_5096": {
        "title": "Outpatient Consultation",
        "description": "Encounter, Performed: Outpatient Consultation",
        "standard_category": "encounter",
        "qds_data_type": "encounter",
        "code_list_id": "2.16.840.1.113883.3.464.1003.101.12.1008",
        "type": "encounters",
        "definition": "encounter",
        "status": "performed",
        "hard_status": false,
        "negation": false,
        "source_data_criteria": "EncounterPerformedOutpatientConsultation",
        "temporal_references": [
          {
            "type": "EBS",
            "reference": "OccurrenceAPrimaryTkaProcedure213",
            "range": {
              "type": "IVL_PQ",
              "high": {
                "type": "PQ",
                "unit": "d",
                "value": "180",
                "inclusive?": true,
                "derived?": false
              }
            }
          }
        ]
      }
    },
    {
      "OccurrenceAOutpatientConsultation214_precondition_5098": {
        "title": "Outpatient Consultation",
        "description": "Encounter, Performed: Outpatient Consultation",
        "standard_category": "encounter",
        "qds_data_type": "encounter",
        "code_list_id": "2.16.840.1.113883.3.464.1003.101.12.1008",
        "type": "encounters",
        "definition": "encounter",
        "status": "performed",
        "hard_status": false,
        "negation": false,
        "specific_occurrence": "A",
        "source_data_criteria": "OccurrenceAOutpatientConsultation214",
        "temporal_references": [
          {
            "type": "EAE",
            "reference": "OccurrenceAPrimaryTkaProcedure213",
            "range": {
              "type": "IVL_PQ",
              "low": {
                "type": "PQ",
                "unit": "d",
                "value": "60",
                "inclusive?": true,
                "derived?": false
              }
            }
          }
        ]
      }
    },
    {
      "OccurrenceAOutpatientConsultation214_precondition_5100": {
        "title": "Outpatient Consultation",
        "description": "Encounter, Performed: Outpatient Consultation",
        "standard_category": "encounter",
        "qds_data_type": "encounter",
        "code_list_id": "2.16.840.1.113883.3.464.1003.101.12.1008",
        "type": "encounters",
        "definition": "encounter",
        "status": "performed",
        "hard_status": false,
        "negation": false,
        "specific_occurrence": "A",
        "source_data_criteria": "OccurrenceAOutpatientConsultation214",
        "temporal_references": [
          {
            "type": "EAE",
            "reference": "OccurrenceAPrimaryTkaProcedure213",
            "range": {
              "type": "IVL_PQ",
              "high": {
                "type": "PQ",
                "unit": "d",
                "value": "180",
                "inclusive?": true,
                "derived?": false
              }
            }
          }
        ]
      }
    },
    {
      "EncounterPerformedFaceToFaceInteraction_precondition_5104": {
        "title": "Face-to-Face Interaction",
        "description": "Encounter, Performed: Face-to-Face Interaction",
        "standard_category": "encounter",
        "qds_data_type": "encounter",
        "code_list_id": "2.16.840.1.113883.3.464.1003.101.12.1048",
        "type": "encounters",
        "definition": "encounter",
        "status": "performed",
        "hard_status": false,
        "negation": false,
        "source_data_criteria": "EncounterPerformedFaceToFaceInteraction",
        "temporal_references": [
          {
            "type": "EBS",
            "reference": "OccurrenceAPrimaryTkaProcedure213",
            "range": {
              "type": "IVL_PQ",
              "high": {
                "type": "PQ",
                "unit": "d",
                "value": "180",
                "inclusive?": true,
                "derived?": false
              }
            }
          }
        ]
      }
    },
    {
      "OccurrenceAFaceToFaceInteraction215_precondition_5106": {
        "title": "Face-to-Face Interaction",
        "description": "Encounter, Performed: Face-to-Face Interaction",
        "standard_category": "encounter",
        "qds_data_type": "encounter",
        "code_list_id": "2.16.840.1.113883.3.464.1003.101.12.1048",
        "type": "encounters",
        "definition": "encounter",
        "status": "performed",
        "hard_status": false,
        "negation": false,
        "specific_occurrence": "A",
        "source_data_criteria": "OccurrenceAFaceToFaceInteraction215",
        "temporal_references": [
          {
            "type": "EAE",
            "reference": "OccurrenceAPrimaryTkaProcedure213",
            "range": {
              "type": "IVL_PQ",
              "low": {
                "type": "PQ",
                "unit": "d",
                "value": "60",
                "inclusive?": true,
                "derived?": false
              }
            }
          }
        ]
      }
    },
    {
      "OccurrenceAFaceToFaceInteraction215_precondition_5108": {
        "title": "Face-to-Face Interaction",
        "description": "Encounter, Performed: Face-to-Face Interaction",
        "standard_category": "encounter",
        "qds_data_type": "encounter",
        "code_list_id": "2.16.840.1.113883.3.464.1003.101.12.1048",
        "type": "encounters",
        "definition": "encounter",
        "status": "performed",
        "hard_status": false,
        "negation": false,
        "specific_occurrence": "A",
        "source_data_criteria": "OccurrenceAFaceToFaceInteraction215",
        "temporal_references": [
          {
            "type": "EAE",
            "reference": "OccurrenceAPrimaryTkaProcedure213",
            "range": {
              "type": "IVL_PQ",
              "high": {
                "type": "PQ",
                "unit": "d",
                "value": "180",
                "inclusive?": true,
                "derived?": false
              }
            }
          }
        ]
      }
    },
    {
      "EncounterPerformedOfficeVisit_precondition_5112": {
        "title": "Office Visit",
        "description": "Encounter, Performed: Office Visit",
        "standard_category": "encounter",
        "qds_data_type": "encounter",
        "code_list_id": "2.16.840.1.113883.3.464.1003.101.12.1001",
        "type": "encounters",
        "definition": "encounter",
        "status": "performed",
        "hard_status": false,
        "negation": false,
        "source_data_criteria": "EncounterPerformedOfficeVisit",
        "temporal_references": [
          {
            "type": "EBS",
            "reference": "OccurrenceAPrimaryTkaProcedure213",
            "range": {
              "type": "IVL_PQ",
              "high": {
                "type": "PQ",
                "unit": "d",
                "value": "180",
                "inclusive?": true,
                "derived?": false
              }
            }
          }
        ]
      }
    },
    {
      "OccurrenceAOfficeVisit219_precondition_5114": {
        "title": "Office Visit",
        "description": "Encounter, Performed: Office Visit",
        "standard_category": "encounter",
        "qds_data_type": "encounter",
        "code_list_id": "2.16.840.1.113883.3.464.1003.101.12.1001",
        "type": "encounters",
        "definition": "encounter",
        "status": "performed",
        "hard_status": false,
        "negation": false,
        "specific_occurrence": "A",
        "source_data_criteria": "OccurrenceAOfficeVisit219",
        "temporal_references": [
          {
            "type": "EAE",
            "reference": "OccurrenceAPrimaryTkaProcedure213",
            "range": {
              "type": "IVL_PQ",
              "low": {
                "type": "PQ",
                "unit": "d",
                "value": "60",
                "inclusive?": true,
                "derived?": false
              }
            }
          }
        ]
      }
    },
    {
      "OccurrenceAOfficeVisit219_precondition_5116": {
        "title": "Office Visit",
        "description": "Encounter, Performed: Office Visit",
        "standard_category": "encounter",
        "qds_data_type": "encounter",
        "code_list_id": "2.16.840.1.113883.3.464.1003.101.12.1001",
        "type": "encounters",
        "definition": "encounter",
        "status": "performed",
        "hard_status": false,
        "negation": false,
        "specific_occurrence": "A",
        "source_data_criteria": "OccurrenceAOfficeVisit219",
        "temporal_references": [
          {
            "type": "EAE",
            "reference": "OccurrenceAPrimaryTkaProcedure213",
            "range": {
              "type": "IVL_PQ",
              "high": {
                "type": "PQ",
                "unit": "d",
                "value": "180",
                "inclusive?": true,
                "derived?": false
              }
            }
          }
        ]
      }
    }
  ],
  "oids": [
    "2.16.840.1.113883.3.464.1003.101.12.1048",
    "2.16.840.1.113883.3.464.1003.198.12.1007",
    "2.16.840.1.113883.3.526.3.1025",
    "2.16.840.1.113883.3.464.1003.101.11.1005",
    "2.16.840.1.113883.3.464.1003.101.11.1040",
    "2.16.840.1.113883.3.560.100.4",
    "2.16.840.1.113883.3.464.1003.101.12.1001",
    "2.16.840.1.113883.3.464.1003.101.12.1008",
    "2.16.840.1.113883.3.464.1003.113.12.1037",
    "2.16.840.1.113883.3.464.1003.118.12.1030",
    "2.16.840.1.113883.3.464.1003.101.11.1216",
    "2.16.840.1.113883.3.464.1003.113.11.1069",
    "2.16.840.1.113883.3.464.1003.113.11.1070",
    "2.16.840.1.113883.3.464.1003.113.11.1071",
    "2.16.840.1.113883.3.464.1003.118.11.1040",
    "2.16.840.1.113883.3.464.1003.198.11.1010",
    "2.16.840.1.113883.3.464.1003.198.11.1011",
    "2.16.840.1.113883.3.526.2.1074"
  ],
  "population_ids": {
    "IPP": "439E5989-CA25-425B-896F-6B6F26561E10",
    "DENOM": "94C36A94-AE1A-4590-A6D5-898918CC7C13",
    "NUMER": "6AD4E8C5-F46C-4D66-90FC-6D5B45226C13",
    "DENEX": "E8F8B355-CAD2-4CEB-8E47-39035AC48831"
  }
}