{
  "id": "8A4D92B2-3A00-2A25-013A-409617472E41",
  "nqf_id": "HIVRNAControl",
  "hqmf_id": "8A4D92B2-3A00-2A25-013A-409617472E41",
  "hqmf_set_id": "E0A07809-7B74-473F-BCC4-1891BE506AAA",
  "hqmf_version_number": 1,
  "endorser": null,
  "name": "HIV/AIDS: RNA Control for Patients with HIV",
  "description": "Percentage of patients aged 13 years and older with a diagnosis of HIV/AIDS, with at least two visits during the measurement year, with at least 90 days between each visit, whose most recent HIV RNA level is <200 copies/mL.",
  "type": "ep",
  "category": "HIV",
  "steward": null,
  "population": {
    "conjunction": "and",
    "items": [
      {
        "conjunction": "and",
        "items": [
          {
            "title": "birth date",
            "description": "Patient Characteristic Birthdate: birth date",
            "standard_category": "individual_characteristic",
            "qds_data_type": "individual_characteristic",
            "code_list_id": "2.16.840.1.113883.3.560.100.4",
            "property": "birthtime",
            "type": "characteristic",
            "definition": "patient_characteristic_birthdate",
            "hard_status": false,
            "negation": false,
            "source_data_criteria": "PatientCharacteristicBirthdateBirthDate",
            "inline_code_list": {
              "LOINC": [
                "21112-8"
              ]
            },
            "temporal_references": [
              {
                "type": "SBS",
                "reference": "MeasurePeriod",
                "range": {
                  "type": "IVL_PQ",
                  "low": {
                    "type": "PQ",
                    "unit": "a",
                    "value": "13",
                    "inclusive?": true,
                    "derived?": false
                  }
                },
                "title": "MeasurePeriod"
              }
            ]
          },
          {
            "title": "HIV Visit",
            "description": "Encounter, Performed: HIV Visit",
            "standard_category": "encounter",
            "qds_data_type": "encounter",
            "code_list_id": "2.16.840.1.113883.3.464.1003.101.12.1047",
            "type": "encounters",
            "definition": "encounter",
            "status": "performed",
            "hard_status": false,
            "negation": false,
            "specific_occurrence": "A",
            "source_data_criteria": "OccurrenceAHivVisit332",
            "temporal_references": [
              {
                "type": "DURING",
                "reference": "MeasurePeriod",
                "title": "MeasurePeriod"
              }
            ]
          },
          {
            "title": "HIV Visit",
            "description": "Encounter, Performed: HIV Visit",
            "standard_category": "encounter",
            "qds_data_type": "encounter",
            "code_list_id": "2.16.840.1.113883.3.464.1003.101.12.1047",
            "type": "encounters",
            "definition": "encounter",
            "status": "performed",
            "hard_status": false,
            "negation": false,
            "specific_occurrence": "B",
            "source_data_criteria": "OccurrenceBHivVisit333",
            "temporal_references": [
              {
                "type": "DURING",
                "reference": "MeasurePeriod",
                "title": "MeasurePeriod"
              }
            ]
          },
          {
            "title": "HIV",
            "description": "Diagnosis, Active: HIV",
            "standard_category": "diagnosis_condition_problem",
            "qds_data_type": "diagnosis_active",
            "code_list_id": "2.16.840.1.113883.3.464.1003.120.12.1003",
            "type": "conditions",
            "definition": "diagnosis",
            "status": "active",
            "hard_status": false,
            "negation": false,
            "source_data_criteria": "DiagnosisActiveHiv",
            "temporal_references": [
              {
                "type": "SBE",
                "reference": "MeasurePeriod",
                "title": "MeasurePeriod"
              }
            ]
          },
          {
            "title": "HIV Visit",
            "description": "Encounter, Performed: HIV Visit",
            "standard_category": "encounter",
            "qds_data_type": "encounter",
            "code_list_id": "2.16.840.1.113883.3.464.1003.101.12.1047",
            "type": "encounters",
            "definition": "encounter",
            "status": "performed",
            "hard_status": false,
            "negation": false,
            "specific_occurrence": "B",
            "source_data_criteria": "OccurrenceBHivVisit333",
            "temporal_references": [
              {
                "type": "SAE",
                "reference": {
                  "title": "HIV Visit",
                  "description": "Encounter, Performed: HIV Visit",
                  "standard_category": "encounter",
                  "qds_data_type": "encounter",
                  "code_list_id": "2.16.840.1.113883.3.464.1003.101.12.1047",
                  "type": "encounters",
                  "definition": "encounter",
                  "status": "performed",
                  "hard_status": false,
                  "negation": false,
                  "specific_occurrence": "A",
                  "source_data_criteria": "OccurrenceAHivVisit332"
                },
                "range": {
                  "type": "IVL_PQ",
                  "low": {
                    "type": "PQ",
                    "unit": "d",
                    "value": "90",
                    "inclusive?": true,
                    "derived?": false
                  }
                }
              }
            ]
          }
        ],
        "negation": null,
        "precondition_id": 7147
      }
    ]
  },
  "denominator": {
    "conjunction": "and",
    "items": [

    ]
  },
  "numerator": {
    "conjunction": "and",
    "items": [
      {
        "conjunction": "and",
        "items": [
          {
            "title": "HIV Viral Load",
            "description": "Laboratory Test: HIV Viral Load",
            "standard_category": "laboratory_test",
            "qds_data_type": "laboratory_test",
            "code_list_id": "2.16.840.1.113883.3.464.1003.120.12.1002",
            "type": "laboratory_tests",
            "definition": "laboratory_test",
            "hard_status": false,
            "negation": false,
            "specific_occurrence": "A",
            "source_data_criteria": "OccurrenceAHivViralLoad334",
            "value": {
              "type": "ANYNonNull"
            },
            "temporal_references": [
              {
                "type": "DURING",
                "reference": "MeasurePeriod",
                "title": "MeasurePeriod"
              }
            ],
            "subset_operators": [
              {
                "type": "RECENT"
              }
            ]
          },
          {
            "title": "HIV Viral Load",
            "description": "Laboratory Test: HIV Viral Load",
            "standard_category": "laboratory_test",
            "qds_data_type": "laboratory_test",
            "code_list_id": "2.16.840.1.113883.3.464.1003.120.12.1002",
            "type": "laboratory_tests",
            "definition": "laboratory_test",
            "hard_status": false,
            "negation": false,
            "specific_occurrence": "A",
            "source_data_criteria": "OccurrenceAHivViralLoad334",
            "value": {
              "type": "IVL_PQ",
              "high": {
                "type": "PQ",
                "unit": "mL",
                "value": "200",
                "inclusive?": false,
                "derived?": false
              }
            }
          }
        ],
        "negation": null,
        "precondition_id": 7136
      }
    ]
  },
  "exclusions": null,
  "map_fn": "function() {\n        var patient = this;\n        var effective_date = <%= effective_date %>;\n\n        hqmfjs = {}\n        <%= init_js_frameworks %>\n        \n        \n      var patient_api = new hQuery.Patient(patient);\n\n      \n\n      // clear out logger\n      if (typeof Logger != 'undefined') Logger.logger = [];\n      // turn on logging if it is enabled\n      if (Logger.enabled) enableLogging();\n      \n      \n        // #########################\n        // ##### DATA ELEMENTS #####\n        // #########################\n\n        OidDictionary = <%= oid_dictionary %>;\n        \n        // Measure variables\nvar MeasurePeriod = {\n  \"low\": new TS(\"20100101\", null, true),\n  \"high\": new TS(\"20110101\", null, true)\n}\nhqmfjs.MeasurePeriod = function(patient) {\n  return [new hQuery.CodedEntry(\n    {\n      \"start_time\": MeasurePeriod.low.asDate().getTime()/1000,\n      \"end_time\": MeasurePeriod.high.asDate().getTime()/1000,\n      \"codes\": {}\n    }\n  )];\n}\nif (typeof effective_date === 'number') {\n  MeasurePeriod.high.date = new Date(1000*effective_date);\n  MeasurePeriod.low.date = new Date(1000*effective_date);\n  MeasurePeriod.low.date.setFullYear(MeasurePeriod.low.date.getFullYear()-1);\n}\n\n// Data critera\nhqmfjs.OccurrenceAHivVisit332 = function(patient) {\n  var events = patient.encounters();\n  events.specific_occurrence = 'OccurrenceAHivVisit332'\n  events = events.withStatuses([\"performed\"]);\n  events = events.withoutNegation();\n  var codes = getCodes(\"2.16.840.1.113883.3.464.1003.101.12.1047\");\n  var start = null;\n  var end = null;\n  events = events.match(codes, start, end, true);\n\n  events.specificContext=new Specifics(Row.buildForDataCriteria(events.specific_occurrence, events))\n  return events;\n}\n\nhqmfjs.OccurrenceBHivVisit333 = function(patient) {\n  var events = patient.encounters();\n  events.specific_occurrence = 'OccurrenceBHivVisit333'\n  events = events.withStatuses([\"performed\"]);\n  events = events.withoutNegation();\n  var codes = getCodes(\"2.16.840.1.113883.3.464.1003.101.12.1047\");\n  var start = null;\n  var end = null;\n  events = events.match(codes, start, end, true);\n\n  events.specificContext=new Specifics(Row.buildForDataCriteria(events.specific_occurrence, events))\n  return events;\n}\n\nhqmfjs.OccurrenceAHivViralLoad334 = function(patient) {\n  var events = patient.laboratoryTests();\n  events.specific_occurrence = 'OccurrenceAHivViralLoad334'\n  events = events.withoutNegation();\n  var codes = getCodes(\"2.16.840.1.113883.3.464.1003.120.12.1002\");\n  var start = null;\n  var end = null;\n  events = events.match(codes, start, end, true);\n\n  events.specificContext=new Specifics(Row.buildForDataCriteria(events.specific_occurrence, events))\n  return events;\n}\n\nhqmfjs.EncounterPerformedHivVisit = function(patient) {\n  var events = patient.encounters();\n  events = events.withStatuses([\"performed\"]);\n  events = events.withoutNegation();\n  var codes = getCodes(\"2.16.840.1.113883.3.464.1003.101.12.1047\");\n  var start = null;\n  var end = null;\n  events = events.match(codes, start, end, true);\n\n  events.specificContext=Specifics.identity()\n  return events;\n}\n\nhqmfjs.LaboratoryTestResultHivViralLoad = function(patient) {\n  var events = patient.laboratoryTests();\n  events = events.withoutNegation();\n  var codes = getCodes(\"2.16.840.1.113883.3.464.1003.120.12.1002\");\n  var start = null;\n  var end = null;\n  events = events.match(codes, start, end, true);\n\n  events.specificContext=Specifics.identity()\n  return events;\n}\n\nhqmfjs.OccurrenceAHivVisit332 = function(patient) {\n  var events = patient.encounters();\n  events.specific_occurrence = 'OccurrenceAHivVisit332'\n  events = events.withStatuses([\"performed\"]);\n  events = events.withoutNegation();\n  var codes = getCodes(\"2.16.840.1.113883.3.464.1003.101.12.1047\");\n  var start = null;\n  var end = null;\n  events = events.match(codes, start, end, true);\n\n  events.specificContext=new Specifics(Row.buildForDataCriteria(events.specific_occurrence, events))\n  return events;\n}\n\nhqmfjs.OccurrenceAHivViralLoad334_precondition_7131 = function(patient) {\n  var events = patient.laboratoryTests();\n  events.specific_occurrence = 'OccurrenceAHivViralLoad334'\n  events = events.withoutNegation();\n  var codes = getCodes(\"2.16.840.1.113883.3.464.1003.120.12.1002\");\n  var start = null;\n  var end = null;\n  events = events.match(codes, start, end, true);\n\n  events = filterEventsByValue(events, new ANYNonNull());\n  events = DURING(events, hqmfjs.MeasurePeriod(patient));\n  events = RECENT(events);\n  return events;\n}\n\nhqmfjs.OccurrenceAHivViralLoad334_precondition_7134 = function(patient) {\n  var events = patient.laboratoryTests();\n  events.specific_occurrence = 'OccurrenceAHivViralLoad334'\n  events = events.withoutNegation();\n  var codes = getCodes(\"2.16.840.1.113883.3.464.1003.120.12.1002\");\n  var start = null;\n  var end = null;\n  events = events.match(codes, start, end, true);\n\n  events = filterEventsByValue(events, new IVL_PQ(null, new PQ(200, \"mL\", false)));\n  events.specificContext=new Specifics(Row.buildForDataCriteria(events.specific_occurrence, events))\n  return events;\n}\n\nhqmfjs.PatientCharacteristicBirthdateBirthDate_precondition_7137 = function(patient) {\nvar value = patient.birthtime();\nvar events = [value];\nevents = SBS(events, hqmfjs.MeasurePeriod(patient), new IVL_PQ(new PQ(13, \"a\", true), null));\nevents.specificContext=Specifics.identity();\nreturn events;\n\n}\n\nhqmfjs.OccurrenceAHivVisit332_precondition_7139 = function(patient) {\n  var events = patient.encounters();\n  events.specific_occurrence = 'OccurrenceAHivVisit332'\n  events = events.withStatuses([\"performed\"]);\n  events = events.withoutNegation();\n  var codes = getCodes(\"2.16.840.1.113883.3.464.1003.101.12.1047\");\n  var start = null;\n  var end = null;\n  events = events.match(codes, start, end, true);\n\n  events = DURING(events, hqmfjs.MeasurePeriod(patient));\n  return events;\n}\n\nhqmfjs.OccurrenceBHivVisit333_precondition_7141 = function(patient) {\n  var events = patient.encounters();\n  events.specific_occurrence = 'OccurrenceBHivVisit333'\n  events = events.withStatuses([\"performed\"]);\n  events = events.withoutNegation();\n  var codes = getCodes(\"2.16.840.1.113883.3.464.1003.101.12.1047\");\n  var start = null;\n  var end = null;\n  events = events.match(codes, start, end, true);\n\n  events = DURING(events, hqmfjs.MeasurePeriod(patient));\n  return events;\n}\n\nhqmfjs.DiagnosisActiveHiv_precondition_7143 = function(patient) {\n  var events = patient.allProblems();\n  events = events.withStatuses([\"active\"]);\n  events = events.withoutNegation();\n  var codes = getCodes(\"2.16.840.1.113883.3.464.1003.120.12.1003\");\n  var start = null;\n  var end = null;\n  events = events.match(codes, start, end, true);\n\n  events = SBE(events, hqmfjs.MeasurePeriod(patient));\n  return events;\n}\n\nhqmfjs.OccurrenceBHivVisit333_precondition_7145 = function(patient) {\n  var events = patient.encounters();\n  events.specific_occurrence = 'OccurrenceBHivVisit333'\n  events = events.withStatuses([\"performed\"]);\n  events = events.withoutNegation();\n  var codes = getCodes(\"2.16.840.1.113883.3.464.1003.101.12.1047\");\n  var start = null;\n  var end = null;\n  events = events.match(codes, start, end, true);\n\n  events = SAE(events, hqmfjs.OccurrenceAHivVisit332(patient), new IVL_PQ(new PQ(90, \"d\", true), null));\n  return events;\n}\n\n\n\n        // #########################\n        // ##### MEASURE LOGIC #####\n        // #########################\n        \n        hqmfjs.initializeSpecifics = function(patient_api, hqmfjs) { Specifics.initialize(patient_api,hqmfjs,{\"id\":\"OccurrenceAHivVisit332\",\"type\":\"\",\"function\":\"OccurrenceAHivVisit332\"},{\"id\":\"OccurrenceBHivVisit333\",\"type\":\"\",\"function\":\"OccurrenceBHivVisit333\"},{\"id\":\"OccurrenceAHivViralLoad334\",\"type\":\"\",\"function\":\"OccurrenceAHivViralLoad334\"}) }\n\n        // INITIAL PATIENT POPULATION\n        hqmfjs.IPP = function(patient) {\n  return allTrue(  \n    allTrue(    \n      hqmfjs.PatientCharacteristicBirthdateBirthDate_precondition_7137(patient),    \n      hqmfjs.OccurrenceAHivVisit332_precondition_7139(patient),    \n      hqmfjs.OccurrenceBHivVisit333_precondition_7141(patient),    \n      hqmfjs.DiagnosisActiveHiv_precondition_7143(patient),    \n      hqmfjs.OccurrenceBHivVisit333_precondition_7145(patient)\n    )\n  );\n};\n\n\n        // DENOMINATOR\n        hqmfjs.DENOM = function(patient) { return new Boolean(true); }\n        // NUMERATOR\n        hqmfjs.NUMER = function(patient) {\n  return allTrue(  \n    allTrue(    \n      hqmfjs.OccurrenceAHivViralLoad334_precondition_7131(patient),    \n      hqmfjs.OccurrenceAHivViralLoad334_precondition_7134(patient)\n    )\n  );\n};\n\n\n        hqmfjs.DENEX = function(patient) { return new Boolean(false); }\n        hqmfjs.DENEXCEP = function(patient) { return new Boolean(false); }\n        \n\n      hqmfjs.initializeSpecifics(patient_api, hqmfjs)\n      \n      var population = function() {\n        return executeIfAvailable(hqmfjs.IPP, patient_api);\n      }\n      var denominator = function() {\n        return executeIfAvailable(hqmfjs.DENOM, patient_api);\n      }\n      var numerator = function() {\n        return executeIfAvailable(hqmfjs.NUMER, patient_api);\n      }\n      var exclusion = function() {\n        return executeIfAvailable(hqmfjs.DENEX, patient_api);\n      }\n      var denexcep = function() {\n        return executeIfAvailable(hqmfjs.DENEXCEP, patient_api);\n      }\n      \n      var executeIfAvailable = function(optionalFunction, arg) {\n        if (typeof(optionalFunction)==='function')\n          return optionalFunction(arg);\n        else\n          return false;\n      }\n\n      if (Logger.enabled) enableMeasureLogging(hqmfjs);\n\n      map(patient, population, denominator, numerator, exclusion, denexcep);\n      \n      };\n      ",
  "data_criteria": [
    {
      "OccurrenceAHivViralLoad334_precondition_7131": {
        "title": "HIV Viral Load",
        "description": "Laboratory Test: HIV Viral Load",
        "standard_category": "laboratory_test",
        "qds_data_type": "laboratory_test",
        "code_list_id": "2.16.840.1.113883.3.464.1003.120.12.1002",
        "type": "laboratory_tests",
        "definition": "laboratory_test",
        "hard_status": false,
        "negation": false,
        "specific_occurrence": "A",
        "source_data_criteria": "OccurrenceAHivViralLoad334",
        "value": {
          "type": "ANYNonNull"
        },
        "temporal_references": [
          {
            "type": "DURING",
            "reference": "MeasurePeriod"
          }
        ],
        "subset_operators": [
          {
            "type": "RECENT"
          }
        ]
      }
    },
    {
      "OccurrenceAHivViralLoad334_precondition_7134": {
        "title": "HIV Viral Load",
        "description": "Laboratory Test: HIV Viral Load",
        "standard_category": "laboratory_test",
        "qds_data_type": "laboratory_test",
        "code_list_id": "2.16.840.1.113883.3.464.1003.120.12.1002",
        "type": "laboratory_tests",
        "definition": "laboratory_test",
        "hard_status": false,
        "negation": false,
        "specific_occurrence": "A",
        "source_data_criteria": "OccurrenceAHivViralLoad334",
        "value": {
          "type": "IVL_PQ",
          "high": {
            "type": "PQ",
            "unit": "mL",
            "value": "200",
            "inclusive?": false,
            "derived?": false
          }
        }
      }
    },
    {
      "PatientCharacteristicBirthdateBirthDate_precondition_7137": {
        "title": "birth date",
        "description": "Patient Characteristic Birthdate: birth date",
        "standard_category": "individual_characteristic",
        "qds_data_type": "individual_characteristic",
        "code_list_id": "2.16.840.1.113883.3.560.100.4",
        "property": "birthtime",
        "type": "characteristic",
        "definition": "patient_characteristic_birthdate",
        "hard_status": false,
        "negation": false,
        "source_data_criteria": "PatientCharacteristicBirthdateBirthDate",
        "inline_code_list": {
          "LOINC": [
            "21112-8"
          ]
        },
        "temporal_references": [
          {
            "type": "SBS",
            "reference": "MeasurePeriod",
            "range": {
              "type": "IVL_PQ",
              "low": {
                "type": "PQ",
                "unit": "a",
                "value": "13",
                "inclusive?": true,
                "derived?": false
              }
            }
          }
        ]
      }
    },
    {
      "OccurrenceAHivVisit332_precondition_7139": {
        "title": "HIV Visit",
        "description": "Encounter, Performed: HIV Visit",
        "standard_category": "encounter",
        "qds_data_type": "encounter",
        "code_list_id": "2.16.840.1.113883.3.464.1003.101.12.1047",
        "type": "encounters",
        "definition": "encounter",
        "status": "performed",
        "hard_status": false,
        "negation": false,
        "specific_occurrence": "A",
        "source_data_criteria": "OccurrenceAHivVisit332",
        "temporal_references": [
          {
            "type": "DURING",
            "reference": "MeasurePeriod"
          }
        ]
      }
    },
    {
      "OccurrenceBHivVisit333_precondition_7141": {
        "title": "HIV Visit",
        "description": "Encounter, Performed: HIV Visit",
        "standard_category": "encounter",
        "qds_data_type": "encounter",
        "code_list_id": "2.16.840.1.113883.3.464.1003.101.12.1047",
        "type": "encounters",
        "definition": "encounter",
        "status": "performed",
        "hard_status": false,
        "negation": false,
        "specific_occurrence": "B",
        "source_data_criteria": "OccurrenceBHivVisit333",
        "temporal_references": [
          {
            "type": "DURING",
            "reference": "MeasurePeriod"
          }
        ]
      }
    },
    {
      "DiagnosisActiveHiv_precondition_7143": {
        "title": "HIV",
        "description": "Diagnosis, Active: HIV",
        "standard_category": "diagnosis_condition_problem",
        "qds_data_type": "diagnosis_active",
        "code_list_id": "2.16.840.1.113883.3.464.1003.120.12.1003",
        "type": "conditions",
        "definition": "diagnosis",
        "status": "active",
        "hard_status": false,
        "negation": false,
        "source_data_criteria": "DiagnosisActiveHiv",
        "temporal_references": [
          {
            "type": "SBE",
            "reference": "MeasurePeriod"
          }
        ]
      }
    },
    {
      "OccurrenceBHivVisit333_precondition_7145": {
        "title": "HIV Visit",
        "description": "Encounter, Performed: HIV Visit",
        "standard_category": "encounter",
        "qds_data_type": "encounter",
        "code_list_id": "2.16.840.1.113883.3.464.1003.101.12.1047",
        "type": "encounters",
        "definition": "encounter",
        "status": "performed",
        "hard_status": false,
        "negation": false,
        "specific_occurrence": "B",
        "source_data_criteria": "OccurrenceBHivVisit333",
        "temporal_references": [
          {
            "type": "SAE",
            "reference": "OccurrenceAHivVisit332",
            "range": {
              "type": "IVL_PQ",
              "low": {
                "type": "PQ",
                "unit": "d",
                "value": "90",
                "inclusive?": true,
                "derived?": false
              }
            }
          }
        ]
      }
    },
    {
      "OccurrenceAHivVisit332": {
        "title": "HIV Visit",
        "description": "Encounter, Performed: HIV Visit",
        "standard_category": "encounter",
        "qds_data_type": "encounter",
        "code_list_id": "2.16.840.1.113883.3.464.1003.101.12.1047",
        "type": "encounters",
        "definition": "encounter",
        "status": "performed",
        "hard_status": false,
        "negation": false,
        "specific_occurrence": "A",
        "source_data_criteria": "OccurrenceAHivVisit332"
      }
    }
  ],
  "oids": [
    "2.16.840.1.113883.3.464.1003.101.12.1047",
    "2.16.840.1.113883.3.464.1003.120.12.1002",
    "2.16.840.1.113883.3.464.1003.120.12.1003",
    "2.16.840.1.113883.3.464.1003.101.11.1005",
    "2.16.840.1.113883.3.464.1003.101.11.1040",
    "2.16.840.1.113883.3.464.1003.101.11.1110",
    "2.16.840.1.113883.3.464.1003.101.11.1115",
    "2.16.840.1.113883.3.464.1003.101.11.1120",
    "2.16.840.1.113883.3.464.1003.101.11.1125",
    "2.16.840.1.113883.3.464.1003.101.11.1216",
    "2.16.840.1.113883.3.464.1003.120.11.1004",
    "2.16.840.1.113883.3.464.1003.120.11.1005",
    "2.16.840.1.113883.3.464.1003.120.11.1006",
    "2.16.840.1.113883.3.464.1003.120.11.1007",
    "2.16.840.1.113883.3.560.100.4"
  ],
  "population_ids": {
    "IPP": "C2A872A2-9C4A-41D9-83B4-77BA3EF125DA",
    "DENOM": "5FC2794A-84C8-481A-AD35-0F8BA6DD5963",
    "NUMER": "840519E8-DDBC-44A0-8F47-F9196B1CF871"
  }
}