{
  "id": "8A4D92B2-356D-A09E-0135-C4D3D6191416",
  "nqf_id": "HypertensionImprovement",
  "hqmf_id": "8A4D92B2-356D-A09E-0135-C4D3D6191416",
  "hqmf_set_id": "1D8363CE-A529-490B-8C98-9B54AA75DA06",
  "hqmf_version_number": 1,
  "endorser": null,
  "name": "Hypertension: Improvement in Blood Pressure",
  "description": "Percentage of patients aged 18-85 years of age with a diagnosis of hypertension whose blood pressure improved during the measurement period.",
  "type": "ep",
  "category": "General Practice Adult",
  "steward": null,
  "population": {
    "conjunction": "and",
    "items": [
      {
        "conjunction": "and",
        "items": [
          {
            "title": "Blood Pressure Visit",
            "description": "Encounter, Performed: Blood Pressure Visit",
            "standard_category": "encounter",
            "qds_data_type": "encounter",
            "code_list_id": "2.16.840.1.113883.3.464.1003.101.12.1056",
            "type": "encounters",
            "definition": "encounter",
            "status": "performed",
            "hard_status": false,
            "negation": false,
            "specific_occurrence": "A",
            "source_data_criteria": "OccurrenceABloodPressureVisit263",
            "temporal_references": [
              {
                "type": "SAS",
                "reference": "MeasurePeriod",
                "range": {
                  "type": "IVL_PQ",
                  "high": {
                    "type": "PQ",
                    "unit": "mo",
                    "value": "6",
                    "inclusive?": true,
                    "derived?": false
                  }
                },
                "title": "MeasurePeriod"
              }
            ],
            "subset_operators": [
              {
                "type": "FIRST"
              }
            ]
          },
          {
            "title": "Systolic Blood Pressure",
            "description": "Physical Exam: Systolic Blood Pressure",
            "standard_category": "physical_exam",
            "qds_data_type": "physical_exam",
            "code_list_id": "2.16.840.1.113883.3.526.3.1032",
            "type": "physical_exams",
            "definition": "physical_exam",
            "hard_status": false,
            "negation": false,
            "specific_occurrence": "A",
            "source_data_criteria": "OccurrenceASystolicBloodPressure261",
            "value": {
              "type": "ANYNonNull"
            },
            "temporal_references": [
              {
                "type": "DURING",
                "reference": {
                  "title": "Blood Pressure Visit",
                  "description": "Encounter, Performed: Blood Pressure Visit",
                  "standard_category": "encounter",
                  "qds_data_type": "encounter",
                  "code_list_id": "2.16.840.1.113883.3.464.1003.101.12.1056",
                  "type": "encounters",
                  "definition": "encounter",
                  "status": "performed",
                  "hard_status": false,
                  "negation": false,
                  "specific_occurrence": "A",
                  "source_data_criteria": "OccurrenceABloodPressureVisit263"
                }
              }
            ],
            "subset_operators": [
              {
                "type": "RECENT"
              }
            ]
          },
          {
            "title": "birth date",
            "description": "Patient Characteristic: birth date",
            "standard_category": "individual_characteristic",
            "qds_data_type": "individual_characteristic",
            "code_list_id": "2.16.840.1.113883.3.560.100.4",
            "property": "birthtime",
            "type": "characteristic",
            "definition": "patient_characteristic_birthdate",
            "hard_status": false,
            "negation": false,
            "source_data_criteria": "PatientCharacteristicBirthDate",
            "temporal_references": [
              {
                "type": "SBS",
                "reference": "MeasurePeriod",
                "range": {
                  "type": "IVL_PQ",
                  "low": {
                    "type": "PQ",
                    "unit": "a",
                    "value": "18",
                    "inclusive?": true,
                    "derived?": false
                  }
                },
                "title": "MeasurePeriod"
              }
            ]
          },
          {
            "title": "birth date",
            "description": "Patient Characteristic: birth date",
            "standard_category": "individual_characteristic",
            "qds_data_type": "individual_characteristic",
            "code_list_id": "2.16.840.1.113883.3.560.100.4",
            "property": "birthtime",
            "type": "characteristic",
            "definition": "patient_characteristic_birthdate",
            "hard_status": false,
            "negation": false,
            "source_data_criteria": "PatientCharacteristicBirthDate",
            "temporal_references": [
              {
                "type": "SBS",
                "reference": "MeasurePeriod",
                "range": {
                  "type": "IVL_PQ",
                  "high": {
                    "type": "PQ",
                    "unit": "a",
                    "value": "85",
                    "inclusive?": true,
                    "derived?": false
                  }
                },
                "title": "MeasurePeriod"
              }
            ]
          },
          {
            "title": "Hypertension",
            "description": "Diagnosis, Active: Hypertension",
            "standard_category": "diagnosis_condition_problem",
            "qds_data_type": "diagnosis_active",
            "code_list_id": "2.16.840.1.113883.3.464.1003.104.12.1016",
            "type": "conditions",
            "definition": "diagnosis",
            "status": "active",
            "hard_status": false,
            "negation": false,
            "source_data_criteria": "DiagnosisActiveHypertension",
            "temporal_references": [
              {
                "type": "SBE",
                "reference": {
                  "title": "Blood Pressure Visit",
                  "description": "Encounter, Performed: Blood Pressure Visit",
                  "standard_category": "encounter",
                  "qds_data_type": "encounter",
                  "code_list_id": "2.16.840.1.113883.3.464.1003.101.12.1056",
                  "type": "encounters",
                  "definition": "encounter",
                  "status": "performed",
                  "hard_status": false,
                  "negation": false,
                  "specific_occurrence": "A",
                  "source_data_criteria": "OccurrenceABloodPressureVisit263"
                }
              }
            ]
          },
          {
            "title": "Systolic Blood Pressure",
            "description": "Physical Exam: Systolic Blood Pressure",
            "standard_category": "physical_exam",
            "qds_data_type": "physical_exam",
            "code_list_id": "2.16.840.1.113883.3.526.3.1032",
            "type": "physical_exams",
            "definition": "physical_exam",
            "hard_status": false,
            "negation": false,
            "specific_occurrence": "A",
            "source_data_criteria": "OccurrenceASystolicBloodPressure261",
            "value": {
              "type": "IVL_PQ",
              "low": {
                "type": "PQ",
                "unit": "mm[Hg]",
                "value": "140",
                "inclusive?": true,
                "derived?": false
              }
            }
          }
        ],
        "negation": null,
        "precondition_id": 5885
      }
    ]
  },
  "denominator": {
    "conjunction": "and",
    "items": [

    ]
  },
  "numerator": {
    "conjunction": "and",
    "items": [
      {
        "conjunction": "and",
        "items": [
          {
            "title": "Blood Pressure Visit",
            "description": "Encounter, Performed: Blood Pressure Visit",
            "standard_category": "encounter",
            "qds_data_type": "encounter",
            "code_list_id": "2.16.840.1.113883.3.464.1003.101.12.1056",
            "type": "encounters",
            "definition": "encounter",
            "status": "performed",
            "hard_status": false,
            "negation": false,
            "specific_occurrence": "B",
            "source_data_criteria": "OccurrenceBBloodPressureVisit264",
            "temporal_references": [
              {
                "type": "SAE",
                "reference": {
                  "title": "Blood Pressure Visit",
                  "description": "Encounter, Performed: Blood Pressure Visit",
                  "standard_category": "encounter",
                  "qds_data_type": "encounter",
                  "code_list_id": "2.16.840.1.113883.3.464.1003.101.12.1056",
                  "type": "encounters",
                  "definition": "encounter",
                  "status": "performed",
                  "hard_status": false,
                  "negation": false,
                  "specific_occurrence": "A",
                  "source_data_criteria": "OccurrenceABloodPressureVisit263"
                },
                "range": {
                  "type": "IVL_PQ",
                  "low": {
                    "type": "PQ",
                    "unit": "mo",
                    "value": "6",
                    "inclusive?": true,
                    "derived?": false
                  }
                }
              }
            ],
            "subset_operators": [
              {
                "type": "FIRST"
              }
            ]
          },
          {
            "title": "Systolic Blood Pressure",
            "description": "Physical Exam: Systolic Blood Pressure",
            "standard_category": "physical_exam",
            "qds_data_type": "physical_exam",
            "code_list_id": "2.16.840.1.113883.3.526.3.1032",
            "type": "physical_exams",
            "definition": "physical_exam",
            "hard_status": false,
            "negation": false,
            "specific_occurrence": "B",
            "source_data_criteria": "OccurrenceBSystolicBloodPressure262",
            "value": {
              "type": "ANYNonNull"
            },
            "temporal_references": [
              {
                "type": "DURING",
                "reference": {
                  "title": "Blood Pressure Visit",
                  "description": "Encounter, Performed: Blood Pressure Visit",
                  "standard_category": "encounter",
                  "qds_data_type": "encounter",
                  "code_list_id": "2.16.840.1.113883.3.464.1003.101.12.1056",
                  "type": "encounters",
                  "definition": "encounter",
                  "status": "performed",
                  "hard_status": false,
                  "negation": false,
                  "specific_occurrence": "B",
                  "source_data_criteria": "OccurrenceBBloodPressureVisit264"
                }
              }
            ],
            "subset_operators": [
              {
                "type": "RECENT"
              }
            ]
          },
          {
            "title": "Blood Pressure Visit",
            "description": "Encounter, Performed: Blood Pressure Visit",
            "standard_category": "encounter",
            "qds_data_type": "encounter",
            "code_list_id": "2.16.840.1.113883.3.464.1003.101.12.1056",
            "type": "encounters",
            "definition": "encounter",
            "status": "performed",
            "hard_status": false,
            "negation": false,
            "specific_occurrence": "B",
            "source_data_criteria": "OccurrenceBBloodPressureVisit264",
            "temporal_references": [
              {
                "type": "EDU",
                "reference": "MeasurePeriod",
                "title": "MeasurePeriod"
              }
            ]
          },
          {
            "conjunction": "or",
            "items": [
              {
                "title": "Delta systolic blood pressure",
                "description": "Physical Exam, Finding: Delta systolic blood pressure",
                "standard_category": "physical_exam",
                "qds_data_type": "physical_exam",
                "code_list_id": "2.16.840.1.113883.3.464.1003.121.12.1013",
                "type": "physical_exams",
                "definition": "physical_exam",
                "hard_status": false,
                "negation": false,
                "source_data_criteria": "PhysicalExamFindingDeltaSystolicBloodPressure",
                "value": {
                  "type": "IVL_PQ",
                  "low": {
                    "type": "PQ",
                    "unit": "mm[Hg]",
                    "value": "10",
                    "inclusive?": true,
                    "derived?": false
                  }
                },
                "temporal_references": [
                  {
                    "type": "DURING",
                    "reference": {
                      "title": "Blood Pressure Visit",
                      "description": "Encounter, Performed: Blood Pressure Visit",
                      "standard_category": "encounter",
                      "qds_data_type": "encounter",
                      "code_list_id": "2.16.840.1.113883.3.464.1003.101.12.1056",
                      "type": "encounters",
                      "definition": "encounter",
                      "status": "performed",
                      "hard_status": false,
                      "negation": false,
                      "specific_occurrence": "B",
                      "source_data_criteria": "OccurrenceBBloodPressureVisit264"
                    }
                  }
                ]
              },
              {
                "title": "Systolic Blood Pressure",
                "description": "Physical Exam: Systolic Blood Pressure",
                "standard_category": "physical_exam",
                "qds_data_type": "physical_exam",
                "code_list_id": "2.16.840.1.113883.3.526.3.1032",
                "type": "physical_exams",
                "definition": "physical_exam",
                "hard_status": false,
                "negation": false,
                "specific_occurrence": "B",
                "source_data_criteria": "OccurrenceBSystolicBloodPressure262",
                "value": {
                  "type": "IVL_PQ",
                  "high": {
                    "type": "PQ",
                    "unit": "mm[Hg]",
                    "value": "140",
                    "inclusive?": false,
                    "derived?": false
                  }
                }
              }
            ],
            "negation": null,
            "precondition_id": 5868
          }
        ],
        "negation": null,
        "precondition_id": 5870
      }
    ]
  },
  "exclusions": {
    "conjunction": "and",
    "items": [
      {
        "conjunction": "and",
        "items": [
          {
            "conjunction": "or",
            "items": [
              {
                "title": "End Stage Renal Disease",
                "description": "Diagnosis, Active: End Stage Renal Disease",
                "standard_category": "diagnosis_condition_problem",
                "qds_data_type": "diagnosis_active",
                "code_list_id": "2.16.840.1.113883.3.526.3.353",
                "type": "conditions",
                "definition": "diagnosis",
                "status": "active",
                "hard_status": false,
                "negation": false,
                "source_data_criteria": "DiagnosisActiveEndStageRenalDisease",
                "temporal_references": [
                  {
                    "type": "SBE",
                    "reference": "MeasurePeriod",
                    "title": "MeasurePeriod"
                  }
                ]
              },
              {
                "title": "Renal Transplant",
                "description": "Procedure, Performed: Renal Transplant",
                "standard_category": "procedure",
                "qds_data_type": "procedure_performed",
                "code_list_id": "2.16.840.1.113883.3.464.1003.109.12.1002",
                "type": "procedures",
                "definition": "procedure",
                "status": "performed",
                "hard_status": false,
                "negation": false,
                "source_data_criteria": "ProcedurePerformedRenalTransplant",
                "temporal_references": [
                  {
                    "type": "SBE",
                    "reference": "MeasurePeriod",
                    "title": "MeasurePeriod"
                  }
                ]
              },
              {
                "title": "Hemodialysis",
                "description": "Procedure, Performed: Hemodialysis",
                "standard_category": "procedure",
                "qds_data_type": "procedure_performed",
                "code_list_id": "2.16.840.1.113883.3.526.3.1083",
                "type": "procedures",
                "definition": "procedure",
                "status": "performed",
                "hard_status": false,
                "negation": false,
                "source_data_criteria": "ProcedurePerformedHemodialysis",
                "temporal_references": [
                  {
                    "type": "SBE",
                    "reference": "MeasurePeriod",
                    "title": "MeasurePeriod"
                  }
                ]
              },
              {
                "title": "Peritoneal Dialysis",
                "description": "Procedure, Performed: Peritoneal Dialysis",
                "standard_category": "procedure",
                "qds_data_type": "procedure_performed",
                "code_list_id": "2.16.840.1.113883.3.526.3.1084",
                "type": "procedures",
                "definition": "procedure",
                "status": "performed",
                "hard_status": false,
                "negation": false,
                "source_data_criteria": "ProcedurePerformedPeritonealDialysis",
                "temporal_references": [
                  {
                    "type": "SBE",
                    "reference": "MeasurePeriod",
                    "title": "MeasurePeriod"
                  }
                ]
              },
              {
                "conjunction": "and",
                "items": [
                  {
                    "title": "Pregnancy",
                    "description": "Diagnosis, Active: Pregnancy",
                    "standard_category": "diagnosis_condition_problem",
                    "qds_data_type": "diagnosis_active",
                    "code_list_id": "2.16.840.1.113883.3.526.3.378",
                    "type": "conditions",
                    "definition": "diagnosis",
                    "status": "active",
                    "hard_status": false,
                    "negation": false,
                    "source_data_criteria": "DiagnosisActivePregnancy",
                    "temporal_references": [
                      {
                        "type": "SBE",
                        "reference": "MeasurePeriod",
                        "title": "MeasurePeriod"
                      }
                    ]
                  },
                  {
                    "conjunction": "and",
                    "items": [
                      {
                        "title": "Pregnancy",
                        "description": "Diagnosis, Active: Pregnancy",
                        "standard_category": "diagnosis_condition_problem",
                        "qds_data_type": "diagnosis_active",
                        "code_list_id": "2.16.840.1.113883.3.526.3.378",
                        "type": "conditions",
                        "definition": "diagnosis",
                        "status": "active",
                        "hard_status": false,
                        "negation": false,
                        "source_data_criteria": "DiagnosisActivePregnancy",
                        "temporal_references": [
                          {
                            "type": "EBS",
                            "reference": "MeasurePeriod",
                            "title": "MeasurePeriod"
                          }
                        ]
                      }
                    ],
                    "negation": true,
                    "precondition_id": 5850
                  }
                ],
                "negation": null,
                "precondition_id": 5851
              }
            ],
            "negation": null,
            "precondition_id": 5853
          }
        ],
        "negation": null,
        "precondition_id": 5855
      }
    ]
  },
  "map_fn": "function() {\n        var patient = this;\n        var effective_date = <%= effective_date %>;\n\n        hqmfjs = {}\n        <%= init_js_frameworks %>\n        \n        \n      var patient_api = new hQuery.Patient(patient);\n\n      \n\n      // clear out logger\n      if (typeof Logger != 'undefined') Logger.logger = [];\n      // turn on logging if it is enabled\n      if (Logger.enabled) enableLogging();\n      \n      \n        // #########################\n        // ##### DATA ELEMENTS #####\n        // #########################\n\n        OidDictionary = <%= oid_dictionary %>;\n        \n        // Measure variables\nvar MeasurePeriod = {\n  \"low\": new TS(\"20100101\", null, true),\n  \"high\": new TS(\"20110101\", null, true)\n}\nhqmfjs.MeasurePeriod = function(patient) {\n  return [new hQuery.CodedEntry(\n    {\n      \"start_time\": MeasurePeriod.low.asDate().getTime()/1000,\n      \"end_time\": MeasurePeriod.high.asDate().getTime()/1000,\n      \"codes\": {}\n    }\n  )];\n}\nif (typeof effective_date === 'number') {\n  MeasurePeriod.high.date = new Date(1000*effective_date);\n  MeasurePeriod.low.date = new Date(1000*effective_date);\n  MeasurePeriod.low.date.setFullYear(MeasurePeriod.low.date.getFullYear()-1);\n}\n\n// Data critera\nhqmfjs.OccurrenceASystolicBloodPressure261 = function(patient) {\n  var events = patient.procedureResults();\n  events.specific_occurrence = 'OccurrenceASystolicBloodPressure261'\n  events = events.withoutNegation();\n  var codes = getCodes(\"2.16.840.1.113883.3.526.3.1032\");\n  var start = null;\n  var end = null;\n  events = events.match(codes, start, end, true);\n\n  events.specificContext=new Specifics(Row.buildForDataCriteria(events.specific_occurrence, events))\n  return events;\n}\n\nhqmfjs.OccurrenceBSystolicBloodPressure262 = function(patient) {\n  var events = patient.procedureResults();\n  events.specific_occurrence = 'OccurrenceBSystolicBloodPressure262'\n  events = events.withoutNegation();\n  var codes = getCodes(\"2.16.840.1.113883.3.526.3.1032\");\n  var start = null;\n  var end = null;\n  events = events.match(codes, start, end, true);\n\n  events.specificContext=new Specifics(Row.buildForDataCriteria(events.specific_occurrence, events))\n  return events;\n}\n\nhqmfjs.OccurrenceABloodPressureVisit263 = function(patient) {\n  var events = patient.encounters();\n  events.specific_occurrence = 'OccurrenceABloodPressureVisit263'\n  events = events.withStatuses([\"performed\"]);\n  events = events.withoutNegation();\n  var codes = getCodes(\"2.16.840.1.113883.3.464.1003.101.12.1056\");\n  var start = null;\n  var end = null;\n  events = events.match(codes, start, end, true);\n\n  events.specificContext=new Specifics(Row.buildForDataCriteria(events.specific_occurrence, events))\n  return events;\n}\n\nhqmfjs.OccurrenceBBloodPressureVisit264 = function(patient) {\n  var events = patient.encounters();\n  events.specific_occurrence = 'OccurrenceBBloodPressureVisit264'\n  events = events.withStatuses([\"performed\"]);\n  events = events.withoutNegation();\n  var codes = getCodes(\"2.16.840.1.113883.3.464.1003.101.12.1056\");\n  var start = null;\n  var end = null;\n  events = events.match(codes, start, end, true);\n\n  events.specificContext=new Specifics(Row.buildForDataCriteria(events.specific_occurrence, events))\n  return events;\n}\n\nhqmfjs.PhysicalExamFindingSystolicBloodPressure = function(patient) {\n  var events = patient.procedureResults();\n  events = events.withoutNegation();\n  var codes = getCodes(\"2.16.840.1.113883.3.526.3.1032\");\n  var start = null;\n  var end = null;\n  events = events.match(codes, start, end, true);\n\n  events.specificContext=Specifics.identity()\n  return events;\n}\n\nhqmfjs.EncounterPerformedBloodPressureVisit = function(patient) {\n  var events = patient.encounters();\n  events = events.withStatuses([\"performed\"]);\n  events = events.withoutNegation();\n  var codes = getCodes(\"2.16.840.1.113883.3.464.1003.101.12.1056\");\n  var start = null;\n  var end = null;\n  events = events.match(codes, start, end, true);\n\n  events.specificContext=Specifics.identity()\n  return events;\n}\n\nhqmfjs.OccurrenceABloodPressureVisit263 = function(patient) {\n  var events = patient.encounters();\n  events.specific_occurrence = 'OccurrenceABloodPressureVisit263'\n  events = events.withStatuses([\"performed\"]);\n  events = events.withoutNegation();\n  var codes = getCodes(\"2.16.840.1.113883.3.464.1003.101.12.1056\");\n  var start = null;\n  var end = null;\n  events = events.match(codes, start, end, true);\n\n  events.specificContext=new Specifics(Row.buildForDataCriteria(events.specific_occurrence, events))\n  return events;\n}\n\nhqmfjs.OccurrenceBBloodPressureVisit264 = function(patient) {\n  var events = patient.encounters();\n  events.specific_occurrence = 'OccurrenceBBloodPressureVisit264'\n  events = events.withStatuses([\"performed\"]);\n  events = events.withoutNegation();\n  var codes = getCodes(\"2.16.840.1.113883.3.464.1003.101.12.1056\");\n  var start = null;\n  var end = null;\n  events = events.match(codes, start, end, true);\n\n  events.specificContext=new Specifics(Row.buildForDataCriteria(events.specific_occurrence, events))\n  return events;\n}\n\nhqmfjs.DiagnosisActiveEndStageRenalDisease_precondition_5838 = function(patient) {\n  var events = patient.allProblems();\n  events = events.withStatuses([\"active\"]);\n  events = events.withoutNegation();\n  var codes = getCodes(\"2.16.840.1.113883.3.526.3.353\");\n  var start = null;\n  var end = null;\n  events = events.match(codes, start, end, true);\n\n  events = SBE(events, hqmfjs.MeasurePeriod(patient));\n  return events;\n}\n\nhqmfjs.ProcedurePerformedRenalTransplant_precondition_5840 = function(patient) {\n  var events = patient.allProcedures();\n  events = events.withStatuses([\"performed\"]);\n  events = events.withoutNegation();\n  var codes = getCodes(\"2.16.840.1.113883.3.464.1003.109.12.1002\");\n  var start = null;\n  var end = null;\n  events = events.match(codes, start, end, true);\n\n  events = SBE(events, hqmfjs.MeasurePeriod(patient));\n  return events;\n}\n\nhqmfjs.ProcedurePerformedHemodialysis_precondition_5842 = function(patient) {\n  var events = patient.allProcedures();\n  events = events.withStatuses([\"performed\"]);\n  events = events.withoutNegation();\n  var codes = getCodes(\"2.16.840.1.113883.3.526.3.1083\");\n  var start = null;\n  var end = null;\n  events = events.match(codes, start, end, true);\n\n  events = SBE(events, hqmfjs.MeasurePeriod(patient));\n  return events;\n}\n\nhqmfjs.ProcedurePerformedPeritonealDialysis_precondition_5844 = function(patient) {\n  var events = patient.allProcedures();\n  events = events.withStatuses([\"performed\"]);\n  events = events.withoutNegation();\n  var codes = getCodes(\"2.16.840.1.113883.3.526.3.1084\");\n  var start = null;\n  var end = null;\n  events = events.match(codes, start, end, true);\n\n  events = SBE(events, hqmfjs.MeasurePeriod(patient));\n  return events;\n}\n\nhqmfjs.DiagnosisActivePregnancy_precondition_5848 = function(patient) {\n  var events = patient.allProblems();\n  events = events.withStatuses([\"active\"]);\n  events = events.withoutNegation();\n  var codes = getCodes(\"2.16.840.1.113883.3.526.3.378\");\n  var start = null;\n  var end = null;\n  events = events.match(codes, start, end, true);\n\n  events = SBE(events, hqmfjs.MeasurePeriod(patient));\n  return events;\n}\n\nhqmfjs.DiagnosisActivePregnancy_precondition_5846 = function(patient) {\n  var events = patient.allProblems();\n  events = events.withStatuses([\"active\"]);\n  events = events.withoutNegation();\n  var codes = getCodes(\"2.16.840.1.113883.3.526.3.378\");\n  var start = null;\n  var end = null;\n  events = events.match(codes, start, end, true);\n\n  events = EBS(events, hqmfjs.MeasurePeriod(patient));\n  return events;\n}\n\nhqmfjs.OccurrenceBBloodPressureVisit264_precondition_5856 = function(patient) {\n  var events = patient.encounters();\n  events.specific_occurrence = 'OccurrenceBBloodPressureVisit264'\n  events = events.withStatuses([\"performed\"]);\n  events = events.withoutNegation();\n  var codes = getCodes(\"2.16.840.1.113883.3.464.1003.101.12.1056\");\n  var start = null;\n  var end = null;\n  events = events.match(codes, start, end, true);\n\n  events = SAE(events, hqmfjs.OccurrenceABloodPressureVisit263(patient), new IVL_PQ(new PQ(6, \"mo\", true), null));\n  events = FIRST(events);\n  return events;\n}\n\nhqmfjs.OccurrenceBSystolicBloodPressure262_precondition_5859 = function(patient) {\n  var events = patient.procedureResults();\n  events.specific_occurrence = 'OccurrenceBSystolicBloodPressure262'\n  events = events.withoutNegation();\n  var codes = getCodes(\"2.16.840.1.113883.3.526.3.1032\");\n  var start = null;\n  var end = null;\n  events = events.match(codes, start, end, true);\n\n  events = filterEventsByValue(events, new ANYNonNull());\n  events = DURING(events, hqmfjs.OccurrenceBBloodPressureVisit264(patient));\n  events = RECENT(events);\n  return events;\n}\n\nhqmfjs.OccurrenceBBloodPressureVisit264_precondition_5862 = function(patient) {\n  var events = patient.encounters();\n  events.specific_occurrence = 'OccurrenceBBloodPressureVisit264'\n  events = events.withStatuses([\"performed\"]);\n  events = events.withoutNegation();\n  var codes = getCodes(\"2.16.840.1.113883.3.464.1003.101.12.1056\");\n  var start = null;\n  var end = null;\n  events = events.match(codes, start, end, true);\n\n  events = EDU(events, hqmfjs.MeasurePeriod(patient));\n  return events;\n}\n\nhqmfjs.PhysicalExamFindingDeltaSystolicBloodPressure_precondition_5864 = function(patient) {\n  var events = patient.procedureResults();\n  events = events.withoutNegation();\n  var codes = getCodes(\"2.16.840.1.113883.3.464.1003.121.12.1013\");\n  var start = null;\n  var end = null;\n  events = events.match(codes, start, end, true);\n\n  events = filterEventsByValue(events, new IVL_PQ(new PQ(10, \"mm[Hg]\", true), null));\n  events = DURING(events, hqmfjs.OccurrenceBBloodPressureVisit264(patient));\n  return events;\n}\n\nhqmfjs.OccurrenceBSystolicBloodPressure262_precondition_5866 = function(patient) {\n  var events = patient.procedureResults();\n  events.specific_occurrence = 'OccurrenceBSystolicBloodPressure262'\n  events = events.withoutNegation();\n  var codes = getCodes(\"2.16.840.1.113883.3.526.3.1032\");\n  var start = null;\n  var end = null;\n  events = events.match(codes, start, end, true);\n\n  events = filterEventsByValue(events, new IVL_PQ(null, new PQ(140, \"mm[Hg]\", false)));\n  events.specificContext=new Specifics(Row.buildForDataCriteria(events.specific_occurrence, events))\n  return events;\n}\n\nhqmfjs.OccurrenceABloodPressureVisit263_precondition_5871 = function(patient) {\n  var events = patient.encounters();\n  events.specific_occurrence = 'OccurrenceABloodPressureVisit263'\n  events = events.withStatuses([\"performed\"]);\n  events = events.withoutNegation();\n  var codes = getCodes(\"2.16.840.1.113883.3.464.1003.101.12.1056\");\n  var start = null;\n  var end = null;\n  events = events.match(codes, start, end, true);\n\n  events = SAS(events, hqmfjs.MeasurePeriod(patient), new IVL_PQ(null, new PQ(6, \"mo\", true)));\n  events = FIRST(events);\n  return events;\n}\n\nhqmfjs.OccurrenceASystolicBloodPressure261_precondition_5874 = function(patient) {\n  var events = patient.procedureResults();\n  events.specific_occurrence = 'OccurrenceASystolicBloodPressure261'\n  events = events.withoutNegation();\n  var codes = getCodes(\"2.16.840.1.113883.3.526.3.1032\");\n  var start = null;\n  var end = null;\n  events = events.match(codes, start, end, true);\n\n  events = filterEventsByValue(events, new ANYNonNull());\n  events = DURING(events, hqmfjs.OccurrenceABloodPressureVisit263(patient));\n  events = RECENT(events);\n  return events;\n}\n\nhqmfjs.PatientCharacteristicBirthDate_precondition_5877 = function(patient) {\nvar value = patient.birthtime();\nvar events = [value];\nevents = SBS(events, hqmfjs.MeasurePeriod(patient), new IVL_PQ(new PQ(18, \"a\", true), null));\nevents.specificContext=Specifics.identity();\nreturn events;\n\n}\n\nhqmfjs.PatientCharacteristicBirthDate_precondition_5879 = function(patient) {\nvar value = patient.birthtime();\nvar events = [value];\nevents = SBS(events, hqmfjs.MeasurePeriod(patient), new IVL_PQ(null, new PQ(85, \"a\", true)));\nevents.specificContext=Specifics.identity();\nreturn events;\n\n}\n\nhqmfjs.DiagnosisActiveHypertension_precondition_5881 = function(patient) {\n  var events = patient.allProblems();\n  events = events.withStatuses([\"active\"]);\n  events = events.withoutNegation();\n  var codes = getCodes(\"2.16.840.1.113883.3.464.1003.104.12.1016\");\n  var start = null;\n  var end = null;\n  events = events.match(codes, start, end, true);\n\n  events = SBE(events, hqmfjs.OccurrenceABloodPressureVisit263(patient));\n  return events;\n}\n\nhqmfjs.OccurrenceASystolicBloodPressure261_precondition_5883 = function(patient) {\n  var events = patient.procedureResults();\n  events.specific_occurrence = 'OccurrenceASystolicBloodPressure261'\n  events = events.withoutNegation();\n  var codes = getCodes(\"2.16.840.1.113883.3.526.3.1032\");\n  var start = null;\n  var end = null;\n  events = events.match(codes, start, end, true);\n\n  events = filterEventsByValue(events, new IVL_PQ(new PQ(140, \"mm[Hg]\", true), null));\n  events.specificContext=new Specifics(Row.buildForDataCriteria(events.specific_occurrence, events))\n  return events;\n}\n\n\n\n        // #########################\n        // ##### MEASURE LOGIC #####\n        // #########################\n        \n        hqmfjs.initializeSpecifics = function(patient_api, hqmfjs) { Specifics.initialize(patient_api,hqmfjs,{\"id\":\"OccurrenceASystolicBloodPressure261\",\"type\":\"\",\"function\":\"OccurrenceASystolicBloodPressure261\"},{\"id\":\"OccurrenceBSystolicBloodPressure262\",\"type\":\"\",\"function\":\"OccurrenceBSystolicBloodPressure262\"},{\"id\":\"OccurrenceABloodPressureVisit263\",\"type\":\"\",\"function\":\"OccurrenceABloodPressureVisit263\"},{\"id\":\"OccurrenceBBloodPressureVisit264\",\"type\":\"\",\"function\":\"OccurrenceBBloodPressureVisit264\"}) }\n\n        // INITIAL PATIENT POPULATION\n        hqmfjs.IPP = function(patient) {\n  return allTrue(  \n    allTrue(    \n      hqmfjs.OccurrenceABloodPressureVisit263_precondition_5871(patient),    \n      hqmfjs.OccurrenceASystolicBloodPressure261_precondition_5874(patient),    \n      hqmfjs.PatientCharacteristicBirthDate_precondition_5877(patient),    \n      hqmfjs.PatientCharacteristicBirthDate_precondition_5879(patient),    \n      hqmfjs.DiagnosisActiveHypertension_precondition_5881(patient),    \n      hqmfjs.OccurrenceASystolicBloodPressure261_precondition_5883(patient)\n    )\n  );\n};\n\n\n        // DENOMINATOR\n        hqmfjs.DENOM = function(patient) { return new Boolean(true); }\n        // NUMERATOR\n        hqmfjs.NUMER = function(patient) {\n  return allTrue(  \n    allTrue(    \n      hqmfjs.OccurrenceBBloodPressureVisit264_precondition_5856(patient),    \n      hqmfjs.OccurrenceBSystolicBloodPressure262_precondition_5859(patient),    \n      hqmfjs.OccurrenceBBloodPressureVisit264_precondition_5862(patient),    \n      atLeastOneTrue(      \n        hqmfjs.PhysicalExamFindingDeltaSystolicBloodPressure_precondition_5864(patient),      \n        hqmfjs.OccurrenceBSystolicBloodPressure262_precondition_5866(patient)\n      )\n    )\n  );\n};\n\n\n        hqmfjs.DENEX = function(patient) {\n  return atLeastOneTrue(  \n    allTrue(    \n      atLeastOneTrue(      \n        hqmfjs.DiagnosisActiveEndStageRenalDisease_precondition_5838(patient),      \n        hqmfjs.ProcedurePerformedRenalTransplant_precondition_5840(patient),      \n        hqmfjs.ProcedurePerformedHemodialysis_precondition_5842(patient),      \n        hqmfjs.ProcedurePerformedPeritonealDialysis_precondition_5844(patient),      \n        allTrue(        \n          hqmfjs.DiagnosisActivePregnancy_precondition_5848(patient),        \n          atLeastOneFalse(          \n            hqmfjs.DiagnosisActivePregnancy_precondition_5846(patient)\n          )\n        )\n      )\n    )\n  );\n};\n\n\n        hqmfjs.DENEXCEP = function(patient) { return new Boolean(false); }\n        \n\n      hqmfjs.initializeSpecifics(patient_api, hqmfjs)\n      \n      var population = function() {\n        return executeIfAvailable(hqmfjs.IPP, patient_api);\n      }\n      var denominator = function() {\n        return executeIfAvailable(hqmfjs.DENOM, patient_api);\n      }\n      var numerator = function() {\n        return executeIfAvailable(hqmfjs.NUMER, patient_api);\n      }\n      var exclusion = function() {\n        return executeIfAvailable(hqmfjs.DENEX, patient_api);\n      }\n      var denexcep = function() {\n        return executeIfAvailable(hqmfjs.DENEXCEP, patient_api);\n      }\n      \n      var executeIfAvailable = function(optionalFunction, arg) {\n        if (typeof(optionalFunction)==='function')\n          return optionalFunction(arg);\n        else\n          return false;\n      }\n\n      if (Logger.enabled) enableMeasureLogging(hqmfjs);\n\n      map(patient, population, denominator, numerator, exclusion, denexcep);\n      \n      };\n      ",
  "data_criteria": [
    {
      "DiagnosisActiveEndStageRenalDisease_precondition_5838": {
        "title": "End Stage Renal Disease",
        "description": "Diagnosis, Active: End Stage Renal Disease",
        "standard_category": "diagnosis_condition_problem",
        "qds_data_type": "diagnosis_active",
        "code_list_id": "2.16.840.1.113883.3.526.3.353",
        "type": "conditions",
        "definition": "diagnosis",
        "status": "active",
        "hard_status": false,
        "negation": false,
        "source_data_criteria": "DiagnosisActiveEndStageRenalDisease",
        "temporal_references": [
          {
            "type": "SBE",
            "reference": "MeasurePeriod"
          }
        ]
      }
    },
    {
      "ProcedurePerformedRenalTransplant_precondition_5840": {
        "title": "Renal Transplant",
        "description": "Procedure, Performed: Renal Transplant",
        "standard_category": "procedure",
        "qds_data_type": "procedure_performed",
        "code_list_id": "2.16.840.1.113883.3.464.1003.109.12.1002",
        "type": "procedures",
        "definition": "procedure",
        "status": "performed",
        "hard_status": false,
        "negation": false,
        "source_data_criteria": "ProcedurePerformedRenalTransplant",
        "temporal_references": [
          {
            "type": "SBE",
            "reference": "MeasurePeriod"
          }
        ]
      }
    },
    {
      "ProcedurePerformedHemodialysis_precondition_5842": {
        "title": "Hemodialysis",
        "description": "Procedure, Performed: Hemodialysis",
        "standard_category": "procedure",
        "qds_data_type": "procedure_performed",
        "code_list_id": "2.16.840.1.113883.3.526.3.1083",
        "type": "procedures",
        "definition": "procedure",
        "status": "performed",
        "hard_status": false,
        "negation": false,
        "source_data_criteria": "ProcedurePerformedHemodialysis",
        "temporal_references": [
          {
            "type": "SBE",
            "reference": "MeasurePeriod"
          }
        ]
      }
    },
    {
      "ProcedurePerformedPeritonealDialysis_precondition_5844": {
        "title": "Peritoneal Dialysis",
        "description": "Procedure, Performed: Peritoneal Dialysis",
        "standard_category": "procedure",
        "qds_data_type": "procedure_performed",
        "code_list_id": "2.16.840.1.113883.3.526.3.1084",
        "type": "procedures",
        "definition": "procedure",
        "status": "performed",
        "hard_status": false,
        "negation": false,
        "source_data_criteria": "ProcedurePerformedPeritonealDialysis",
        "temporal_references": [
          {
            "type": "SBE",
            "reference": "MeasurePeriod"
          }
        ]
      }
    },
    {
      "DiagnosisActivePregnancy_precondition_5848": {
        "title": "Pregnancy",
        "description": "Diagnosis, Active: Pregnancy",
        "standard_category": "diagnosis_condition_problem",
        "qds_data_type": "diagnosis_active",
        "code_list_id": "2.16.840.1.113883.3.526.3.378",
        "type": "conditions",
        "definition": "diagnosis",
        "status": "active",
        "hard_status": false,
        "negation": false,
        "source_data_criteria": "DiagnosisActivePregnancy",
        "temporal_references": [
          {
            "type": "SBE",
            "reference": "MeasurePeriod"
          }
        ]
      }
    },
    {
      "DiagnosisActivePregnancy_precondition_5846": {
        "title": "Pregnancy",
        "description": "Diagnosis, Active: Pregnancy",
        "standard_category": "diagnosis_condition_problem",
        "qds_data_type": "diagnosis_active",
        "code_list_id": "2.16.840.1.113883.3.526.3.378",
        "type": "conditions",
        "definition": "diagnosis",
        "status": "active",
        "hard_status": false,
        "negation": false,
        "source_data_criteria": "DiagnosisActivePregnancy",
        "temporal_references": [
          {
            "type": "EBS",
            "reference": "MeasurePeriod"
          }
        ]
      }
    },
    {
      "OccurrenceBBloodPressureVisit264_precondition_5856": {
        "title": "Blood Pressure Visit",
        "description": "Encounter, Performed: Blood Pressure Visit",
        "standard_category": "encounter",
        "qds_data_type": "encounter",
        "code_list_id": "2.16.840.1.113883.3.464.1003.101.12.1056",
        "type": "encounters",
        "definition": "encounter",
        "status": "performed",
        "hard_status": false,
        "negation": false,
        "specific_occurrence": "B",
        "source_data_criteria": "OccurrenceBBloodPressureVisit264",
        "temporal_references": [
          {
            "type": "SAE",
            "reference": "OccurrenceABloodPressureVisit263",
            "range": {
              "type": "IVL_PQ",
              "low": {
                "type": "PQ",
                "unit": "mo",
                "value": "6",
                "inclusive?": true,
                "derived?": false
              }
            }
          }
        ],
        "subset_operators": [
          {
            "type": "FIRST"
          }
        ]
      }
    },
    {
      "OccurrenceABloodPressureVisit263": {
        "title": "Blood Pressure Visit",
        "description": "Encounter, Performed: Blood Pressure Visit",
        "standard_category": "encounter",
        "qds_data_type": "encounter",
        "code_list_id": "2.16.840.1.113883.3.464.1003.101.12.1056",
        "type": "encounters",
        "definition": "encounter",
        "status": "performed",
        "hard_status": false,
        "negation": false,
        "specific_occurrence": "A",
        "source_data_criteria": "OccurrenceABloodPressureVisit263"
      }
    },
    {
      "OccurrenceBSystolicBloodPressure262_precondition_5859": {
        "title": "Systolic Blood Pressure",
        "description": "Physical Exam: Systolic Blood Pressure",
        "standard_category": "physical_exam",
        "qds_data_type": "physical_exam",
        "code_list_id": "2.16.840.1.113883.3.526.3.1032",
        "type": "physical_exams",
        "definition": "physical_exam",
        "hard_status": false,
        "negation": false,
        "specific_occurrence": "B",
        "source_data_criteria": "OccurrenceBSystolicBloodPressure262",
        "value": {
          "type": "ANYNonNull"
        },
        "temporal_references": [
          {
            "type": "DURING",
            "reference": "OccurrenceBBloodPressureVisit264"
          }
        ],
        "subset_operators": [
          {
            "type": "RECENT"
          }
        ]
      }
    },
    {
      "OccurrenceBBloodPressureVisit264": {
        "title": "Blood Pressure Visit",
        "description": "Encounter, Performed: Blood Pressure Visit",
        "standard_category": "encounter",
        "qds_data_type": "encounter",
        "code_list_id": "2.16.840.1.113883.3.464.1003.101.12.1056",
        "type": "encounters",
        "definition": "encounter",
        "status": "performed",
        "hard_status": false,
        "negation": false,
        "specific_occurrence": "B",
        "source_data_criteria": "OccurrenceBBloodPressureVisit264"
      }
    },
    {
      "OccurrenceBBloodPressureVisit264_precondition_5862": {
        "title": "Blood Pressure Visit",
        "description": "Encounter, Performed: Blood Pressure Visit",
        "standard_category": "encounter",
        "qds_data_type": "encounter",
        "code_list_id": "2.16.840.1.113883.3.464.1003.101.12.1056",
        "type": "encounters",
        "definition": "encounter",
        "status": "performed",
        "hard_status": false,
        "negation": false,
        "specific_occurrence": "B",
        "source_data_criteria": "OccurrenceBBloodPressureVisit264",
        "temporal_references": [
          {
            "type": "EDU",
            "reference": "MeasurePeriod"
          }
        ]
      }
    },
    {
      "PhysicalExamFindingDeltaSystolicBloodPressure_precondition_5864": {
        "title": "Delta systolic blood pressure",
        "description": "Physical Exam, Finding: Delta systolic blood pressure",
        "standard_category": "physical_exam",
        "qds_data_type": "physical_exam",
        "code_list_id": "2.16.840.1.113883.3.464.1003.121.12.1013",
        "type": "physical_exams",
        "definition": "physical_exam",
        "hard_status": false,
        "negation": false,
        "source_data_criteria": "PhysicalExamFindingDeltaSystolicBloodPressure",
        "value": {
          "type": "IVL_PQ",
          "low": {
            "type": "PQ",
            "unit": "mm[Hg]",
            "value": "10",
            "inclusive?": true,
            "derived?": false
          }
        },
        "temporal_references": [
          {
            "type": "DURING",
            "reference": "OccurrenceBBloodPressureVisit264"
          }
        ]
      }
    },
    {
      "OccurrenceBSystolicBloodPressure262_precondition_5866": {
        "title": "Systolic Blood Pressure",
        "description": "Physical Exam: Systolic Blood Pressure",
        "standard_category": "physical_exam",
        "qds_data_type": "physical_exam",
        "code_list_id": "2.16.840.1.113883.3.526.3.1032",
        "type": "physical_exams",
        "definition": "physical_exam",
        "hard_status": false,
        "negation": false,
        "specific_occurrence": "B",
        "source_data_criteria": "OccurrenceBSystolicBloodPressure262",
        "value": {
          "type": "IVL_PQ",
          "high": {
            "type": "PQ",
            "unit": "mm[Hg]",
            "value": "140",
            "inclusive?": false,
            "derived?": false
          }
        }
      }
    },
    {
      "OccurrenceABloodPressureVisit263_precondition_5871": {
        "title": "Blood Pressure Visit",
        "description": "Encounter, Performed: Blood Pressure Visit",
        "standard_category": "encounter",
        "qds_data_type": "encounter",
        "code_list_id": "2.16.840.1.113883.3.464.1003.101.12.1056",
        "type": "encounters",
        "definition": "encounter",
        "status": "performed",
        "hard_status": false,
        "negation": false,
        "specific_occurrence": "A",
        "source_data_criteria": "OccurrenceABloodPressureVisit263",
        "temporal_references": [
          {
            "type": "SAS",
            "reference": "MeasurePeriod",
            "range": {
              "type": "IVL_PQ",
              "high": {
                "type": "PQ",
                "unit": "mo",
                "value": "6",
                "inclusive?": true,
                "derived?": false
              }
            }
          }
        ],
        "subset_operators": [
          {
            "type": "FIRST"
          }
        ]
      }
    },
    {
      "OccurrenceASystolicBloodPressure261_precondition_5874": {
        "title": "Systolic Blood Pressure",
        "description": "Physical Exam: Systolic Blood Pressure",
        "standard_category": "physical_exam",
        "qds_data_type": "physical_exam",
        "code_list_id": "2.16.840.1.113883.3.526.3.1032",
        "type": "physical_exams",
        "definition": "physical_exam",
        "hard_status": false,
        "negation": false,
        "specific_occurrence": "A",
        "source_data_criteria": "OccurrenceASystolicBloodPressure261",
        "value": {
          "type": "ANYNonNull"
        },
        "temporal_references": [
          {
            "type": "DURING",
            "reference": "OccurrenceABloodPressureVisit263"
          }
        ],
        "subset_operators": [
          {
            "type": "RECENT"
          }
        ]
      }
    },
    {
      "PatientCharacteristicBirthDate_precondition_5877": {
        "title": "birth date",
        "description": "Patient Characteristic: birth date",
        "standard_category": "individual_characteristic",
        "qds_data_type": "individual_characteristic",
        "code_list_id": "2.16.840.1.113883.3.560.100.4",
        "property": "birthtime",
        "type": "characteristic",
        "definition": "patient_characteristic_birthdate",
        "hard_status": false,
        "negation": false,
        "source_data_criteria": "PatientCharacteristicBirthDate",
        "temporal_references": [
          {
            "type": "SBS",
            "reference": "MeasurePeriod",
            "range": {
              "type": "IVL_PQ",
              "low": {
                "type": "PQ",
                "unit": "a",
                "value": "18",
                "inclusive?": true,
                "derived?": false
              }
            }
          }
        ]
      }
    },
    {
      "PatientCharacteristicBirthDate_precondition_5879": {
        "title": "birth date",
        "description": "Patient Characteristic: birth date",
        "standard_category": "individual_characteristic",
        "qds_data_type": "individual_characteristic",
        "code_list_id": "2.16.840.1.113883.3.560.100.4",
        "property": "birthtime",
        "type": "characteristic",
        "definition": "patient_characteristic_birthdate",
        "hard_status": false,
        "negation": false,
        "source_data_criteria": "PatientCharacteristicBirthDate",
        "temporal_references": [
          {
            "type": "SBS",
            "reference": "MeasurePeriod",
            "range": {
              "type": "IVL_PQ",
              "high": {
                "type": "PQ",
                "unit": "a",
                "value": "85",
                "inclusive?": true,
                "derived?": false
              }
            }
          }
        ]
      }
    },
    {
      "DiagnosisActiveHypertension_precondition_5881": {
        "title": "Hypertension",
        "description": "Diagnosis, Active: Hypertension",
        "standard_category": "diagnosis_condition_problem",
        "qds_data_type": "diagnosis_active",
        "code_list_id": "2.16.840.1.113883.3.464.1003.104.12.1016",
        "type": "conditions",
        "definition": "diagnosis",
        "status": "active",
        "hard_status": false,
        "negation": false,
        "source_data_criteria": "DiagnosisActiveHypertension",
        "temporal_references": [
          {
            "type": "SBE",
            "reference": "OccurrenceABloodPressureVisit263"
          }
        ]
      }
    },
    {
      "OccurrenceASystolicBloodPressure261_precondition_5883": {
        "title": "Systolic Blood Pressure",
        "description": "Physical Exam: Systolic Blood Pressure",
        "standard_category": "physical_exam",
        "qds_data_type": "physical_exam",
        "code_list_id": "2.16.840.1.113883.3.526.3.1032",
        "type": "physical_exams",
        "definition": "physical_exam",
        "hard_status": false,
        "negation": false,
        "specific_occurrence": "A",
        "source_data_criteria": "OccurrenceASystolicBloodPressure261",
        "value": {
          "type": "IVL_PQ",
          "low": {
            "type": "PQ",
            "unit": "mm[Hg]",
            "value": "140",
            "inclusive?": true,
            "derived?": false
          }
        }
      }
    }
  ],
  "oids": [
    "2.16.840.1.113883.3.464.1003.104.11.1038",
    "2.16.840.1.113883.3.464.1003.109.11.1004",
    "2.16.840.1.113883.3.464.1003.109.11.1005",
    "2.16.840.1.113883.3.464.1003.121.11.1027",
    "2.16.840.1.113883.3.526.2.532",
    "2.16.840.1.113883.3.526.2.589",
    "2.16.840.1.113883.3.526.2.590",
    "2.16.840.1.113883.3.526.2.591",
    "2.16.840.1.113883.3.526.2.1044",
    "2.16.840.1.113883.3.526.2.1151",
    "2.16.840.1.113883.3.464.1003.101.12.1056",
    "2.16.840.1.113883.3.464.1003.104.12.1016",
    "2.16.840.1.113883.3.464.1003.109.12.1002",
    "2.16.840.1.113883.3.464.1003.121.12.1013",
    "2.16.840.1.113883.3.526.3.353",
    "2.16.840.1.113883.3.526.3.378",
    "2.16.840.1.113883.3.526.3.1032",
    "2.16.840.1.113883.3.526.3.1083",
    "2.16.840.1.113883.3.526.3.1084",
    "2.16.840.1.113883.3.464.1003.101.11.1005",
    "2.16.840.1.113883.3.464.1003.101.11.1040",
    "2.16.840.1.113883.3.464.1003.101.11.1060",
    "2.16.840.1.113883.3.464.1003.101.11.1070",
    "2.16.840.1.113883.3.464.1003.101.11.1080",
    "2.16.840.1.113883.3.464.1003.101.11.1115",
    "2.16.840.1.113883.3.464.1003.101.11.1125",
    "2.16.840.1.113883.3.464.1003.101.11.1216",
    "2.16.840.1.113883.3.464.1003.104.11.1036",
    "2.16.840.1.113883.3.464.1003.104.11.1037",
    "2.16.840.1.113883.3.526.2.242",
    "2.16.840.1.113883.3.526.2.243",
    "2.16.840.1.113883.3.526.2.1150",
    "2.16.840.1.113883.3.526.2.1152",
    "2.16.840.1.113883.3.526.2.1153",
    "2.16.840.1.113883.3.560.100.4"
  ],
  "population_ids": {
    "IPP": "E2C29589-193D-4128-821A-FE1819BE631A",
    "DENOM": "5B01448F-53E7-4E82-96F3-F63113ECE511",
    "NUMER": "55A39AB2-5497-4102-B683-AADDA9BB4C91",
    "DENEX": "7BAE2760-EE9E-446A-AF1D-877519C7DB3D"
  }
}