<ContinuityOfCareRecord xmlns:xsi="http://www.w3.org/2001/XMLSchema-instance" xsi:schemaLocation="urn:astm-org:CCR CCR_20051109.xsd http://www.w3.org/2001/XMLSchema xmldsig-core-schema.xsd" xmlns="urn:astm-org:CCR">
  <CCRDocumentObjectID>504f3452044a113c9e000076</CCRDocumentObjectID>
  <Language>
    <Text>English</Text>
  </Language>
  <Version>V1.0</Version>
  <DateTime>
    <ExactDateTime>2012-11-15T15:24:28-05:00</ExactDateTime>
  </DateTime>
  <Patient>
    <ActorID>504f3452044a113c9e000076</ActorID>
  </Patient>
  <From>
    <ActorLink>
      <ActorID>AA0002</ActorID>
    </ActorLink>
  </From>
  <Purpose>
    <Description>
      <Text>Cypress Test Patient CCR XML Record</Text>
    </Description>
    <Indications>
      <Indication>
        <Source>
          <Actor>
            <ActorID>AA0002</ActorID>
          </Actor>
        </Source>
        <InternalCCRLink>
          <LinkID/>
        </InternalCCRLink>
      </Indication>
    </Indications>
  </Purpose>
  <Body>
    <Problems>
      <Problem>
        <CCRDataObjectID>PR0001</CCRDataObjectID>
        <DateTime>
          <Type>
            <Text>Start date</Text>
          </Type>
          <ExactDateTime>2010-03-02T06:00:00Z</ExactDateTime>
        </DateTime>
        <Type>
          <Text>Diagnosis</Text>
        </Type>
        <Description>
          <Text>Diagnosis, Active: Hospital Measures-Pneumonia (Code List: 2.16.840.1.113883.3.666.5.752)</Text>
          <Code>
            <Value>481</Value>
            <CodingSystem>ICD-9-CM</CodingSystem>
            <Version>2005</Version>
          </Code>
        </Description>
        <Status>
          <Text>Active</Text>
        </Status>
        <Source>
          <Actor>
            <ActorID>504f3452044a113c9e000076</ActorID>
          </Actor>
        </Source>
      </Problem>
    </Problems>
    <Medications>
      <Medication>
        <CCRDataObjectID>MD0001</CCRDataObjectID>
        <DateTime>
          <Type>
            <Text>Prescription Date</Text>
          </Type>
          <ExactDateTime>2010-03-02T07:00:00Z</ExactDateTime>
        </DateTime>
        <Type>
          <Text>Medication</Text>
        </Type>
        <Status>
          <Text>Active</Text>
        </Status>
        <Source>
          <Actor>
            <ActorID>504f3452044a113c9e000076</ActorID>
          </Actor>
        </Source>
        <Product>
          <ProductName>
            <Text>Medication, Administered: Unfractionated Heparin (Code List: 2.16.840.1.113883.3.117.1.7.1.218)</Text>
          </ProductName>
          <BrandName>
            <Text>Medication, Administered: Unfractionated Heparin (Code List: 2.16.840.1.113883.3.117.1.7.1.218)</Text>
            <Code>
              <Value>829886</Value>
              <CodingSystem>RxNorm</CodingSystem>
              <Version>2005</Version>
            </Code>
          </BrandName>
        </Product>
      </Medication>
      <Medication>
        <CCRDataObjectID>MD0002</CCRDataObjectID>
        <DateTime>
          <Type>
            <Text>Prescription Date</Text>
          </Type>
          <ExactDateTime>2010-03-02T07:00:00Z</ExactDateTime>
        </DateTime>
        <Type>
          <Text>Medication</Text>
        </Type>
        <Status>
          <Text>Active</Text>
        </Status>
        <Source>
          <Actor>
            <ActorID>504f3452044a113c9e000076</ActorID>
          </Actor>
        </Source>
        <Product>
          <ProductName>
            <Text>Medication, Administered: Hospital Measures-IV or PO Antimicrobial Medications (Code List: 2.16.840.1.113883.3.666.5.843)</Text>
          </ProductName>
          <BrandName>
            <Text>Medication, Administered: Hospital Measures-IV or PO Antimicrobial Medications (Code List: 2.16.840.1.113883.3.666.5.843)</Text>
            <Code>
              <Value>102769</Value>
              <CodingSystem>RxNorm</CodingSystem>
              <Version>2005</Version>
            </Code>
          </BrandName>
        </Product>
      </Medication>
      <Medication>
        <CCRDataObjectID>MD0003</CCRDataObjectID>
        <DateTime>
          <Type>
            <Text>Prescription Date</Text>
          </Type>
          <ExactDateTime>2010-03-02T07:00:00Z</ExactDateTime>
        </DateTime>
        <Type>
          <Text>Medication</Text>
        </Type>
        <Status>
          <Text>Active</Text>
        </Status>
        <Source>
          <Actor>
            <ActorID>504f3452044a113c9e000076</ActorID>
          </Actor>
        </Source>
        <Product>
          <ProductName>
            <Text>Medication, Administered: Hospital Measures-IV or PO Macrolides Non-ICU (Code List: 2.16.840.1.113883.3.666.5.772)</Text>
          </ProductName>
          <BrandName>
            <Text>Medication, Administered: Hospital Measures-IV or PO Macrolides Non-ICU (Code List: 2.16.840.1.113883.3.666.5.772)</Text>
            <Code>
              <Value>141962</Value>
              <CodingSystem>RxNorm</CodingSystem>
              <Version>2005</Version>
            </Code>
          </BrandName>
        </Product>
      </Medication>
      <Medication>
        <CCRDataObjectID>MD0004</CCRDataObjectID>
        <DateTime>
          <Type>
            <Text>Prescription Date</Text>
          </Type>
          <ExactDateTime>2010-03-02T07:00:00Z</ExactDateTime>
        </DateTime>
        <Type>
          <Text>Medication</Text>
        </Type>
        <Status>
          <Text>Active</Text>
        </Status>
        <Source>
          <Actor>
            <ActorID>504f3452044a113c9e000076</ActorID>
          </Actor>
        </Source>
        <Product>
          <ProductName>
            <Text>Medication, Administered: Hospital Measures-IV or IM Beta lactams (Code List: 2.16.840.1.113883.3.666.5.720)</Text>
          </ProductName>
          <BrandName>
            <Text>Medication, Administered: Hospital Measures-IV or IM Beta lactams (Code List: 2.16.840.1.113883.3.666.5.720)</Text>
            <Code>
              <Value>198395</Value>
              <CodingSystem>RxNorm</CodingSystem>
              <Version>2005</Version>
            </Code>
          </BrandName>
        </Product>
      </Medication>
    </Medications>
    <Results>
      <Result>
        <CCRDataObjectID>LB0001</CCRDataObjectID>
        <DateTime>
          <Type>
            <Text>Start date</Text>
          </Type>
          <ExactDateTime>2010-03-02T03:00:00Z</ExactDateTime>
        </DateTime>
        <Source/>
        <Test>
          <CCRDataObjectID>LB0001TestResult</CCRDataObjectID>
          <Description>
            <Text>Diagnostic Study, Result: Hospital Measures-Chest xray (Code List: 2.16.840.1.113883.3.666.5.678)</Text>
            <Code>
              <Value>168731009</Value>
              <CodingSystem>SNOMED-CT</CodingSystem>
              <Version>2005</Version>
            </Code>
          </Description>
          <Source/>
          <TestResult>
          </TestResult>
        </Test>
      </Result>
    </Results>
    <Encounters>
      <Encounter>
        <CCRDataObjectID>EN0001</CCRDataObjectID>
        <DateTime>
          <Type>
            <Text>Encounter Date</Text>
          </Type>
          <ExactDateTime>2010-03-02T05:00:00Z</ExactDateTime>
        </DateTime>
        <Description>
          <Text>Encounter, Performed: ICU Admission or Transfer (Code List: 2.16.840.1.113883.3.117.1.7.1.305)</Text>
          <Code>
            <Value>305351004</Value>
            <CodingSystem>SNOMED-CT</CodingSystem>
            <Version>2005</Version>
          </Code>
        </Description>
        <Status>
          <Text>Active</Text>
        </Status>
        <Source>
          <Actor>
            <ActorID>504f3452044a113c9e000076</ActorID>
          </Actor>
        </Source>
      </Encounter>
      <Encounter>
        <CCRDataObjectID>EN0002</CCRDataObjectID>
        <DateTime>
          <Type>
            <Text>Encounter Date</Text>
          </Type>
          <ExactDateTime>2010-03-02T05:00:00Z</ExactDateTime>
        </DateTime>
        <Description>
          <Text>Encounter, Performed: Encounter Inpatient (Code List: 2.16.840.1.113883.3.666.5.307)</Text>
          <Code>
            <Value>32485007</Value>
            <CodingSystem>SNOMED-CT</CodingSystem>
            <Version>2005</Version>
          </Code>
        </Description>
        <Status>
          <Text>Active</Text>
        </Status>
        <Source>
          <Actor>
            <ActorID>504f3452044a113c9e000076</ActorID>
          </Actor>
        </Source>
      </Encounter>
    </Encounters>
  </Body>
  <Actors>
    <Actor>
      <ActorObjectID>504f3452044a113c9e000076</ActorObjectID>
      <Person>
        <Name>
          <CurrentName>
            <Given>CAP</Given>
            <Family>NUM_0147_372</Family>
          </CurrentName>
        </Name>
        <DateOfBirth>
          <ExactDateTime>1965-01-06T08:30:00Z</ExactDateTime>
        </DateOfBirth>
        <Gender>
          <Text>Female</Text>
        </Gender>
      </Person>
      <Source/>
    </Actor>
  </Actors>
</ContinuityOfCareRecord>
