<ContinuityOfCareRecord xmlns:xsi="http://www.w3.org/2001/XMLSchema-instance" xsi:schemaLocation="urn:astm-org:CCR CCR_20051109.xsd http://www.w3.org/2001/XMLSchema xmldsig-core-schema.xsd" xmlns="urn:astm-org:CCR">
  <CCRDocumentObjectID>504f28d0044a1133db0000ab</CCRDocumentObjectID>
  <Language>
    <Text>English</Text>
  </Language>
  <Version>V1.0</Version>
  <DateTime>
    <ExactDateTime>2012-11-15T15:24:28-05:00</ExactDateTime>
  </DateTime>
  <Patient>
    <ActorID>504f28d0044a1133db0000ab</ActorID>
  </Patient>
  <From>
    <ActorLink>
      <ActorID>AA0002</ActorID>
    </ActorLink>
  </From>
  <Purpose>
    <Description>
      <Text>Cypress Test Patient CCR XML Record</Text>
    </Description>
    <Indications>
      <Indication>
        <Source>
          <Actor>
            <ActorID>AA0002</ActorID>
          </Actor>
        </Source>
        <InternalCCRLink>
          <LinkID/>
        </InternalCCRLink>
      </Indication>
    </Indications>
  </Purpose>
  <Body>
    <Medications>
      <Medication>
        <CCRDataObjectID>MD0001</CCRDataObjectID>
        <DateTime>
          <Type>
            <Text>Prescription Date</Text>
          </Type>
          <ExactDateTime>2010-03-02T06:00:00Z</ExactDateTime>
        </DateTime>
        <Type>
          <Text>Medication</Text>
        </Type>
        <Status>
          <Text>Active</Text>
        </Status>
        <Source>
          <Actor>
            <ActorID>504f28d0044a1133db0000ab</ActorID>
          </Actor>
        </Source>
        <Product>
          <ProductName>
            <Text>Medication, Administered: Hospital Measures-IV Cardiac or  Vascular Antibiotics (Code List: 2.16.840.1.113883.3.666.5.768)</Text>
          </ProductName>
          <BrandName>
            <Text>Medication, Administered: Hospital Measures-IV Cardiac or  Vascular Antibiotics (Code List: 2.16.840.1.113883.3.666.5.768)</Text>
            <Code>
              <Value>313920</Value>
              <CodingSystem>RxNorm</CodingSystem>
              <Version>2005</Version>
            </Code>
          </BrandName>
        </Product>
      </Medication>
      <Medication>
        <CCRDataObjectID>MD0002</CCRDataObjectID>
        <DateTime>
          <Type>
            <Text>Prescription Date</Text>
          </Type>
          <ExactDateTime>2010-03-02T10:00:00Z</ExactDateTime>
        </DateTime>
        <Type>
          <Text>Medication</Text>
        </Type>
        <Status>
          <Text>Active</Text>
        </Status>
        <Source>
          <Actor>
            <ActorID>504f28d0044a1133db0000ab</ActorID>
          </Actor>
        </Source>
        <Product>
          <ProductName>
            <Text>Medication, Administered: Hospital measures-IV Vancomycin (Code List: 2.16.840.1.113883.3.666.5.766)</Text>
          </ProductName>
          <BrandName>
            <Text>Medication, Administered: Hospital measures-IV Vancomycin (Code List: 2.16.840.1.113883.3.666.5.766)</Text>
            <Code>
              <Value>313572</Value>
              <CodingSystem>RxNorm</CodingSystem>
              <Version>2005</Version>
            </Code>
          </BrandName>
        </Product>
      </Medication>
      <Medication>
        <CCRDataObjectID>MD0003</CCRDataObjectID>
        <DateTime>
          <Type>
            <Text>Prescription Date</Text>
          </Type>
          <ExactDateTime>2010-03-02T10:00:00Z</ExactDateTime>
        </DateTime>
        <Type>
          <Text>Medication</Text>
        </Type>
        <Status>
          <Text>Active</Text>
        </Status>
        <Source>
          <Actor>
            <ActorID>504f28d0044a1133db0000ab</ActorID>
          </Actor>
        </Source>
        <Product>
          <ProductName>
            <Text>Medication, Administered: Hospital measures-SCIP IV quinolones (Code List: 2.16.840.1.113883.3.666.5.835)</Text>
          </ProductName>
          <BrandName>
            <Text>Medication, Administered: Hospital measures-SCIP IV quinolones (Code List: 2.16.840.1.113883.3.666.5.835)</Text>
            <Code>
              <Value>199886</Value>
              <CodingSystem>RxNorm</CodingSystem>
              <Version>2005</Version>
            </Code>
          </BrandName>
        </Product>
      </Medication>
      <Medication>
        <CCRDataObjectID>MD0004</CCRDataObjectID>
        <DateTime>
          <Type>
            <Text>Prescription Date</Text>
          </Type>
          <ExactDateTime>2010-03-02T11:30:00Z</ExactDateTime>
        </DateTime>
        <Type>
          <Text>Medication</Text>
        </Type>
        <Status>
          <Text>Active</Text>
        </Status>
        <Source>
          <Actor>
            <ActorID>504f28d0044a1133db0000ab</ActorID>
          </Actor>
        </Source>
        <Product>
          <ProductName>
            <Text>Medication, Administered: Hospital measures-IV Antimicrobial medication (Code List: 2.16.840.1.113883.3.666.5.765)</Text>
          </ProductName>
          <BrandName>
            <Text>Medication, Administered: Hospital measures-IV Antimicrobial medication (Code List: 2.16.840.1.113883.3.666.5.765)</Text>
            <Code>
              <Value>313920</Value>
              <CodingSystem>RxNorm</CodingSystem>
              <Version>2005</Version>
            </Code>
          </BrandName>
        </Product>
      </Medication>
    </Medications>
    <Procedures>
      <Procedure>
        <CCRDataObjectID>PR0001</CCRDataObjectID>
        <DateTime>
          <Type>
            <Text>Service date</Text>
          </Type>
          <ExactDateTime>2010-03-02T11:00:00Z</ExactDateTime>
        </DateTime>
        <Description>
          <Text>Procedure, Performed: Hospital measures-CABG (Code List: 2.16.840.1.113883.3.666.5.694)</Text>
          <Code>
            <Value>0211499</Value>
            <CodingSystem>ICD-10-CM</CodingSystem>
            <Version>2005</Version>
          </Code>
          <Code>
            <Value>36.10</Value>
            <CodingSystem>ICD-9-CM</CodingSystem>
            <Version>2005</Version>
          </Code>
        </Description>
        <Status>
          <Text>Active</Text>
        </Status>
        <Source/>
      </Procedure>
      <Procedure>
        <CCRDataObjectID>PR0002</CCRDataObjectID>
        <DateTime>
          <Type>
            <Text>Service date</Text>
          </Type>
          <ExactDateTime>2010-03-02T11:05:00Z</ExactDateTime>
        </DateTime>
        <Description>
          <Text>Procedure, Performed: Hospital Measures-Joint Commission Evidence of a surgical procedure requiring general or neuraxial anesthesia (Code List: 1.3.6.1.4.1.33895.1.3.0.31)</Text>
          <Code>
            <Value>50697003</Value>
            <CodingSystem>SNOMED-CT</CodingSystem>
            <Version>2005</Version>
          </Code>
        </Description>
        <Status>
          <Text>Active</Text>
        </Status>
        <Source/>
      </Procedure>
    </Procedures>
    <Encounters>
      <Encounter>
        <CCRDataObjectID>EN0001</CCRDataObjectID>
        <DateTime>
          <Type>
            <Text>Encounter Date</Text>
          </Type>
          <ExactDateTime>2010-03-02T05:00:00Z</ExactDateTime>
        </DateTime>
        <Description>
          <Text>Encounter, Performed: Encounter Inpatient (Code List: 2.16.840.1.113883.3.666.5.307)</Text>
          <Code>
            <Value>32485007</Value>
            <CodingSystem>SNOMED-CT</CodingSystem>
            <Version>2005</Version>
          </Code>
        </Description>
        <Status>
          <Text>Active</Text>
        </Status>
        <Source>
          <Actor>
            <ActorID>504f28d0044a1133db0000ab</ActorID>
          </Actor>
        </Source>
      </Encounter>
    </Encounters>
  </Body>
  <Actors>
    <Actor>
      <ActorObjectID>504f28d0044a1133db0000ab</ActorObjectID>
      <Person>
        <Name>
          <CurrentName>
            <Given>SCIP</Given>
            <Family>NUM_0453_0527_0528</Family>
          </CurrentName>
        </Name>
        <DateOfBirth>
          <ExactDateTime>1945-06-06T07:30:00Z</ExactDateTime>
        </DateOfBirth>
        <Gender>
          <Text>Male</Text>
        </Gender>
      </Person>
      <Source/>
    </Actor>
  </Actors>
</ContinuityOfCareRecord>
