<ContinuityOfCareRecord xmlns:xsi="http://www.w3.org/2001/XMLSchema-instance" xsi:schemaLocation="urn:astm-org:CCR CCR_20051109.xsd http://www.w3.org/2001/XMLSchema xmldsig-core-schema.xsd" xmlns="urn:astm-org:CCR">
  <CCRDocumentObjectID>504f16a7044a1133db000051</CCRDocumentObjectID>
  <Language>
    <Text>English</Text>
  </Language>
  <Version>V1.0</Version>
  <DateTime>
    <ExactDateTime>2012-11-15T15:24:28-05:00</ExactDateTime>
  </DateTime>
  <Patient>
    <ActorID>504f16a7044a1133db000051</ActorID>
  </Patient>
  <From>
    <ActorLink>
      <ActorID>AA0002</ActorID>
    </ActorLink>
  </From>
  <Purpose>
    <Description>
      <Text>Cypress Test Patient CCR XML Record</Text>
    </Description>
    <Indications>
      <Indication>
        <Source>
          <Actor>
            <ActorID>AA0002</ActorID>
          </Actor>
        </Source>
        <InternalCCRLink>
          <LinkID/>
        </InternalCCRLink>
      </Indication>
    </Indications>
  </Purpose>
  <Body>
    <Problems>
      <Problem>
        <CCRDataObjectID>PR0001</CCRDataObjectID>
        <DateTime>
          <Type>
            <Text>Start date</Text>
          </Type>
          <ExactDateTime>2010-04-01T16:00:00Z</ExactDateTime>
        </DateTime>
        <Type>
          <Text>Diagnosis</Text>
        </Type>
        <Description>
          <Text>Diagnosis, Active: Venous Thromboembolism (Code List: 2.16.840.1.113883.3.117.1.7.1.279)</Text>
          <Code>
            <Value>I26.09</Value>
            <CodingSystem>ICD-10-CM</CodingSystem>
            <Version>2005</Version>
          </Code>
          <Code>
            <Value>415.11</Value>
            <CodingSystem>ICD-9-CM</CodingSystem>
            <Version>2005</Version>
          </Code>
          <Code>
            <Value>1748006</Value>
            <CodingSystem>SNOMED-CT</CodingSystem>
            <Version>2005</Version>
          </Code>
        </Description>
        <Status>
          <Text>Active</Text>
        </Status>
        <Source>
          <Actor>
            <ActorID>504f16a7044a1133db000051</ActorID>
          </Actor>
        </Source>
      </Problem>
    </Problems>
    <Medications>
      <Medication>
        <CCRDataObjectID>MD0001</CCRDataObjectID>
        <DateTime>
          <Type>
            <Text>Prescription Date</Text>
          </Type>
          <ExactDateTime>2010-04-01T17:00:00Z</ExactDateTime>
        </DateTime>
        <Type>
          <Text>Medication</Text>
        </Type>
        <Status>
          <Text>Active</Text>
        </Status>
        <Source>
          <Actor>
            <ActorID>504f16a7044a1133db000051</ActorID>
          </Actor>
        </Source>
        <Product>
          <ProductName>
            <Text>Medication, Administered: Unfractionated Heparin (Code List: 2.16.840.1.113883.3.117.1.7.1.218)</Text>
          </ProductName>
          <BrandName>
            <Text>Medication, Administered: Unfractionated Heparin (Code List: 2.16.840.1.113883.3.117.1.7.1.218)</Text>
            <Code>
              <Value>829886</Value>
              <CodingSystem>RxNorm</CodingSystem>
              <Version>2005</Version>
            </Code>
          </BrandName>
        </Product>
      </Medication>
      <Medication>
        <CCRDataObjectID>MD0002</CCRDataObjectID>
        <DateTime>
          <Type>
            <Text>Prescription Date</Text>
          </Type>
          <ExactDateTime>2010-04-02T05:00:00Z</ExactDateTime>
        </DateTime>
        <Type>
          <Text>Medication</Text>
        </Type>
        <Status>
          <Text>Active</Text>
        </Status>
        <Source>
          <Actor>
            <ActorID>504f16a7044a1133db000051</ActorID>
          </Actor>
        </Source>
        <Product>
          <ProductName>
            <Text>Medication, Administered: Warfarin (Code List: 2.16.840.1.113883.3.117.1.7.1.232)</Text>
          </ProductName>
          <BrandName>
            <Text>Medication, Administered: Warfarin (Code List: 2.16.840.1.113883.3.117.1.7.1.232)</Text>
            <Code>
              <Value>855332</Value>
              <CodingSystem>RxNorm</CodingSystem>
              <Version>2005</Version>
            </Code>
          </BrandName>
        </Product>
      </Medication>
      <Medication>
        <CCRDataObjectID>MD0003</CCRDataObjectID>
        <DateTime>
          <Type>
            <Text>Prescription Date</Text>
          </Type>
          <ExactDateTime>2010-04-03T00:00:00Z</ExactDateTime>
        </DateTime>
        <Type>
          <Text>Medication</Text>
        </Type>
        <Status>
          <Text>Active</Text>
        </Status>
        <Source>
          <Actor>
            <ActorID>504f16a7044a1133db000051</ActorID>
          </Actor>
        </Source>
        <Product>
          <ProductName>
            <Text>Medication, Administered: Parenteral Anticoagulant (Code List: 2.16.840.1.113883.3.117.1.7.1.266)</Text>
          </ProductName>
          <BrandName>
            <Text>Medication, Administered: Parenteral Anticoagulant (Code List: 2.16.840.1.113883.3.117.1.7.1.266)</Text>
            <Code>
              <Value>829886</Value>
              <CodingSystem>RxNorm</CodingSystem>
              <Version>2005</Version>
            </Code>
          </BrandName>
        </Product>
      </Medication>
      <Medication>
        <CCRDataObjectID>MD0004</CCRDataObjectID>
        <DateTime>
          <Type>
            <Text>Prescription Date</Text>
          </Type>
          <ExactDateTime>2010-04-04T04:00:00Z</ExactDateTime>
        </DateTime>
        <Type>
          <Text>Medication</Text>
        </Type>
        <Status>
          <Text>Active</Text>
        </Status>
        <Source>
          <Actor>
            <ActorID>504f16a7044a1133db000051</ActorID>
          </Actor>
        </Source>
        <Product>
          <ProductName>
            <Text>Medication, Administered: Parenteral Anticoagulant (Code List: 2.16.840.1.113883.3.117.1.7.1.266)</Text>
          </ProductName>
          <BrandName>
            <Text>Medication, Administered: Parenteral Anticoagulant (Code List: 2.16.840.1.113883.3.117.1.7.1.266)</Text>
            <Code>
              <Value>829886</Value>
              <CodingSystem>RxNorm</CodingSystem>
              <Version>2005</Version>
            </Code>
          </BrandName>
        </Product>
      </Medication>
      <Medication>
        <CCRDataObjectID>MD0005</CCRDataObjectID>
        <DateTime>
          <Type>
            <Text>Prescription Date</Text>
          </Type>
          <ExactDateTime>2010-04-07T05:00:00Z</ExactDateTime>
        </DateTime>
        <Type>
          <Text>Medication</Text>
        </Type>
        <Status>
          <Text>Active</Text>
        </Status>
        <Source>
          <Actor>
            <ActorID>504f16a7044a1133db000051</ActorID>
          </Actor>
        </Source>
        <Product>
          <ProductName>
            <Text>Medication, Discharge: Parenteral Anticoagulant (Code List: 2.16.840.1.113883.3.117.1.7.1.266)</Text>
          </ProductName>
          <BrandName>
            <Text>Medication, Discharge: Parenteral Anticoagulant (Code List: 2.16.840.1.113883.3.117.1.7.1.266)</Text>
            <Code>
              <Value>829886</Value>
              <CodingSystem>RxNorm</CodingSystem>
              <Version>2005</Version>
            </Code>
          </BrandName>
        </Product>
      </Medication>
    </Medications>
    <Results>
      <Result>
        <CCRDataObjectID>LB0001</CCRDataObjectID>
        <DateTime>
          <Type>
            <Text>Start date</Text>
          </Type>
          <ExactDateTime>2010-04-01T16:00:00Z</ExactDateTime>
        </DateTime>
        <Source/>
        <Test>
          <CCRDataObjectID>LB0001TestResult</CCRDataObjectID>
          <Description>
            <Text>Diagnostic Study, Result: VTE Diagnostic Test (Code List: 2.16.840.1.113883.3.117.1.7.1.276)</Text>
            <Code>
              <Value>24533-2</Value>
              <CodingSystem>LOINC</CodingSystem>
              <Version>2005</Version>
            </Code>
          </Description>
          <Source/>
          <TestResult>
          </TestResult>
        </Test>
      </Result>
    </Results>
    <Procedures>
      <Procedure>
        <CCRDataObjectID>PR0001</CCRDataObjectID>
        <DateTime>
          <Type>
            <Text>Service date</Text>
          </Type>
          <ExactDateTime>2010-04-01T17:00:00Z</ExactDateTime>
        </DateTime>
        <Description>
          <Text>Procedure, Performed: Treatment Adjusted by Protocol (Code List: 2.16.840.1.113883.3.117.1.7.1.278)</Text>
          <Code>
            <Value>417886001</Value>
            <CodingSystem>SNOMED-CT</CodingSystem>
            <Version>2005</Version>
          </Code>
        </Description>
        <Status>
          <Text>Active</Text>
        </Status>
        <Source/>
      </Procedure>
      <Procedure>
        <CCRDataObjectID>PR0002</CCRDataObjectID>
        <DateTime>
          <Type>
            <Text>Service date</Text>
          </Type>
          <ExactDateTime>2010-04-07T05:00:00Z</ExactDateTime>
        </DateTime>
        <Description>
          <Text>Communication: From Provider to Patient: Written Information Given (Code List: 2.16.840.1.113883.3.117.1.7.1.415)</Text>
          <Code>
            <Value>413318004</Value>
            <CodingSystem>SNOMED-CT</CodingSystem>
            <Version>2005</Version>
          </Code>
        </Description>
        <Status>
          <Text>Active</Text>
        </Status>
        <Source/>
      </Procedure>
    </Procedures>
    <Encounters>
      <Encounter>
        <CCRDataObjectID>EN0001</CCRDataObjectID>
        <DateTime>
          <Type>
            <Text>Encounter Date</Text>
          </Type>
          <ExactDateTime>2010-04-01T04:00:00Z</ExactDateTime>
        </DateTime>
        <Description>
          <Text>Encounter, Performed: Inpatient Encounter (Code List: 2.16.840.1.113883.3.117.1.7.1.23)</Text>
          <Code>
            <Value>32485007</Value>
            <CodingSystem>SNOMED-CT</CodingSystem>
            <Version>2005</Version>
          </Code>
        </Description>
        <Status>
          <Text>Active</Text>
        </Status>
        <Source>
          <Actor>
            <ActorID>504f16a7044a1133db000051</ActorID>
          </Actor>
        </Source>
      </Encounter>
    </Encounters>
  </Body>
  <Actors>
    <Actor>
      <ActorObjectID>504f16a7044a1133db000051</ActorObjectID>
      <Person>
        <Name>
          <CurrentName>
            <Given>VTE2</Given>
            <Family>NUM_0373_0374_0375</Family>
          </CurrentName>
        </Name>
        <DateOfBirth>
          <ExactDateTime>1980-01-01T08:30:00Z</ExactDateTime>
        </DateOfBirth>
        <Gender>
          <Text>Female</Text>
        </Gender>
      </Person>
      <Source/>
    </Actor>
  </Actors>
</ContinuityOfCareRecord>
