<?xml version="1.0" encoding="utf-8"?>
<QualityMeasureDocument xmlns="urn:hl7-org:v3" xmlns:xsi="http://www.w3.org/2001/XMLSchema-instance">
  <id root="2.16.840.1.113883.3.100.1" extension="" />
  <code code="57024-2" codeSystem="2.16.840.1.113883.6.1"/>
  <title value="Assessed for Rehabilitation"/>
  <text value="Ischemic or hemorrhagic stroke patients who were assessed for rehabilitation services."/>
  <statusCode code="completed" />
  <setId root="2.16.840.1.113883.3.100.1" extension="" />
  <versionNumber value=""/>
  <author typeCode="AUT" contextControlCode="OP">
    <responsibleParty classCode="ASSIGNED" />
  </author>
  <custodian typeCode="CST">
    <responsibleParty classCode="ASSIGNED" />
  </custodian>
  <controlVariable>
    <measurePeriod>
      <code code="MSRTP" codeSystem="2.16.840.1.113883.3.560">
        <displayName value="Measurement period"/>
      </code>
      <value>
        <low value="20100101" />
        <high value="20110101" />
      </value>
    </measurePeriod>
  </controlVariable>
  	<subjectOf>
		<measureAttribute>
			<id root="2.16.840.1.113883.3.100.1" extension="COPYRIGHT"/>
			<code code="COPY">
				<displayName value="Copyright"/>
			</code>
			<value xsi:type="ED" value="Measure specifications are in the Public Domain

LOINC(R) is a registered trademark of the Regenstrief Institute.

This material contains SNOMED Clinical Terms (R) (SNOMED CT(c) ) copyright 2004-–2010 International Health Terminology Standards Development Organization. All rights reserved."/>
		</measureAttribute>
	</subjectOf>

  	<subjectOf>
		<measureAttribute>
			<id root="2.16.840.1.113883.3.100.1" extension="MEASURE_SCORING"/>
			<code code="MSRSCORE">
				<displayName value="Measure Scoring"/>
			</code>
		</measureAttribute>
	</subjectOf>

  	<subjectOf>
		<measureAttribute>
			<id root="2.16.840.1.113883.3.100.1" extension="MEASURE_TYPE"/>
			<code code="MSRTYPE">
				<displayName value="Measure Type"/>
			</code>
		</measureAttribute>
	</subjectOf>

  	<subjectOf>
		<measureAttribute>
			<id root="2.16.840.1.113883.3.100.1" extension="STRATIFICATION"/>
			<code code="STRAT">
				<displayName value="Stratification"/>
			</code>
			<value xsi:type="ED" value="None"/>
		</measureAttribute>
	</subjectOf>

  	<subjectOf>
		<measureAttribute>
			<id root="2.16.840.1.113883.3.100.1" extension="RISK_ADJUSTMENT"/>
			<code code="MSRADJ">
				<displayName value="Risk Adjustment"/>
			</code>
			<value xsi:type="ED" value="None"/>
		</measureAttribute>
	</subjectOf>

  	<subjectOf>
		<measureAttribute>
			<id root="2.16.840.1.113883.3.100.1" extension="RATE_AGGREGATION"/>
			<code code="MSRAGG">
				<displayName value="Rate Aggregation"/>
			</code>
			<value xsi:type="ED" value="None"/>
		</measureAttribute>
	</subjectOf>

  	<subjectOf>
		<measureAttribute>
			<id root="2.16.840.1.113883.3.100.1" extension="RATIONALE"/>
			<code code="RAT">
				<displayName value="Rationale"/>
			</code>
			<value xsi:type="ED" value="Each year about 700,000 people experience a new or recurrent stroke, which is the nation's third leading cause of death. Approximately two thirds of these individuals survive and require rehabilitation. Stroke is a leading cause of serious, long- term disability in the United States, with about 4.4 million stroke survivors alive today. Forty percent of stroke patients are left with moderate functional impairment and 15 to 30 percent with severe disability. More than 60% of those who have experienced stroke, serious injury, or a disabling disease have never received rehabilitation. Stroke rehabilitation should begin as soon as the diagnosis of stroke is established and life- threatening problems are under control. Among the high priorities for stroke are to mobilize the patient and encourage resumption of self-care activities as soon as possible. A considerable body of evidence indicates better clinical outcomes when patients with stroke are treated in a setting that provides coordinated, multidisciplinary stroke-related evaluation and services. Effective rehabilitation interventions initiated early following stroke can enhance the recovery process and minimize functional disability. The primary goal of rehabilitation is to prevent complications, minimize impairments, and maximize function."/>
		</measureAttribute>
	</subjectOf>

  	<subjectOf>
		<measureAttribute>
			<id root="2.16.840.1.113883.3.100.1" extension="CLINICAL_RECOMMENDATION_STATEMENT"/>
			<code code="CRS">
				<displayName value="Clinical Recommendation Statement"/>
			</code>
			<value xsi:type="ED" value="A considerable body of evidence indicates better clinical outcomes when patients with stroke are treated in a setting that provides coordinated, multidisciplinary stroke-related evaluation and services. Effective rehabilitation interventions initiated early following stroke can enhance the recovery process and minimize functional disability."/>
		</measureAttribute>
	</subjectOf>

  	<subjectOf>
		<measureAttribute>
			<id root="2.16.840.1.113883.3.100.1" extension="IMPROVEMENT_NOTATION"/>
			<code code="IDUR">
				<displayName value="Improvement Notation"/>
			</code>
			<value xsi:type="ED" value="An increase in rate"/>
		</measureAttribute>
	</subjectOf>

  	<subjectOf>
		<measureAttribute>
			<id root="2.16.840.1.113883.3.100.1" extension="NQF_ID_NUMBER"/>
			<code code="OTH">
				<displayName value="NQF ID Number"/>
			</code>
			<value xsi:type="ED" value="0441"/>
		</measureAttribute>
	</subjectOf>

  	<subjectOf>
		<measureAttribute>
			<id root="2.16.840.1.113883.3.100.1" extension="DISCLAIMER"/>
			<code code="DISC">
				<displayName value="Disclaimer"/>
			</code>
			<value xsi:type="ED" value="None"/>
		</measureAttribute>
	</subjectOf>

  	<subjectOf>
		<measureAttribute>
			<id root="2.16.840.1.113883.3.100.1" extension="EMEASURE_IDENTIFIER"/>
			<code code="OTH">
				<displayName value="eMeasure Identifier"/>
			</code>
			<value xsi:type="ED" value="102"/>
		</measureAttribute>
	</subjectOf>

  	<subjectOf>
		<measureAttribute>
			<id root="2.16.840.1.113883.3.100.1" extension="REFERENCE"/>
			<code code="REF">
				<displayName value="Reference"/>
			</code>
			<value xsi:type="ED" value="Zorowitz RD, et al, the Post-Stroke Rehabilitation Outcomes Project (PSROP), Top Stroke Rehabil. 2005 Fall;12(4)."/>
		</measureAttribute>
	</subjectOf>

  	<subjectOf>
		<measureAttribute>
			<id root="2.16.840.1.113883.3.100.1" extension="DEFINITION"/>
			<code code="DEF">
				<displayName value="Definition"/>
			</code>
			<value xsi:type="ED" value="None"/>
		</measureAttribute>
	</subjectOf>

  	<subjectOf>
		<measureAttribute>
			<id root="2.16.840.1.113883.3.100.1" extension="GUIDANCE"/>
			<code code="GUIDE">
				<displayName value="Guidance"/>
			</code>
			<value xsi:type="ED" value="The unit of measurement for this measure is an inpatient episode of care. Each distinct hospitalization should be reported, regardless of whether the same patient is admitted for inpatient care more than once during the measurement period. In addition, the eMeasure logic intends to represent events within or surrounding a single occurrence of an inpatient hospitalization."/>
		</measureAttribute>
	</subjectOf>

  	<subjectOf>
		<measureAttribute>
			<id root="2.16.840.1.113883.3.100.1" extension="TRANSMISSION_FORMAT"/>
			<code code="OTH">
				<displayName value="Transmission Format"/>
			</code>
			<value xsi:type="ED" value="None"/>
		</measureAttribute>
	</subjectOf>

  	<subjectOf>
		<measureAttribute>
			<id root="2.16.840.1.113883.3.100.1" extension="INITIAL_PATIENT_POPULATION"/>
			<code code="IPP">
				<displayName value="Initial Patient Population"/>
			</code>
			<value xsi:type="ED" value="Patients admitted to the hospital for inpatient acute care with a principal diagnosis code for ischemic or hemorrhagic stroke with hospital stays <= 120 days during the measurement period for patients age 18 and older at the time of hospital admission."/>
		</measureAttribute>
	</subjectOf>

  	<subjectOf>
		<measureAttribute>
			<id root="2.16.840.1.113883.3.100.1" extension="DENOMINATOR"/>
			<code code="DENOM">
				<displayName value="Denominator"/>
			</code>
			<value xsi:type="ED" value="Equals Initial Patient Population"/>
		</measureAttribute>
	</subjectOf>

  	<subjectOf>
		<measureAttribute>
			<id root="2.16.840.1.113883.3.100.1" extension="DENOMINATOR_EXCLUSIONS"/>
			<code code="OTH">
				<displayName value="Denominator Exclusions"/>
			</code>
			<value xsi:type="ED" value="Patients with comfort measures only documented
Patients admitted for elective carotid intervention
Patients discharged to another hospital
Patients who left against medical advice
Patients who expired
Patients discharged to home for hospice care
Patients discharged to a health care facility for hospice care"/>
		</measureAttribute>
	</subjectOf>

  	<subjectOf>
		<measureAttribute>
			<id root="2.16.840.1.113883.3.100.1" extension="NUMERATOR"/>
			<code code="NUMER">
				<displayName value="Numerator"/>
			</code>
			<value xsi:type="ED" value="Ischemic or hemorrhagic stroke patients assessed for or who received rehabilitation services."/>
		</measureAttribute>
	</subjectOf>

  	<subjectOf>
		<measureAttribute>
			<id root="2.16.840.1.113883.3.100.1" extension="NUMERATOR_EXCLUSIONS"/>
			<code code="OTH">
				<displayName value="Numerator Exclusions"/>
			</code>
			<value xsi:type="ED" value="Not Applicable"/>
		</measureAttribute>
	</subjectOf>

  	<subjectOf>
		<measureAttribute>
			<id root="2.16.840.1.113883.3.100.1" extension="DENOMINATOR_EXCEPTIONS"/>
			<code code="DENEXCEP">
				<displayName value="Denominator Exceptions"/>
			</code>
			<value xsi:type="ED" value="None"/>
		</measureAttribute>
	</subjectOf>

  	<subjectOf>
		<measureAttribute>
			<id root="2.16.840.1.113883.3.100.1" extension="MEASURE_POPULATION"/>
			<code code="MSRPOPL">
				<displayName value="Measure Population"/>
			</code>
			<value xsi:type="ED" value="Not Applicable"/>
		</measureAttribute>
	</subjectOf>

  	<subjectOf>
		<measureAttribute>
			<id root="2.16.840.1.113883.3.100.1" extension="MEASURE_OBSERVATIONS"/>
			<code code="OTH">
				<displayName value="Measure Observations"/>
			</code>
			<value xsi:type="ED" value="Not Applicable"/>
		</measureAttribute>
	</subjectOf>

  	<subjectOf>
		<measureAttribute>
			<id root="2.16.840.1.113883.3.100.1" extension="SUPPLEMENTAL_DATA_ELEMENTS"/>
			<code code="OTH">
				<displayName value="Supplemental Data Elements"/>
			</code>
			<value xsi:type="ED" value="For every patient evaluated by this measure also identify payer, race, ethnicity, and sex."/>
		</measureAttribute>
	</subjectOf>

  <component>
    <dataCriteriaSection>
      <code code="57025-9" codeSystem="2.16.840.1.113883.6.1"/>
      <title value="Data Criteria Section"/>
      <text>This section describes the data criteria.</text>
            <entry typeCode="DRIV">
        <encounterCriteria moodCode="EVN" classCode="ENC">
                    <templateId>
            <item root="2.16.840.1.113883.3.560.1.79" identifierName="encounter, performed template"/>
          </templateId>

          <id>
            <item root="2.16.840.1.113883.3.100.1" extension="EncounterPerformedEmergencyDepartmentVisit"/>
          </id>
                    <code xsi:type="CD" valueSet="2.16.840.1.113883.3.117.1.7.1.293">
            <displayName value="Emergency Department Visit"/>
          </code>

                    <text value="Encounter, Performed: Emergency Department Visit"/>
          
          
          <definition>
            <encounterReference moodCode="EVN" classCode="ENC">
              <id root="2.16.840.1.113883.3.100.1" extension="encounter"/>
            </encounterReference>
          </definition>
          
                    <outboundRelationship typeCode="SUBJ">
            <subsetCode code="SOURCE"/>
            <observationReference classCode="OBS" moodCode="EVN">
              <id root="2.16.840.1.113883.3.100.1" extension="EncounterPerformedEmergencyDepartmentVisit"/>
            </observationReference>
          </outboundRelationship>
          
          
        </encounterCriteria>
      </entry>

            <entry typeCode="DRIV">
        <encounterCriteria moodCode="EVN" classCode="ENC">
                    <templateId>
            <item root="2.16.840.1.113883.3.560.1.79" identifierName="encounter, performed template"/>
          </templateId>

          <id>
            <item root="2.16.840.1.113883.3.100.1" extension="EncounterPerformedInpatientEncounter"/>
          </id>
                    <code xsi:type="CD" valueSet="2.16.840.1.113883.3.117.1.7.1.23">
            <displayName value="Inpatient Encounter"/>
          </code>

                    <text value="Encounter, Performed: Inpatient Encounter"/>
          
          
          <definition>
            <encounterReference moodCode="EVN" classCode="ENC">
              <id root="2.16.840.1.113883.3.100.1" extension="encounter"/>
            </encounterReference>
          </definition>
          
                    <outboundRelationship typeCode="SUBJ">
            <subsetCode code="SOURCE"/>
            <observationReference classCode="OBS" moodCode="EVN">
              <id root="2.16.840.1.113883.3.100.1" extension="EncounterPerformedInpatientEncounter"/>
            </observationReference>
          </outboundRelationship>
          
          
        </encounterCriteria>
      </entry>

            <entry typeCode="DRIV">
        <procedureCriteria moodCode="EVN" classCode="PROC" actionNegationInd='true'>
                    <templateId>
            <item root="2.16.840.1.113883.3.560.1.162" identifierName="procedure, order template"/>
          </templateId>

          <id>
            <item root="2.16.840.1.113883.3.100.1" extension="ProcedureOrderNotDonePatientRefusal"/>
          </id>
                    <code xsi:type="CD" valueSet="2.16.840.1.113883.3.117.1.7.1.93">
            <displayName value="Patient Refusal"/>
          </code>

                    <text value="Procedure, Order not done: Patient Refusal"/>
          <statusCode code="ordered"/>
          
          
          <definition>
            <procedureReference moodCode="EVN" classCode="PROC">
              <id root="2.16.840.1.113883.3.100.1" extension="procedure"/>
            </procedureReference>
          </definition>
          
                    <outboundRelationship typeCode="SUBJ">
            <subsetCode code="SOURCE"/>
            <observationReference classCode="OBS" moodCode="EVN">
              <id root="2.16.840.1.113883.3.100.1" extension="ProcedureOrderNotDonePatientRefusal"/>
            </observationReference>
          </outboundRelationship>
          
          
        </procedureCriteria>
      </entry>

            <entry typeCode="DRIV">
        <procedureCriteria moodCode="EVN" classCode="PROC" actionNegationInd='true'>
                    <templateId>
            <item root="2.16.840.1.113883.3.560.1.162" identifierName="procedure, order template"/>
          </templateId>

          <id>
            <item root="2.16.840.1.113883.3.100.1" extension="ProcedureOrderNotDoneMedicalReason"/>
          </id>
                    <code xsi:type="CD" valueSet="2.16.840.1.113883.3.117.1.7.1.473">
            <displayName value="Medical Reason"/>
          </code>

                    <text value="Procedure, Order not done: Medical Reason"/>
          <statusCode code="ordered"/>
          
          
          <definition>
            <procedureReference moodCode="EVN" classCode="PROC">
              <id root="2.16.840.1.113883.3.100.1" extension="procedure"/>
            </procedureReference>
          </definition>
          
                    <outboundRelationship typeCode="SUBJ">
            <subsetCode code="SOURCE"/>
            <observationReference classCode="OBS" moodCode="EVN">
              <id root="2.16.840.1.113883.3.100.1" extension="ProcedureOrderNotDoneMedicalReason"/>
            </observationReference>
          </outboundRelationship>
          
          
        </procedureCriteria>
      </entry>

            <entry typeCode="DRIV">
        <encounterCriteria moodCode="EVN" classCode="ENC">
                    <templateId>
            <item root="2.16.840.1.113883.3.560.1.79" identifierName="encounter, performed template"/>
          </templateId>

          <id>
            <item root="2.16.840.1.113883.3.100.1" extension="OccurrenceAInpatientEncounter59"/>
          </id>
                    <code xsi:type="CD" valueSet="2.16.840.1.113883.3.117.1.7.1.23">
            <displayName value="Inpatient Encounter"/>
          </code>

                    <text value="Encounter, Performed: Inpatient Encounter"/>
          
          
          <definition>
            <encounterReference moodCode="EVN" classCode="ENC">
              <id root="2.16.840.1.113883.3.100.1" extension="encounter"/>
            </encounterReference>
          </definition>
          
                    <outboundRelationship typeCode="SUBJ">
            <localVariableName controlInformationRoot="" controlInformationExtension="A"/>
            <subsetCode code="SPECIFIC"/>
            <observationReference classCode="OBS" moodCode="EVN">
              <id root="2.16.840.1.113883.3.100.1" extension="OccurrenceAInpatientEncounter59"/>
            </observationReference>
          </outboundRelationship>
          
          
        </encounterCriteria>
      </entry>

            <entry typeCode="DRIV">
        <encounterCriteria moodCode="EVN" classCode="ENC">
                    <templateId>
            <item root="2.16.840.1.113883.3.560.1.79" identifierName="encounter, performed template"/>
          </templateId>

          <id>
            <item root="2.16.840.1.113883.3.100.1" extension="OccurrenceAInpatientEncounter59_precondition_3914"/>
          </id>
                    <code xsi:type="CD" valueSet="2.16.840.1.113883.3.117.1.7.1.23">
            <displayName value="Inpatient Encounter"/>
          </code>

                    <text value="Encounter, Performed: Inpatient Encounter"/>
          
          
          <definition>
            <encounterReference moodCode="EVN" classCode="ENC">
              <id root="2.16.840.1.113883.3.100.1" extension="encounter"/>
            </encounterReference>
          </definition>
          
                    <outboundRelationship typeCode="SUBJ">
            <observationCriteria classCode="OBS" moodCode="EVN">
              <code code="410666004" codeSystem="2.16.840.1.113883.6.96" codeSystemName="SNOMED-CT">
                <displayName value="Reason"/> 
              </code>
                <value xsi:type="CD" valueSet="2.16.840.1.113883.3.117.1.7.1.204">
     <displayName value="Carotid Intervention"/>
  </value>

            </observationCriteria>
          </outboundRelationship>
          <outboundRelationship typeCode="SUBJ">
            <localVariableName controlInformationRoot="" controlInformationExtension="A"/>
            <subsetCode code="SPECIFIC"/>
            <observationReference classCode="OBS" moodCode="EVN">
              <id root="2.16.840.1.113883.3.100.1" extension="OccurrenceAInpatientEncounter59"/>
            </observationReference>
          </outboundRelationship>
          
          
        </encounterCriteria>
      </entry>

            <entry typeCode="DRIV">
        <encounterCriteria moodCode="EVN" classCode="ENC">
                    <templateId>
            <item root="2.16.840.1.113883.3.560.1.79" identifierName="encounter, performed template"/>
          </templateId>

          <id>
            <item root="2.16.840.1.113883.3.100.1" extension="OccurrenceAInpatientEncounter59_precondition_3916"/>
          </id>
                    <code xsi:type="CD" valueSet="2.16.840.1.113883.3.117.1.7.1.23">
            <displayName value="Inpatient Encounter"/>
          </code>

                    <text value="Encounter, Performed: Inpatient Encounter"/>
          
          
          <definition>
            <encounterReference moodCode="EVN" classCode="ENC">
              <id root="2.16.840.1.113883.3.100.1" extension="encounter"/>
            </encounterReference>
          </definition>
          
                    <outboundRelationship typeCode="SUBJ">
            <observationCriteria classCode="OBS" moodCode="EVN">
              <code code="309039003" codeSystem="2.16.840.1.113883.6.96" codeSystemName="SNOMED-CT">
                <displayName value="Discharge Status"/> 
              </code>
                <value xsi:type="CD" valueSet="2.16.840.1.113883.3.117.1.7.1.87">
     <displayName value="Discharge To Another Hospital"/>
  </value>

            </observationCriteria>
          </outboundRelationship>
          <outboundRelationship typeCode="SUBJ">
            <localVariableName controlInformationRoot="" controlInformationExtension="A"/>
            <subsetCode code="SPECIFIC"/>
            <observationReference classCode="OBS" moodCode="EVN">
              <id root="2.16.840.1.113883.3.100.1" extension="OccurrenceAInpatientEncounter59"/>
            </observationReference>
          </outboundRelationship>
          
          
        </encounterCriteria>
      </entry>

            <entry typeCode="DRIV">
        <encounterCriteria moodCode="EVN" classCode="ENC">
                    <templateId>
            <item root="2.16.840.1.113883.3.560.1.79" identifierName="encounter, performed template"/>
          </templateId>

          <id>
            <item root="2.16.840.1.113883.3.100.1" extension="OccurrenceAInpatientEncounter59_precondition_3918"/>
          </id>
                    <code xsi:type="CD" valueSet="2.16.840.1.113883.3.117.1.7.1.23">
            <displayName value="Inpatient Encounter"/>
          </code>

                    <text value="Encounter, Performed: Inpatient Encounter"/>
          
          
          <definition>
            <encounterReference moodCode="EVN" classCode="ENC">
              <id root="2.16.840.1.113883.3.100.1" extension="encounter"/>
            </encounterReference>
          </definition>
          
                    <outboundRelationship typeCode="SUBJ">
            <observationCriteria classCode="OBS" moodCode="EVN">
              <code code="309039003" codeSystem="2.16.840.1.113883.6.96" codeSystemName="SNOMED-CT">
                <displayName value="Discharge Status"/> 
              </code>
                <value xsi:type="CD" valueSet="2.16.840.1.113883.3.117.1.7.1.308">
     <displayName value="Left Against Medical Advice"/>
  </value>

            </observationCriteria>
          </outboundRelationship>
          <outboundRelationship typeCode="SUBJ">
            <localVariableName controlInformationRoot="" controlInformationExtension="A"/>
            <subsetCode code="SPECIFIC"/>
            <observationReference classCode="OBS" moodCode="EVN">
              <id root="2.16.840.1.113883.3.100.1" extension="OccurrenceAInpatientEncounter59"/>
            </observationReference>
          </outboundRelationship>
          
          
        </encounterCriteria>
      </entry>

            <entry typeCode="DRIV">
        <encounterCriteria moodCode="EVN" classCode="ENC">
                    <templateId>
            <item root="2.16.840.1.113883.3.560.1.79" identifierName="encounter, performed template"/>
          </templateId>

          <id>
            <item root="2.16.840.1.113883.3.100.1" extension="OccurrenceAInpatientEncounter59_precondition_3920"/>
          </id>
                    <code xsi:type="CD" valueSet="2.16.840.1.113883.3.117.1.7.1.23">
            <displayName value="Inpatient Encounter"/>
          </code>

                    <text value="Encounter, Performed: Inpatient Encounter"/>
          
          
          <definition>
            <encounterReference moodCode="EVN" classCode="ENC">
              <id root="2.16.840.1.113883.3.100.1" extension="encounter"/>
            </encounterReference>
          </definition>
          
                    <outboundRelationship typeCode="SUBJ">
            <observationCriteria classCode="OBS" moodCode="EVN">
              <code code="309039003" codeSystem="2.16.840.1.113883.6.96" codeSystemName="SNOMED-CT">
                <displayName value="Discharge Status"/> 
              </code>
                <value xsi:type="CD" valueSet="2.16.840.1.113883.3.117.1.7.1.309">
     <displayName value="Patient Expired"/>
  </value>

            </observationCriteria>
          </outboundRelationship>
          <outboundRelationship typeCode="SUBJ">
            <localVariableName controlInformationRoot="" controlInformationExtension="A"/>
            <subsetCode code="SPECIFIC"/>
            <observationReference classCode="OBS" moodCode="EVN">
              <id root="2.16.840.1.113883.3.100.1" extension="OccurrenceAInpatientEncounter59"/>
            </observationReference>
          </outboundRelationship>
          
          
        </encounterCriteria>
      </entry>

            <entry typeCode="DRIV">
        <encounterCriteria moodCode="EVN" classCode="ENC">
                    <templateId>
            <item root="2.16.840.1.113883.3.560.1.79" identifierName="encounter, performed template"/>
          </templateId>

          <id>
            <item root="2.16.840.1.113883.3.100.1" extension="OccurrenceAInpatientEncounter59_precondition_3922"/>
          </id>
                    <code xsi:type="CD" valueSet="2.16.840.1.113883.3.117.1.7.1.23">
            <displayName value="Inpatient Encounter"/>
          </code>

                    <text value="Encounter, Performed: Inpatient Encounter"/>
          
          
          <definition>
            <encounterReference moodCode="EVN" classCode="ENC">
              <id root="2.16.840.1.113883.3.100.1" extension="encounter"/>
            </encounterReference>
          </definition>
          
                    <outboundRelationship typeCode="SUBJ">
            <observationCriteria classCode="OBS" moodCode="EVN">
              <code code="309039003" codeSystem="2.16.840.1.113883.6.96" codeSystemName="SNOMED-CT">
                <displayName value="Discharge Status"/> 
              </code>
                <value xsi:type="CD" valueSet="2.16.840.1.113883.3.117.1.7.1.209">
     <displayName value="Discharged to Home for Hospice Care"/>
  </value>

            </observationCriteria>
          </outboundRelationship>
          <outboundRelationship typeCode="SUBJ">
            <localVariableName controlInformationRoot="" controlInformationExtension="A"/>
            <subsetCode code="SPECIFIC"/>
            <observationReference classCode="OBS" moodCode="EVN">
              <id root="2.16.840.1.113883.3.100.1" extension="OccurrenceAInpatientEncounter59"/>
            </observationReference>
          </outboundRelationship>
          
          
        </encounterCriteria>
      </entry>

            <entry typeCode="DRIV">
        <encounterCriteria moodCode="EVN" classCode="ENC">
                    <templateId>
            <item root="2.16.840.1.113883.3.560.1.79" identifierName="encounter, performed template"/>
          </templateId>

          <id>
            <item root="2.16.840.1.113883.3.100.1" extension="OccurrenceAInpatientEncounter59_precondition_3924"/>
          </id>
                    <code xsi:type="CD" valueSet="2.16.840.1.113883.3.117.1.7.1.23">
            <displayName value="Inpatient Encounter"/>
          </code>

                    <text value="Encounter, Performed: Inpatient Encounter"/>
          
          
          <definition>
            <encounterReference moodCode="EVN" classCode="ENC">
              <id root="2.16.840.1.113883.3.100.1" extension="encounter"/>
            </encounterReference>
          </definition>
          
                    <outboundRelationship typeCode="SUBJ">
            <observationCriteria classCode="OBS" moodCode="EVN">
              <code code="309039003" codeSystem="2.16.840.1.113883.6.96" codeSystemName="SNOMED-CT">
                <displayName value="Discharge Status"/> 
              </code>
                <value xsi:type="CD" valueSet="2.16.840.1.113883.3.117.1.7.1.207">
     <displayName value="Discharged to Health Care Facility for Hospice Care"/>
  </value>

            </observationCriteria>
          </outboundRelationship>
          <outboundRelationship typeCode="SUBJ">
            <localVariableName controlInformationRoot="" controlInformationExtension="A"/>
            <subsetCode code="SPECIFIC"/>
            <observationReference classCode="OBS" moodCode="EVN">
              <id root="2.16.840.1.113883.3.100.1" extension="OccurrenceAInpatientEncounter59"/>
            </observationReference>
          </outboundRelationship>
          
          
        </encounterCriteria>
      </entry>

            <entry typeCode="DRIV">
        <encounterCriteria moodCode="EVN" classCode="ENC">
                    <templateId>
            <item root="2.16.840.1.113883.3.560.1.79" identifierName="encounter, performed template"/>
          </templateId>

          <id>
            <item root="2.16.840.1.113883.3.100.1" extension="OccurrenceAEmergencyDepartmentVisit60_precondition_3926"/>
          </id>
                    <code xsi:type="CD" valueSet="2.16.840.1.113883.3.117.1.7.1.293">
            <displayName value="Emergency Department Visit"/>
          </code>

                    <text value="Encounter, Performed: Emergency Department Visit"/>
          
          
          <definition>
            <encounterReference moodCode="EVN" classCode="ENC">
              <id root="2.16.840.1.113883.3.100.1" extension="encounter"/>
            </encounterReference>
          </definition>
          
                    <outboundRelationship typeCode="SUBJ">
            <observationCriteria classCode="OBS" moodCode="EVN">
              <code code="SDLOC_DEPARTURE" codeSystem="" codeSystemName="Unknown">
                <displayName value="Facility Location Departure Date/Time"/> 
              </code>
              
            </observationCriteria>
          </outboundRelationship>
          <outboundRelationship typeCode="SUBJ">
            <localVariableName controlInformationRoot="" controlInformationExtension="A"/>
            <subsetCode code="SPECIFIC"/>
            <observationReference classCode="OBS" moodCode="EVN">
              <id root="2.16.840.1.113883.3.100.1" extension="OccurrenceAEmergencyDepartmentVisit60"/>
            </observationReference>
          </outboundRelationship>
          
          
        </encounterCriteria>
      </entry>

            <entry typeCode="DRIV">
        <encounterCriteria moodCode="EVN" classCode="ENC">
                    <templateId>
            <item root="2.16.840.1.113883.3.560.1.79" identifierName="encounter, performed template"/>
          </templateId>

          <id>
            <item root="2.16.840.1.113883.3.100.1" extension="OccurrenceAInpatientEncounter59_precondition_3927"/>
          </id>
                    <code xsi:type="CD" valueSet="2.16.840.1.113883.3.117.1.7.1.23">
            <displayName value="Inpatient Encounter"/>
          </code>

                    <text value="Encounter, Performed: Inpatient Encounter"/>
          
          
          <definition>
            <encounterReference moodCode="EVN" classCode="ENC">
              <id root="2.16.840.1.113883.3.100.1" extension="encounter"/>
            </encounterReference>
          </definition>
                    <temporallyRelatedInformation typeCode="SAE">
              <pauseQuantity xsi:type="IVL_PQ">
          <high  value="1" unit="h"/>
  </pauseQuantity>

                        <encounterReference moodCode="EVN" classCode="ENC">
              <id root="2.16.840.1.113883.3.100.1" extension="OccurrenceAEmergencyDepartmentVisit60_precondition_3926"/>
            </encounterReference>

          </temporallyRelatedInformation>

                    <outboundRelationship typeCode="SUBJ">
            <observationCriteria classCode="OBS" moodCode="EVN">
              <code code="399423000" codeSystem="2.16.840.1.113883.6.96" codeSystemName="SNOMED-CT">
                <displayName value="Admission Date/Time"/> 
              </code>
                <value xsi:type="ANY" nullFlavor="NI"/>

            </observationCriteria>
          </outboundRelationship>
          <outboundRelationship typeCode="SUBJ">
            <localVariableName controlInformationRoot="" controlInformationExtension="A"/>
            <subsetCode code="SPECIFIC"/>
            <observationReference classCode="OBS" moodCode="EVN">
              <id root="2.16.840.1.113883.3.100.1" extension="OccurrenceAInpatientEncounter59"/>
            </observationReference>
          </outboundRelationship>
          
          
        </encounterCriteria>
      </entry>

            <entry typeCode="DRIV">
        <encounterCriteria moodCode="EVN" classCode="ENC">
                    <templateId>
            <item root="2.16.840.1.113883.3.560.1.79" identifierName="encounter, performed template"/>
          </templateId>

          <id>
            <item root="2.16.840.1.113883.3.100.1" extension="OccurrenceAEmergencyDepartmentVisit60_precondition_3934"/>
          </id>
                    <code xsi:type="CD" valueSet="2.16.840.1.113883.3.117.1.7.1.293">
            <displayName value="Emergency Department Visit"/>
          </code>

                    <text value="Encounter, Performed: Emergency Department Visit"/>
          
          
          <definition>
            <encounterReference moodCode="EVN" classCode="ENC">
              <id root="2.16.840.1.113883.3.100.1" extension="encounter"/>
            </encounterReference>
          </definition>
          
                    <outboundRelationship typeCode="SUBJ">
            <observationCriteria classCode="OBS" moodCode="EVN">
              <code code="SDLOC_ARRIVAL" codeSystem="" codeSystemName="Unknown">
                <displayName value="Facility Location Arrival Date/Time"/> 
              </code>
              
            </observationCriteria>
          </outboundRelationship>
          <outboundRelationship typeCode="SUBJ">
            <localVariableName controlInformationRoot="" controlInformationExtension="A"/>
            <subsetCode code="SPECIFIC"/>
            <observationReference classCode="OBS" moodCode="EVN">
              <id root="2.16.840.1.113883.3.100.1" extension="OccurrenceAEmergencyDepartmentVisit60"/>
            </observationReference>
          </outboundRelationship>
          
          
        </encounterCriteria>
      </entry>

            <entry typeCode="DRIV">
        <procedureCriteria moodCode="EVN" classCode="PROC">
                    <templateId>
            <item root="2.16.840.1.113883.3.560.1.45" identifierName="intervention, order template"/>
          </templateId>

          <id>
            <item root="2.16.840.1.113883.3.100.1" extension="InterventionOrderPalliativeCare_precondition_3929"/>
          </id>
                    <code xsi:type="CD" valueSet="2.16.840.1.113883.3.526.2.1076">
            <displayName value="Palliative Care"/>
          </code>

                    <text value="Intervention, Order: Palliative Care"/>
          <statusCode code="ordered"/>
          
          
          <definition>
            <procedureReference moodCode="EVN" classCode="PROC">
              <id root="2.16.840.1.113883.3.100.1" extension="intervention"/>
            </procedureReference>
          </definition>
                    <temporallyRelatedInformation typeCode="SDU">
                        <encounterReference moodCode="EVN" classCode="ENC">
              <id root="2.16.840.1.113883.3.100.1" extension="OccurrenceAEmergencyDepartmentVisit60_precondition_3934"/>
            </encounterReference>

          </temporallyRelatedInformation>

                    <outboundRelationship typeCode="SUBJ">
            <subsetCode code="SOURCE"/>
            <observationReference classCode="OBS" moodCode="EVN">
              <id root="2.16.840.1.113883.3.100.1" extension="InterventionOrderPalliativeCare"/>
            </observationReference>
          </outboundRelationship>
          
          
        </procedureCriteria>
      </entry>

            <entry typeCode="DRIV">
        <procedureCriteria moodCode="EVN" classCode="PROC">
                    <templateId>
            <item root="2.16.840.1.113883.3.560.1.46" identifierName="intervention, performed template"/>
          </templateId>

          <id>
            <item root="2.16.840.1.113883.3.100.1" extension="InterventionPerformedPalliativeCare_precondition_3931"/>
          </id>
                    <code xsi:type="CD" valueSet="2.16.840.1.113883.3.526.2.1076">
            <displayName value="Palliative Care"/>
          </code>

                    <text value="Intervention, Performed: Palliative Care"/>
          <statusCode code="performed"/>
          
          
          <definition>
            <procedureReference moodCode="EVN" classCode="PROC">
              <id root="2.16.840.1.113883.3.100.1" extension="intervention"/>
            </procedureReference>
          </definition>
                    <temporallyRelatedInformation typeCode="SDU">
                        <encounterReference moodCode="EVN" classCode="ENC">
              <id root="2.16.840.1.113883.3.100.1" extension="OccurrenceAEmergencyDepartmentVisit60_precondition_3934"/>
            </encounterReference>

          </temporallyRelatedInformation>

                    <outboundRelationship typeCode="SUBJ">
            <subsetCode code="SOURCE"/>
            <observationReference classCode="OBS" moodCode="EVN">
              <id root="2.16.840.1.113883.3.100.1" extension="InterventionPerformedPalliativeCare"/>
            </observationReference>
          </outboundRelationship>
          
          
        </procedureCriteria>
      </entry>

            <entry typeCode="DRIV">
        <encounterCriteria moodCode="EVN" classCode="ENC">
                    <templateId>
            <item root="2.16.840.1.113883.3.560.1.79" identifierName="encounter, performed template"/>
          </templateId>

          <id>
            <item root="2.16.840.1.113883.3.100.1" extension="OccurrenceAInpatientEncounter59_precondition_3943"/>
          </id>
                    <code xsi:type="CD" valueSet="2.16.840.1.113883.3.117.1.7.1.23">
            <displayName value="Inpatient Encounter"/>
          </code>

                    <text value="Encounter, Performed: Inpatient Encounter"/>
          
          
          <definition>
            <encounterReference moodCode="EVN" classCode="ENC">
              <id root="2.16.840.1.113883.3.100.1" extension="encounter"/>
            </encounterReference>
          </definition>
          
                    <outboundRelationship typeCode="SUBJ">
            <localVariableName controlInformationRoot="" controlInformationExtension="A"/>
            <subsetCode code="SPECIFIC"/>
            <observationReference classCode="OBS" moodCode="EVN">
              <id root="2.16.840.1.113883.3.100.1" extension="OccurrenceAInpatientEncounter59"/>
            </observationReference>
          </outboundRelationship>
          
          
        </encounterCriteria>
      </entry>

            <entry typeCode="DRIV">
        <procedureCriteria moodCode="EVN" classCode="PROC">
                    <templateId>
            <item root="2.16.840.1.113883.3.560.1.45" identifierName="intervention, order template"/>
          </templateId>

          <id>
            <item root="2.16.840.1.113883.3.100.1" extension="InterventionOrderPalliativeCare_precondition_3938"/>
          </id>
                    <code xsi:type="CD" valueSet="2.16.840.1.113883.3.526.2.1076">
            <displayName value="Palliative Care"/>
          </code>

                    <text value="Intervention, Order: Palliative Care"/>
          <statusCode code="ordered"/>
          
          
          <definition>
            <procedureReference moodCode="EVN" classCode="PROC">
              <id root="2.16.840.1.113883.3.100.1" extension="intervention"/>
            </procedureReference>
          </definition>
                    <temporallyRelatedInformation typeCode="SDU">
                        <encounterReference moodCode="EVN" classCode="ENC">
              <id root="2.16.840.1.113883.3.100.1" extension="OccurrenceAInpatientEncounter59_precondition_3943"/>
            </encounterReference>

          </temporallyRelatedInformation>

                    <outboundRelationship typeCode="SUBJ">
            <subsetCode code="SOURCE"/>
            <observationReference classCode="OBS" moodCode="EVN">
              <id root="2.16.840.1.113883.3.100.1" extension="InterventionOrderPalliativeCare"/>
            </observationReference>
          </outboundRelationship>
          
          
        </procedureCriteria>
      </entry>

            <entry typeCode="DRIV">
        <procedureCriteria moodCode="EVN" classCode="PROC">
                    <templateId>
            <item root="2.16.840.1.113883.3.560.1.46" identifierName="intervention, performed template"/>
          </templateId>

          <id>
            <item root="2.16.840.1.113883.3.100.1" extension="InterventionPerformedPalliativeCare_precondition_3940"/>
          </id>
                    <code xsi:type="CD" valueSet="2.16.840.1.113883.3.526.2.1076">
            <displayName value="Palliative Care"/>
          </code>

                    <text value="Intervention, Performed: Palliative Care"/>
          <statusCode code="performed"/>
          
          
          <definition>
            <procedureReference moodCode="EVN" classCode="PROC">
              <id root="2.16.840.1.113883.3.100.1" extension="intervention"/>
            </procedureReference>
          </definition>
                    <temporallyRelatedInformation typeCode="SDU">
                        <encounterReference moodCode="EVN" classCode="ENC">
              <id root="2.16.840.1.113883.3.100.1" extension="OccurrenceAInpatientEncounter59_precondition_3943"/>
            </encounterReference>

          </temporallyRelatedInformation>

                    <outboundRelationship typeCode="SUBJ">
            <subsetCode code="SOURCE"/>
            <observationReference classCode="OBS" moodCode="EVN">
              <id root="2.16.840.1.113883.3.100.1" extension="InterventionPerformedPalliativeCare"/>
            </observationReference>
          </outboundRelationship>
          
          
        </procedureCriteria>
      </entry>

            <entry typeCode="DRIV">
        <encounterCriteria moodCode="EVN" classCode="ENC">
                    <templateId>
            <item root="2.16.840.1.113883.3.560.1.79" identifierName="encounter, performed template"/>
          </templateId>

          <id>
            <item root="2.16.840.1.113883.3.100.1" extension="OccurrenceAInpatientEncounter59_precondition_3948"/>
          </id>
                    <code xsi:type="CD" valueSet="2.16.840.1.113883.3.117.1.7.1.23">
            <displayName value="Inpatient Encounter"/>
          </code>

                    <text value="Encounter, Performed: Inpatient Encounter"/>
          
          
          <definition>
            <encounterReference moodCode="EVN" classCode="ENC">
              <id root="2.16.840.1.113883.3.100.1" extension="encounter"/>
            </encounterReference>
          </definition>
          
                    <outboundRelationship typeCode="SUBJ">
            <observationCriteria classCode="OBS" moodCode="EVN">
              <code code="309039003" codeSystem="2.16.840.1.113883.6.96" codeSystemName="SNOMED-CT">
                <displayName value="Discharge Status"/> 
              </code>
                <value xsi:type="CD" valueSet="2.16.840.1.113883.3.117.1.7.1.132">
     <displayName value="Discharged to Rehabilitation Facility"/>
  </value>

            </observationCriteria>
          </outboundRelationship>
          <outboundRelationship typeCode="SUBJ">
            <localVariableName controlInformationRoot="" controlInformationExtension="A"/>
            <subsetCode code="SPECIFIC"/>
            <observationReference classCode="OBS" moodCode="EVN">
              <id root="2.16.840.1.113883.3.100.1" extension="OccurrenceAInpatientEncounter59"/>
            </observationReference>
          </outboundRelationship>
          
          
        </encounterCriteria>
      </entry>

            <entry typeCode="DRIV">
        <encounterCriteria moodCode="EVN" classCode="ENC">
                    <templateId>
            <item root="2.16.840.1.113883.3.560.1.79" identifierName="encounter, performed template"/>
          </templateId>

          <id>
            <item root="2.16.840.1.113883.3.100.1" extension="OccurrenceAInpatientEncounter59_precondition_3957"/>
          </id>
                    <code xsi:type="CD" valueSet="2.16.840.1.113883.3.117.1.7.1.23">
            <displayName value="Inpatient Encounter"/>
          </code>

                    <text value="Encounter, Performed: Inpatient Encounter"/>
          
          
          <definition>
            <encounterReference moodCode="EVN" classCode="ENC">
              <id root="2.16.840.1.113883.3.100.1" extension="encounter"/>
            </encounterReference>
          </definition>
          
                    <outboundRelationship typeCode="SUBJ">
            <localVariableName controlInformationRoot="" controlInformationExtension="A"/>
            <subsetCode code="SPECIFIC"/>
            <observationReference classCode="OBS" moodCode="EVN">
              <id root="2.16.840.1.113883.3.100.1" extension="OccurrenceAInpatientEncounter59"/>
            </observationReference>
          </outboundRelationship>
          
          
        </encounterCriteria>
      </entry>

            <entry typeCode="DRIV">
        <procedureCriteria moodCode="EVN" classCode="PROC" actionNegationInd='true'>
                    <templateId>
            <item root="2.16.840.1.113883.3.560.1.162" identifierName="procedure, order template"/>
          </templateId>

          <id>
            <item root="2.16.840.1.113883.3.100.1" extension="ProcedureOrderRehabilitationServices_precondition_3950"/>
          </id>
                    <code xsi:type="CD" valueSet="2.16.840.1.113883.3.117.1.7.1.221">
            <displayName value="Rehabilitation Services"/>
          </code>

                    <text value="Procedure, Order: Rehabilitation Services"/>
          <statusCode code="ordered"/>
          
                    <reasonCode>
            <item valueSet="2.16.840.1.113883.3.117.1.7.1.93"/>
          </reasonCode>

          <definition>
            <procedureReference moodCode="EVN" classCode="PROC">
              <id root="2.16.840.1.113883.3.100.1" extension="procedure"/>
            </procedureReference>
          </definition>
                    <temporallyRelatedInformation typeCode="DURING">
                        <encounterReference moodCode="EVN" classCode="ENC">
              <id root="2.16.840.1.113883.3.100.1" extension="OccurrenceAInpatientEncounter59_precondition_3957"/>
            </encounterReference>

          </temporallyRelatedInformation>

                    <outboundRelationship typeCode="SUBJ">
            <subsetCode code="SOURCE"/>
            <observationReference classCode="OBS" moodCode="EVN">
              <id root="2.16.840.1.113883.3.100.1" extension="ProcedureOrderRehabilitationServices"/>
            </observationReference>
          </outboundRelationship>
          
          
        </procedureCriteria>
      </entry>

            <entry typeCode="DRIV">
        <procedureCriteria moodCode="EVN" classCode="PROC">
                    <templateId>
            <item root="2.16.840.1.113883.3.560.1.62" identifierName="procedure, order template"/>
          </templateId>

          <id>
            <item root="2.16.840.1.113883.3.100.1" extension="ProcedureOrderRehabilitationServices_precondition_3952"/>
          </id>
                    <code xsi:type="CD" valueSet="2.16.840.1.113883.3.117.1.7.1.221">
            <displayName value="Rehabilitation Services"/>
          </code>

                    <text value="Procedure, Order: Rehabilitation Services"/>
          <statusCode code="ordered"/>
          
          
          <definition>
            <procedureReference moodCode="EVN" classCode="PROC">
              <id root="2.16.840.1.113883.3.100.1" extension="procedure"/>
            </procedureReference>
          </definition>
                    <temporallyRelatedInformation typeCode="DURING">
                        <encounterReference moodCode="EVN" classCode="ENC">
              <id root="2.16.840.1.113883.3.100.1" extension="OccurrenceAInpatientEncounter59_precondition_3957"/>
            </encounterReference>

          </temporallyRelatedInformation>

                    <outboundRelationship typeCode="SUBJ">
            <subsetCode code="SOURCE"/>
            <observationReference classCode="OBS" moodCode="EVN">
              <id root="2.16.840.1.113883.3.100.1" extension="ProcedureOrderRehabilitationServices"/>
            </observationReference>
          </outboundRelationship>
          
          
        </procedureCriteria>
      </entry>

            <entry typeCode="DRIV">
        <procedureCriteria moodCode="EVN" classCode="PROC" actionNegationInd='true'>
                    <templateId>
            <item root="2.16.840.1.113883.3.560.1.162" identifierName="procedure, order template"/>
          </templateId>

          <id>
            <item root="2.16.840.1.113883.3.100.1" extension="ProcedureOrderRehabilitationServices_precondition_3954"/>
          </id>
                    <code xsi:type="CD" valueSet="2.16.840.1.113883.3.117.1.7.1.221">
            <displayName value="Rehabilitation Services"/>
          </code>

                    <text value="Procedure, Order: Rehabilitation Services"/>
          <statusCode code="ordered"/>
          
                    <reasonCode>
            <item valueSet="2.16.840.1.113883.3.117.1.7.1.473"/>
          </reasonCode>

          <definition>
            <procedureReference moodCode="EVN" classCode="PROC">
              <id root="2.16.840.1.113883.3.100.1" extension="procedure"/>
            </procedureReference>
          </definition>
                    <temporallyRelatedInformation typeCode="DURING">
                        <encounterReference moodCode="EVN" classCode="ENC">
              <id root="2.16.840.1.113883.3.100.1" extension="OccurrenceAInpatientEncounter59_precondition_3957"/>
            </encounterReference>

          </temporallyRelatedInformation>

                    <outboundRelationship typeCode="SUBJ">
            <subsetCode code="SOURCE"/>
            <observationReference classCode="OBS" moodCode="EVN">
              <id root="2.16.840.1.113883.3.100.1" extension="ProcedureOrderRehabilitationServices"/>
            </observationReference>
          </outboundRelationship>
          
          
        </procedureCriteria>
      </entry>

            <entry typeCode="DRIV">
        <observationCriteria moodCode="EVN" classCode="OBS">
                    <templateId>
            <item root="2.16.840.1.113883.3.560.1.25" identifierName="patient characteristic, birthdate template"/>
          </templateId>

          <id>
            <item root="2.16.840.1.113883.3.100.1" extension="PatientCharacteristicBirthdateBirthDate_precondition_3962"/>
          </id>
                    <code codeSystemName="LOINC" codeSystem="2.16.840.1.113883.6.1"
            code="21112-8">
            <displayName value="birth date"/>
          </code>

                    <text value="Patient Characteristic Birthdate: birth date"/>
          
          <definition>
            <observationReference moodCode="EVN" classCode="OBS">
              <id root="2.16.840.1.113883.3.100.1" extension="patient_characteristic_birthdate"/>
            </observationReference>
          </definition>
                    <temporallyRelatedInformation typeCode="SBS">
              <pauseQuantity xsi:type="IVL_PQ">
      <low  value="18" unit="a"/>
      </pauseQuantity>

                        <encounterReference moodCode="EVN" classCode="ENC">
              <id root="2.16.840.1.113883.3.100.1" extension="OccurrenceAInpatientEncounter59"/>
            </encounterReference>

          </temporallyRelatedInformation>

                    <outboundRelationship typeCode="SUBJ">
            <subsetCode code="SOURCE"/>
            <observationReference classCode="OBS" moodCode="EVN">
              <id root="2.16.840.1.113883.3.100.1" extension="PatientCharacteristicBirthdateBirthDate"/>
            </observationReference>
          </outboundRelationship>
        </observationCriteria>
      </entry>

            <entry typeCode="DRIV">
        <encounterCriteria moodCode="EVN" classCode="ENC">
                    <templateId>
            <item root="2.16.840.1.113883.3.560.1.79" identifierName="encounter, performed template"/>
          </templateId>

          <id>
            <item root="2.16.840.1.113883.3.100.1" extension="OccurrenceAInpatientEncounter59_precondition_3964"/>
          </id>
                    <code xsi:type="CD" valueSet="2.16.840.1.113883.3.117.1.7.1.23">
            <displayName value="Inpatient Encounter"/>
          </code>

                    <text value="Encounter, Performed: Inpatient Encounter"/>
          
          
          <definition>
            <encounterReference moodCode="EVN" classCode="ENC">
              <id root="2.16.840.1.113883.3.100.1" extension="encounter"/>
            </encounterReference>
          </definition>
          
                    <outboundRelationship typeCode="SUBJ">
            <observationCriteria classCode="OBS" moodCode="EVN">
              <code code="183797002" codeSystem="2.16.840.1.113883.6.96" codeSystemName="SNOMED-CT">
                <displayName value="Length of Stay"/> 
              </code>
                <value xsi:type="IVL_PQ">
          <high  value="120" unit="d"/>
  </value>

            </observationCriteria>
          </outboundRelationship>
          <outboundRelationship typeCode="SUBJ">
            <localVariableName controlInformationRoot="" controlInformationExtension="A"/>
            <subsetCode code="SPECIFIC"/>
            <observationReference classCode="OBS" moodCode="EVN">
              <id root="2.16.840.1.113883.3.100.1" extension="OccurrenceAInpatientEncounter59"/>
            </observationReference>
          </outboundRelationship>
          
          
        </encounterCriteria>
      </entry>

            <entry typeCode="DRIV">
        <encounterCriteria moodCode="EVN" classCode="ENC">
                    <templateId>
            <item root="2.16.840.1.113883.3.560.1.79" identifierName="encounter, performed template"/>
          </templateId>

          <id>
            <item root="2.16.840.1.113883.3.100.1" extension="OccurrenceAInpatientEncounter59_precondition_3966"/>
          </id>
                    <code xsi:type="CD" valueSet="2.16.840.1.113883.3.117.1.7.1.23">
            <displayName value="Inpatient Encounter"/>
          </code>

                    <text value="Encounter, Performed: Inpatient Encounter"/>
          
          
          <definition>
            <encounterReference moodCode="EVN" classCode="ENC">
              <id root="2.16.840.1.113883.3.100.1" extension="encounter"/>
            </encounterReference>
          </definition>
                    <temporallyRelatedInformation typeCode="DURING">
                        <observationReference moodCode="EVN" classCode="OBS">
              <id root="2.16.840.1.113883.3.100.1" extension="MeasurePeriod"/>
            </observationReference>

          </temporallyRelatedInformation>

                    <outboundRelationship typeCode="SUBJ">
            <observationCriteria classCode="OBS" moodCode="EVN">
              <code code="442864001" codeSystem="2.16.840.1.113883.6.96" codeSystemName="SNOMED-CT">
                <displayName value="Discharge Date/Time"/> 
              </code>
                <value xsi:type="ANY" nullFlavor="NI"/>

            </observationCriteria>
          </outboundRelationship>
          <outboundRelationship typeCode="SUBJ">
            <localVariableName controlInformationRoot="" controlInformationExtension="A"/>
            <subsetCode code="SPECIFIC"/>
            <observationReference classCode="OBS" moodCode="EVN">
              <id root="2.16.840.1.113883.3.100.1" extension="OccurrenceAInpatientEncounter59"/>
            </observationReference>
          </outboundRelationship>
          
          
        </encounterCriteria>
      </entry>

            <entry typeCode="DRIV">
        <encounterCriteria moodCode="EVN" classCode="ENC">
                    <templateId>
            <item root="2.16.840.1.113883.3.560.1.79" identifierName="encounter, performed template"/>
          </templateId>

          <id>
            <item root="2.16.840.1.113883.3.100.1" extension="OccurrenceAInpatientEncounter59_precondition_3973"/>
          </id>
                    <code xsi:type="CD" valueSet="2.16.840.1.113883.3.117.1.7.1.23">
            <displayName value="Inpatient Encounter"/>
          </code>

                    <text value="Encounter, Performed: Inpatient Encounter"/>
          
          
          <definition>
            <encounterReference moodCode="EVN" classCode="ENC">
              <id root="2.16.840.1.113883.3.100.1" extension="encounter"/>
            </encounterReference>
          </definition>
          
                    <outboundRelationship typeCode="SUBJ">
            <localVariableName controlInformationRoot="" controlInformationExtension="A"/>
            <subsetCode code="SPECIFIC"/>
            <observationReference classCode="OBS" moodCode="EVN">
              <id root="2.16.840.1.113883.3.100.1" extension="OccurrenceAInpatientEncounter59"/>
            </observationReference>
          </outboundRelationship>
          
          
        </encounterCriteria>
      </entry>

            <entry typeCode="DRIV">
        <observationCriteria  moodCode="EVN" classCode="OBS">
                    <templateId>
            <item root="2.16.840.1.113883.3.560.1.2" identifierName="diagnosis, active template"/>
          </templateId>

          <id>
            <item root="2.16.840.1.113883.3.100.1" extension="DiagnosisActiveHemorrhagicStroke_precondition_3968"/>
          </id>
                    <text value="Diagnosis, Active: Hemorrhagic Stroke"/>
          <statusCode code="active"/>
          
          
                    <value xsi:type="CD" valueSet="2.16.840.1.113883.3.117.1.7.1.212">
            <displayName value="Hemorrhagic Stroke"/>
          </value>

          <definition>
            <observationReference moodCode="EVN" classCode="OBS">
              <id root="2.16.840.1.113883.3.100.1" extension="diagnosis"/>
            </observationReference>
          </definition>
                    <temporallyRelatedInformation typeCode="SDU">
                        <encounterReference moodCode="EVN" classCode="ENC">
              <id root="2.16.840.1.113883.3.100.1" extension="OccurrenceAInpatientEncounter59_precondition_3973"/>
            </encounterReference>

          </temporallyRelatedInformation>

                    <outboundRelationship typeCode="SUBJ">
            <observationCriteria classCode="OBS" moodCode="EVN">
              <code code="117363000" codeSystem="2.16.840.1.113883.6.96" codeSystemName="SNOMED-CT">
                <displayName value="Ordinal"/> 
              </code>
                <value xsi:type="CD" valueSet="2.16.840.1.113883.3.117.2.7.1.14">
     <displayName value="Principal Diagnosis"/>
  </value>

            </observationCriteria>
          </outboundRelationship>
          <outboundRelationship typeCode="SUBJ">
            <subsetCode code="SOURCE"/>
            <observationReference classCode="OBS" moodCode="EVN">
              <id root="2.16.840.1.113883.3.100.1" extension="DiagnosisActiveHemorrhagicStroke"/>
            </observationReference>
          </outboundRelationship>
          
          
        </observationCriteria>
      </entry>

            <entry typeCode="DRIV">
        <observationCriteria  moodCode="EVN" classCode="OBS">
                    <templateId>
            <item root="2.16.840.1.113883.3.560.1.2" identifierName="diagnosis, active template"/>
          </templateId>

          <id>
            <item root="2.16.840.1.113883.3.100.1" extension="DiagnosisActiveIschemicStroke_precondition_3970"/>
          </id>
                    <text value="Diagnosis, Active: Ischemic Stroke"/>
          <statusCode code="active"/>
          
          
                    <value xsi:type="CD" valueSet="2.16.840.1.113883.3.117.1.7.1.247">
            <displayName value="Ischemic Stroke"/>
          </value>

          <definition>
            <observationReference moodCode="EVN" classCode="OBS">
              <id root="2.16.840.1.113883.3.100.1" extension="diagnosis"/>
            </observationReference>
          </definition>
                    <temporallyRelatedInformation typeCode="SDU">
                        <encounterReference moodCode="EVN" classCode="ENC">
              <id root="2.16.840.1.113883.3.100.1" extension="OccurrenceAInpatientEncounter59_precondition_3973"/>
            </encounterReference>

          </temporallyRelatedInformation>

                    <outboundRelationship typeCode="SUBJ">
            <observationCriteria classCode="OBS" moodCode="EVN">
              <code code="117363000" codeSystem="2.16.840.1.113883.6.96" codeSystemName="SNOMED-CT">
                <displayName value="Ordinal"/> 
              </code>
                <value xsi:type="CD" valueSet="2.16.840.1.113883.3.117.2.7.1.14">
     <displayName value="Principal Diagnosis"/>
  </value>

            </observationCriteria>
          </outboundRelationship>
          <outboundRelationship typeCode="SUBJ">
            <subsetCode code="SOURCE"/>
            <observationReference classCode="OBS" moodCode="EVN">
              <id root="2.16.840.1.113883.3.100.1" extension="DiagnosisActiveIschemicStroke"/>
            </observationReference>
          </outboundRelationship>
          
          
        </observationCriteria>
      </entry>

            <entry typeCode="DRIV">
        <observationCriteria moodCode="EVN" classCode="OBS">
                    <templateId>
            <item root="2.16.840.1.113883.3.560.1.25" identifierName="patient characteristic, birthdate template"/>
            <item root="2.16.840.1.113883.3.100.1.1" identifierName="Source data criteria template"/>
          </templateId>

          <id>
            <item root="2.16.840.1.113883.3.100.1" extension="PatientCharacteristicBirthdateBirthDate"/>
          </id>
                    <code codeSystemName="LOINC" codeSystem="2.16.840.1.113883.6.1"
            code="21112-8">
            <displayName value="birth date"/>
          </code>

                    <text value="Patient Characteristic Birthdate: birth date"/>
          
          <definition>
            <observationReference moodCode="EVN" classCode="OBS">
              <id root="2.16.840.1.113883.3.100.1" extension="patient_characteristic_birthdate"/>
            </observationReference>
          </definition>
          
                    <outboundRelationship typeCode="SUBJ">
            <subsetCode code="SOURCE"/>
            <observationReference classCode="OBS" moodCode="EVN">
              <id root="2.16.840.1.113883.3.100.1" extension="PatientCharacteristicBirthdateBirthDate"/>
            </observationReference>
          </outboundRelationship>
        </observationCriteria>
      </entry>

            <entry typeCode="DRIV">
        <observationCriteria  moodCode="EVN" classCode="OBS">
                    <templateId>
            <item root="2.16.840.1.113883.3.560.1.2" identifierName="diagnosis, active template"/>
            <item root="2.16.840.1.113883.3.100.1.1" identifierName="Source data criteria template"/>
          </templateId>

          <id>
            <item root="2.16.840.1.113883.3.100.1" extension="DiagnosisActiveIschemicStroke"/>
          </id>
                    <text value="Diagnosis, Active: Ischemic Stroke"/>
          <statusCode code="active"/>
          
          
                    <value xsi:type="CD" valueSet="2.16.840.1.113883.3.117.1.7.1.247">
            <displayName value="Ischemic Stroke"/>
          </value>

          <definition>
            <observationReference moodCode="EVN" classCode="OBS">
              <id root="2.16.840.1.113883.3.100.1" extension="diagnosis"/>
            </observationReference>
          </definition>
          
                    <outboundRelationship typeCode="SUBJ">
            <subsetCode code="SOURCE"/>
            <observationReference classCode="OBS" moodCode="EVN">
              <id root="2.16.840.1.113883.3.100.1" extension="DiagnosisActiveIschemicStroke"/>
            </observationReference>
          </outboundRelationship>
          
          
        </observationCriteria>
      </entry>

            <entry typeCode="DRIV">
        <observationCriteria  moodCode="EVN" classCode="OBS">
                    <templateId>
            <item root="2.16.840.1.113883.3.560.1.2" identifierName="diagnosis, active template"/>
            <item root="2.16.840.1.113883.3.100.1.1" identifierName="Source data criteria template"/>
          </templateId>

          <id>
            <item root="2.16.840.1.113883.3.100.1" extension="DiagnosisActiveHemorrhagicStroke"/>
          </id>
                    <text value="Diagnosis, Active: Hemorrhagic Stroke"/>
          <statusCode code="active"/>
          
          
                    <value xsi:type="CD" valueSet="2.16.840.1.113883.3.117.1.7.1.212">
            <displayName value="Hemorrhagic Stroke"/>
          </value>

          <definition>
            <observationReference moodCode="EVN" classCode="OBS">
              <id root="2.16.840.1.113883.3.100.1" extension="diagnosis"/>
            </observationReference>
          </definition>
          
                    <outboundRelationship typeCode="SUBJ">
            <subsetCode code="SOURCE"/>
            <observationReference classCode="OBS" moodCode="EVN">
              <id root="2.16.840.1.113883.3.100.1" extension="DiagnosisActiveHemorrhagicStroke"/>
            </observationReference>
          </outboundRelationship>
          
          
        </observationCriteria>
      </entry>

            <entry typeCode="DRIV">
        <procedureCriteria moodCode="EVN" classCode="PROC">
                    <templateId>
            <item root="2.16.840.1.113883.3.560.1.62" identifierName="procedure, order template"/>
            <item root="2.16.840.1.113883.3.100.1.1" identifierName="Source data criteria template"/>
          </templateId>

          <id>
            <item root="2.16.840.1.113883.3.100.1" extension="ProcedureOrderRehabilitationServices"/>
          </id>
                    <code xsi:type="CD" valueSet="2.16.840.1.113883.3.117.1.7.1.221">
            <displayName value="Rehabilitation Services"/>
          </code>

                    <text value="Procedure, Order: Rehabilitation Services"/>
          <statusCode code="ordered"/>
          
          
          <definition>
            <procedureReference moodCode="EVN" classCode="PROC">
              <id root="2.16.840.1.113883.3.100.1" extension="procedure"/>
            </procedureReference>
          </definition>
          
                    <outboundRelationship typeCode="SUBJ">
            <subsetCode code="SOURCE"/>
            <observationReference classCode="OBS" moodCode="EVN">
              <id root="2.16.840.1.113883.3.100.1" extension="ProcedureOrderRehabilitationServices"/>
            </observationReference>
          </outboundRelationship>
          
          
        </procedureCriteria>
      </entry>

            <entry typeCode="DRIV">
        <procedureCriteria moodCode="EVN" classCode="PROC">
                    <templateId>
            <item root="2.16.840.1.113883.3.560.1.45" identifierName="intervention, order template"/>
            <item root="2.16.840.1.113883.3.100.1.1" identifierName="Source data criteria template"/>
          </templateId>

          <id>
            <item root="2.16.840.1.113883.3.100.1" extension="InterventionOrderPalliativeCare"/>
          </id>
                    <code xsi:type="CD" valueSet="2.16.840.1.113883.3.526.2.1076">
            <displayName value="Palliative Care"/>
          </code>

                    <text value="Intervention, Order: Palliative Care"/>
          <statusCode code="ordered"/>
          
          
          <definition>
            <procedureReference moodCode="EVN" classCode="PROC">
              <id root="2.16.840.1.113883.3.100.1" extension="intervention"/>
            </procedureReference>
          </definition>
          
                    <outboundRelationship typeCode="SUBJ">
            <subsetCode code="SOURCE"/>
            <observationReference classCode="OBS" moodCode="EVN">
              <id root="2.16.840.1.113883.3.100.1" extension="InterventionOrderPalliativeCare"/>
            </observationReference>
          </outboundRelationship>
          
          
        </procedureCriteria>
      </entry>

            <entry typeCode="DRIV">
        <procedureCriteria moodCode="EVN" classCode="PROC">
                    <templateId>
            <item root="2.16.840.1.113883.3.560.1.46" identifierName="intervention, performed template"/>
            <item root="2.16.840.1.113883.3.100.1.1" identifierName="Source data criteria template"/>
          </templateId>

          <id>
            <item root="2.16.840.1.113883.3.100.1" extension="InterventionPerformedPalliativeCare"/>
          </id>
                    <code xsi:type="CD" valueSet="2.16.840.1.113883.3.526.2.1076">
            <displayName value="Palliative Care"/>
          </code>

                    <text value="Intervention, Performed: Palliative Care"/>
          <statusCode code="performed"/>
          
          
          <definition>
            <procedureReference moodCode="EVN" classCode="PROC">
              <id root="2.16.840.1.113883.3.100.1" extension="intervention"/>
            </procedureReference>
          </definition>
          
                    <outboundRelationship typeCode="SUBJ">
            <subsetCode code="SOURCE"/>
            <observationReference classCode="OBS" moodCode="EVN">
              <id root="2.16.840.1.113883.3.100.1" extension="InterventionPerformedPalliativeCare"/>
            </observationReference>
          </outboundRelationship>
          
          
        </procedureCriteria>
      </entry>

            <entry typeCode="DRIV">
        <encounterCriteria moodCode="EVN" classCode="ENC">
                    <templateId>
            <item root="2.16.840.1.113883.3.560.1.79" identifierName="encounter, performed template"/>
            <item root="2.16.840.1.113883.3.100.1.1" identifierName="Source data criteria template"/>
          </templateId>

          <id>
            <item root="2.16.840.1.113883.3.100.1" extension="EncounterPerformedEmergencyDepartmentVisit"/>
          </id>
                    <code xsi:type="CD" valueSet="2.16.840.1.113883.3.117.1.7.1.293">
            <displayName value="Emergency Department Visit"/>
          </code>

                    <text value="Encounter, Performed: Emergency Department Visit"/>
          
          
          <definition>
            <encounterReference moodCode="EVN" classCode="ENC">
              <id root="2.16.840.1.113883.3.100.1" extension="encounter"/>
            </encounterReference>
          </definition>
          
                    <outboundRelationship typeCode="SUBJ">
            <subsetCode code="SOURCE"/>
            <observationReference classCode="OBS" moodCode="EVN">
              <id root="2.16.840.1.113883.3.100.1" extension="EncounterPerformedEmergencyDepartmentVisit"/>
            </observationReference>
          </outboundRelationship>
          
          
        </encounterCriteria>
      </entry>

            <entry typeCode="DRIV">
        <encounterCriteria moodCode="EVN" classCode="ENC">
                    <templateId>
            <item root="2.16.840.1.113883.3.560.1.79" identifierName="encounter, performed template"/>
            <item root="2.16.840.1.113883.3.100.1.1" identifierName="Source data criteria template"/>
          </templateId>

          <id>
            <item root="2.16.840.1.113883.3.100.1" extension="EncounterPerformedInpatientEncounter"/>
          </id>
                    <code xsi:type="CD" valueSet="2.16.840.1.113883.3.117.1.7.1.23">
            <displayName value="Inpatient Encounter"/>
          </code>

                    <text value="Encounter, Performed: Inpatient Encounter"/>
          
          
          <definition>
            <encounterReference moodCode="EVN" classCode="ENC">
              <id root="2.16.840.1.113883.3.100.1" extension="encounter"/>
            </encounterReference>
          </definition>
          
                    <outboundRelationship typeCode="SUBJ">
            <subsetCode code="SOURCE"/>
            <observationReference classCode="OBS" moodCode="EVN">
              <id root="2.16.840.1.113883.3.100.1" extension="EncounterPerformedInpatientEncounter"/>
            </observationReference>
          </outboundRelationship>
          
          
        </encounterCriteria>
      </entry>

            <entry typeCode="DRIV">
        <procedureCriteria moodCode="EVN" classCode="PROC" actionNegationInd='true'>
                    <templateId>
            <item root="2.16.840.1.113883.3.560.1.162" identifierName="procedure, order template"/>
            <item root="2.16.840.1.113883.3.100.1.1" identifierName="Source data criteria template"/>
          </templateId>

          <id>
            <item root="2.16.840.1.113883.3.100.1" extension="ProcedureOrderNotDonePatientRefusal"/>
          </id>
                    <code xsi:type="CD" valueSet="2.16.840.1.113883.3.117.1.7.1.93">
            <displayName value="Patient Refusal"/>
          </code>

                    <text value="Procedure, Order not done: Patient Refusal"/>
          <statusCode code="ordered"/>
          
          
          <definition>
            <procedureReference moodCode="EVN" classCode="PROC">
              <id root="2.16.840.1.113883.3.100.1" extension="procedure"/>
            </procedureReference>
          </definition>
          
                    <outboundRelationship typeCode="SUBJ">
            <subsetCode code="SOURCE"/>
            <observationReference classCode="OBS" moodCode="EVN">
              <id root="2.16.840.1.113883.3.100.1" extension="ProcedureOrderNotDonePatientRefusal"/>
            </observationReference>
          </outboundRelationship>
          
          
        </procedureCriteria>
      </entry>

            <entry typeCode="DRIV">
        <procedureCriteria moodCode="EVN" classCode="PROC" actionNegationInd='true'>
                    <templateId>
            <item root="2.16.840.1.113883.3.560.1.162" identifierName="procedure, order template"/>
            <item root="2.16.840.1.113883.3.100.1.1" identifierName="Source data criteria template"/>
          </templateId>

          <id>
            <item root="2.16.840.1.113883.3.100.1" extension="ProcedureOrderNotDoneMedicalReason"/>
          </id>
                    <code xsi:type="CD" valueSet="2.16.840.1.113883.3.117.1.7.1.473">
            <displayName value="Medical Reason"/>
          </code>

                    <text value="Procedure, Order not done: Medical Reason"/>
          <statusCode code="ordered"/>
          
          
          <definition>
            <procedureReference moodCode="EVN" classCode="PROC">
              <id root="2.16.840.1.113883.3.100.1" extension="procedure"/>
            </procedureReference>
          </definition>
          
                    <outboundRelationship typeCode="SUBJ">
            <subsetCode code="SOURCE"/>
            <observationReference classCode="OBS" moodCode="EVN">
              <id root="2.16.840.1.113883.3.100.1" extension="ProcedureOrderNotDoneMedicalReason"/>
            </observationReference>
          </outboundRelationship>
          
          
        </procedureCriteria>
      </entry>

            <entry typeCode="DRIV">
        <encounterCriteria moodCode="EVN" classCode="ENC">
                    <templateId>
            <item root="2.16.840.1.113883.3.560.1.79" identifierName="encounter, performed template"/>
            <item root="2.16.840.1.113883.3.100.1.1" identifierName="Source data criteria template"/>
          </templateId>

          <id>
            <item root="2.16.840.1.113883.3.100.1" extension="OccurrenceAInpatientEncounter59"/>
          </id>
                    <code xsi:type="CD" valueSet="2.16.840.1.113883.3.117.1.7.1.23">
            <displayName value="Inpatient Encounter"/>
          </code>

                    <text value="Encounter, Performed: Inpatient Encounter"/>
          
          
          <definition>
            <encounterReference moodCode="EVN" classCode="ENC">
              <id root="2.16.840.1.113883.3.100.1" extension="encounter"/>
            </encounterReference>
          </definition>
          
                    <outboundRelationship typeCode="SUBJ">
            <localVariableName controlInformationRoot="" controlInformationExtension="A"/>
            <subsetCode code="SPECIFIC"/>
            <observationReference classCode="OBS" moodCode="EVN">
              <id root="2.16.840.1.113883.3.100.1" extension="OccurrenceAInpatientEncounter59"/>
            </observationReference>
          </outboundRelationship>
          
          
        </encounterCriteria>
      </entry>

            <entry typeCode="DRIV">
        <encounterCriteria moodCode="EVN" classCode="ENC">
                    <templateId>
            <item root="2.16.840.1.113883.3.560.1.79" identifierName="encounter, performed template"/>
            <item root="2.16.840.1.113883.3.100.1.1" identifierName="Source data criteria template"/>
          </templateId>

          <id>
            <item root="2.16.840.1.113883.3.100.1" extension="OccurrenceAEmergencyDepartmentVisit60"/>
          </id>
                    <code xsi:type="CD" valueSet="2.16.840.1.113883.3.117.1.7.1.293">
            <displayName value="Emergency Department Visit"/>
          </code>

                    <text value="Encounter, Performed: Emergency Department Visit"/>
          
          
          <definition>
            <encounterReference moodCode="EVN" classCode="ENC">
              <id root="2.16.840.1.113883.3.100.1" extension="encounter"/>
            </encounterReference>
          </definition>
          
                    <outboundRelationship typeCode="SUBJ">
            <localVariableName controlInformationRoot="" controlInformationExtension="A"/>
            <subsetCode code="SPECIFIC"/>
            <observationReference classCode="OBS" moodCode="EVN">
              <id root="2.16.840.1.113883.3.100.1" extension="OccurrenceAEmergencyDepartmentVisit60"/>
            </observationReference>
          </outboundRelationship>
          
          
        </encounterCriteria>
      </entry>

    </dataCriteriaSection>
  </component>
  <component>
    <populationCriteriaSection>
      <id root="2.16.840.1.113883.3.100.1" extension="Population0"/>
      <code code="57026-7" codeSystem="2.16.840.1.113883.6.1"/>
      <title value=""/>
      <text>This section describes the Initial Patient Population,
        Numerator, Denominator, Denominator Exceptions, and Measure
        Populations</text>
            <component typeCode="COMP">
        <patientPopulationCriteria  classCode="OBS" moodCode="EVN">
          <id root="c75181d0-73eb-11de-8a39-0800200c9a66"
            extension="6B76206D-E64B-4A39-8970-47BBC8B61B4E"/>
          <code codeSystem="2.16.840.1.113883.5.1063"
              codeSystemName="HL7 Observation Value"
              code="IPP">
            <displayName value="Initial Patient Population"/>
          </code>
          <isCriterionInd value="true"/>
          <precondition typeCode="PRCN">
  <allTrue>
    <id/>
    <precondition typeCode="PRCN">
    <observationReference moodCode="EVN" classCode="OBS">
      <id root="2.16.840.1.113883.3.100.1" extension="PatientCharacteristicBirthdateBirthDate_precondition_3962"/>
    </observationReference>
</precondition>
    <precondition typeCode="PRCN">
    <encounterReference moodCode="EVN" classCode="ENC">
      <id root="2.16.840.1.113883.3.100.1" extension="OccurrenceAInpatientEncounter59_precondition_3964"/>
    </encounterReference>
</precondition>
    <precondition typeCode="PRCN">
    <encounterReference moodCode="EVN" classCode="ENC">
      <id root="2.16.840.1.113883.3.100.1" extension="OccurrenceAInpatientEncounter59_precondition_3966"/>
    </encounterReference>
</precondition>
    <precondition typeCode="PRCN">
  <atLeastOneTrue>
    <id/>
    <precondition typeCode="PRCN">
    <observationReference moodCode="EVN" classCode="OBS">
      <id root="2.16.840.1.113883.3.100.1" extension="DiagnosisActiveHemorrhagicStroke_precondition_3968"/>
    </observationReference>
</precondition>
    <precondition typeCode="PRCN">
    <observationReference moodCode="EVN" classCode="OBS">
      <id root="2.16.840.1.113883.3.100.1" extension="DiagnosisActiveIschemicStroke_precondition_3970"/>
    </observationReference>
</precondition>
  </atLeastOneTrue>
</precondition>
  </allTrue>
</precondition>
        </patientPopulationCriteria>
      </component>

            <component typeCode="COMP">
        <denominatorCriteria  classCode="OBS" moodCode="EVN">
          <id root="c75181d0-73eb-11de-8a39-0800200c9a66"
            extension="76CA9F2E-1444-4139-8ADE-870CEE32535F"/>
          <code codeSystem="2.16.840.1.113883.5.1063"
              codeSystemName="HL7 Observation Value"
              code="DENOM">
            <displayName value="Denominator"/>
          </code>
          <isCriterionInd value="true"/>
          <precondition typeCode="PRCN" nullFlavor="NA">
            <allTrue>
              <id/>
            </allTrue>
          </precondition>
        </denominatorCriteria>
      </component>

            <component typeCode="COMP">
        <numeratorCriteria  classCode="OBS" moodCode="EVN">
          <id root="c75181d0-73eb-11de-8a39-0800200c9a66"
            extension="DAB252E4-6D9E-4B93-8A82-2B598F026B34"/>
          <code codeSystem="2.16.840.1.113883.5.1063"
              codeSystemName="HL7 Observation Value"
              code="NUMER">
            <displayName value="Numerator"/>
          </code>
          <isCriterionInd value="true"/>
          <precondition typeCode="PRCN">
  <allTrue>
    <id/>
    <precondition typeCode="PRCN">
  <atLeastOneTrue>
    <id/>
    <precondition typeCode="PRCN">
    <encounterReference moodCode="EVN" classCode="ENC">
      <id root="2.16.840.1.113883.3.100.1" extension="OccurrenceAInpatientEncounter59_precondition_3948"/>
    </encounterReference>
</precondition>
    <precondition typeCode="PRCN">
  <atLeastOneTrue>
    <id/>
    <precondition typeCode="PRCN">
    <procedureReference moodCode="EVN" classCode="PROC">
      <id root="2.16.840.1.113883.3.100.1" extension="ProcedureOrderRehabilitationServices_precondition_3950"/>
    </procedureReference>
</precondition>
    <precondition typeCode="PRCN">
    <procedureReference moodCode="EVN" classCode="PROC">
      <id root="2.16.840.1.113883.3.100.1" extension="ProcedureOrderRehabilitationServices_precondition_3952"/>
    </procedureReference>
</precondition>
    <precondition typeCode="PRCN">
    <procedureReference moodCode="EVN" classCode="PROC">
      <id root="2.16.840.1.113883.3.100.1" extension="ProcedureOrderRehabilitationServices_precondition_3954"/>
    </procedureReference>
</precondition>
  </atLeastOneTrue>
</precondition>
  </atLeastOneTrue>
</precondition>
  </allTrue>
</precondition>
        </numeratorCriteria>
      </component>

      
            <component typeCode="COMP">
        <denominatorExclusionCriteria  classCode="OBS" moodCode="EVN">
          <id root="c75181d0-73eb-11de-8a39-0800200c9a66"
            extension="319D378E-63D4-4A07-97E7-8596F4376FFE"/>
          <code codeSystem="2.16.840.1.113883.5.1063"
              codeSystemName="HL7 Observation Value"
              code="DENEX">
            <displayName value="Denominator"/>
          </code>
          <isCriterionInd value="true"/>
          <precondition typeCode="PRCN">
  <allTrue>
    <id/>
    <precondition typeCode="PRCN">
  <atLeastOneTrue>
    <id/>
    <precondition typeCode="PRCN">
    <encounterReference moodCode="EVN" classCode="ENC">
      <id root="2.16.840.1.113883.3.100.1" extension="OccurrenceAInpatientEncounter59_precondition_3914"/>
    </encounterReference>
</precondition>
    <precondition typeCode="PRCN">
    <encounterReference moodCode="EVN" classCode="ENC">
      <id root="2.16.840.1.113883.3.100.1" extension="OccurrenceAInpatientEncounter59_precondition_3916"/>
    </encounterReference>
</precondition>
    <precondition typeCode="PRCN">
    <encounterReference moodCode="EVN" classCode="ENC">
      <id root="2.16.840.1.113883.3.100.1" extension="OccurrenceAInpatientEncounter59_precondition_3918"/>
    </encounterReference>
</precondition>
    <precondition typeCode="PRCN">
    <encounterReference moodCode="EVN" classCode="ENC">
      <id root="2.16.840.1.113883.3.100.1" extension="OccurrenceAInpatientEncounter59_precondition_3920"/>
    </encounterReference>
</precondition>
    <precondition typeCode="PRCN">
    <encounterReference moodCode="EVN" classCode="ENC">
      <id root="2.16.840.1.113883.3.100.1" extension="OccurrenceAInpatientEncounter59_precondition_3922"/>
    </encounterReference>
</precondition>
    <precondition typeCode="PRCN">
    <encounterReference moodCode="EVN" classCode="ENC">
      <id root="2.16.840.1.113883.3.100.1" extension="OccurrenceAInpatientEncounter59_precondition_3924"/>
    </encounterReference>
</precondition>
    <precondition typeCode="PRCN">
  <allTrue>
    <id/>
    <precondition typeCode="PRCN">
    <encounterReference moodCode="EVN" classCode="ENC">
      <id root="2.16.840.1.113883.3.100.1" extension="OccurrenceAInpatientEncounter59_precondition_3927"/>
    </encounterReference>
</precondition>
    <precondition typeCode="PRCN">
  <atLeastOneTrue>
    <id/>
    <precondition typeCode="PRCN">
    <observationReference moodCode="EVN" classCode="OBS">
      <id root="2.16.840.1.113883.3.100.1" extension="InterventionOrderPalliativeCare_precondition_3929"/>
    </observationReference>
</precondition>
    <precondition typeCode="PRCN">
    <observationReference moodCode="EVN" classCode="OBS">
      <id root="2.16.840.1.113883.3.100.1" extension="InterventionPerformedPalliativeCare_precondition_3931"/>
    </observationReference>
</precondition>
  </atLeastOneTrue>
</precondition>
  </allTrue>
</precondition>
    <precondition typeCode="PRCN">
  <atLeastOneTrue>
    <id/>
    <precondition typeCode="PRCN">
    <observationReference moodCode="EVN" classCode="OBS">
      <id root="2.16.840.1.113883.3.100.1" extension="InterventionOrderPalliativeCare_precondition_3938"/>
    </observationReference>
</precondition>
    <precondition typeCode="PRCN">
    <observationReference moodCode="EVN" classCode="OBS">
      <id root="2.16.840.1.113883.3.100.1" extension="InterventionPerformedPalliativeCare_precondition_3940"/>
    </observationReference>
</precondition>
  </atLeastOneTrue>
</precondition>
  </atLeastOneTrue>
</precondition>
  </allTrue>
</precondition>
        </denominatorExclusionCriteria>
      </component>

    </populationCriteriaSection>
  </component>
</QualityMeasureDocument>
