<?xml version="1.0" encoding="UTF-8"?>
<ClinicalDocument xmlns="urn:hl7-org:v3" xmlns:sdtc="urn:hl7-org:sdtc" xmlns:xsi="http://www.w3.org/2001/XMLSchema-instance" xsi:schemaLocation="urn:hl7-org:v3 http://xreg2.nist.gov:8080/hitspValidation/schema/cdar2c32/infrastructure/cda/C32_CDA.xsd">
  <realmCode code="US"/>
  <typeId root="2.16.840.1.113883.1.3" extension="POCD_HD000040"/>
  <templateId root="2.16.840.1.113883.10.20.22.1.1" />
  <templateId root='2.16.840.1.113883.10.20.22.1.2'/> 
  <id root="2.16.840.1.113883.3.72" extension="504f3555044a113c9e000087" assigningAuthorityName="NIST Healthcare Project"/>
  <code code="34133-9" displayName="Summarization of episode note" codeSystem="2.16.840.1.113883.6.1" codeSystemName="LOINC"/>
  <title>Cypress C32 Patient Test Record: OB DEN_0469_376</title>
  <effectiveTime value="20121115202427"/>
  <confidentialityCode code="N"/>
  <languageCode code="en-US"/>
  <recordTarget>
    <patientRole>
      <id root="Cypress" extension="504f3555044a113c9e000087"/>
      <addr use="HP">
        <streetAddressLine>202 Burlington Rd.</streetAddressLine>
        <city>Bedford</city>
        <state>MA</state>
        <postalCode>01730</postalCode>
      </addr>
      <telecom value="tel:+1-781-271-3000"/>
      <patient>
        <name>
          <given>OB</given>
          <family>DEN_0469_376</family>
        </name>
        <administrativeGenderCode code="F" codeSystem="2.16.840.1.113883.5.1" codeSystemName="HL7 AdministrativeGender"/>
        <birthTime value="19850101083000"/>
          <raceCode code="1002-5" displayName="American Indian or Alaska Native" codeSystemName="CDC Race and Ethnicity" codeSystem="2.16.840.1.113883.6.238"/>
          <ethnicGroupCode code="2186-5" displayName="Not Hispanic or Latino" codeSystemName="CDC Race and Ethnicity" codeSystem="2.16.840.1.113883.6.238"/>
          <languageCommunication>
            <languageCode code="en-US"/>
          </languageCommunication>
      </patient>
    </patientRole>
  </recordTarget>
  <author>
    <time value="20121115202427"/>
    <assignedAuthor>
      <id/>
      <addr/>
      <telecom value="tel:+1-781-271-3000"/>
      <assignedPerson>
        <name>Auto Generated</name>
      </assignedPerson>
    </assignedAuthor>
  </author>
  <custodian>
    <assignedCustodian>
      <representedCustodianOrganization>
        <id/>
        <name>Cypress</name>
        <telecom value="tel:+1-781-271-3000"/>
        <addr>
          <streetAddressLine>202 Burlington Rd.</streetAddressLine>
          <city>Bedford</city>
          <state>MA</state>
          <postalCode>01730</postalCode>
        </addr>
      </representedCustodianOrganization>
    </assignedCustodian>
  </custodian>
  <component>
    <structuredBody>
        <component>
  <!-- Allergies: patient has no allergies -->
  <section>
    <templateId root="2.16.840.1.113883.10.20.22.2.6"/>
    <code code="48765-2" codeSystem="2.16.840.1.113883.6.1" codeSystemName="LOINC" displayName="Allergy List"/>
    <title>Allergies</title>                
    <text>There are no current allergies at the time of this document's creation.</text>
    <entry typeCode="DRIV">
      <act classCode="ACT" moodCode="EVN">
        <templateId root="2.16.840.1.113883.10.20.22.4.30"/>
        <id root="60b7a500-1190-0130-b9b0-3c07547eb597"/>
        <code nullFlavor="NA"/>
        <statusCode code="active"/>
        <effectiveTime>
          <low nullFlavor="NA"/>
        </effectiveTime>					
        <entryRelationship typeCode="SUBJ" inversionInd="false">
          <observation classCode="OBS" moodCode="EVN" negationInd="true">
            <templateId root="2.16.840.1.113883.10.20.22.4.7"/>
            <id root="60b7a620-1190-0130-b9b0-3c07547eb597"/>
            <code code="ASSERTION" codeSystem="2.16.840.1.113883.5.4"/>
            <effectiveTime>
              <low nullFlavor="UNK"/>
            </effectiveTime>
            <statusCode code="completed"/>
            <value xsi:type="CD" code="419199007"
              codeSystem="2.16.840.1.113883.6.96" displayName="Allergy to Substance"/>
          </observation>
        </entryRelationship>
      </act>
    </entry>
  </section>
</component>
        <component>
  <!-- Medications: patient has no medications -->
  <section>
		<templateId root="2.16.840.1.113883.10.20.22.2.1" />
    <code code="10160-0" codeSystem="2.16.840.1.113883.6.1" codeSystemName="LOINC" displayName="History of medication use"/>
    <title>Medications</title>
    <text>There are no current medications at the time of this document's creation.</text>
    <entry>
      <substanceAdministration moodCode="EVN" classCode="SBADM" negationInd=”true”>
        <text>No known medications.</text>
        <consumable>
          <manufacturedProduct>
            <manufacturedLabeledDrug>
              <code code="410942007" displayName="drug or medication"
                    codeSystem="2.16.840.1.113883.6.96"
                    codeSystemName="SNOMED CT"/>
            </manufacturedLabeledDrug>
          </manufacturedProduct>
        </consumable>
      </substanceAdministration>
    </entry>
  </section>
</component>
        <component>
  <!-- Diagnostic Results: patient has no results -->
  <section>
    <templateId root="2.16.840.1.113883.10.20.22.2.3.1"/>
    <code code="30954-2" codeSystem="2.16.840.1.113883.6.1" codeSystemName="LOINC" displayName="Results"/>
    <title>Diagnostic Results</title>
    <text>There are no current results at the time of this document's creation.</text>
    <entry typeCode="DRIV">
      <organizer classCode="BATTERY" moodCode="EVN">
        <templateId root="2.16.840.1.113883.10.20.22.4.1"/>
        <id root="60b7b730-1190-0130-b9b0-3c07547eb597"/>
        <code nullFlavor="NA"/>
        <statusCode code="completed"/>
        <effectiveTime>
          <low nullFlavor="UNK"/>
        </effectiveTime>
        <component>
          <observation classCode="OBS" moodCode="EVN" negationInd="true">
            <templateId root="2.16.840.1.113883.10.20.22.4.2"/>
            <id root="60b7b810-1190-0130-b9b0-3c07547eb597"/>
            <code code="ASSERTION" codeSystem="2.16.840.1.113883.5.4"/>
            <statusCode code="completed"/>
            <effectiveTime>
              <low nullFlavor="UNK"/>
            </effectiveTime>
          </observation>
        </component>        
      </organizer>
    </entry>
  </section>
</component>
        <component>
  <!--Problems-->
  <section>
    <templateId root="2.16.840.1.113883.10.20.22.2.5.1"/>
    <!--Problems section template-->
    <code code="11450-4" codeSystem="2.16.840.1.113883.6.1" codeSystemName="LOINC" displayName="Problem list"/>
    <title>Problems</title>
    <text>
  <table border="1" width="100%">
    <thead>
      <tr>
        <th>Description</th>
        <th>Codes</th>
        <th>Time</th>
          <th>Status</th>
        
      </tr>
    </thead>
    <tbody>
        <tr>
          <td ID="conditions-desc-0">Diagnosis, Active: Complication Mainly Related to Pregnancy (Code List: 2.16.840.1.113883.3.117.1.7.1.372)</td>
          <td ID="conditions-code-0">ICD-9-CM: 642.41<br/><i></i></td>
          <td>April 1st, 2010 04:00 - April 1st, 2010 04:00</td>
            <td>active</td>
           
        </tr>
        <tr>
          <td ID="conditions-desc-1">Diagnosis, Active: Obstetrics VTE (Code List: 2.16.840.1.113883.3.117.1.7.1.264)</td>
          <td ID="conditions-code-1">ICD-10-CM: O03.2 ICD-9-CM: 634.60 SNOMED-CT: 663008<br/><i></i></td>
          <td>April 1st, 2010 06:00 - April 5th, 2010 04:00</td>
            <td>active</td>
           
        </tr>
    </tbody>
  </table>
</text>
    <entry typeCode="DRIV">
      <act classCode="ACT" moodCode="EVN">
        <templateId root="2.16.840.1.113883.10.20.22.4.3"/>
        <!-- Problem act template -->
        <id root="60b7f6b0-1190-0130-b9b0-3c07547eb597"/>
        <code nullFlavor="NA"/>
        <statusCode code="active"/>
        <effectiveTime>
          <low value='20100401040000'/>
        </effectiveTime>
        <entryRelationship typeCode="SUBJ" inversionInd="false">
          <observation classCode="OBS" moodCode="EVN">
            <templateId root="2.16.840.1.113883.10.20.22.4.4"/>
            
            <!--Problem observation template - NOT episode template-->
            <id root="60b7f940-1190-0130-b9b0-3c07547eb597"/>
            <code code="64572001" displayName="Condition" codeSystem="2.16.840.1.113883.6.96" codeSystemName="SNOMED-CT"/>
            <text>
              <reference value="#conditions-desc-0"/>
            </text>
            <statusCode code="completed"/>
            <effectiveTime>
              <low value='20100401040000'/>
            </effectiveTime>
            <value nullFlavor="UNK" xsi:type="CD"><originalText>Diagnosis, Active: Complication Mainly Related to Pregnancy (Code List: 2.16.840.1.113883.3.117.1.7.1.372)</originalText><translation code="642.41" codeSystem="2.16.840.1.113883.6.104"/>
</value>
            <entryRelationship typeCode="REFR">
              <observation classCode="OBS" moodCode="EVN">
                <templateId root="2.16.840.1.113883.10.20.22.4.6"/>
                <!-- Problem status observation template -->
                <code code="33999-4" codeSystem="2.16.840.1.113883.6.1" displayName="Status"/>
                <statusCode code="completed"/>
                <value xsi:type="CE" code="55561003" codeSystem="2.16.840.1.113883.6.96"/>
              </observation>
            </entryRelationship>
          </observation>
        </entryRelationship>
      </act>
    </entry>
    <entry typeCode="DRIV">
      <act classCode="ACT" moodCode="EVN">
        <templateId root="2.16.840.1.113883.10.20.22.4.3"/>
        <!-- Problem act template -->
        <id root="60b7ff50-1190-0130-b9b0-3c07547eb597"/>
        <code nullFlavor="NA"/>
        <statusCode code="active"/>
        <effectiveTime>
          <low value='20100401060000'/>
        </effectiveTime>
        <entryRelationship typeCode="SUBJ" inversionInd="false">
          <observation classCode="OBS" moodCode="EVN">
            <templateId root="2.16.840.1.113883.10.20.22.4.4"/>
            
            <!--Problem observation template - NOT episode template-->
            <id root="60b80160-1190-0130-b9b0-3c07547eb597"/>
            <code code="64572001" displayName="Condition" codeSystem="2.16.840.1.113883.6.96" codeSystemName="SNOMED-CT"/>
            <text>
              <reference value="#conditions-desc-1"/>
            </text>
            <statusCode code="completed"/>
            <effectiveTime>
              <low value='20100401060000'/>
            </effectiveTime>
            <value code="663008" codeSystem="2.16.840.1.113883.6.96" xsi:type="CD"><originalText>Diagnosis, Active: Obstetrics VTE (Code List: 2.16.840.1.113883.3.117.1.7.1.264)</originalText><translation code="O03.2" codeSystem="2.16.840.1.113883.6.90"/>
<translation code="634.60" codeSystem="2.16.840.1.113883.6.104"/>
</value>
            <entryRelationship typeCode="REFR">
              <observation classCode="OBS" moodCode="EVN">
                <templateId root="2.16.840.1.113883.10.20.22.4.6"/>
                <!-- Problem status observation template -->
                <code code="33999-4" codeSystem="2.16.840.1.113883.6.1" displayName="Status"/>
                <statusCode code="completed"/>
                <value xsi:type="CE" code="55561003" codeSystem="2.16.840.1.113883.6.96"/>
              </observation>
            </entryRelationship>
          </observation>
        </entryRelationship>
      </act>
    </entry>
  </section>
</component>

        <component>
  <!--Surgeries-->
  <section>
    <templateId root="2.16.840.1.113883.10.20.22.2.7"/>
    <!--Surgeries section template-->
    <code code="47519-4" codeSystem="2.16.840.1.113883.6.1" codeSystemName="LOINC" displayName="List of surgeries"/>
    <title>Surgeries</title>
    <text>
  <table border="1" width="100%">
    <thead>
      <tr>
        <th>Description</th>
        <th>Codes</th>
        <th>Time</th>
        
      </tr>
    </thead>
    <tbody>
        <tr>
          <td ID="procedures-desc-0">Diagnostic Study, Performed: VTE Diagnostic Test (Code List: 2.16.840.1.113883.3.117.1.7.1.276)</td>
          <td ID="procedures-code-0">LOINC: 24533-2<br/><i></i></td>
          <td>April 1st, 2010 05:00 - April 1st, 2010 05:00</td>
           
        </tr>
    </tbody>
  </table>
</text>
    <entry typeCode="DRIV">
      <procedure classCode="PROC" moodCode="EVN">
        <templateId root="2.16.840.1.113883.10.20.22.4.14"/>
        <!-- Procedure activity template -->
        <id root="60b845a0-1190-0130-b9b0-3c07547eb597"/>
        <code nullFlavor="UNK">
  <originalText><reference value="#procedures-desc-0"/></originalText>
  <translation code="24533-2" codeSystem="2.16.840.1.113883.6.1" />
</code>

        <text>
          <reference value="#procedures-desc-0"/>
        </text>
        <statusCode code="completed"/>
        <effectiveTime value='20100401050000'/>
      </procedure>
    </entry>
  </section>
</component>
        <component>
  <!--Encounters-->
  <section>
    <templateId root="2.16.840.1.113883.10.20.22.2.22" /> <!-- CCDA Template id -->
    <!--Encounters section template-->
    <code code="46240-8" codeSystem="2.16.840.1.113883.6.1" codeSystemName="LOINC" displayName="History of encounters"/>
    <title>Encounters</title>
    <text>
  <table border="1" width="100%">
    <thead>
      <tr>
        <th>Description</th>
        <th>Codes</th>
        <th>Time</th>
        
      </tr>
    </thead>
    <tbody>
        <tr>
          <td ID="encounters-desc-0">Encounter, Performed: Inpatient Encounter (Code List: 2.16.840.1.113883.3.117.1.7.1.23)</td>
          <td ID="encounters-code-0">SNOMED-CT: 32485007<br/><i></i></td>
          <td>April 1st, 2010 04:00 - April 5th, 2010 04:00</td>
           
        </tr>
    </tbody>
  </table>
</text>
    <entry typeCode="DRIV">
      <encounter classCode="ENC" moodCode="EVN">
		    <templateId root="2.16.840.1.113883.10.20.22.4.49"/>
        <!-- Encounter activity template -->
        <id root="60b88d90-1190-0130-b9b0-3c07547eb597"/>
        <code nullFlavor="UNK">
  <originalText><reference value="#encounters-desc-0"/></originalText>
  <translation code="32485007" codeSystem="2.16.840.1.113883.6.96" />
</code>

        <text>
          <reference value="#encounters-desc-0"/>
        </text>
        <effectiveTime value='20100401040000'/>
      </encounter>
    </entry>
  </section>
</component>
        <component>
  <!--Medical Equipment - Not C32-->
  <section>
    <templateId root="2.16.840.1.113883.10.20.22.2.23" />
    <!-- Medical equipment section template -->
    <code code="46264-8" codeSystem="2.16.840.1.113883.6.1"/>
    <title>Medical Equipment</title>
    <text>
  <table border="1" width="100%">
    <thead>
      <tr>
        <th>Description</th>
        <th>Codes</th>
        <th>Time</th>
        
      </tr>
    </thead>
    <tbody>
        <tr>
          <td ID="medical_equipment-desc-0">Device, Applied: Graduated compression stockings (GCS) (Code List: 2.16.840.1.113883.3.117.1.7.1.256)</td>
          <td ID="medical_equipment-code-0">SNOMED-CT: 348681001<br/><i></i></td>
          <td>April 1st, 2010 07:00 - April 5th, 2010 04:00</td>
           
        </tr>
    </tbody>
  </table>
</text>
    <entry typeCode="DRIV">
      <supply classCode="SPLY" moodCode="EVN">
        <templateId root="2.16.840.1.113883.10.20.22.4.50"/>
        <!-- Supply activity template -->
        <id root="60b8e530-1190-0130-b9b0-3c07547eb597"/>
        <statusCode code="completed"/>
        <effectiveTime value='20100401070000'/>
        <participant typeCode="DEV">
          <participantRole classCode="MANU">
            <templateId root="2.16.840.1.113883.10.20.22.4.37"/>
            <!-- Product instance template -->
            <addr/>
            <telecom/>
            <playingDevice>
              <code nullFlavor="UNK" ><originalText>Device, Applied: Graduated compression stockings (GCS) (Code List: 2.16.840.1.113883.3.117.1.7.1.256)</originalText><translation code="348681001" codeSystem="2.16.840.1.113883.6.96"/>
</code>
            </playingDevice>
          </participantRole>
        </participant>
      </supply>
    </entry>
  </section>
</component>
    </structuredBody>
  </component>
</ClinicalDocument>