<?xml version="1.0" encoding="UTF-8"?>
<ClinicalDocument xmlns="urn:hl7-org:v3" xmlns:sdtc="urn:hl7-org:sdtc" xmlns:xsi="http://www.w3.org/2001/XMLSchema-instance" xsi:schemaLocation="urn:hl7-org:v3 http://xreg2.nist.gov:8080/hitspValidation/schema/cdar2c32/infrastructure/cda/C32_CDA.xsd">
  <realmCode code="US"/>
  <typeId root="2.16.840.1.113883.1.3" extension="POCD_HD000040"/>
  <templateId root="2.16.840.1.113883.10.20.22.1.1" />
  <templateId root='2.16.840.1.113883.10.20.22.1.2'/> 
  <id root="2.16.840.1.113883.3.72" extension="504f28d0044a1133db0000ab" assigningAuthorityName="NIST Healthcare Project"/>
  <code code="34133-9" displayName="Summarization of episode note" codeSystem="2.16.840.1.113883.6.1" codeSystemName="LOINC"/>
  <title>Cypress C32 Patient Test Record: SCIP NUM_0453_0527_0528</title>
  <effectiveTime value="20121115202428"/>
  <confidentialityCode code="N"/>
  <languageCode code="en-US"/>
  <recordTarget>
    <patientRole>
      <id root="Cypress" extension="504f28d0044a1133db0000ab"/>
      <addr use="HP">
        <streetAddressLine>202 Burlington Rd.</streetAddressLine>
        <city>Bedford</city>
        <state>MA</state>
        <postalCode>01730</postalCode>
      </addr>
      <telecom value="tel:+1-781-271-3000"/>
      <patient>
        <name>
          <given>SCIP</given>
          <family>NUM_0453_0527_0528</family>
        </name>
        <administrativeGenderCode code="M" codeSystem="2.16.840.1.113883.5.1" codeSystemName="HL7 AdministrativeGender"/>
        <birthTime value="19450606073000"/>
          <raceCode code="1002-5" displayName="American Indian or Alaska Native" codeSystemName="CDC Race and Ethnicity" codeSystem="2.16.840.1.113883.6.238"/>
          <ethnicGroupCode code="2186-5" displayName="Not Hispanic or Latino" codeSystemName="CDC Race and Ethnicity" codeSystem="2.16.840.1.113883.6.238"/>
          <languageCommunication>
            <languageCode code="en-US"/>
          </languageCommunication>
      </patient>
    </patientRole>
  </recordTarget>
  <author>
    <time value="20121115202428"/>
    <assignedAuthor>
      <id/>
      <addr/>
      <telecom value="tel:+1-781-271-3000"/>
      <assignedPerson>
        <name>Auto Generated</name>
      </assignedPerson>
    </assignedAuthor>
  </author>
  <custodian>
    <assignedCustodian>
      <representedCustodianOrganization>
        <id/>
        <name>Cypress</name>
        <telecom value="tel:+1-781-271-3000"/>
        <addr>
          <streetAddressLine>202 Burlington Rd.</streetAddressLine>
          <city>Bedford</city>
          <state>MA</state>
          <postalCode>01730</postalCode>
        </addr>
      </representedCustodianOrganization>
    </assignedCustodian>
  </custodian>
  <component>
    <structuredBody>
        <component>
  <!-- Allergies: patient has no allergies -->
  <section>
    <templateId root="2.16.840.1.113883.10.20.22.2.6"/>
    <code code="48765-2" codeSystem="2.16.840.1.113883.6.1" codeSystemName="LOINC" displayName="Allergy List"/>
    <title>Allergies</title>                
    <text>There are no current allergies at the time of this document's creation.</text>
    <entry typeCode="DRIV">
      <act classCode="ACT" moodCode="EVN">
        <templateId root="2.16.840.1.113883.10.20.22.4.30"/>
        <id root="613befc0-1190-0130-b9b0-3c07547eb597"/>
        <code nullFlavor="NA"/>
        <statusCode code="active"/>
        <effectiveTime>
          <low nullFlavor="NA"/>
        </effectiveTime>					
        <entryRelationship typeCode="SUBJ" inversionInd="false">
          <observation classCode="OBS" moodCode="EVN" negationInd="true">
            <templateId root="2.16.840.1.113883.10.20.22.4.7"/>
            <id root="613bf0d0-1190-0130-b9b0-3c07547eb597"/>
            <code code="ASSERTION" codeSystem="2.16.840.1.113883.5.4"/>
            <effectiveTime>
              <low nullFlavor="UNK"/>
            </effectiveTime>
            <statusCode code="completed"/>
            <value xsi:type="CD" code="419199007"
              codeSystem="2.16.840.1.113883.6.96" displayName="Allergy to Substance"/>
          </observation>
        </entryRelationship>
      </act>
    </entry>
  </section>
</component>
        <component>
  <!--Medications-->
  <section>
	<templateId root="2.16.840.1.113883.10.20.22.2.1" />
    <code code="10160-0" displayName="History of medication use" codeSystem="2.16.840.1.113883.6.1" codeSystemName="LOINC"/>
    <title>Medications</title>
    <text>
  <table border="1" width="100%">
    <thead>
      <tr>
        <th>Description</th>
        <th>Codes</th>
        <th>Time</th>
        
      </tr>
    </thead>
    <tbody>
        <tr>
          <td ID="medications-desc-0">Medication, Administered: Hospital Measures-IV Cardiac or  Vascular Antibiotics (Code List: 2.16.840.1.113883.3.666.5.768)</td>
          <td ID="medications-code-0">RxNorm: 313920<br/><i></i></td>
          <td>March 2nd, 2010 06:00 - March 2nd, 2010 06:00</td>
           
        </tr>
        <tr>
          <td ID="medications-desc-1">Medication, Administered: Hospital measures-IV Vancomycin (Code List: 2.16.840.1.113883.3.666.5.766)</td>
          <td ID="medications-code-1">RxNorm: 313572<br/><i></i></td>
          <td>March 2nd, 2010 10:00 - March 2nd, 2010 10:00</td>
           
        </tr>
        <tr>
          <td ID="medications-desc-2">Medication, Administered: Hospital measures-SCIP IV quinolones (Code List: 2.16.840.1.113883.3.666.5.835)</td>
          <td ID="medications-code-2">RxNorm: 199886<br/><i></i></td>
          <td>March 2nd, 2010 10:00 - March 2nd, 2010 10:00</td>
           
        </tr>
        <tr>
          <td ID="medications-desc-3">Medication, Administered: Hospital measures-IV Antimicrobial medication (Code List: 2.16.840.1.113883.3.666.5.765)</td>
          <td ID="medications-code-3">RxNorm: 313920<br/><i></i></td>
          <td>March 2nd, 2010 11:30 - March 2nd, 2010 11:30</td>
           
        </tr>
    </tbody>
  </table>
</text>
    <entry>
      <!--CCD Medication activity - Required-->
      <substanceAdministration classCode="SBADM" moodCode="EVN">
        <templateId root='2.16.840.1.113883.10.20.22.4.16'/>
        <id root="613c2b10-1190-0130-b9b0-3c07547eb597"/>
        <statusCode code="completed"/>
        <effectiveTime xsi:type="IVL_TS">
          <low value='20100302060000'/>
          <high nullFlavor="UNK"/>
        </effectiveTime>
        <consumable>
          <!--CCD Product - Required-->
          <manufacturedProduct classCode="MANU">
			    <templateId root='2.16.840.1.113883.10.20.22.4.23'/>
            <manufacturedMaterial>
              <code code="313920" codeSystem="2.16.840.1.113883.6.88" displayName="Medication, Administered: Hospital Measures-IV Cardiac or  Vascular Antibiotics (Code List: 2.16.840.1.113883.3.666.5.768)">
  <originalText><reference value="#medications-desc-0"/></originalText>
</code>

              <name>Medication, Administered: Hospital Measures-IV Cardiac or  Vascular Antibiotics (Code List: 2.16.840.1.113883.3.666.5.768)</name>
            </manufacturedMaterial>
          </manufacturedProduct>
        </consumable>
      </substanceAdministration>
    </entry>
    <entry>
      <!--CCD Medication activity - Required-->
      <substanceAdministration classCode="SBADM" moodCode="EVN">
        <templateId root='2.16.840.1.113883.10.20.22.4.16'/>
        <id root="613c4290-1190-0130-b9b0-3c07547eb597"/>
        <statusCode code="completed"/>
        <effectiveTime xsi:type="IVL_TS">
          <low value='20100302100000'/>
          <high nullFlavor="UNK"/>
        </effectiveTime>
        <consumable>
          <!--CCD Product - Required-->
          <manufacturedProduct classCode="MANU">
			    <templateId root='2.16.840.1.113883.10.20.22.4.23'/>
            <manufacturedMaterial>
              <code code="313572" codeSystem="2.16.840.1.113883.6.88" displayName="Medication, Administered: Hospital measures-IV Vancomycin (Code List: 2.16.840.1.113883.3.666.5.766)">
  <originalText><reference value="#medications-desc-1"/></originalText>
</code>

              <name>Medication, Administered: Hospital measures-IV Vancomycin (Code List: 2.16.840.1.113883.3.666.5.766)</name>
            </manufacturedMaterial>
          </manufacturedProduct>
        </consumable>
      </substanceAdministration>
    </entry>
    <entry>
      <!--CCD Medication activity - Required-->
      <substanceAdministration classCode="SBADM" moodCode="EVN">
        <templateId root='2.16.840.1.113883.10.20.22.4.16'/>
        <id root="613c5a90-1190-0130-b9b0-3c07547eb597"/>
        <statusCode code="completed"/>
        <effectiveTime xsi:type="IVL_TS">
          <low value='20100302100000'/>
          <high nullFlavor="UNK"/>
        </effectiveTime>
        <consumable>
          <!--CCD Product - Required-->
          <manufacturedProduct classCode="MANU">
			    <templateId root='2.16.840.1.113883.10.20.22.4.23'/>
            <manufacturedMaterial>
              <code code="199886" codeSystem="2.16.840.1.113883.6.88" displayName="Medication, Administered: Hospital measures-SCIP IV quinolones (Code List: 2.16.840.1.113883.3.666.5.835)">
  <originalText><reference value="#medications-desc-2"/></originalText>
</code>

              <name>Medication, Administered: Hospital measures-SCIP IV quinolones (Code List: 2.16.840.1.113883.3.666.5.835)</name>
            </manufacturedMaterial>
          </manufacturedProduct>
        </consumable>
      </substanceAdministration>
    </entry>
    <entry>
      <!--CCD Medication activity - Required-->
      <substanceAdministration classCode="SBADM" moodCode="EVN">
        <templateId root='2.16.840.1.113883.10.20.22.4.16'/>
        <id root="613c7380-1190-0130-b9b0-3c07547eb597"/>
        <statusCode code="completed"/>
        <effectiveTime xsi:type="IVL_TS">
          <low value='20100302113000'/>
          <high nullFlavor="UNK"/>
        </effectiveTime>
        <consumable>
          <!--CCD Product - Required-->
          <manufacturedProduct classCode="MANU">
			    <templateId root='2.16.840.1.113883.10.20.22.4.23'/>
            <manufacturedMaterial>
              <code code="313920" codeSystem="2.16.840.1.113883.6.88" displayName="Medication, Administered: Hospital measures-IV Antimicrobial medication (Code List: 2.16.840.1.113883.3.666.5.765)">
  <originalText><reference value="#medications-desc-3"/></originalText>
</code>

              <name>Medication, Administered: Hospital measures-IV Antimicrobial medication (Code List: 2.16.840.1.113883.3.666.5.765)</name>
            </manufacturedMaterial>
          </manufacturedProduct>
        </consumable>
      </substanceAdministration>
    </entry>
  </section>
</component>
        <component>
  <!-- Diagnostic Results: patient has no results -->
  <section>
    <templateId root="2.16.840.1.113883.10.20.22.2.3.1"/>
    <code code="30954-2" codeSystem="2.16.840.1.113883.6.1" codeSystemName="LOINC" displayName="Results"/>
    <title>Diagnostic Results</title>
    <text>There are no current results at the time of this document's creation.</text>
    <entry typeCode="DRIV">
      <organizer classCode="BATTERY" moodCode="EVN">
        <templateId root="2.16.840.1.113883.10.20.22.4.1"/>
        <id root="613c96e0-1190-0130-b9b0-3c07547eb597"/>
        <code nullFlavor="NA"/>
        <statusCode code="completed"/>
        <effectiveTime>
          <low nullFlavor="UNK"/>
        </effectiveTime>
        <component>
          <observation classCode="OBS" moodCode="EVN" negationInd="true">
            <templateId root="2.16.840.1.113883.10.20.22.4.2"/>
            <id root="613c97d0-1190-0130-b9b0-3c07547eb597"/>
            <code code="ASSERTION" codeSystem="2.16.840.1.113883.5.4"/>
            <statusCode code="completed"/>
            <effectiveTime>
              <low nullFlavor="UNK"/>
            </effectiveTime>
          </observation>
        </component>        
      </organizer>
    </entry>
  </section>
</component>
        <component>
  <!-- Conditions: patient has no conditions -->
  <section>
    <templateId root="2.16.840.1.113883.10.20.22.2.5"/>
    <code code="11450-4" codeSystem="2.16.840.1.113883.6.1" codeSystemName="LOINC" displayName="Problem List"/>
    <title>Problems</title>
    <text>There are no current problem concern acts at the time of this document's creation.</text>
    <entry typeCode="DRIV">
      <act classCode="ACT" moodCode="EVN">
        <templateId root="2.16.840.1.113883.10.20.22.4.3"/>
        <id root="613ca230-1190-0130-b9b0-3c07547eb597"/>
        <code nullFlavor="NA"/>
        <statusCode code="active"/>
        <effectiveTime>
          <low nullFlavor="NA"/>
        </effectiveTime>					
        <entryRelationship typeCode="SUBJ" inversionInd="false">
          <observation classCode="OBS" moodCode="EVN" negationInd="true">
            <templateId root="2.16.840.1.113883.10.20.22.4.4"/>
            <id root="613ca310-1190-0130-b9b0-3c07547eb597"/>
            <code code="ASSERTION" codeSystem="2.16.840.1.113883.5.4"/>
            <effectiveTime>
              <low nullFlavor="UNK"/>
            </effectiveTime>
            <statusCode code="completed"/>
          </observation>
        </entryRelationship>
      </act>
    </entry>
  </section>
</component>
        <component>
  <!--Surgeries-->
  <section>
    <templateId root="2.16.840.1.113883.10.20.22.2.7"/>
    <!--Surgeries section template-->
    <code code="47519-4" codeSystem="2.16.840.1.113883.6.1" codeSystemName="LOINC" displayName="List of surgeries"/>
    <title>Surgeries</title>
    <text>
  <table border="1" width="100%">
    <thead>
      <tr>
        <th>Description</th>
        <th>Codes</th>
        <th>Time</th>
        
      </tr>
    </thead>
    <tbody>
        <tr>
          <td ID="procedures-desc-0">Procedure, Performed: Hospital measures-CABG (Code List: 2.16.840.1.113883.3.666.5.694)</td>
          <td ID="procedures-code-0">ICD-10-CM: 0211499 ICD-9-CM: 36.10<br/><i></i></td>
          <td>March 2nd, 2010 11:00 - March 2nd, 2010 17:00</td>
           
        </tr>
        <tr>
          <td ID="procedures-desc-1">Procedure, Performed: Hospital Measures-Joint Commission Evidence of a surgical procedure requiring general or neuraxial anesthesia (Code List: 1.3.6.1.4.1.33895.1.3.0.31)</td>
          <td ID="procedures-code-1">SNOMED-CT: 50697003<br/><i></i></td>
          <td>March 2nd, 2010 11:05 - March 2nd, 2010 13:00</td>
           
        </tr>
    </tbody>
  </table>
</text>
    <entry typeCode="DRIV">
      <procedure classCode="PROC" moodCode="EVN">
        <templateId root="2.16.840.1.113883.10.20.22.4.14"/>
        <!-- Procedure activity template -->
        <id root="613cd9c0-1190-0130-b9b0-3c07547eb597"/>
        <code code="36.10" codeSystem="2.16.840.1.113883.6.104" displayName="Procedure, Performed: Hospital measures-CABG (Code List: 2.16.840.1.113883.3.666.5.694)">
  <originalText><reference value="#procedures-desc-0"/></originalText>
  <translation code="0211499" codeSystem="2.16.840.1.113883.6.90" />
</code>

        <text>
          <reference value="#procedures-desc-0"/>
        </text>
        <statusCode code="completed"/>
        <effectiveTime value='20100302110000'/>
      </procedure>
    </entry>
    <entry typeCode="DRIV">
      <procedure classCode="PROC" moodCode="EVN">
        <templateId root="2.16.840.1.113883.10.20.22.4.14"/>
        <!-- Procedure activity template -->
        <id root="613cf2c0-1190-0130-b9b0-3c07547eb597"/>
        <code code="50697003" codeSystem="2.16.840.1.113883.6.96" displayName="Procedure, Performed: Hospital Measures-Joint Commission Evidence of a surgical procedure requiring general or neuraxial anesthesia (Code List: 1.3.6.1.4.1.33895.1.3.0.31)">
  <originalText><reference value="#procedures-desc-1"/></originalText>
</code>

        <text>
          <reference value="#procedures-desc-1"/>
        </text>
        <statusCode code="completed"/>
        <effectiveTime value='20100302110500'/>
      </procedure>
    </entry>
  </section>
</component>
        <component>
  <!--Encounters-->
  <section>
    <templateId root="2.16.840.1.113883.10.20.22.2.22" /> <!-- CCDA Template id -->
    <!--Encounters section template-->
    <code code="46240-8" codeSystem="2.16.840.1.113883.6.1" codeSystemName="LOINC" displayName="History of encounters"/>
    <title>Encounters</title>
    <text>
  <table border="1" width="100%">
    <thead>
      <tr>
        <th>Description</th>
        <th>Codes</th>
        <th>Time</th>
        
      </tr>
    </thead>
    <tbody>
        <tr>
          <td ID="encounters-desc-0">Encounter, Performed: Encounter Inpatient (Code List: 2.16.840.1.113883.3.666.5.307)</td>
          <td ID="encounters-code-0">SNOMED-CT: 32485007<br/><i></i></td>
          <td>March 2nd, 2010 05:00 - March 6th, 2010 05:00</td>
           
        </tr>
    </tbody>
  </table>
</text>
    <entry typeCode="DRIV">
      <encounter classCode="ENC" moodCode="EVN">
		    <templateId root="2.16.840.1.113883.10.20.22.4.49"/>
        <!-- Encounter activity template -->
        <id root="613d3d70-1190-0130-b9b0-3c07547eb597"/>
        <code nullFlavor="UNK">
  <originalText><reference value="#encounters-desc-0"/></originalText>
  <translation code="32485007" codeSystem="2.16.840.1.113883.6.96" />
</code>

        <text>
          <reference value="#encounters-desc-0"/>
        </text>
        <effectiveTime value='20100302050000'/>
      </encounter>
    </entry>
  </section>
</component>
        <component>
  <!--Medical Equipment - Not C32-->
  <section>
    <templateId root="2.16.840.1.113883.10.20.22.2.23" />
    <!-- Medical equipment section template -->
    <code code="46264-8" codeSystem="2.16.840.1.113883.6.1"/>
    <title>Medical Equipment</title>
    <text>
  <table border="1" width="100%">
    <thead>
      <tr>
        <th>Description</th>
        <th>Codes</th>
        <th>Time</th>
        
      </tr>
    </thead>
    <tbody>
        <tr>
          <td ID="medical_equipment-desc-0">Device, Applied: Hospital Measures-Indwelling urinary catheter (Code List: 2.16.840.1.113883.3.666.5.820)</td>
          <td ID="medical_equipment-code-0">SNOMED-CT: 20568009<br/><i></i></td>
          <td>March 2nd, 2010 11:30 - March 4th, 2010 05:00</td>
           
        </tr>
    </tbody>
  </table>
</text>
    <entry typeCode="DRIV">
      <supply classCode="SPLY" moodCode="EVN">
        <templateId root="2.16.840.1.113883.10.20.22.4.50"/>
        <!-- Supply activity template -->
        <id root="614c6770-1190-0130-b9b0-3c07547eb597"/>
        <statusCode code="completed"/>
        <effectiveTime value='20100302113000'/>
        <participant typeCode="DEV">
          <participantRole classCode="MANU">
            <templateId root="2.16.840.1.113883.10.20.22.4.37"/>
            <!-- Product instance template -->
            <addr/>
            <telecom/>
            <playingDevice>
              <code nullFlavor="UNK" ><originalText>Device, Applied: Hospital Measures-Indwelling urinary catheter (Code List: 2.16.840.1.113883.3.666.5.820)</originalText><translation code="20568009" codeSystem="2.16.840.1.113883.6.96"/>
</code>
            </playingDevice>
          </participantRole>
        </participant>
      </supply>
    </entry>
  </section>
</component>
    </structuredBody>
  </component>
</ClinicalDocument>