<?xml version="1.0" encoding="UTF-8"?>
<ClinicalDocument xmlns="urn:hl7-org:v3" xmlns:sdtc="urn:hl7-org:sdtc" xmlns:xsi="http://www.w3.org/2001/XMLSchema-instance" xsi:schemaLocation="urn:hl7-org:v3 http://xreg2.nist.gov:8080/hitspValidation/schema/cdar2c32/infrastructure/cda/C32_CDA.xsd">
  <realmCode code="US"/>
  <typeId root="2.16.840.1.113883.1.3" extension="POCD_HD000040"/>
  <templateId root="2.16.840.1.113883.10.20.22.1.1" />
  <templateId root='2.16.840.1.113883.10.20.22.1.2'/> 
  <id root="2.16.840.1.113883.3.72" extension="504f38d6044a113e8900002b" assigningAuthorityName="NIST Healthcare Project"/>
  <code code="34133-9" displayName="Summarization of episode note" codeSystem="2.16.840.1.113883.6.1" codeSystemName="LOINC"/>
  <title>Cypress C32 Patient Test Record: STROKE NUM_0435_0436_0437_ 0439_ 0440_ 0441</title>
  <effectiveTime value="20121115202427"/>
  <confidentialityCode code="N"/>
  <languageCode code="en-US"/>
  <recordTarget>
    <patientRole>
      <id root="Cypress" extension="504f38d6044a113e8900002b"/>
      <addr use="HP">
        <streetAddressLine>202 Burlington Rd.</streetAddressLine>
        <city>Bedford</city>
        <state>MA</state>
        <postalCode>01730</postalCode>
      </addr>
      <telecom value="tel:+1-781-271-3000"/>
      <patient>
        <name>
          <given>STROKE</given>
          <family>NUM_0435_0436_0437_ 0439_ 0440_ 0441</family>
        </name>
        <administrativeGenderCode code="M" codeSystem="2.16.840.1.113883.5.1" codeSystemName="HL7 AdministrativeGender"/>
        <birthTime value="19350306083000"/>
          <raceCode code="1002-5" displayName="American Indian or Alaska Native" codeSystemName="CDC Race and Ethnicity" codeSystem="2.16.840.1.113883.6.238"/>
          <ethnicGroupCode code="2186-5" displayName="Not Hispanic or Latino" codeSystemName="CDC Race and Ethnicity" codeSystem="2.16.840.1.113883.6.238"/>
          <languageCommunication>
            <languageCode code="en-US"/>
          </languageCommunication>
      </patient>
    </patientRole>
  </recordTarget>
  <author>
    <time value="20121115202427"/>
    <assignedAuthor>
      <id/>
      <addr/>
      <telecom value="tel:+1-781-271-3000"/>
      <assignedPerson>
        <name>Auto Generated</name>
      </assignedPerson>
    </assignedAuthor>
  </author>
  <custodian>
    <assignedCustodian>
      <representedCustodianOrganization>
        <id/>
        <name>Cypress</name>
        <telecom value="tel:+1-781-271-3000"/>
        <addr>
          <streetAddressLine>202 Burlington Rd.</streetAddressLine>
          <city>Bedford</city>
          <state>MA</state>
          <postalCode>01730</postalCode>
        </addr>
      </representedCustodianOrganization>
    </assignedCustodian>
  </custodian>
  <component>
    <structuredBody>
        <component>
  <!-- Allergies: patient has no allergies -->
  <section>
    <templateId root="2.16.840.1.113883.10.20.22.2.6"/>
    <code code="48765-2" codeSystem="2.16.840.1.113883.6.1" codeSystemName="LOINC" displayName="Allergy List"/>
    <title>Allergies</title>                
    <text>There are no current allergies at the time of this document's creation.</text>
    <entry typeCode="DRIV">
      <act classCode="ACT" moodCode="EVN">
        <templateId root="2.16.840.1.113883.10.20.22.4.30"/>
        <id root="60d42480-1190-0130-b9b0-3c07547eb597"/>
        <code nullFlavor="NA"/>
        <statusCode code="active"/>
        <effectiveTime>
          <low nullFlavor="NA"/>
        </effectiveTime>					
        <entryRelationship typeCode="SUBJ" inversionInd="false">
          <observation classCode="OBS" moodCode="EVN" negationInd="true">
            <templateId root="2.16.840.1.113883.10.20.22.4.7"/>
            <id root="60d42590-1190-0130-b9b0-3c07547eb597"/>
            <code code="ASSERTION" codeSystem="2.16.840.1.113883.5.4"/>
            <effectiveTime>
              <low nullFlavor="UNK"/>
            </effectiveTime>
            <statusCode code="completed"/>
            <value xsi:type="CD" code="419199007"
              codeSystem="2.16.840.1.113883.6.96" displayName="Allergy to Substance"/>
          </observation>
        </entryRelationship>
      </act>
    </entry>
  </section>
</component>
        <component>
  <!--Medications-->
  <section>
	<templateId root="2.16.840.1.113883.10.20.22.2.1" />
    <code code="10160-0" displayName="History of medication use" codeSystem="2.16.840.1.113883.6.1" codeSystemName="LOINC"/>
    <title>Medications</title>
    <text>
  <table border="1" width="100%">
    <thead>
      <tr>
        <th>Description</th>
        <th>Codes</th>
        <th>Time</th>
        
      </tr>
    </thead>
    <tbody>
        <tr>
          <td ID="medications-desc-0">Medication, Administered: Thrombolytic (t-PA) Therapy (Code List: 2.16.840.1.113883.3.117.1.7.1.226)</td>
          <td ID="medications-code-0">RxNorm: 308056<br/><i></i></td>
          <td>April 2nd, 2010 12:00 - April 2nd, 2010 12:00</td>
           
        </tr>
        <tr>
          <td ID="medications-desc-1">Medication, Discharge: Statin (Code List: 2.16.840.1.113883.3.117.1.7.1.225)</td>
          <td ID="medications-code-1">RxNorm: 198211<br/><i></i></td>
          <td>April 6th, 2010 14:00 - April 6th, 2010 14:00</td>
           
        </tr>
        <tr>
          <td ID="medications-desc-2">Medication, Discharge: Antithrombotic Therapy (Code List: 2.16.840.1.113883.3.117.1.7.1.201)</td>
          <td ID="medications-code-2">RxNorm: 212033<br/><i></i></td>
          <td>April 6th, 2010 14:00 - April 6th, 2010 14:00</td>
           
        </tr>
        <tr>
          <td ID="medications-desc-3">Medication, Discharge: Anticoagulant Therapy (Code List: 2.16.840.1.113883.3.117.1.7.1.200)</td>
          <td ID="medications-code-3">RxNorm: 855332<br/><i></i></td>
          <td>April 6th, 2010 14:00 - April 6th, 2010 14:00</td>
           
        </tr>
    </tbody>
  </table>
</text>
    <entry>
      <!--CCD Medication activity - Required-->
      <substanceAdministration classCode="SBADM" moodCode="EVN">
        <templateId root='2.16.840.1.113883.10.20.22.4.16'/>
        <id root="60d45fd0-1190-0130-b9b0-3c07547eb597"/>
        <statusCode code="completed"/>
        <effectiveTime xsi:type="IVL_TS">
          <low value='20100402120000'/>
          <high nullFlavor="UNK"/>
        </effectiveTime>
        <consumable>
          <!--CCD Product - Required-->
          <manufacturedProduct classCode="MANU">
			    <templateId root='2.16.840.1.113883.10.20.22.4.23'/>
            <manufacturedMaterial>
              <code code="308056" codeSystem="2.16.840.1.113883.6.88" displayName="Medication, Administered: Thrombolytic (t-PA) Therapy (Code List: 2.16.840.1.113883.3.117.1.7.1.226)">
  <originalText><reference value="#medications-desc-0"/></originalText>
</code>

              <name>Medication, Administered: Thrombolytic (t-PA) Therapy (Code List: 2.16.840.1.113883.3.117.1.7.1.226)</name>
            </manufacturedMaterial>
          </manufacturedProduct>
        </consumable>
      </substanceAdministration>
    </entry>
    <entry>
      <!--CCD Medication activity - Required-->
      <substanceAdministration classCode="SBADM" moodCode="EVN">
        <templateId root='2.16.840.1.113883.10.20.22.4.16'/>
        <id root="60d47770-1190-0130-b9b0-3c07547eb597"/>
        <statusCode code="completed"/>
        <effectiveTime xsi:type="IVL_TS">
          <low value='20100406140000'/>
          <high nullFlavor="UNK"/>
        </effectiveTime>
        <consumable>
          <!--CCD Product - Required-->
          <manufacturedProduct classCode="MANU">
			    <templateId root='2.16.840.1.113883.10.20.22.4.23'/>
            <manufacturedMaterial>
              <code code="198211" codeSystem="2.16.840.1.113883.6.88" displayName="Medication, Discharge: Statin (Code List: 2.16.840.1.113883.3.117.1.7.1.225)">
  <originalText><reference value="#medications-desc-1"/></originalText>
</code>

              <name>Medication, Discharge: Statin (Code List: 2.16.840.1.113883.3.117.1.7.1.225)</name>
            </manufacturedMaterial>
          </manufacturedProduct>
        </consumable>
      </substanceAdministration>
    </entry>
    <entry>
      <!--CCD Medication activity - Required-->
      <substanceAdministration classCode="SBADM" moodCode="EVN">
        <templateId root='2.16.840.1.113883.10.20.22.4.16'/>
        <id root="60d49070-1190-0130-b9b0-3c07547eb597"/>
        <statusCode code="completed"/>
        <effectiveTime xsi:type="IVL_TS">
          <low value='20100406140000'/>
          <high nullFlavor="UNK"/>
        </effectiveTime>
        <consumable>
          <!--CCD Product - Required-->
          <manufacturedProduct classCode="MANU">
			    <templateId root='2.16.840.1.113883.10.20.22.4.23'/>
            <manufacturedMaterial>
              <code code="212033" codeSystem="2.16.840.1.113883.6.88" displayName="Medication, Discharge: Antithrombotic Therapy (Code List: 2.16.840.1.113883.3.117.1.7.1.201)">
  <originalText><reference value="#medications-desc-2"/></originalText>
</code>

              <name>Medication, Discharge: Antithrombotic Therapy (Code List: 2.16.840.1.113883.3.117.1.7.1.201)</name>
            </manufacturedMaterial>
          </manufacturedProduct>
        </consumable>
      </substanceAdministration>
    </entry>
    <entry>
      <!--CCD Medication activity - Required-->
      <substanceAdministration classCode="SBADM" moodCode="EVN">
        <templateId root='2.16.840.1.113883.10.20.22.4.16'/>
        <id root="60d4acb0-1190-0130-b9b0-3c07547eb597"/>
        <statusCode code="completed"/>
        <effectiveTime xsi:type="IVL_TS">
          <low value='20100406140000'/>
          <high nullFlavor="UNK"/>
        </effectiveTime>
        <consumable>
          <!--CCD Product - Required-->
          <manufacturedProduct classCode="MANU">
			    <templateId root='2.16.840.1.113883.10.20.22.4.23'/>
            <manufacturedMaterial>
              <code code="855332" codeSystem="2.16.840.1.113883.6.88" displayName="Medication, Discharge: Anticoagulant Therapy (Code List: 2.16.840.1.113883.3.117.1.7.1.200)">
  <originalText><reference value="#medications-desc-3"/></originalText>
</code>

              <name>Medication, Discharge: Anticoagulant Therapy (Code List: 2.16.840.1.113883.3.117.1.7.1.200)</name>
            </manufacturedMaterial>
          </manufacturedProduct>
        </consumable>
      </substanceAdministration>
    </entry>
  </section>
</component>
        <component>
  <!--Diagnostic Results-->
  <section>
    <templateId root="2.16.840.1.113883.10.20.22.2.3.1"/>
    <!--Diagnostic Results section template-->
    <code code="30954-2" codeSystem="2.16.840.1.113883.6.1" codeSystemName="LOINC" displayName="Results"/>
    <title>Diagnostic Results</title>
    <text>
  <table border="1" width="100%">
    <thead>
      <tr>
        <th>Description</th>
        <th>Codes</th>
        <th>Time</th>
        
          <th>Value</th>
      </tr>
    </thead>
    <tbody>
        <tr>
          <td ID="results-desc-0">Diagnostic Study, Result: Atrial Fibrillation/Flutter (Code List: 2.16.840.1.113883.3.117.1.7.1.249)</td>
          <td ID="results-code-0">SNOMED-CT: 164889003<br/><i></i></td>
          <td>April 2nd, 2010 11:30 - April 2nd, 2010 11:30</td>
           
              <td>
              </td>
        </tr>
    </tbody>
  </table>
</text>
    <entry typeCode="DRIV">
      <organizer classCode="BATTERY" moodCode="EVN">
        <templateId root="2.16.840.1.113883.10.20.22.4.1"/>
        <!--Result organizer template -->
        <id root="60d50590-1190-0130-b9b0-3c07547eb597"/>
        <code nullFlavor="NA"/>
        <statusCode code="completed"/>
        <effectiveTime value="20121115202427"/>
          <component>
           <observation classCode="OBS" moodCode="EVN">
            <templateId root="2.16.840.1.113883.10.20.22.4.2"/>
              <id root="60d50760-1190-0130-b9b0-3c07547eb597"/>
              <code nullFlavor="UNK">
                <originalText><reference value="Unknown"/></originalText>
              </code>
              <text>
                <reference value="Unknown"/>
              </text>
              <statusCode code="completed"/>
              <effectiveTime nullFlavor="UNK"/>
            </observation>
          </component>
        <component>
          <observation classCode="OBS" moodCode="EVN">
            <templateId root="2.16.840.1.113883.10.20.22.4.2"/>
            <!-- Result observation template -->
            <id root="60d50840-1190-0130-b9b0-3c07547eb597"/>
            <code code="164889003" codeSystem="2.16.840.1.113883.6.96" ><originalText>Diagnostic Study, Result: Atrial Fibrillation/Flutter (Code List: 2.16.840.1.113883.3.117.1.7.1.249)</originalText></code>
            <text>
              <reference value="#results-desc-0"/>
            </text>
            <statusCode code="completed"/>
            <effectiveTime value='20100402113000'/>
              <value xsi:type="PQ" nullFlavor="UNK"/>
          </observation>
        </component>
      </organizer>
    </entry>
  </section>
</component>
        <component>
  <!--Problems-->
  <section>
    <templateId root="2.16.840.1.113883.10.20.22.2.5.1"/>
    <!--Problems section template-->
    <code code="11450-4" codeSystem="2.16.840.1.113883.6.1" codeSystemName="LOINC" displayName="Problem list"/>
    <title>Problems</title>
    <text>
  <table border="1" width="100%">
    <thead>
      <tr>
        <th>Description</th>
        <th>Codes</th>
        <th>Time</th>
          <th>Status</th>
        
      </tr>
    </thead>
    <tbody>
        <tr>
          <td ID="conditions-desc-0">Diagnosis, Active: Ischemic Stroke (Code List: 2.16.840.1.113883.3.117.1.7.1.247)</td>
          <td ID="conditions-code-0">ICD-9-CM: 433.01 ICD-10-CM: I63.039 SNOMED-CT: 64586002<br/><i></i></td>
          <td>April 2nd, 2010 15:00 - April 6th, 2010 15:00</td>
            <td>active</td>
           
        </tr>
        <tr>
          <td ID="conditions-desc-1">Symptom, Active: Neurologic Symptoms of Stroke (Code List: 2.16.840.1.113883.3.117.1.7.1.399)</td>
          <td ID="conditions-code-1">SNOMED-CT: 20301004<br/><i></i></td>
          <td>April 2nd, 2010 10:00 - April 2nd, 2010 10:00</td>
            <td>active</td>
           
        </tr>
    </tbody>
  </table>
</text>
    <entry typeCode="DRIV">
      <act classCode="ACT" moodCode="EVN">
        <templateId root="2.16.840.1.113883.10.20.22.4.3"/>
        <!-- Problem act template -->
        <id root="60d54e30-1190-0130-b9b0-3c07547eb597"/>
        <code nullFlavor="NA"/>
        <statusCode code="active"/>
        <effectiveTime>
          <low value='20100402150000'/>
        </effectiveTime>
        <entryRelationship typeCode="SUBJ" inversionInd="false">
          <observation classCode="OBS" moodCode="EVN">
            <templateId root="2.16.840.1.113883.10.20.22.4.4"/>
            
            <!--Problem observation template - NOT episode template-->
            <id root="60d550d0-1190-0130-b9b0-3c07547eb597"/>
            <code code="64572001" displayName="Condition" codeSystem="2.16.840.1.113883.6.96" codeSystemName="SNOMED-CT"/>
            <text>
              <reference value="#conditions-desc-0"/>
            </text>
            <statusCode code="completed"/>
            <effectiveTime>
              <low value='20100402150000'/>
            </effectiveTime>
            <value code="64586002" codeSystem="2.16.840.1.113883.6.96" xsi:type="CD"><originalText>Diagnosis, Active: Ischemic Stroke (Code List: 2.16.840.1.113883.3.117.1.7.1.247)</originalText><translation code="433.01" codeSystem="2.16.840.1.113883.6.104"/>
<translation code="I63.039" codeSystem="2.16.840.1.113883.6.90"/>
</value>
            <entryRelationship typeCode="REFR">
              <observation classCode="OBS" moodCode="EVN">
                <templateId root="2.16.840.1.113883.10.20.22.4.6"/>
                <!-- Problem status observation template -->
                <code code="33999-4" codeSystem="2.16.840.1.113883.6.1" displayName="Status"/>
                <statusCode code="completed"/>
                <value xsi:type="CE" code="55561003" codeSystem="2.16.840.1.113883.6.96"/>
              </observation>
            </entryRelationship>
          </observation>
        </entryRelationship>
      </act>
    </entry>
    <entry typeCode="DRIV">
      <act classCode="ACT" moodCode="EVN">
        <templateId root="2.16.840.1.113883.10.20.22.4.3"/>
        <!-- Problem act template -->
        <id root="60d55790-1190-0130-b9b0-3c07547eb597"/>
        <code nullFlavor="NA"/>
        <statusCode code="active"/>
        <effectiveTime>
          <low value='20100402100000'/>
        </effectiveTime>
        <entryRelationship typeCode="SUBJ" inversionInd="false">
          <observation classCode="OBS" moodCode="EVN">
            <templateId root="2.16.840.1.113883.10.20.22.4.4"/>
            
            <!--Problem observation template - NOT episode template-->
            <id root="60d55990-1190-0130-b9b0-3c07547eb597"/>
            <code code="64572001" displayName="Condition" codeSystem="2.16.840.1.113883.6.96" codeSystemName="SNOMED-CT"/>
            <text>
              <reference value="#conditions-desc-1"/>
            </text>
            <statusCode code="completed"/>
            <effectiveTime>
              <low value='20100402100000'/>
            </effectiveTime>
            <value code="20301004" codeSystem="2.16.840.1.113883.6.96" xsi:type="CD"><originalText>Symptom, Active: Neurologic Symptoms of Stroke (Code List: 2.16.840.1.113883.3.117.1.7.1.399)</originalText></value>
            <entryRelationship typeCode="REFR">
              <observation classCode="OBS" moodCode="EVN">
                <templateId root="2.16.840.1.113883.10.20.22.4.6"/>
                <!-- Problem status observation template -->
                <code code="33999-4" codeSystem="2.16.840.1.113883.6.1" displayName="Status"/>
                <statusCode code="completed"/>
                <value xsi:type="CE" code="55561003" codeSystem="2.16.840.1.113883.6.96"/>
              </observation>
            </entryRelationship>
          </observation>
        </entryRelationship>
      </act>
    </entry>
  </section>
</component>

        <component>
  <!--Surgeries-->
  <section>
    <templateId root="2.16.840.1.113883.10.20.22.2.7"/>
    <!--Surgeries section template-->
    <code code="47519-4" codeSystem="2.16.840.1.113883.6.1" codeSystemName="LOINC" displayName="List of surgeries"/>
    <title>Surgeries</title>
    <text>
  <table border="1" width="100%">
    <thead>
      <tr>
        <th>Description</th>
        <th>Codes</th>
        <th>Time</th>
        
      </tr>
    </thead>
    <tbody>
        <tr>
          <td ID="procedures-desc-0">Procedure, Order: Rehabilitation Services (Code List: 2.16.840.1.113883.3.117.1.7.1.221)</td>
          <td ID="procedures-code-0">ICD-10-CM: F00ZCKZ SNOMED-CT: 1121002<br/><i></i></td>
          <td>April 5th, 2010 14:00 - April 5th, 2010 14:00</td>
           
        </tr>
        <tr>
          <td ID="procedures-desc-1">Communication: From Provider to Patient: Written Information Given (Code List: 2.16.840.1.113883.3.117.1.7.1.415)</td>
          <td ID="procedures-code-1">SNOMED-CT: 413318004<br/><i></i></td>
          <td>April 6th, 2010 14:00 - April 6th, 2010 14:00</td>
           
        </tr>
    </tbody>
  </table>
</text>
    <entry typeCode="DRIV">
      <procedure classCode="PROC" moodCode="EVN">
        <templateId root="2.16.840.1.113883.10.20.22.4.14"/>
        <!-- Procedure activity template -->
        <id root="60d592f0-1190-0130-b9b0-3c07547eb597"/>
        <code code="F00ZCKZ" codeSystem="2.16.840.1.113883.6.90" displayName="Procedure, Order: Rehabilitation Services (Code List: 2.16.840.1.113883.3.117.1.7.1.221)">
  <originalText><reference value="#procedures-desc-0"/></originalText>
  <translation code="1121002" codeSystem="2.16.840.1.113883.6.96" />
</code>

        <text>
          <reference value="#procedures-desc-0"/>
        </text>
        <statusCode code="completed"/>
        <effectiveTime value='20100405140000'/>
      </procedure>
    </entry>
    <entry typeCode="DRIV">
      <procedure classCode="PROC" moodCode="EVN">
        <templateId root="2.16.840.1.113883.10.20.22.4.14"/>
        <!-- Procedure activity template -->
        <id root="60d5ab20-1190-0130-b9b0-3c07547eb597"/>
        <code code="413318004" codeSystem="2.16.840.1.113883.6.96" displayName="Communication: From Provider to Patient: Written Information Given (Code List: 2.16.840.1.113883.3.117.1.7.1.415)">
  <originalText><reference value="#procedures-desc-1"/></originalText>
</code>

        <text>
          <reference value="#procedures-desc-1"/>
        </text>
        <statusCode code="completed"/>
        <effectiveTime value='20100406140000'/>
      </procedure>
    </entry>
  </section>
</component>
        <component>
  <!--Encounters-->
  <section>
    <templateId root="2.16.840.1.113883.10.20.22.2.22" /> <!-- CCDA Template id -->
    <!--Encounters section template-->
    <code code="46240-8" codeSystem="2.16.840.1.113883.6.1" codeSystemName="LOINC" displayName="History of encounters"/>
    <title>Encounters</title>
    <text>
  <table border="1" width="100%">
    <thead>
      <tr>
        <th>Description</th>
        <th>Codes</th>
        <th>Time</th>
        
      </tr>
    </thead>
    <tbody>
        <tr>
          <td ID="encounters-desc-0">Encounter, Performed: Inpatient Encounter (Code List: 2.16.840.1.113883.3.117.1.7.1.23)</td>
          <td ID="encounters-code-0">SNOMED-CT: 32485007<br/><i></i></td>
          <td>April 2nd, 2010 15:00 - April 6th, 2010 15:00</td>
           
        </tr>
        <tr>
          <td ID="encounters-desc-1">Encounter, Performed: Emergency Department Visit (Code List: 2.16.840.1.113883.3.117.1.7.1.292)</td>
          <td ID="encounters-code-1">SNOMED-CT: 4525004<br/><i></i></td>
          <td>April 2nd, 2010 11:00 - April 2nd, 2010 14:55</td>
           
        </tr>
        <tr>
          <td ID="encounters-desc-2">Encounter, Performed: Emergency Department Visit (Code List: 2.16.840.1.113883.3.117.1.7.1.293)</td>
          <td ID="encounters-code-2">SNOMED-CT: 4525004<br/><i></i></td>
          <td>January 13th, 2010 05:00 - January 13th, 2010 08:00</td>
           
        </tr>
        <tr>
          <td ID="encounters-desc-3">Encounter, Ordered: Decision to Admit to Hospital Inpatient (Code List: 2.16.840.1.113883.3.117.1.7.1.295)</td>
          <td ID="encounters-code-3">SNOMED-CT: 10378005<br/><i></i></td>
          <td>April 2nd, 2010 14:40 - April 2nd, 2010 14:40</td>
           
        </tr>
    </tbody>
  </table>
</text>
    <entry typeCode="DRIV">
      <encounter classCode="ENC" moodCode="EVN">
		    <templateId root="2.16.840.1.113883.10.20.22.4.49"/>
        <!-- Encounter activity template -->
        <id root="60d5fdf0-1190-0130-b9b0-3c07547eb597"/>
        <code nullFlavor="UNK">
  <originalText><reference value="#encounters-desc-0"/></originalText>
  <translation code="32485007" codeSystem="2.16.840.1.113883.6.96" />
</code>

        <text>
          <reference value="#encounters-desc-0"/>
        </text>
        <effectiveTime value='20100402150000'/>
      </encounter>
    </entry>
    <entry typeCode="DRIV">
      <encounter classCode="ENC" moodCode="EVN">
		    <templateId root="2.16.840.1.113883.10.20.22.4.49"/>
        <!-- Encounter activity template -->
        <id root="60d61560-1190-0130-b9b0-3c07547eb597"/>
        <code nullFlavor="UNK">
  <originalText><reference value="#encounters-desc-1"/></originalText>
  <translation code="4525004" codeSystem="2.16.840.1.113883.6.96" />
</code>

        <text>
          <reference value="#encounters-desc-1"/>
        </text>
        <effectiveTime value='20100402110000'/>
      </encounter>
    </entry>
    <entry typeCode="DRIV">
      <encounter classCode="ENC" moodCode="EVN">
		    <templateId root="2.16.840.1.113883.10.20.22.4.49"/>
        <!-- Encounter activity template -->
        <id root="60d62c10-1190-0130-b9b0-3c07547eb597"/>
        <code nullFlavor="UNK">
  <originalText><reference value="#encounters-desc-2"/></originalText>
  <translation code="4525004" codeSystem="2.16.840.1.113883.6.96" />
</code>

        <text>
          <reference value="#encounters-desc-2"/>
        </text>
        <effectiveTime value='20100113050000'/>
      </encounter>
    </entry>
    <entry typeCode="DRIV">
      <encounter classCode="ENC" moodCode="EVN">
		    <templateId root="2.16.840.1.113883.10.20.22.4.49"/>
        <!-- Encounter activity template -->
        <id root="60d642f0-1190-0130-b9b0-3c07547eb597"/>
        <code nullFlavor="UNK">
  <originalText><reference value="#encounters-desc-3"/></originalText>
  <translation code="10378005" codeSystem="2.16.840.1.113883.6.96" />
</code>

        <text>
          <reference value="#encounters-desc-3"/>
        </text>
        <effectiveTime value='20100402144000'/>
      </encounter>
    </entry>
  </section>
</component>
        <component>
  <!--Vital Signs-->
  <section>
    <templateId root="2.16.840.1.113883.10.20.22.2.4"/>
    <!--Vital Signs section template-->
    <code code="8716-3" codeSystem="2.16.840.1.113883.6.1" codeSystemName="LOINC" displayName="Vital signs"/>
    <title>Vital Signs</title>
    <text>
  <table border="1" width="100%">
    <thead>
      <tr>
        <th>Description</th>
        <th>Codes</th>
        <th>Time</th>
        
          <th>Value</th>
      </tr>
    </thead>
    <tbody>
        <tr>
          <td ID="vitals-desc-0">Laboratory Test, Result: LDL-c (Code List: 2.16.840.1.113883.3.117.1.7.1.215)</td>
          <td ID="vitals-code-0">LOINC: 2089-1<br/><i></i></td>
          <td>March 16th, 2010 13:00 - March 16th, 2010 13:00</td>
           
              <td>
	                110<br/>
              </td>
        </tr>
    </tbody>
  </table>
</text>
    <entry typeCode="DRIV">
      <organizer classCode="CLUSTER" moodCode="EVN">
        <templateId root="2.16.840.1.113883.10.20.22.4.26"/>
        <!-- Vital signs organizer template -->
        <id root="60d69760-1190-0130-b9b0-3c07547eb597"/>
        <code code="46680005" codeSystem="2.16.840.1.113883.6.96" displayName="Vital signs" codeSystemName="SNOMED CT"/>
        <statusCode code="completed"/>
        <effectiveTime value="19991114"/>
        <component>
          <observation classCode="OBS" moodCode="EVN">
            <templateId root="2.16.840.1.113883.10.20.22.4.27"/>
            <!-- Result observation template -->
            <id root="60d69870-1190-0130-b9b0-3c07547eb597"/>
            <code code="2089-1" codeSystem="2.16.840.1.113883.6.1" ><originalText>Laboratory Test, Result: LDL-c (Code List: 2.16.840.1.113883.3.117.1.7.1.215)</originalText></code>
            <text>
              <reference value="vitals-desc-0"/>
            </text>
            <statusCode code="completed"/>
            <effectiveTime value='20100316130000'/>
                <value xsi:type="PQ" value="110" unit="mg/dL"/>
          </observation>
        </component>
      </organizer>
    </entry>
  </section>
</component>
    </structuredBody>
  </component>
</ClinicalDocument>