{
  "birthdate": -851902200,
  "clinicalTrialParticipant": null,
  "conditions": [
    {
      "causeOfDeath": null,
      "codes": {
        "ICD-9-CM": [
          "410.00"
        ],
        "ICD-10-CM": [
          "I21.09"
        ]
      },
      "description": "Diagnosis, Active: Hospital Measures - AMI (Code List: 2.16.840.1.113883.3.666.5.3011)",
      "end_time": 1273118400,
      "free_text": null,
      "mood_code": "EVN",
      "name": null,
      "negationInd": null,
      "negationReason": null,
      "oid": "2.16.840.1.113883.3.560.1.2",
      "ordinality": null,
      "ordinality_code": {
        "SNOMED-CT": [
          "63161005"
        ]
      },
      "priority": null,
      "severity": null,
      "specifics": null,
      "start_time": 1272661500,
      "status_code": {
        "SNOMED-CT": [
          "55561003"
        ],
        "HL7 ActStatus": [
          "active"
        ]
      },
      "time": null,
      "type": null
    }
  ],
  "deathdate": null,
  "description": "",
  "effective_time": null,
  "elimination_population": null,
  "elimination_reason": null,
  "encounters": [
    {
      "admitType": null,
      "admit_time": null,
      "codes": {
        "SNOMED-CT": [
          "417005"
        ]
      },
      "description": "Encounter, Performed: Hospital Measures-Encounter Inpatient (Code List: 2.16.840.1.113883.3.666.5.625)",
      "dischargeDisposition": null,
      "discharge_time": null,
      "end_time": 1273118400,
      "free_text": null,
      "mood_code": "EVN",
      "negationInd": null,
      "negationReason": null,
      "oid": "2.16.840.1.113883.3.560.1.79",
      "performer_id": null,
      "specifics": null,
      "start_time": 1272661200,
      "status_code": null,
      "time": null
    }
  ],
  "ethnicity": {
    "code": "2186-5",
    "name": "Not Hispanic or Latino",
    "codeSystem": "CDC Race"
  },
  "expired": false,
  "first": "AMI2",
  "gender": "F",
  "insurance_providers": [
    {
      "end_time": null,
      "financial_responsibility_type": {
        "code": "SELF",
        "codeSystem": "HL7 Relationship Code"
      },
      "member_id": "1234567890",
      "name": "Other",
      "payer": {
        "name": "Other"
      },
      "relationship": null,
      "start_time": 1199163600,
      "time": null,
      "type": "OT"
    }
  ],
  "languages": null,
  "last": "DEN_0163",
  "marital_status": null,
  "measure_ids": [
    "0142",
    "0639",
    "0163",
    "0371",
    "0497",
    "0438",
    "0376",
    "8A4D92B2-3887-5DF3-0139-0D01C6626E46",
    "8A4D92B2-3A58-B777-013A-716DFC096EE3",
    "8A4D92B2-3A58-B777-013A-716DFC096EE3",
    "8A4D92B2-3887-5DF3-0139-0D08A4BE7BE6",
    "8A4D92B2-3887-5DF3-0139-11B262260A92",
    "8A4D92B2-37BF-6F1B-0137-CCD612A40D0E",
    "8A4D92B2-3887-5DF3-0139-01A1D2C966BC",
    "8A4D92B2-3A00-2A25-013A-4640D11650CB",
    "8A4D92B2-3887-5DF3-0139-0C4E6D2B4D6B",
    "8A4D92B2-3887-5DF3-0139-01959FB76498",
    "8A4D92B2-3887-5DF3-0138-9B2EABA7321D",
    "8A4D92B2-3887-5DF3-0139-018CE6F1622A",
    "8A4D92B2-37BF-6F1B-0137-CDADBA302B85",
    "8A4D92B2-3887-5DF3-0139-013B0C87524A",
    "8A4D92B2-3887-5DF3-0139-0C0D3D783133",
    "8A4D92B2-3887-5DF3-0139-0C49FB8C4757",
    "8A4D92B2-37D1-F95B-0137-E776B0467BAF",
    "8A4D92B2-3A00-2A25-013A-0DD50CE621D8",
    "8A4D92B2-3887-5DF3-0139-01954AFC63B2",
    "8A4D92B2-3A58-B777-013A-670AB6932A3B",
    "8A4D92B2-3887-5DF3-0139-01965ECF65BE",
    "8A4D92B2-37D1-F95B-0137-E726AD2F7415",
    "8A4D92B2-3887-5DF3-0139-0C4E41594C98",
    "8A4D92B2-3887-5DF3-0139-0C4E41594C98",
    "8A4D92B2-3887-5DF3-0139-0C4E41594C98",
    "8A4D92B2-3887-5DF3-0139-0C4E41594C98",
    "8A4D92B2-37D1-F95B-0137-DD4B0EB62DE6",
    "8A4D92B2-37D1-F95B-0137-DD4B0EB62DE6",
    "8A4D92B2-37D1-F95B-0137-DD4B0EB62DE6",
    "8A4D92B2-37D1-F95B-0137-DD4B0EB62DE6",
    "8A4D92B2-37D1-F95B-0137-DD4B0EB62DE6",
    "8A4D92B2-3887-5DF3-0139-0C4E00454B35",
    "8A4D92B2-3887-5DF3-0139-0C4E00454B35",
    "8A4D92B2-3887-5DF3-0139-0C4E00454B35",
    "8A4D92B2-3887-5DF3-0139-0C4E00454B35",
    "8A4D92B2-39CA-AF4B-0139-DFAAFFD96EFE",
    "8A4D92B2-39CA-AF4B-0139-DFAAFFD96EFE",
    "8A4D92B2-39CA-AF4B-0139-DFAAFFD96EFE",
    "8A4D92B2-39CA-AF4B-0139-DFAAFFD96EFE",
    "8A4D92B2-39CA-AF4B-0139-DFAAFFD96EFE",
    "8A4D92B2-39CA-AF4B-0139-DFAAFFD96EFE",
    "8A4D92B2-39CA-AF4B-0139-DFAAFFD96EFE",
    "8A4D92B2-39CA-AF4B-0139-DFAAFFD96EFE",
    "8A4D92B2-37D1-F95B-0137-E1E272994B3F",
    "8A4D92B2-37D1-F95B-0137-E1E272994B3F",
    "8A4D92B2-37D1-F95B-0137-E1E272994B3F",
    "8A4D92B2-37D1-F95B-0137-E1E272994B3F",
    "8A4D92B2-37D1-F95B-0137-E1E272994B3F",
    "8A4D92B2-37D1-F95B-0137-E1E272994B3F",
    "8A4D92B2-37D1-F95B-0137-E1E272994B3F",
    "8A4D92B2-37D1-F95B-0137-E1E272994B3F",
    "8A4D92B2-3887-5DF3-0139-0D071EE37793",
    "8A4D92B2-3A00-2A25-013A-295ED21C463C",
    "8A4D92B2-3887-5DF3-0139-12364AE9126F"
  ],
  "measure_period_end": 1293771600000,
  "measure_period_start": 1262322000000,
  "medical_record_number": "b03719c7f99502b7990918baf4640f70",
  "medications": [

  ],
  "procedures": [
    {
      "codes": {
        "SNOMED-CT": [
          "414089002"
        ]
      },
      "description": "Procedure, Performed: Hospital Measures-PCI (Code List: 2.16.840.1.113883.3.666.5.737)",
      "end_time": 1272681600,
      "free_text": null,
      "incisionDateTime": null,
      "mood_code": "EVN",
      "negationInd": null,
      "negationReason": null,
      "oid": "2.16.840.1.113883.3.560.1.6",
      "performer_id": null,
      "site": null,
      "specifics": null,
      "start_time": 1272674400,
      "status_code": null,
      "time": null
    }
  ],
  "race": {
    "code": "1002-5",
    "name": "American Indian or Alaska Native",
    "codeSystem": "CDC Race"
  },
  "religious_affilication": null,
  "results": [
    {
      "codes": {
        "ICD-9-CM": [
          "794.31"
        ],
        "ICD-10-CM": [
          "R94.31"
        ]
      },
      "description": "Diagnostic Study, Result: Hospital Measures-ECG (Code List: 2.16.840.1.113883.3.666.5.735)",
      "end_time": 1272661800,
      "free_text": null,
      "interpretation": null,
      "mood_code": "EVN",
      "negationInd": null,
      "negationReason": null,
      "oid": "2.16.840.1.113883.3.560.1.11",
      "referenceRange": null,
      "specifics": null,
      "start_time": 1272661800,
      "status_code": null,
      "time": null,
      "values": [
        {
          "codes": {
            "ICD-10-CM": [
              "I21.09"
            ]
          },
          "description": "ST elevation (STEMI) myocardial infarction involving other coronary artery of anterior wall"
        }
      ]
    }
  ],
  "source_data_criteria": [
    {
      "id": "EncounterPerformedHospitalMeasuresEncounterInpatient",
      "start_date": 1272661200000,
      "end_date": 1273118400000,
      "value": [

      ],
      "negation": "",
      "negation_code_list_id": null,
      "field_values": {
        "ADMISSION_DATETIME": {
          "type": "TS",
          "value": "04/30/2010 17:00"
        },
        "DISCHARGE_DATETIME": {
          "type": "TS",
          "value": "05/06/2010 00:00"
        }
      },
      "oid": "2.16.840.1.113883.3.666.5.625"
    },
    {
      "id": "DiagnosisActiveHospitalMeasuresAmi",
      "start_date": 1272661500000,
      "end_date": 1273118400000,
      "value": [

      ],
      "negation": "",
      "negation_code_list_id": null,
      "field_values": {
        "ORDINAL": {
          "type": "CD",
          "code_list_id": "2.16.840.1.113883.3.666.5.3010",
          "title": "hospital_measures_principal (8A4D92B2-3887-5DF3-0139-0D01C6626E46)"
        }
      },
      "oid": "2.16.840.1.113883.3.666.5.3011"
    },
    {
      "id": "DiagnosticStudyResultHospitalMeasuresEcg",
      "start_date": 1272661800000,
      "end_date": 1272661800000,
      "value": [
        {
          "type": "CD",
          "code_list_id": "2.16.840.1.113883.3.666.5.1096",
          "title": "hospital_measures_st_segment_elevation (5089376a044a1137540005d3)"
        }
      ],
      "negation": "",
      "negation_code_list_id": null,
      "field_values": {
      },
      "oid": "2.16.840.1.113883.3.666.5.735"
    },
    {
      "id": "ProcedurePerformedHospitalMeasuresPci",
      "start_date": 1272674400000,
      "end_date": 1272681600000,
      "value": [

      ],
      "negation": "",
      "negation_code_list_id": null,
      "field_values": {
      },
      "oid": "2.16.840.1.113883.3.666.5.737"
    },
    {
      "id": "MeasurePeriod",
      "start_date": 1262322000000,
      "end_date": 1293771600000
    }
  ],
  "test_id": null,
  "title": null,
  "type": "eh"
}