{
  "birthdate": -157303800,
  "clinicalTrialParticipant": null,
  "conditions": [
    {
      "causeOfDeath": null,
      "codes": {
        "ICD-9-CM": [
          "481"
        ]
      },
      "description": "Diagnosis, Active: Hospital Measures-Pneumonia (Code List: 2.16.840.1.113883.3.666.5.752)",
      "end_time": 1267851600,
      "free_text": null,
      "mood_code": "EVN",
      "name": null,
      "negationInd": null,
      "negationReason": null,
      "oid": "2.16.840.1.113883.3.560.1.2",
      "ordinality": null,
      "ordinality_code": null,
      "priority": null,
      "severity": null,
      "specifics": null,
      "start_time": 1267509600,
      "status_code": {
        "SNOMED-CT": [
          "55561003"
        ],
        "HL7 ActStatus": [
          "active"
        ]
      },
      "time": null,
      "type": null
    }
  ],
  "deathdate": null,
  "description": "",
  "effective_time": null,
  "elimination_population": null,
  "elimination_reason": null,
  "encounters": [
    {
      "admitType": null,
      "admit_time": null,
      "codes": {
        "SNOMED-CT": [
          "305351004"
        ]
      },
      "description": "Encounter, Performed: ICU Admission or Transfer (Code List: 2.16.840.1.113883.3.117.1.7.1.305)",
      "dischargeDisposition": null,
      "discharge_time": null,
      "end_time": 1267506000,
      "free_text": null,
      "mood_code": "EVN",
      "negationInd": null,
      "negationReason": null,
      "oid": "2.16.840.1.113883.3.560.1.79",
      "performer_id": null,
      "specifics": null,
      "start_time": 1267506000,
      "status_code": null,
      "time": null
    },
    {
      "admitType": null,
      "admit_time": null,
      "codes": {
        "SNOMED-CT": [
          "32485007"
        ]
      },
      "description": "Encounter, Performed: Encounter Inpatient (Code List: 2.16.840.1.113883.3.666.5.307)",
      "dischargeDisposition": null,
      "discharge_time": null,
      "end_time": 1267851600,
      "facility": {
        "code": null,
        "codes": {
          "HL7": [
            "1024-9"
          ]
        },
        "end_time": null,
        "name": "hospital_measures_icu_locations (8A4D92B2-3A58-B777-013A-716DFC096EE3)",
        "start_time": null
      },
      "free_text": null,
      "mood_code": "EVN",
      "negationInd": null,
      "negationReason": null,
      "oid": "2.16.840.1.113883.3.560.1.79",
      "performer_id": null,
      "specifics": null,
      "start_time": 1267506000,
      "status_code": null,
      "time": null
    }
  ],
  "ethnicity": {
    "code": "2186-5",
    "name": "Not Hispanic or Latino",
    "codeSystem": "CDC Race"
  },
  "expired": false,
  "first": "CAP",
  "gender": "F",
  "insurance_providers": [
    {
      "end_time": null,
      "financial_responsibility_type": {
        "code": "SELF",
        "codeSystem": "HL7 Relationship Code"
      },
      "member_id": "1234567890",
      "name": "Other",
      "payer": {
        "name": "Other"
      },
      "relationship": null,
      "start_time": 1199163600,
      "time": null,
      "type": "OT"
    }
  ],
  "languages": null,
  "last": "NUM_0147_372",
  "marital_status": null,
  "measure_ids": [
    "0147",
    "0142",
    "0376",
    "0371",
    "8A4D92B2-3887-5DF3-0139-0D01C6626E46",
    "8A4D92B2-3A58-B777-013A-716DFC096EE3",
    "8A4D92B2-3A58-B777-013A-716DFC096EE3",
    "8A4D92B2-3887-5DF3-0139-0D08A4BE7BE6",
    "8A4D92B2-3887-5DF3-0139-11B262260A92",
    "8A4D92B2-37BF-6F1B-0137-CCD612A40D0E",
    "8A4D92B2-3887-5DF3-0139-01A1D2C966BC",
    "8A4D92B2-3A00-2A25-013A-4640D11650CB",
    "8A4D92B2-3887-5DF3-0139-0C4E6D2B4D6B",
    "8A4D92B2-3887-5DF3-0139-01959FB76498",
    "8A4D92B2-3887-5DF3-0138-9B2EABA7321D",
    "8A4D92B2-3887-5DF3-0139-018CE6F1622A",
    "8A4D92B2-37BF-6F1B-0137-CDADBA302B85",
    "8A4D92B2-3887-5DF3-0139-013B0C87524A",
    "8A4D92B2-3887-5DF3-0139-0C0D3D783133",
    "8A4D92B2-3887-5DF3-0139-0C49FB8C4757",
    "8A4D92B2-37D1-F95B-0137-E776B0467BAF",
    "8A4D92B2-3A00-2A25-013A-0DD50CE621D8",
    "8A4D92B2-3887-5DF3-0139-01954AFC63B2",
    "8A4D92B2-3A58-B777-013A-670AB6932A3B",
    "8A4D92B2-3887-5DF3-0139-01965ECF65BE",
    "8A4D92B2-37D1-F95B-0137-E726AD2F7415",
    "8A4D92B2-3887-5DF3-0139-0C4E41594C98",
    "8A4D92B2-3887-5DF3-0139-0C4E41594C98",
    "8A4D92B2-3887-5DF3-0139-0C4E41594C98",
    "8A4D92B2-3887-5DF3-0139-0C4E41594C98",
    "8A4D92B2-37D1-F95B-0137-DD4B0EB62DE6",
    "8A4D92B2-37D1-F95B-0137-DD4B0EB62DE6",
    "8A4D92B2-37D1-F95B-0137-DD4B0EB62DE6",
    "8A4D92B2-37D1-F95B-0137-DD4B0EB62DE6",
    "8A4D92B2-37D1-F95B-0137-DD4B0EB62DE6",
    "8A4D92B2-3887-5DF3-0139-0C4E00454B35",
    "8A4D92B2-3887-5DF3-0139-0C4E00454B35",
    "8A4D92B2-3887-5DF3-0139-0C4E00454B35",
    "8A4D92B2-3887-5DF3-0139-0C4E00454B35",
    "8A4D92B2-39CA-AF4B-0139-DFAAFFD96EFE",
    "8A4D92B2-39CA-AF4B-0139-DFAAFFD96EFE",
    "8A4D92B2-39CA-AF4B-0139-DFAAFFD96EFE",
    "8A4D92B2-39CA-AF4B-0139-DFAAFFD96EFE",
    "8A4D92B2-39CA-AF4B-0139-DFAAFFD96EFE",
    "8A4D92B2-39CA-AF4B-0139-DFAAFFD96EFE",
    "8A4D92B2-39CA-AF4B-0139-DFAAFFD96EFE",
    "8A4D92B2-39CA-AF4B-0139-DFAAFFD96EFE",
    "8A4D92B2-37D1-F95B-0137-E1E272994B3F",
    "8A4D92B2-37D1-F95B-0137-E1E272994B3F",
    "8A4D92B2-37D1-F95B-0137-E1E272994B3F",
    "8A4D92B2-37D1-F95B-0137-E1E272994B3F",
    "8A4D92B2-37D1-F95B-0137-E1E272994B3F",
    "8A4D92B2-37D1-F95B-0137-E1E272994B3F",
    "8A4D92B2-37D1-F95B-0137-E1E272994B3F",
    "8A4D92B2-37D1-F95B-0137-E1E272994B3F",
    "8A4D92B2-3887-5DF3-0139-0D071EE37793",
    "8A4D92B2-3A00-2A25-013A-295ED21C463C",
    "8A4D92B2-3887-5DF3-0139-12364AE9126F"
  ],
  "measure_period_end": 1293771600000,
  "measure_period_start": 1262322000000,
  "medical_record_number": "e9f710b1f129c10bf69d3c29432e166f",
  "medications": [
    {
      "administrationTiming": null,
      "codes": {
        "RxNorm": [
          "829886"
        ]
      },
      "cumulativeMedicationDuration": null,
      "deliveryMethod": null,
      "description": "Medication, Administered: Unfractionated Heparin (Code List: 2.16.840.1.113883.3.117.1.7.1.218)",
      "dose": null,
      "doseIndicator": null,
      "doseRestriction": null,
      "end_time": 1267513200,
      "freeTextSig": null,
      "free_text": null,
      "fulfillmentInstructions": null,
      "indication": null,
      "mood_code": "EVN",
      "negationInd": null,
      "negationReason": null,
      "oid": "2.16.840.1.113883.3.560.1.14",
      "patientInstructions": null,
      "productForm": null,
      "reaction": null,
      "route": null,
      "site": null,
      "specifics": null,
      "start_time": 1267513200,
      "statusOfMedication": null,
      "status_code": null,
      "time": null,
      "typeOfMedication": null,
      "vehicle": null
    },
    {
      "administrationTiming": null,
      "codes": {
        "RxNorm": [
          "102769"
        ]
      },
      "cumulativeMedicationDuration": null,
      "deliveryMethod": null,
      "description": "Medication, Administered: Hospital Measures-IV or PO Antimicrobial Medications (Code List: 2.16.840.1.113883.3.666.5.843)",
      "dose": null,
      "doseIndicator": null,
      "doseRestriction": null,
      "end_time": 1267513200,
      "freeTextSig": null,
      "free_text": null,
      "fulfillmentInstructions": null,
      "indication": null,
      "mood_code": "EVN",
      "negationInd": null,
      "negationReason": null,
      "oid": "2.16.840.1.113883.3.560.1.14",
      "patientInstructions": null,
      "productForm": null,
      "reaction": null,
      "route": null,
      "site": null,
      "specifics": null,
      "start_time": 1267513200,
      "statusOfMedication": null,
      "status_code": null,
      "time": null,
      "typeOfMedication": null,
      "vehicle": null
    },
    {
      "administrationTiming": null,
      "codes": {
        "RxNorm": [
          "141962"
        ]
      },
      "cumulativeMedicationDuration": null,
      "deliveryMethod": null,
      "description": "Medication, Administered: Hospital Measures-IV or PO Macrolides Non-ICU (Code List: 2.16.840.1.113883.3.666.5.772)",
      "dose": null,
      "doseIndicator": null,
      "doseRestriction": null,
      "end_time": 1267513200,
      "freeTextSig": null,
      "free_text": null,
      "fulfillmentInstructions": null,
      "indication": null,
      "mood_code": "EVN",
      "negationInd": null,
      "negationReason": null,
      "oid": "2.16.840.1.113883.3.560.1.14",
      "patientInstructions": null,
      "productForm": null,
      "reaction": null,
      "route": null,
      "site": null,
      "specifics": null,
      "start_time": 1267513200,
      "statusOfMedication": null,
      "status_code": null,
      "time": null,
      "typeOfMedication": null,
      "vehicle": null
    },
    {
      "administrationTiming": null,
      "codes": {
        "RxNorm": [
          "198395"
        ]
      },
      "cumulativeMedicationDuration": null,
      "deliveryMethod": null,
      "description": "Medication, Administered: Hospital Measures-IV or IM Beta lactams (Code List: 2.16.840.1.113883.3.666.5.720)",
      "dose": null,
      "doseIndicator": null,
      "doseRestriction": null,
      "end_time": 1267513200,
      "freeTextSig": null,
      "free_text": null,
      "fulfillmentInstructions": null,
      "indication": null,
      "mood_code": "EVN",
      "negationInd": null,
      "negationReason": null,
      "oid": "2.16.840.1.113883.3.560.1.14",
      "patientInstructions": null,
      "productForm": null,
      "reaction": null,
      "route": null,
      "site": null,
      "specifics": null,
      "start_time": 1267513200,
      "statusOfMedication": null,
      "status_code": null,
      "time": null,
      "typeOfMedication": null,
      "vehicle": null
    }
  ],
  "race": {
    "code": "1002-5",
    "name": "American Indian or Alaska Native",
    "codeSystem": "CDC Race"
  },
  "religious_affilication": null,
  "results": [
    {
      "codes": {
        "SNOMED-CT": [
          "168731009"
        ]
      },
      "description": "Diagnostic Study, Result: Hospital Measures-Chest xray (Code List: 2.16.840.1.113883.3.666.5.678)",
      "end_time": 1267498800,
      "free_text": null,
      "interpretation": null,
      "mood_code": "EVN",
      "negationInd": null,
      "negationReason": null,
      "oid": "2.16.840.1.113883.3.560.1.11",
      "referenceRange": null,
      "specifics": null,
      "start_time": 1267498800,
      "status_code": null,
      "time": null,
      "values": [
        {
          "codes": {
            "SNOMED-CT": [
              "181007"
            ]
          },
          "description": "Hemorrhagic bronchopneumonia"
        }
      ]
    }
  ],
  "source_data_criteria": [
    {
      "id": "DiagnosticStudyResultHospitalMeasuresChestXray",
      "start_date": 1267498800000,
      "end_date": 1267498800000,
      "value": [
        {
          "type": "CD",
          "code_list_id": "2.16.840.1.113883.3.666.5.1105",
          "title": "hospital_measures_radiological_findings_consistent_with_pneumonia"
        }
      ],
      "negation": "",
      "negation_code_list_id": null,
      "field_values": {
      },
      "oid": "2.16.840.1.113883.3.666.5.678"
    },
    {
      "id": "EncounterPerformedIcuAdmissionOrTransfer",
      "start_date": 1267506000000,
      "end_date": 1267506000000,
      "value": [

      ],
      "negation": "",
      "negation_code_list_id": null,
      "field_values": {
      },
      "oid": "2.16.840.1.113883.3.117.1.7.1.305"
    },
    {
      "id": "EncounterPerformedEncounterInpatient",
      "start_date": 1267506000000,
      "end_date": 1267851600000,
      "value": [

      ],
      "negation": "",
      "negation_code_list_id": null,
      "field_values": {
        "FACILITY_LOCATION": {
          "type": "CD",
          "code_list_id": "2.16.840.1.113883.3.666.5.1083",
          "title": "hospital_measures_icu_locations (8A4D92B2-3A58-B777-013A-716DFC096EE3)"
        },
        "FACILITY_LOCATION_ARRIVAL_DATETIME": {
          "type": "TS",
          "value": "03/02/2010 00:00"
        },
        "DISCHARGE_DATETIME": {
          "type": "TS",
          "value": "03/06/2010 00:00"
        }
      },
      "oid": "2.16.840.1.113883.3.666.5.307"
    },
    {
      "id": "DiagnosisActiveHospitalMeasuresPneumonia",
      "start_date": 1267509600000,
      "end_date": 1267851600000,
      "value": [

      ],
      "negation": "",
      "negation_code_list_id": null,
      "field_values": {
        "ORDINAL": {
          "type": "PQ",
          "value": "principal",
          "unit": ""
        }
      },
      "oid": "2.16.840.1.113883.3.666.5.752"
    },
    {
      "id": "MedicationAdministeredUnfractionatedHeparin",
      "start_date": 1267513200000,
      "end_date": 1267513200000,
      "value": [

      ],
      "negation": "",
      "negation_code_list_id": null,
      "field_values": {
        "ROUTE": {
          "type": "CD",
          "code_list_id": "2.16.840.1.113883.3.117.1.7.1.222",
          "title": "intravenous_route (8A4D92B2-3887-5DF3-0139-01A1D2C966BC)"
        }
      },
      "oid": "2.16.840.1.113883.3.117.1.7.1.218"
    },
    {
      "id": "MedicationAdministeredHospitalMeasuresIvOrPoAntimicrobialMedications",
      "start_date": 1267513200000,
      "end_date": 1267513200000,
      "negation": "",
      "negation_code_list_id": null,
      "field_values": {
      },
      "oid": "2.16.840.1.113883.3.666.5.843"
    },
    {
      "id": "MedicationAdministeredHospitalMeasuresIvOrPoMacrolidesNonIcu",
      "start_date": 1267513200000,
      "end_date": 1267513200000,
      "negation": "",
      "negation_code_list_id": null,
      "field_values": {
      },
      "oid": "2.16.840.1.113883.3.666.5.772"
    },
    {
      "id": "MedicationAdministeredHospitalMeasuresIvOrImBetaLactams",
      "start_date": 1267513200000,
      "end_date": 1267513200000,
      "negation": "",
      "negation_code_list_id": null,
      "field_values": {
      },
      "oid": "2.16.840.1.113883.3.666.5.720"
    },
    {
      "id": "MeasurePeriod",
      "start_date": 1262322000000,
      "end_date": 1293771600000
    }
  ],
  "test_id": null,
  "title": null,
  "type": "eh"
}