{
  "birthdate": 473416200,
  "clinicalTrialParticipant": null,
  "conditions": [
    {
      "causeOfDeath": null,
      "codes": {
        "ICD-9-CM": [
          "642.41"
        ]
      },
      "description": "Diagnosis, Active: Complication Mainly Related to Pregnancy (Code List: 2.16.840.1.113883.3.117.1.7.1.372)",
      "end_time": 1270094400,
      "free_text": null,
      "mood_code": "EVN",
      "name": null,
      "negationInd": null,
      "negationReason": null,
      "oid": "2.16.840.1.113883.3.560.1.2",
      "ordinality": null,
      "ordinality_code": null,
      "priority": null,
      "severity": null,
      "specifics": null,
      "start_time": 1270094400,
      "status_code": {
        "SNOMED-CT": [
          "55561003"
        ],
        "HL7 ActStatus": [
          "active"
        ]
      },
      "time": null,
      "type": null
    },
    {
      "causeOfDeath": null,
      "codes": {
        "ICD-10-CM": [
          "O03.2"
        ],
        "ICD-9-CM": [
          "634.60"
        ],
        "SNOMED-CT": [
          "663008"
        ]
      },
      "description": "Diagnosis, Active: Obstetrics VTE (Code List: 2.16.840.1.113883.3.117.1.7.1.264)",
      "end_time": 1270440000,
      "free_text": null,
      "mood_code": "EVN",
      "name": null,
      "negationInd": null,
      "negationReason": null,
      "oid": "2.16.840.1.113883.3.560.1.2",
      "ordinality": null,
      "ordinality_code": null,
      "priority": null,
      "severity": null,
      "specifics": null,
      "start_time": 1270101600,
      "status_code": {
        "SNOMED-CT": [
          "55561003"
        ],
        "HL7 ActStatus": [
          "active"
        ]
      },
      "time": null,
      "type": null
    }
  ],
  "deathdate": null,
  "description": "",
  "effective_time": null,
  "elimination_population": null,
  "elimination_reason": null,
  "encounters": [
    {
      "admitType": null,
      "admit_time": null,
      "codes": {
        "SNOMED-CT": [
          "32485007"
        ]
      },
      "description": "Encounter, Performed: Inpatient Encounter (Code List: 2.16.840.1.113883.3.117.1.7.1.23)",
      "dischargeDisposition": null,
      "discharge_time": null,
      "end_time": 1270440000,
      "free_text": null,
      "mood_code": "EVN",
      "negationInd": null,
      "negationReason": null,
      "oid": "2.16.840.1.113883.3.560.1.79",
      "performer_id": null,
      "specifics": null,
      "start_time": 1270094400,
      "status_code": null,
      "time": null
    }
  ],
  "ethnicity": {
    "code": "2186-5",
    "name": "Not Hispanic or Latino",
    "codeSystem": "CDC Race"
  },
  "expired": false,
  "first": "OB",
  "gender": "F",
  "insurance_providers": [
    {
      "end_time": null,
      "financial_responsibility_type": {
        "code": "SELF",
        "codeSystem": "HL7 Relationship Code"
      },
      "member_id": "1234567890",
      "name": "Other",
      "payer": {
        "name": "Other"
      },
      "relationship": null,
      "start_time": 1199163600,
      "time": null,
      "type": "OT"
    }
  ],
  "languages": null,
  "last": "DEN_0469_376",
  "marital_status": null,
  "measure_ids": [
    "0469",
    "0142",
    "0338",
    "0376",
    "8A4D92B2-3887-5DF3-0139-0D01C6626E46",
    "8A4D92B2-3A58-B777-013A-716DFC096EE3",
    "8A4D92B2-3A58-B777-013A-716DFC096EE3",
    "8A4D92B2-3887-5DF3-0139-0D08A4BE7BE6",
    "8A4D92B2-3887-5DF3-0139-11B262260A92",
    "8A4D92B2-37BF-6F1B-0137-CCD612A40D0E",
    "8A4D92B2-3887-5DF3-0139-01A1D2C966BC",
    "8A4D92B2-3A00-2A25-013A-4640D11650CB",
    "8A4D92B2-3887-5DF3-0139-0C4E6D2B4D6B",
    "8A4D92B2-3887-5DF3-0139-01959FB76498",
    "8A4D92B2-3887-5DF3-0138-9B2EABA7321D",
    "8A4D92B2-3887-5DF3-0139-018CE6F1622A",
    "8A4D92B2-37BF-6F1B-0137-CDADBA302B85",
    "8A4D92B2-3887-5DF3-0139-013B0C87524A",
    "8A4D92B2-3887-5DF3-0139-0C0D3D783133",
    "8A4D92B2-3887-5DF3-0139-0C49FB8C4757",
    "8A4D92B2-37D1-F95B-0137-E776B0467BAF",
    "8A4D92B2-3A00-2A25-013A-0DD50CE621D8",
    "8A4D92B2-3887-5DF3-0139-01954AFC63B2",
    "8A4D92B2-3A58-B777-013A-670AB6932A3B",
    "8A4D92B2-3887-5DF3-0139-01965ECF65BE",
    "8A4D92B2-37D1-F95B-0137-E726AD2F7415",
    "8A4D92B2-3887-5DF3-0139-0C4E41594C98",
    "8A4D92B2-3887-5DF3-0139-0C4E41594C98",
    "8A4D92B2-3887-5DF3-0139-0C4E41594C98",
    "8A4D92B2-3887-5DF3-0139-0C4E41594C98",
    "8A4D92B2-37D1-F95B-0137-DD4B0EB62DE6",
    "8A4D92B2-37D1-F95B-0137-DD4B0EB62DE6",
    "8A4D92B2-37D1-F95B-0137-DD4B0EB62DE6",
    "8A4D92B2-37D1-F95B-0137-DD4B0EB62DE6",
    "8A4D92B2-37D1-F95B-0137-DD4B0EB62DE6",
    "8A4D92B2-3887-5DF3-0139-0C4E00454B35",
    "8A4D92B2-3887-5DF3-0139-0C4E00454B35",
    "8A4D92B2-3887-5DF3-0139-0C4E00454B35",
    "8A4D92B2-3887-5DF3-0139-0C4E00454B35",
    "8A4D92B2-39CA-AF4B-0139-DFAAFFD96EFE",
    "8A4D92B2-39CA-AF4B-0139-DFAAFFD96EFE",
    "8A4D92B2-39CA-AF4B-0139-DFAAFFD96EFE",
    "8A4D92B2-39CA-AF4B-0139-DFAAFFD96EFE",
    "8A4D92B2-39CA-AF4B-0139-DFAAFFD96EFE",
    "8A4D92B2-39CA-AF4B-0139-DFAAFFD96EFE",
    "8A4D92B2-39CA-AF4B-0139-DFAAFFD96EFE",
    "8A4D92B2-39CA-AF4B-0139-DFAAFFD96EFE",
    "8A4D92B2-37D1-F95B-0137-E1E272994B3F",
    "8A4D92B2-37D1-F95B-0137-E1E272994B3F",
    "8A4D92B2-37D1-F95B-0137-E1E272994B3F",
    "8A4D92B2-37D1-F95B-0137-E1E272994B3F",
    "8A4D92B2-37D1-F95B-0137-E1E272994B3F",
    "8A4D92B2-37D1-F95B-0137-E1E272994B3F",
    "8A4D92B2-37D1-F95B-0137-E1E272994B3F",
    "8A4D92B2-37D1-F95B-0137-E1E272994B3F",
    "8A4D92B2-3887-5DF3-0139-0D071EE37793",
    "8A4D92B2-3A00-2A25-013A-295ED21C463C",
    "8A4D92B2-3887-5DF3-0139-12364AE9126F"
  ],
  "measure_period_end": 1293771600000,
  "measure_period_start": 1262322000000,
  "medical_equipment": [
    {
      "anatomicalStructure": null,
      "codes": {
        "SNOMED-CT": [
          "348681001"
        ]
      },
      "description": "Device, Applied: Graduated compression stockings (GCS) (Code List: 2.16.840.1.113883.3.117.1.7.1.256)",
      "end_time": 1270440000,
      "free_text": null,
      "manufacturer": null,
      "mood_code": "EVN",
      "negationInd": null,
      "negationReason": null,
      "oid": "2.16.840.1.113883.3.560.1.10",
      "specifics": null,
      "start_time": 1270105200,
      "status_code": null,
      "time": null
    }
  ],
  "medical_record_number": "52e4994176da107bf82584a316146e68",
  "procedures": [
    {
      "codes": {
        "LOINC": [
          "24533-2"
        ]
      },
      "description": "Diagnostic Study, Performed: VTE Diagnostic Test (Code List: 2.16.840.1.113883.3.117.1.7.1.276)",
      "end_time": 1270098000,
      "free_text": null,
      "incisionDateTime": null,
      "mood_code": "EVN",
      "negationInd": null,
      "negationReason": null,
      "oid": "2.16.840.1.113883.3.560.1.3",
      "performer_id": null,
      "site": null,
      "specifics": null,
      "start_time": 1270098000,
      "status_code": null,
      "time": null,
      "values": [
        {
          "scalar": "vte confirmed",
          "units": ""
        }
      ]
    }
  ],
  "race": {
    "code": "1002-5",
    "name": "American Indian or Alaska Native",
    "codeSystem": "CDC Race"
  },
  "religious_affilication": null,
  "source_data_criteria": [
    {
      "id": "EncounterPerformedInpatientEncounter",
      "start_date": 1270094400000,
      "end_date": 1270440000000,
      "value": [

      ],
      "negation": "",
      "negation_code_list_id": null,
      "field_values": {
        "DISCHARGE_DATETIME": {
          "type": "TS",
          "value": "01/04/2010 00:00"
        }
      },
      "oid": "2.16.840.1.113883.3.117.1.7.1.23"
    },
    {
      "id": "DiagnosisActiveComplicationMainlyRelatedToPregnancy",
      "start_date": 1270094400000,
      "end_date": 1270094400000,
      "negation": "",
      "negation_code_list_id": null,
      "field_values": {
      },
      "oid": "2.16.840.1.113883.3.117.1.7.1.372"
    },
    {
      "id": "DiagnosticStudyPerformedVteDiagnosticTest",
      "start_date": 1270098000000,
      "end_date": 1270098000000,
      "value": [
        {
          "type": "PQ",
          "value": "vte confirmed",
          "unit": ""
        }
      ],
      "negation": "",
      "negation_code_list_id": null,
      "field_values": {
      },
      "oid": "2.16.840.1.113883.3.117.1.7.1.276"
    },
    {
      "id": "DiagnosisActiveObstetricsVte",
      "start_date": 1270101600000,
      "end_date": 1270440000000,
      "value": [

      ],
      "negation": "",
      "negation_code_list_id": null,
      "field_values": {
      },
      "oid": "2.16.840.1.113883.3.117.1.7.1.264"
    },
    {
      "id": "DeviceAppliedGraduatedCompressionStockingsGcs",
      "start_date": 1270105200000,
      "end_date": 1270440000000,
      "value": [

      ],
      "negation": "",
      "negation_code_list_id": null,
      "field_values": {
      },
      "oid": "2.16.840.1.113883.3.117.1.7.1.256"
    },
    {
      "id": "MeasurePeriod",
      "start_date": 1262322000000,
      "end_date": 1293771600000
    }
  ],
  "test_id": null,
  "title": null,
  "type": "eh"
}