{
  "birthdate": -775413000,
  "clinicalTrialParticipant": null,
  "deathdate": null,
  "description": "",
  "effective_time": null,
  "elimination_population": null,
  "elimination_reason": null,
  "encounters": [
    {
      "admitType": null,
      "admit_time": null,
      "codes": {
        "SNOMED-CT": [
          "32485007"
        ]
      },
      "description": "Encounter, Performed: Encounter Inpatient (Code List: 2.16.840.1.113883.3.666.5.307)",
      "dischargeDisposition": null,
      "discharge_time": null,
      "end_time": 1267851600,
      "free_text": null,
      "mood_code": "EVN",
      "negationInd": null,
      "negationReason": null,
      "oid": "2.16.840.1.113883.3.560.1.79",
      "performer_id": null,
      "specifics": null,
      "start_time": 1267506000,
      "status_code": null,
      "time": null
    }
  ],
  "ethnicity": {
    "code": "2186-5",
    "name": "Not Hispanic or Latino",
    "codeSystem": "CDC Race"
  },
  "expired": false,
  "first": "SCIP",
  "gender": "M",
  "insurance_providers": [
    {
      "end_time": null,
      "financial_responsibility_type": {
        "code": "SELF",
        "codeSystem": "HL7 Relationship Code"
      },
      "member_id": "1234567890",
      "name": "Other",
      "payer": {
        "name": "Other"
      },
      "relationship": null,
      "start_time": 1199163600,
      "time": null,
      "type": "OT"
    }
  ],
  "languages": null,
  "last": "NUM_0453_0527_0528",
  "marital_status": null,
  "measure_ids": [
    "0453",
    "0528",
    "0527",
    "0480",
    "0438",
    "0142",
    "0371",
    "8A4D92B2-3887-5DF3-0139-0D01C6626E46",
    "8A4D92B2-3A58-B777-013A-716DFC096EE3",
    "8A4D92B2-3A58-B777-013A-716DFC096EE3",
    "8A4D92B2-3887-5DF3-0139-0D08A4BE7BE6",
    "8A4D92B2-3887-5DF3-0139-11B262260A92",
    "8A4D92B2-37BF-6F1B-0137-CCD612A40D0E",
    "8A4D92B2-3887-5DF3-0139-01A1D2C966BC",
    "8A4D92B2-3A00-2A25-013A-4640D11650CB",
    "8A4D92B2-3887-5DF3-0139-0C4E6D2B4D6B",
    "8A4D92B2-3887-5DF3-0139-01959FB76498",
    "8A4D92B2-3887-5DF3-0138-9B2EABA7321D",
    "8A4D92B2-3887-5DF3-0139-018CE6F1622A",
    "8A4D92B2-37BF-6F1B-0137-CDADBA302B85",
    "8A4D92B2-3887-5DF3-0139-013B0C87524A",
    "8A4D92B2-3887-5DF3-0139-0C0D3D783133",
    "8A4D92B2-3887-5DF3-0139-0C49FB8C4757",
    "8A4D92B2-37D1-F95B-0137-E776B0467BAF",
    "8A4D92B2-3A00-2A25-013A-0DD50CE621D8",
    "8A4D92B2-3887-5DF3-0139-01954AFC63B2",
    "8A4D92B2-3A58-B777-013A-670AB6932A3B",
    "8A4D92B2-3887-5DF3-0139-01965ECF65BE",
    "8A4D92B2-37D1-F95B-0137-E726AD2F7415",
    "8A4D92B2-3887-5DF3-0139-0C4E41594C98",
    "8A4D92B2-3887-5DF3-0139-0C4E41594C98",
    "8A4D92B2-3887-5DF3-0139-0C4E41594C98",
    "8A4D92B2-3887-5DF3-0139-0C4E41594C98",
    "8A4D92B2-37D1-F95B-0137-DD4B0EB62DE6",
    "8A4D92B2-37D1-F95B-0137-DD4B0EB62DE6",
    "8A4D92B2-37D1-F95B-0137-DD4B0EB62DE6",
    "8A4D92B2-37D1-F95B-0137-DD4B0EB62DE6",
    "8A4D92B2-37D1-F95B-0137-DD4B0EB62DE6",
    "8A4D92B2-3887-5DF3-0139-0C4E00454B35",
    "8A4D92B2-3887-5DF3-0139-0C4E00454B35",
    "8A4D92B2-3887-5DF3-0139-0C4E00454B35",
    "8A4D92B2-3887-5DF3-0139-0C4E00454B35",
    "8A4D92B2-39CA-AF4B-0139-DFAAFFD96EFE",
    "8A4D92B2-39CA-AF4B-0139-DFAAFFD96EFE",
    "8A4D92B2-39CA-AF4B-0139-DFAAFFD96EFE",
    "8A4D92B2-39CA-AF4B-0139-DFAAFFD96EFE",
    "8A4D92B2-39CA-AF4B-0139-DFAAFFD96EFE",
    "8A4D92B2-39CA-AF4B-0139-DFAAFFD96EFE",
    "8A4D92B2-39CA-AF4B-0139-DFAAFFD96EFE",
    "8A4D92B2-39CA-AF4B-0139-DFAAFFD96EFE",
    "8A4D92B2-37D1-F95B-0137-E1E272994B3F",
    "8A4D92B2-37D1-F95B-0137-E1E272994B3F",
    "8A4D92B2-37D1-F95B-0137-E1E272994B3F",
    "8A4D92B2-37D1-F95B-0137-E1E272994B3F",
    "8A4D92B2-37D1-F95B-0137-E1E272994B3F",
    "8A4D92B2-37D1-F95B-0137-E1E272994B3F",
    "8A4D92B2-37D1-F95B-0137-E1E272994B3F",
    "8A4D92B2-37D1-F95B-0137-E1E272994B3F",
    "8A4D92B2-3887-5DF3-0139-0D071EE37793",
    "8A4D92B2-3A00-2A25-013A-295ED21C463C",
    "8A4D92B2-3887-5DF3-0139-12364AE9126F"
  ],
  "measure_period_end": 1293771600000,
  "measure_period_start": 1262322000000,
  "medical_equipment": [
    {
      "anatomicalStructure": null,
      "codes": {
        "SNOMED-CT": [
          "20568009"
        ]
      },
      "description": "Device, Applied: Hospital Measures-Indwelling urinary catheter (Code List: 2.16.840.1.113883.3.666.5.820)",
      "end_time": 1267678800,
      "free_text": null,
      "manufacturer": null,
      "mood_code": "EVN",
      "negationInd": null,
      "negationReason": null,
      "oid": "2.16.840.1.113883.3.560.1.10",
      "specifics": null,
      "start_time": 1267529400,
      "status_code": null,
      "time": null,
      "values": [
        {
          "codes": {
            "SNOMED-CT": [
              "13648007"
            ]
          },
          "description": "Urethral structure"
        }
      ]
    }
  ],
  "medical_record_number": "1d498bdc11d16adefd411599c04be5ee",
  "medications": [
    {
      "administrationTiming": null,
      "codes": {
        "RxNorm": [
          "313920"
        ]
      },
      "cumulativeMedicationDuration": null,
      "deliveryMethod": null,
      "description": "Medication, Administered: Hospital Measures-IV Cardiac or  Vascular Antibiotics (Code List: 2.16.840.1.113883.3.666.5.768)",
      "dose": null,
      "doseIndicator": null,
      "doseRestriction": null,
      "end_time": 1267509600,
      "freeTextSig": null,
      "free_text": null,
      "fulfillmentInstructions": null,
      "indication": null,
      "mood_code": "EVN",
      "negationInd": null,
      "negationReason": null,
      "oid": "2.16.840.1.113883.3.560.1.14",
      "patientInstructions": null,
      "productForm": null,
      "reaction": null,
      "route": null,
      "site": null,
      "specifics": null,
      "start_time": 1267509600,
      "statusOfMedication": null,
      "status_code": null,
      "time": null,
      "typeOfMedication": null,
      "values": [
        {
          "codes": {
            "SNOMED-CT": [
              "47625008"
            ]
          },
          "description": "IV Route (Qualifier value)"
        }
      ],
      "vehicle": null
    },
    {
      "administrationTiming": null,
      "codes": {
        "RxNorm": [
          "313572"
        ]
      },
      "cumulativeMedicationDuration": null,
      "deliveryMethod": null,
      "description": "Medication, Administered: Hospital measures-IV Vancomycin (Code List: 2.16.840.1.113883.3.666.5.766)",
      "dose": null,
      "doseIndicator": null,
      "doseRestriction": null,
      "end_time": 1267524000,
      "freeTextSig": null,
      "free_text": null,
      "fulfillmentInstructions": null,
      "indication": null,
      "mood_code": "EVN",
      "negationInd": null,
      "negationReason": null,
      "oid": "2.16.840.1.113883.3.560.1.14",
      "patientInstructions": null,
      "productForm": null,
      "reaction": null,
      "route": null,
      "site": null,
      "specifics": null,
      "start_time": 1267524000,
      "statusOfMedication": null,
      "status_code": null,
      "time": null,
      "typeOfMedication": null,
      "vehicle": null
    },
    {
      "administrationTiming": null,
      "codes": {
        "RxNorm": [
          "199886"
        ]
      },
      "cumulativeMedicationDuration": null,
      "deliveryMethod": null,
      "description": "Medication, Administered: Hospital measures-SCIP IV quinolones (Code List: 2.16.840.1.113883.3.666.5.835)",
      "dose": null,
      "doseIndicator": null,
      "doseRestriction": null,
      "end_time": 1267524000,
      "freeTextSig": null,
      "free_text": null,
      "fulfillmentInstructions": null,
      "indication": null,
      "mood_code": "EVN",
      "negationInd": null,
      "negationReason": null,
      "oid": "2.16.840.1.113883.3.560.1.14",
      "patientInstructions": null,
      "productForm": null,
      "reaction": null,
      "route": null,
      "site": null,
      "specifics": null,
      "start_time": 1267524000,
      "statusOfMedication": null,
      "status_code": null,
      "time": null,
      "typeOfMedication": null,
      "vehicle": null
    },
    {
      "administrationTiming": null,
      "codes": {
        "RxNorm": [
          "313920"
        ]
      },
      "cumulativeMedicationDuration": null,
      "deliveryMethod": null,
      "description": "Medication, Administered: Hospital measures-IV Antimicrobial medication (Code List: 2.16.840.1.113883.3.666.5.765)",
      "dose": null,
      "doseIndicator": null,
      "doseRestriction": null,
      "end_time": 1267529400,
      "freeTextSig": null,
      "free_text": null,
      "fulfillmentInstructions": null,
      "indication": null,
      "mood_code": "EVN",
      "negationInd": null,
      "negationReason": null,
      "oid": "2.16.840.1.113883.3.560.1.14",
      "patientInstructions": null,
      "productForm": null,
      "reaction": null,
      "route": null,
      "site": null,
      "specifics": null,
      "start_time": 1267529400,
      "statusOfMedication": null,
      "status_code": null,
      "time": null,
      "typeOfMedication": null,
      "vehicle": null
    }
  ],
  "procedures": [
    {
      "codes": {
        "ICD-10-CM": [
          "0211499"
        ],
        "ICD-9-CM": [
          "36.10"
        ]
      },
      "description": "Procedure, Performed: Hospital measures-CABG (Code List: 2.16.840.1.113883.3.666.5.694)",
      "end_time": 1267549200,
      "free_text": null,
      "incisionDateTime": null,
      "mood_code": "EVN",
      "negationInd": null,
      "negationReason": null,
      "oid": "2.16.840.1.113883.3.560.1.6",
      "performer_id": null,
      "site": null,
      "specifics": null,
      "start_time": 1267527600,
      "status_code": null,
      "time": null,
      "values": [
        {
          "codes": {
            "SNOMED-CT": [
              "63161005"
            ]
          },
          "description": "principal"
        }
      ]
    },
    {
      "codes": {
        "SNOMED-CT": [
          "50697003"
        ]
      },
      "description": "Procedure, Performed: Hospital Measures-Joint Commission Evidence of a surgical procedure requiring general or neuraxial anesthesia (Code List: 1.3.6.1.4.1.33895.1.3.0.31)",
      "end_time": 1267534800,
      "free_text": null,
      "incisionDateTime": null,
      "mood_code": "EVN",
      "negationInd": null,
      "negationReason": null,
      "oid": "2.16.840.1.113883.3.560.1.6",
      "performer_id": null,
      "site": null,
      "specifics": null,
      "start_time": 1267527900,
      "status_code": null,
      "time": null
    }
  ],
  "race": {
    "code": "1002-5",
    "name": "American Indian or Alaska Native",
    "codeSystem": "CDC Race"
  },
  "religious_affilication": null,
  "source_data_criteria": [
    {
      "id": "EncounterPerformedEncounterInpatient",
      "start_date": 1267506000000,
      "end_date": 1267851600000,
      "value": [

      ],
      "negation": "",
      "negation_code_list_id": null,
      "field_values": {
        "DISCHARGE_DATETIME": {
          "type": "TS",
          "value": "03/06/2010 00:00"
        }
      },
      "oid": "2.16.840.1.113883.3.666.5.307"
    },
    {
      "id": "MedicationAdministeredHospitalMeasuresIvCardiacOrVascularAntibiotics",
      "start_date": 1267509600000,
      "end_date": 1267509600000,
      "value": [
        {
          "type": "CD",
          "code_list_id": "2.16.840.1.113883.3.666.5.1108",
          "title": "hospital_measures_route_iv"
        }
      ],
      "negation": "",
      "negation_code_list_id": null,
      "field_values": {
      },
      "oid": "2.16.840.1.113883.3.666.5.768"
    },
    {
      "id": "MedicationAdministeredHospitalMeasuresIvVancomycin",
      "start_date": 1267524000000,
      "end_date": 1267524000000,
      "value": [

      ],
      "negation": "",
      "negation_code_list_id": null,
      "field_values": {
        "ROUTE": {
          "type": "CD",
          "code_list_id": "2.16.840.1.113883.3.666.5.1108",
          "title": "hospital_measures_route_iv (8A4D92B2-37D1-F95B-0137-E1E272994B3F)"
        }
      },
      "oid": "2.16.840.1.113883.3.666.5.766"
    },
    {
      "id": "MedicationAdministeredHospitalMeasuresScipIvQuinolones",
      "start_date": 1267524000000,
      "end_date": 1267524000000,
      "value": [

      ],
      "negation": "",
      "negation_code_list_id": null,
      "field_values": {
        "ROUTE": {
          "type": "CD",
          "code_list_id": "2.16.840.1.113883.3.666.5.1108",
          "title": "hospital_measures_route_iv (8A4D92B2-37D1-F95B-0137-E1E272994B3F)"
        }
      },
      "oid": "2.16.840.1.113883.3.666.5.835"
    },
    {
      "id": "ProcedurePerformedHospitalMeasuresCabg",
      "start_date": 1267527600000,
      "end_date": 1267549200000,
      "value": [
        {
          "type": "CD",
          "code_list_id": "2.16.840.1.113883.3.526.2.8001",
          "title": "hospital_measures_principal (5069c0e5044a11f31c00070c)"
        }
      ],
      "negation": "",
      "negation_code_list_id": null,
      "field_values": {
        "INCISION_DATETIME": {
          "type": "TS",
          "value": "03/02/2010 07:00"
        }
      },
      "oid": "2.16.840.1.113883.3.666.5.694"
    },
    {
      "id": "ProcedurePerformedHospitalMeasuresJointCommissionEvidenceOfASurgicalProcedureRequiringGeneralOrNeuraxialAnesthesia",
      "start_date": 1267527900000,
      "end_date": 1267534800000,
      "value": [

      ],
      "negation": "",
      "negation_code_list_id": null,
      "field_values": {
      },
      "oid": "1.3.6.1.4.1.33895.1.3.0.31"
    },
    {
      "id": "MedicationAdministeredHospitalMeasuresIvAntimicrobialMedication",
      "start_date": 1267529400000,
      "end_date": 1267529400000,
      "value": [

      ],
      "negation": "",
      "negation_code_list_id": null,
      "field_values": {
      },
      "oid": "2.16.840.1.113883.3.666.5.765"
    },
    {
      "id": "DeviceAppliedHospitalMeasuresIndwellingUrinaryCatheter",
      "start_date": 1267529400000,
      "end_date": 1267678800000,
      "value": [
        {
          "type": "CD",
          "code_list_id": "2.16.840.1.113883.3.666.5.1130",
          "title": "hospital_measures_urethra (8A4D92B2-3A58-B777-013A-670AB6932A3B)"
        }
      ],
      "negation": "",
      "negation_code_list_id": null,
      "field_values": {
        "REMOVAL_DATETIME": {
          "type": "TS",
          "value": "03/04/2010 00:00"
        },
        "ANATOMICAL_STRUCTURE": {
          "type": "CD",
          "code_list_id": "2.16.840.1.113883.3.666.5.1130",
          "title": "hospital_measures_urethra (8A4D92B2-3A58-B777-013A-670AB6932A3B)"
        },
        "START_DATETIME": {
          "type": "TS",
          "value": "03/02/2010 06:30"
        }
      },
      "oid": "2.16.840.1.113883.3.666.5.820"
    },
    {
      "id": "MeasurePeriod",
      "start_date": 1262322000000,
      "end_date": 1293771600000
    }
  ],
  "test_id": null,
  "title": null,
  "type": "eh"
}