{
  "birthdate": -1098977400,
  "clinicalTrialParticipant": null,
  "conditions": [
    {
      "causeOfDeath": null,
      "codes": {
        "ICD-9-CM": [
          "433.01"
        ],
        "ICD-10-CM": [
          "I63.039"
        ],
        "SNOMED-CT": [
          "64586002"
        ]
      },
      "description": "Diagnosis, Active: Ischemic Stroke (Code List: 2.16.840.1.113883.3.117.1.7.1.247)",
      "end_time": 1270566000,
      "free_text": null,
      "mood_code": "EVN",
      "name": null,
      "negationInd": null,
      "negationReason": null,
      "oid": "2.16.840.1.113883.3.560.1.2",
      "ordinality": null,
      "ordinality_code": {
        "SNOMED-CT": [
          "63161005"
        ]
      },
      "priority": null,
      "severity": null,
      "specifics": null,
      "start_time": 1270220400,
      "status_code": {
        "SNOMED-CT": [
          "55561003"
        ],
        "HL7 ActStatus": [
          "active"
        ]
      },
      "time": null,
      "type": null
    },
    {
      "causeOfDeath": null,
      "codes": {
        "SNOMED-CT": [
          "20301004"
        ]
      },
      "description": "Symptom, Active: Neurologic Symptoms of Stroke (Code List: 2.16.840.1.113883.3.117.1.7.1.399)",
      "end_time": 1270202400,
      "free_text": null,
      "mood_code": "EVN",
      "name": null,
      "negationInd": null,
      "negationReason": null,
      "oid": "2.16.840.1.113883.3.560.1.69",
      "ordinality": null,
      "ordinality_code": null,
      "priority": null,
      "severity": null,
      "specifics": null,
      "start_time": 1270202400,
      "status_code": {
        "SNOMED-CT": [
          "55561003"
        ],
        "HL7 ActStatus": [
          "active"
        ]
      },
      "time": null,
      "type": null
    }
  ],
  "deathdate": null,
  "description": "",
  "effective_time": null,
  "elimination_population": null,
  "elimination_reason": null,
  "encounters": [
    {
      "admitType": null,
      "admit_time": null,
      "codes": {
        "SNOMED-CT": [
          "32485007"
        ]
      },
      "description": "Encounter, Performed: Inpatient Encounter (Code List: 2.16.840.1.113883.3.117.1.7.1.23)",
      "dischargeDisposition": null,
      "discharge_time": null,
      "end_time": 1270566000,
      "free_text": null,
      "mood_code": "EVN",
      "negationInd": null,
      "negationReason": null,
      "oid": "2.16.840.1.113883.3.560.1.79",
      "performer_id": null,
      "specifics": null,
      "start_time": 1270220400,
      "status_code": null,
      "time": null
    },
    {
      "admitType": null,
      "admit_time": null,
      "codes": {
        "SNOMED-CT": [
          "4525004"
        ]
      },
      "description": "Encounter, Performed: Emergency Department Visit (Code List: 2.16.840.1.113883.3.117.1.7.1.292)",
      "dischargeDisposition": null,
      "discharge_time": null,
      "end_time": 1270220100,
      "free_text": null,
      "mood_code": "EVN",
      "negationInd": null,
      "negationReason": null,
      "oid": "2.16.840.1.113883.3.560.1.79",
      "performer_id": null,
      "specifics": null,
      "start_time": 1270206000,
      "status_code": null,
      "time": null
    },
    {
      "admitType": null,
      "admit_time": null,
      "codes": {
        "SNOMED-CT": [
          "4525004"
        ]
      },
      "description": "Encounter, Performed: Emergency Department Visit (Code List: 2.16.840.1.113883.3.117.1.7.1.293)",
      "dischargeDisposition": null,
      "discharge_time": null,
      "end_time": 1263369600,
      "free_text": null,
      "mood_code": "EVN",
      "negationInd": null,
      "negationReason": null,
      "oid": "2.16.840.1.113883.3.560.1.79",
      "performer_id": null,
      "specifics": null,
      "start_time": 1263358800,
      "status_code": null,
      "time": null
    },
    {
      "admitType": null,
      "admit_time": null,
      "codes": {
        "SNOMED-CT": [
          "10378005"
        ]
      },
      "description": "Encounter, Ordered: Decision to Admit to Hospital Inpatient (Code List: 2.16.840.1.113883.3.117.1.7.1.295)",
      "dischargeDisposition": null,
      "discharge_time": null,
      "end_time": 1270219200,
      "free_text": null,
      "mood_code": "EVN",
      "negationInd": null,
      "negationReason": null,
      "oid": "2.16.840.1.113883.3.560.1.83",
      "performer_id": null,
      "specifics": null,
      "start_time": 1270219200,
      "status_code": null,
      "time": null
    }
  ],
  "ethnicity": {
    "code": "2186-5",
    "name": "Not Hispanic or Latino",
    "codeSystem": "CDC Race"
  },
  "expired": false,
  "first": "STROKE",
  "gender": "M",
  "insurance_providers": [
    {
      "end_time": null,
      "financial_responsibility_type": {
        "code": "SELF",
        "codeSystem": "HL7 Relationship Code"
      },
      "member_id": "1234567890",
      "name": "Other",
      "payer": {
        "name": "Other"
      },
      "relationship": null,
      "start_time": 1199163600,
      "time": null,
      "type": "OT"
    }
  ],
  "languages": null,
  "last": "NUM_0435_0436_0437_ 0439_ 0440_ 0441",
  "marital_status": null,
  "measure_ids": [
    "0435",
    "0437",
    "0438",
    "0439",
    "0440",
    "0441",
    "0436",
    "0480",
    "0163",
    "0142",
    "0371",
    "0497",
    "0376",
    "0375",
    "8A4D92B2-3887-5DF3-0139-0D01C6626E46",
    "8A4D92B2-3A58-B777-013A-716DFC096EE3",
    "8A4D92B2-3A58-B777-013A-716DFC096EE3",
    "8A4D92B2-3887-5DF3-0139-0D08A4BE7BE6",
    "8A4D92B2-3887-5DF3-0139-11B262260A92",
    "8A4D92B2-37BF-6F1B-0137-CCD612A40D0E",
    "8A4D92B2-3887-5DF3-0139-01A1D2C966BC",
    "8A4D92B2-3A00-2A25-013A-4640D11650CB",
    "8A4D92B2-3887-5DF3-0139-0C4E6D2B4D6B",
    "8A4D92B2-3887-5DF3-0139-01959FB76498",
    "8A4D92B2-3887-5DF3-0138-9B2EABA7321D",
    "8A4D92B2-3887-5DF3-0139-018CE6F1622A",
    "8A4D92B2-37BF-6F1B-0137-CDADBA302B85",
    "8A4D92B2-3887-5DF3-0139-013B0C87524A",
    "8A4D92B2-3887-5DF3-0139-0C0D3D783133",
    "8A4D92B2-3887-5DF3-0139-0C49FB8C4757",
    "8A4D92B2-37D1-F95B-0137-E776B0467BAF",
    "8A4D92B2-3A00-2A25-013A-0DD50CE621D8",
    "8A4D92B2-3887-5DF3-0139-01954AFC63B2",
    "8A4D92B2-3A58-B777-013A-670AB6932A3B",
    "8A4D92B2-3887-5DF3-0139-01965ECF65BE",
    "8A4D92B2-37D1-F95B-0137-E726AD2F7415",
    "8A4D92B2-3887-5DF3-0139-0C4E41594C98",
    "8A4D92B2-3887-5DF3-0139-0C4E41594C98",
    "8A4D92B2-3887-5DF3-0139-0C4E41594C98",
    "8A4D92B2-3887-5DF3-0139-0C4E41594C98",
    "8A4D92B2-37D1-F95B-0137-DD4B0EB62DE6",
    "8A4D92B2-37D1-F95B-0137-DD4B0EB62DE6",
    "8A4D92B2-37D1-F95B-0137-DD4B0EB62DE6",
    "8A4D92B2-37D1-F95B-0137-DD4B0EB62DE6",
    "8A4D92B2-37D1-F95B-0137-DD4B0EB62DE6",
    "8A4D92B2-3887-5DF3-0139-0C4E00454B35",
    "8A4D92B2-3887-5DF3-0139-0C4E00454B35",
    "8A4D92B2-3887-5DF3-0139-0C4E00454B35",
    "8A4D92B2-3887-5DF3-0139-0C4E00454B35",
    "8A4D92B2-39CA-AF4B-0139-DFAAFFD96EFE",
    "8A4D92B2-39CA-AF4B-0139-DFAAFFD96EFE",
    "8A4D92B2-39CA-AF4B-0139-DFAAFFD96EFE",
    "8A4D92B2-39CA-AF4B-0139-DFAAFFD96EFE",
    "8A4D92B2-39CA-AF4B-0139-DFAAFFD96EFE",
    "8A4D92B2-39CA-AF4B-0139-DFAAFFD96EFE",
    "8A4D92B2-39CA-AF4B-0139-DFAAFFD96EFE",
    "8A4D92B2-39CA-AF4B-0139-DFAAFFD96EFE",
    "8A4D92B2-37D1-F95B-0137-E1E272994B3F",
    "8A4D92B2-37D1-F95B-0137-E1E272994B3F",
    "8A4D92B2-37D1-F95B-0137-E1E272994B3F",
    "8A4D92B2-37D1-F95B-0137-E1E272994B3F",
    "8A4D92B2-37D1-F95B-0137-E1E272994B3F",
    "8A4D92B2-37D1-F95B-0137-E1E272994B3F",
    "8A4D92B2-37D1-F95B-0137-E1E272994B3F",
    "8A4D92B2-37D1-F95B-0137-E1E272994B3F",
    "8A4D92B2-3887-5DF3-0139-0D071EE37793",
    "8A4D92B2-3A00-2A25-013A-295ED21C463C",
    "8A4D92B2-3887-5DF3-0139-12364AE9126F"
  ],
  "measure_period_end": 1325307600000,
  "measure_period_start": 1262322000000,
  "medical_record_number": "e8932b4783869759f5217d12cc6efd19",
  "medications": [
    {
      "administrationTiming": null,
      "codes": {
        "RxNorm": [
          "308056"
        ]
      },
      "cumulativeMedicationDuration": null,
      "deliveryMethod": null,
      "description": "Medication, Administered: Thrombolytic (t-PA) Therapy (Code List: 2.16.840.1.113883.3.117.1.7.1.226)",
      "dose": null,
      "doseIndicator": null,
      "doseRestriction": null,
      "end_time": 1270209600,
      "freeTextSig": null,
      "free_text": null,
      "fulfillmentInstructions": null,
      "indication": null,
      "mood_code": "EVN",
      "negationInd": null,
      "negationReason": null,
      "oid": "2.16.840.1.113883.3.560.1.14",
      "patientInstructions": null,
      "productForm": null,
      "reaction": null,
      "route": null,
      "site": null,
      "specifics": null,
      "start_time": 1270209600,
      "statusOfMedication": null,
      "status_code": null,
      "time": null,
      "typeOfMedication": null,
      "vehicle": null
    },
    {
      "administrationTiming": null,
      "codes": {
        "RxNorm": [
          "198211"
        ]
      },
      "cumulativeMedicationDuration": null,
      "deliveryMethod": null,
      "description": "Medication, Discharge: Statin (Code List: 2.16.840.1.113883.3.117.1.7.1.225)",
      "dose": null,
      "doseIndicator": null,
      "doseRestriction": null,
      "end_time": 1270562400,
      "freeTextSig": null,
      "free_text": null,
      "fulfillmentInstructions": null,
      "indication": null,
      "mood_code": "EVN",
      "negationInd": null,
      "negationReason": null,
      "oid": "2.16.840.1.113883.3.560.1.199",
      "patientInstructions": null,
      "productForm": null,
      "reaction": null,
      "route": null,
      "site": null,
      "specifics": null,
      "start_time": 1270562400,
      "statusOfMedication": null,
      "status_code": null,
      "time": null,
      "typeOfMedication": null,
      "vehicle": null
    },
    {
      "administrationTiming": null,
      "codes": {
        "RxNorm": [
          "212033"
        ]
      },
      "cumulativeMedicationDuration": null,
      "deliveryMethod": null,
      "description": "Medication, Discharge: Antithrombotic Therapy (Code List: 2.16.840.1.113883.3.117.1.7.1.201)",
      "dose": null,
      "doseIndicator": null,
      "doseRestriction": null,
      "end_time": 1270562400,
      "freeTextSig": null,
      "free_text": null,
      "fulfillmentInstructions": null,
      "indication": null,
      "mood_code": "EVN",
      "negationInd": null,
      "negationReason": null,
      "oid": "2.16.840.1.113883.3.560.1.199",
      "patientInstructions": null,
      "productForm": null,
      "reaction": null,
      "route": null,
      "site": null,
      "specifics": null,
      "start_time": 1270562400,
      "statusOfMedication": null,
      "status_code": null,
      "time": null,
      "typeOfMedication": null,
      "vehicle": null
    },
    {
      "administrationTiming": null,
      "codes": {
        "RxNorm": [
          "855332"
        ]
      },
      "cumulativeMedicationDuration": null,
      "deliveryMethod": null,
      "description": "Medication, Discharge: Anticoagulant Therapy (Code List: 2.16.840.1.113883.3.117.1.7.1.200)",
      "dose": null,
      "doseIndicator": null,
      "doseRestriction": null,
      "end_time": 1270562400,
      "freeTextSig": null,
      "free_text": null,
      "fulfillmentInstructions": null,
      "indication": null,
      "mood_code": "EVN",
      "negationInd": null,
      "negationReason": null,
      "oid": "2.16.840.1.113883.3.560.1.199",
      "patientInstructions": null,
      "productForm": null,
      "reaction": null,
      "route": null,
      "site": null,
      "specifics": null,
      "start_time": 1270562400,
      "statusOfMedication": null,
      "status_code": null,
      "time": null,
      "typeOfMedication": null,
      "vehicle": null
    }
  ],
  "procedures": [
    {
      "codes": {
        "ICD-10-CM": [
          "F00ZCKZ"
        ],
        "SNOMED-CT": [
          "1121002"
        ]
      },
      "description": "Procedure, Order: Rehabilitation Services (Code List: 2.16.840.1.113883.3.117.1.7.1.221)",
      "end_time": 1270476000,
      "free_text": null,
      "incisionDateTime": null,
      "mood_code": "EVN",
      "negationInd": null,
      "negationReason": null,
      "oid": "2.16.840.1.113883.3.560.1.62",
      "performer_id": null,
      "site": null,
      "specifics": null,
      "start_time": 1270476000,
      "status_code": null,
      "time": null
    },
    {
      "codes": {
        "SNOMED-CT": [
          "413318004"
        ]
      },
      "description": "Communication: From Provider to Patient: Written Information Given (Code List: 2.16.840.1.113883.3.117.1.7.1.415)",
      "end_time": 1270562400,
      "free_text": null,
      "incisionDateTime": null,
      "mood_code": "EVN",
      "negationInd": true,
      "negationReason": {
        "codeSystem": "SNOMED-CT",
        "code": "105480006"
      },
      "oid": "2.16.840.1.113883.3.560.1.131",
      "performer_id": null,
      "site": null,
      "specifics": null,
      "start_time": 1270562400,
      "status_code": null,
      "time": null
    }
  ],
  "race": {
    "code": "1002-5",
    "name": "American Indian or Alaska Native",
    "codeSystem": "CDC Race"
  },
  "religious_affilication": null,
  "results": [
    {
      "codes": {
        "SNOMED-CT": [
          "164889003"
        ]
      },
      "description": "Diagnostic Study, Result: Atrial Fibrillation/Flutter (Code List: 2.16.840.1.113883.3.117.1.7.1.249)",
      "end_time": 1270207800,
      "free_text": null,
      "interpretation": null,
      "mood_code": "EVN",
      "negationInd": null,
      "negationReason": null,
      "oid": "2.16.840.1.113883.3.560.1.11",
      "referenceRange": null,
      "specifics": null,
      "start_time": 1270207800,
      "status_code": null,
      "time": null
    }
  ],
  "source_data_criteria": [
    {
      "id": "MedicationAdministeredThrombolyticTPaTherapy",
      "start_date": 1270209600000,
      "end_date": 1270209600000,
      "value": [

      ],
      "negation": "",
      "negation_code_list_id": null,
      "field_values": {
      },
      "oid": "2.16.840.1.113883.3.117.1.7.1.226"
    },
    {
      "id": "DiagnosisActiveIschemicStroke",
      "start_date": 1270220400000,
      "end_date": 1270566000000,
      "value": [

      ],
      "negation": "",
      "negation_code_list_id": null,
      "field_values": {
        "ORDINAL": {
          "type": "CD",
          "code_list_id": "2.16.840.1.113883.3.666.5.3010",
          "title": "hospital_measures_principal (8A4D92B2-3887-5DF3-0139-0D01C6626E46)"
        }
      },
      "oid": "2.16.840.1.113883.3.117.1.7.1.247"
    },
    {
      "id": "EncounterPerformedInpatientEncounter",
      "start_date": 1270220400000,
      "end_date": 1270566000000,
      "value": [

      ],
      "negation": "",
      "negation_code_list_id": null,
      "field_values": {
        "DISCHARGE_STATUS": {
          "type": "CD",
          "code_list_id": "2.16.840.1.113883.3.117.1.7.1.209",
          "title": "discharged_to_home_for_hospice_care (8A4D92B2-37BF-6F1B-0137-CDADBA302B85)"
        },
        "ADMISSION_DATETIME": {
          "type": "TS",
          "value": "04/02/2010 11:00"
        },
        "DISCHARGE_DATETIME": {
          "type": "TS",
          "value": "04/06/2010 11:00"
        }
      },
      "oid": "2.16.840.1.113883.3.117.1.7.1.23"
    },
    {
      "id": "LaboratoryTestResultLdlC",
      "start_date": 1268744400000,
      "end_date": 1268744400000,
      "value": [
        {
          "type": "PQ",
          "value": "110",
          "unit": "mg/dL"
        }
      ],
      "negation": "",
      "negation_code_list_id": null,
      "field_values": {
      },
      "oid": "2.16.840.1.113883.3.117.1.7.1.215"
    },
    {
      "id": "SymptomActiveNeurologicSymptomsOfStroke",
      "start_date": 1270202400000,
      "end_date": 1270202400000,
      "value": [

      ],
      "negation": "",
      "negation_code_list_id": null,
      "field_values": {
        "START_DATETIME": {
          "type": "TS",
          "value": "04/02/2010 06:00"
        }
      },
      "oid": "2.16.840.1.113883.3.117.1.7.1.399"
    },
    {
      "id": "EncounterPerformedEmergencyDepartmentVisit",
      "start_date": 1270206000000,
      "end_date": 1270220100000,
      "value": [

      ],
      "negation": "",
      "negation_code_list_id": null,
      "field_values": {
        "FACILITY_LOCATION_ARRIVAL_DATETIME": {
          "type": "TS",
          "value": "04/02/2010 07:00"
        },
        "FACILITY_LOCATION_DEPARTURE_DATETIME": {
          "type": "TS",
          "value": "04/02/2010 10:55"
        }
      },
      "oid": "2.16.840.1.113883.3.117.1.7.1.292"
    },
    {
      "id": "DiagnosticStudyResultAtrialFibrillationFlutter",
      "start_date": 1270207800000,
      "end_date": 1270207800000,
      "negation": "",
      "negation_code_list_id": null,
      "field_values": {
      },
      "oid": "2.16.840.1.113883.3.117.1.7.1.249"
    },
    {
      "id": "OccurrenceAEmergencyDepartmentVisit64",
      "start_date": 1263358800000,
      "end_date": 1263369600000,
      "value": [

      ],
      "negation": "",
      "negation_code_list_id": null,
      "field_values": {
        "FACILITY_LOCATION_ARRIVAL_DATETIME": {
          "type": "TS",
          "value": "01/13/2010 00:00"
        },
        "FACILITY_LOCATION_DEPARTURE_DATETIME": {
          "type": "TS",
          "value": "01/13/2010 03:00"
        }
      },
      "oid": "2.16.840.1.113883.3.117.1.7.1.293"
    },
    {
      "id": "OccurrenceADecisionToAdmitToHospitalInpatient118",
      "start_date": 1270219200000,
      "end_date": 1270219200000,
      "value": [

      ],
      "negation": "",
      "negation_code_list_id": null,
      "field_values": {
      },
      "oid": "2.16.840.1.113883.3.117.1.7.1.295"
    },
    {
      "id": "ProcedureOrderRehabilitationServices",
      "start_date": 1270476000000,
      "end_date": 1270476000000,
      "value": [

      ],
      "negation": "",
      "negation_code_list_id": null,
      "field_values": {
      },
      "oid": "2.16.840.1.113883.3.117.1.7.1.221"
    },
    {
      "id": "MedicationDischargeStatin",
      "start_date": 1270562400000,
      "end_date": 1270562400000,
      "value": [

      ],
      "negation": "",
      "negation_code_list_id": null,
      "field_values": {
      },
      "oid": "2.16.840.1.113883.3.117.1.7.1.225"
    },
    {
      "id": "MedicationDischargeAntithromboticTherapy",
      "start_date": 1270562400000,
      "end_date": 1270562400000,
      "value": [

      ],
      "negation": "",
      "negation_code_list_id": null,
      "field_values": {
      },
      "oid": "2.16.840.1.113883.3.117.1.7.1.201"
    },
    {
      "id": "MedicationDischargeAnticoagulantTherapy",
      "start_date": 1270562400000,
      "end_date": 1270562400000,
      "value": [

      ],
      "negation": "",
      "negation_code_list_id": null,
      "field_values": {
      },
      "oid": "2.16.840.1.113883.3.117.1.7.1.200"
    },
    {
      "id": "CommunicationFromProviderToPatientWrittenInformationGiven",
      "start_date": 1270562400000,
      "end_date": 1270562400000,
      "value": [

      ],
      "negation": "true",
      "negation_code_list_id": "2.16.840.1.113883.3.117.1.7.1.93",
      "field_values": {
      },
      "oid": "2.16.840.1.113883.3.117.1.7.1.415"
    },
    {
      "id": "MeasurePeriod",
      "start_date": 1262322000000,
      "end_date": 1325307600000
    }
  ],
  "test_id": null,
  "title": null,
  "type": "eh",
  "vital_signs": [
    {
      "codes": {
        "LOINC": [
          "2089-1"
        ]
      },
      "description": "Laboratory Test, Result: LDL-c (Code List: 2.16.840.1.113883.3.117.1.7.1.215)",
      "end_time": 1268744400,
      "free_text": null,
      "interpretation": null,
      "mood_code": "EVN",
      "negationInd": null,
      "negationReason": null,
      "oid": "2.16.840.1.113883.3.560.1.12",
      "referenceRange": null,
      "specifics": null,
      "start_time": 1268744400,
      "status_code": null,
      "time": null,
      "values": [
        {
          "scalar": "110",
          "units": "mg/dL"
        }
      ]
    }
  ]
}