{
  "birthdate": 315563400,
  "clinicalTrialParticipant": null,
  "conditions": [
    {
      "causeOfDeath": null,
      "codes": {
        "ICD-10-CM": [
          "I26.09"
        ],
        "ICD-9-CM": [
          "415.11"
        ],
        "SNOMED-CT": [
          "1748006"
        ]
      },
      "description": "Diagnosis, Active: Venous Thromboembolism (Code List: 2.16.840.1.113883.3.117.1.7.1.279)",
      "end_time": 1270616400,
      "free_text": null,
      "mood_code": "EVN",
      "name": null,
      "negationInd": null,
      "negationReason": null,
      "oid": "2.16.840.1.113883.3.560.1.2",
      "ordinality": null,
      "ordinality_code": null,
      "priority": null,
      "severity": null,
      "specifics": null,
      "start_time": 1270137600,
      "status_code": {
        "SNOMED-CT": [
          "55561003"
        ],
        "HL7 ActStatus": [
          "active"
        ]
      },
      "time": null,
      "type": null
    }
  ],
  "deathdate": null,
  "description": "",
  "effective_time": null,
  "elimination_population": null,
  "elimination_reason": null,
  "encounters": [
    {
      "admitType": null,
      "admit_time": null,
      "codes": {
        "SNOMED-CT": [
          "32485007"
        ]
      },
      "description": "Encounter, Performed: Inpatient Encounter (Code List: 2.16.840.1.113883.3.117.1.7.1.23)",
      "dischargeDisposition": null,
      "discharge_time": null,
      "end_time": 1270616400,
      "free_text": null,
      "mood_code": "EVN",
      "negationInd": null,
      "negationReason": null,
      "oid": "2.16.840.1.113883.3.560.1.79",
      "performer_id": null,
      "specifics": null,
      "start_time": 1270094400,
      "status_code": null,
      "time": null
    }
  ],
  "ethnicity": {
    "code": "2186-5",
    "name": "Not Hispanic or Latino",
    "codeSystem": "CDC Race"
  },
  "expired": false,
  "first": "VTE2",
  "gender": "F",
  "insurance_providers": [
    {
      "end_time": null,
      "financial_responsibility_type": {
        "code": "SELF",
        "codeSystem": "HL7 Relationship Code"
      },
      "member_id": "1234567890",
      "name": "Other",
      "payer": {
        "name": "Other"
      },
      "relationship": null,
      "start_time": 1199163600,
      "time": null,
      "type": "OT"
    }
  ],
  "languages": null,
  "last": "NUM_0373_0374_0375",
  "marital_status": null,
  "measure_ids": [
    "0371",
    "0376",
    "0373",
    "0374",
    "0375",
    "0480",
    "0142",
    "8A4D92B2-3887-5DF3-0139-0D01C6626E46",
    "8A4D92B2-3A58-B777-013A-716DFC096EE3",
    "8A4D92B2-3A58-B777-013A-716DFC096EE3",
    "8A4D92B2-3887-5DF3-0139-0D08A4BE7BE6",
    "8A4D92B2-3887-5DF3-0139-11B262260A92",
    "8A4D92B2-37BF-6F1B-0137-CCD612A40D0E",
    "8A4D92B2-3887-5DF3-0139-01A1D2C966BC",
    "8A4D92B2-3A00-2A25-013A-4640D11650CB",
    "8A4D92B2-3887-5DF3-0139-0C4E6D2B4D6B",
    "8A4D92B2-3887-5DF3-0139-01959FB76498",
    "8A4D92B2-3887-5DF3-0138-9B2EABA7321D",
    "8A4D92B2-3887-5DF3-0139-018CE6F1622A",
    "8A4D92B2-37BF-6F1B-0137-CDADBA302B85",
    "8A4D92B2-3887-5DF3-0139-013B0C87524A",
    "8A4D92B2-3887-5DF3-0139-0C0D3D783133",
    "8A4D92B2-3887-5DF3-0139-0C49FB8C4757",
    "8A4D92B2-37D1-F95B-0137-E776B0467BAF",
    "8A4D92B2-3A00-2A25-013A-0DD50CE621D8",
    "8A4D92B2-3887-5DF3-0139-01954AFC63B2",
    "8A4D92B2-3A58-B777-013A-670AB6932A3B",
    "8A4D92B2-3887-5DF3-0139-01965ECF65BE",
    "8A4D92B2-37D1-F95B-0137-E726AD2F7415",
    "8A4D92B2-3887-5DF3-0139-0C4E41594C98",
    "8A4D92B2-3887-5DF3-0139-0C4E41594C98",
    "8A4D92B2-3887-5DF3-0139-0C4E41594C98",
    "8A4D92B2-3887-5DF3-0139-0C4E41594C98",
    "8A4D92B2-37D1-F95B-0137-DD4B0EB62DE6",
    "8A4D92B2-37D1-F95B-0137-DD4B0EB62DE6",
    "8A4D92B2-37D1-F95B-0137-DD4B0EB62DE6",
    "8A4D92B2-37D1-F95B-0137-DD4B0EB62DE6",
    "8A4D92B2-37D1-F95B-0137-DD4B0EB62DE6",
    "8A4D92B2-3887-5DF3-0139-0C4E00454B35",
    "8A4D92B2-3887-5DF3-0139-0C4E00454B35",
    "8A4D92B2-3887-5DF3-0139-0C4E00454B35",
    "8A4D92B2-3887-5DF3-0139-0C4E00454B35",
    "8A4D92B2-39CA-AF4B-0139-DFAAFFD96EFE",
    "8A4D92B2-39CA-AF4B-0139-DFAAFFD96EFE",
    "8A4D92B2-39CA-AF4B-0139-DFAAFFD96EFE",
    "8A4D92B2-39CA-AF4B-0139-DFAAFFD96EFE",
    "8A4D92B2-39CA-AF4B-0139-DFAAFFD96EFE",
    "8A4D92B2-39CA-AF4B-0139-DFAAFFD96EFE",
    "8A4D92B2-39CA-AF4B-0139-DFAAFFD96EFE",
    "8A4D92B2-39CA-AF4B-0139-DFAAFFD96EFE",
    "8A4D92B2-37D1-F95B-0137-E1E272994B3F",
    "8A4D92B2-37D1-F95B-0137-E1E272994B3F",
    "8A4D92B2-37D1-F95B-0137-E1E272994B3F",
    "8A4D92B2-37D1-F95B-0137-E1E272994B3F",
    "8A4D92B2-37D1-F95B-0137-E1E272994B3F",
    "8A4D92B2-37D1-F95B-0137-E1E272994B3F",
    "8A4D92B2-37D1-F95B-0137-E1E272994B3F",
    "8A4D92B2-37D1-F95B-0137-E1E272994B3F",
    "8A4D92B2-3887-5DF3-0139-0D071EE37793",
    "8A4D92B2-3A00-2A25-013A-295ED21C463C",
    "8A4D92B2-3887-5DF3-0139-12364AE9126F"
  ],
  "measure_period_end": 1293771600000,
  "measure_period_start": 1262322000000,
  "medical_record_number": "6d4da8955b5aee38deb098909d3c4a06",
  "medications": [
    {
      "administrationTiming": null,
      "codes": {
        "RxNorm": [
          "829886"
        ]
      },
      "cumulativeMedicationDuration": null,
      "deliveryMethod": null,
      "description": "Medication, Administered: Unfractionated Heparin (Code List: 2.16.840.1.113883.3.117.1.7.1.218)",
      "dose": null,
      "doseIndicator": null,
      "doseRestriction": null,
      "end_time": 1270173600,
      "freeTextSig": null,
      "free_text": null,
      "fulfillmentInstructions": null,
      "indication": null,
      "mood_code": "EVN",
      "negationInd": null,
      "negationReason": null,
      "oid": "2.16.840.1.113883.3.560.1.14",
      "patientInstructions": null,
      "productForm": null,
      "reaction": null,
      "route": null,
      "site": null,
      "specifics": null,
      "start_time": 1270141200,
      "statusOfMedication": null,
      "status_code": null,
      "time": null,
      "typeOfMedication": null,
      "vehicle": null
    },
    {
      "administrationTiming": null,
      "codes": {
        "RxNorm": [
          "855332"
        ]
      },
      "cumulativeMedicationDuration": null,
      "deliveryMethod": null,
      "description": "Medication, Administered: Warfarin (Code List: 2.16.840.1.113883.3.117.1.7.1.232)",
      "dose": null,
      "doseIndicator": null,
      "doseRestriction": null,
      "end_time": 1270184400,
      "freeTextSig": null,
      "free_text": null,
      "fulfillmentInstructions": null,
      "indication": null,
      "mood_code": "EVN",
      "negationInd": null,
      "negationReason": null,
      "oid": "2.16.840.1.113883.3.560.1.14",
      "patientInstructions": null,
      "productForm": null,
      "reaction": null,
      "route": null,
      "site": null,
      "specifics": null,
      "start_time": 1270184400,
      "statusOfMedication": null,
      "status_code": null,
      "time": null,
      "typeOfMedication": null,
      "vehicle": null
    },
    {
      "administrationTiming": null,
      "codes": {
        "RxNorm": [
          "829886"
        ]
      },
      "cumulativeMedicationDuration": null,
      "deliveryMethod": null,
      "description": "Medication, Administered: Parenteral Anticoagulant (Code List: 2.16.840.1.113883.3.117.1.7.1.266)",
      "dose": null,
      "doseIndicator": null,
      "doseRestriction": null,
      "end_time": 1270252800,
      "freeTextSig": null,
      "free_text": null,
      "fulfillmentInstructions": null,
      "indication": null,
      "mood_code": "EVN",
      "negationInd": null,
      "negationReason": null,
      "oid": "2.16.840.1.113883.3.560.1.14",
      "patientInstructions": null,
      "productForm": null,
      "reaction": null,
      "route": null,
      "site": null,
      "specifics": null,
      "start_time": 1270252800,
      "statusOfMedication": null,
      "status_code": null,
      "time": null,
      "typeOfMedication": null,
      "vehicle": null
    },
    {
      "administrationTiming": null,
      "codes": {
        "RxNorm": [
          "829886"
        ]
      },
      "cumulativeMedicationDuration": null,
      "deliveryMethod": null,
      "description": "Medication, Administered: Parenteral Anticoagulant (Code List: 2.16.840.1.113883.3.117.1.7.1.266)",
      "dose": null,
      "doseIndicator": null,
      "doseRestriction": null,
      "end_time": 1270353600,
      "freeTextSig": null,
      "free_text": null,
      "fulfillmentInstructions": null,
      "indication": null,
      "mood_code": "EVN",
      "negationInd": null,
      "negationReason": null,
      "oid": "2.16.840.1.113883.3.560.1.14",
      "patientInstructions": null,
      "productForm": null,
      "reaction": null,
      "route": null,
      "site": null,
      "specifics": null,
      "start_time": 1270353600,
      "statusOfMedication": null,
      "status_code": null,
      "time": null,
      "typeOfMedication": null,
      "vehicle": null
    },
    {
      "administrationTiming": null,
      "codes": {
        "RxNorm": [
          "829886"
        ]
      },
      "cumulativeMedicationDuration": null,
      "deliveryMethod": null,
      "description": "Medication, Discharge: Parenteral Anticoagulant (Code List: 2.16.840.1.113883.3.117.1.7.1.266)",
      "dose": null,
      "doseIndicator": null,
      "doseRestriction": null,
      "end_time": 1270616400,
      "freeTextSig": null,
      "free_text": null,
      "fulfillmentInstructions": null,
      "indication": null,
      "mood_code": "EVN",
      "negationInd": null,
      "negationReason": null,
      "oid": "2.16.840.1.113883.3.560.1.199",
      "patientInstructions": null,
      "productForm": null,
      "reaction": null,
      "route": null,
      "site": null,
      "specifics": null,
      "start_time": 1270616400,
      "statusOfMedication": null,
      "status_code": null,
      "time": null,
      "typeOfMedication": null,
      "vehicle": null
    }
  ],
  "procedures": [
    {
      "codes": {
        "SNOMED-CT": [
          "417886001"
        ]
      },
      "description": "Procedure, Performed: Treatment Adjusted by Protocol (Code List: 2.16.840.1.113883.3.117.1.7.1.278)",
      "end_time": 1270141200,
      "free_text": null,
      "incisionDateTime": null,
      "mood_code": "EVN",
      "negationInd": null,
      "negationReason": null,
      "oid": "2.16.840.1.113883.3.560.1.6",
      "performer_id": null,
      "site": null,
      "specifics": null,
      "start_time": 1270141200,
      "status_code": null,
      "time": null
    },
    {
      "codes": {
        "SNOMED-CT": [
          "413318004"
        ]
      },
      "description": "Communication: From Provider to Patient: Written Information Given (Code List: 2.16.840.1.113883.3.117.1.7.1.415)",
      "end_time": 1270616400,
      "free_text": null,
      "incisionDateTime": null,
      "mood_code": "EVN",
      "negationInd": true,
      "negationReason": {
        "codeSystem": "SNOMED-CT",
        "code": "105480006"
      },
      "oid": "2.16.840.1.113883.3.560.1.131",
      "performer_id": null,
      "site": null,
      "specifics": null,
      "start_time": 1270616400,
      "status_code": null,
      "time": null
    }
  ],
  "race": {
    "code": "1002-5",
    "name": "American Indian or Alaska Native",
    "codeSystem": "CDC Race"
  },
  "religious_affilication": null,
  "results": [
    {
      "codes": {
        "LOINC": [
          "24533-2"
        ]
      },
      "description": "Diagnostic Study, Result: VTE Diagnostic Test (Code List: 2.16.840.1.113883.3.117.1.7.1.276)",
      "end_time": 1270137600,
      "free_text": null,
      "interpretation": null,
      "mood_code": "EVN",
      "negationInd": null,
      "negationReason": null,
      "oid": "2.16.840.1.113883.3.560.1.11",
      "referenceRange": null,
      "specifics": null,
      "start_time": 1270137600,
      "status_code": null,
      "time": null,
      "values": [
        {
          "codes": {
            "SNOMED-CT": [
              "663008"
            ]
          },
          "description": "Pulmonary embolism following molar AND/OR ectopic pregnancy (disorder)"
        }
      ]
    }
  ],
  "source_data_criteria": [
    {
      "id": "EncounterPerformedInpatientEncounter",
      "start_date": 1270094400000,
      "end_date": 1270616400000,
      "value": [

      ],
      "negation": "",
      "negation_code_list_id": null,
      "field_values": {
        "ADMISSION_DATETIME": {
          "type": "TS",
          "value": "04/01/2010 00:00"
        },
        "DISCHARGE_DATETIME": {
          "type": "TS",
          "value": "04/07/2010 01:00"
        },
        "DISCHARGE_STATUS": {
          "type": "CD",
          "code_list_id": "2.16.840.1.113883.3.117.1.7.1.82",
          "title": "discharge_to_home_or_police_custody (8A4D92B2-3887-5DF3-0138-9B2EABA7321D)"
        }
      },
      "oid": "2.16.840.1.113883.3.117.1.7.1.23"
    },
    {
      "id": "DiagnosticStudyResultVteDiagnosticTest",
      "start_date": 1270137600000,
      "end_date": 1270137600000,
      "value": [
        {
          "type": "CD",
          "code_list_id": "2.16.840.1.113883.3.117.1.7.1.407",
          "title": "vte_confirmed"
        }
      ],
      "negation": "",
      "negation_code_list_id": null,
      "field_values": {
      },
      "oid": "2.16.840.1.113883.3.117.1.7.1.276"
    },
    {
      "id": "DiagnosisActiveVenousThromboembolism",
      "start_date": 1270137600000,
      "end_date": 1270616400000,
      "value": [

      ],
      "negation": "",
      "negation_code_list_id": null,
      "field_values": {
      },
      "oid": "2.16.840.1.113883.3.117.1.7.1.279"
    },
    {
      "id": "MedicationAdministeredUnfractionatedHeparin",
      "start_date": 1270141200000,
      "end_date": 1270173600000,
      "value": [

      ],
      "negation": "",
      "negation_code_list_id": null,
      "field_values": {
        "ROUTE": {
          "type": "CD",
          "code_list_id": "2.16.840.1.113883.3.117.1.7.1.222",
          "title": "intravenous_route (8A4D92B2-3887-5DF3-0139-01959FB76498)"
        }
      },
      "oid": "2.16.840.1.113883.3.117.1.7.1.218"
    },
    {
      "id": "ProcedurePerformedTreatmentAdjustedByProtocol",
      "start_date": 1270141200000,
      "end_date": 1270141200000,
      "value": [

      ],
      "negation": "",
      "negation_code_list_id": null,
      "field_values": {
      },
      "oid": "2.16.840.1.113883.3.117.1.7.1.278"
    },
    {
      "id": "MedicationAdministeredWarfarin",
      "start_date": 1270184400000,
      "end_date": 1270184400000,
      "negation": "",
      "negation_code_list_id": null,
      "field_values": {
      },
      "oid": "2.16.840.1.113883.3.117.1.7.1.232"
    },
    {
      "id": "MedicationAdministeredParenteralAnticoagulant",
      "start_date": 1270252800000,
      "end_date": 1270252800000,
      "negation": "",
      "negation_code_list_id": null,
      "field_values": {
      },
      "oid": "2.16.840.1.113883.3.117.1.7.1.266"
    },
    {
      "id": "MedicationAdministeredParenteralAnticoagulant",
      "start_date": 1270353600000,
      "end_date": 1270353600000,
      "value": [

      ],
      "negation": "",
      "negation_code_list_id": null,
      "field_values": {
      },
      "oid": "2.16.840.1.113883.3.117.1.7.1.266"
    },
    {
      "id": "CommunicationFromProviderToPatientWrittenInformationGiven",
      "start_date": 1270616400000,
      "end_date": 1270616400000,
      "value": [

      ],
      "negation": "true",
      "negation_code_list_id": "2.16.840.1.113883.3.117.1.7.1.93",
      "field_values": {
      },
      "oid": "2.16.840.1.113883.3.117.1.7.1.415"
    },
    {
      "id": "MedicationDischargeParenteralAnticoagulant",
      "start_date": 1270616400000,
      "end_date": 1270616400000,
      "value": [

      ],
      "negation": "",
      "negation_code_list_id": null,
      "field_values": {
      },
      "oid": "2.16.840.1.113883.3.117.1.7.1.266"
    },
    {
      "id": "MeasurePeriod",
      "start_date": 1262322000000,
      "end_date": 1293771600000
    }
  ],
  "test_id": null,
  "title": null,
  "type": "eh"
}