{
  "title": "Meaningful Use Stage 2 Quality Bundle",
  "effective_date": 1293858000,
  "version": "0.0.1",
  "license": "<p>Performance measures and related data specifications (the \\\"Measures\\\") are copyrighted by\\nthe noted quality measure providers as indicated in the applicable Measure. Coding\\nvocabularies are owned by their copyright owners. By using the Measures, a user\\n(\\\"User\\\") agrees to these Terms of Use. Measures are not clinical guidelines and do not\\nestablish a standard of medical care and quality measure providers are not responsible\\nfor any use of or reliance on the Measures.</p>\\n\\n<p><strong>THE MEASURES AND SPECIFICATIONS ARE PROVIDED \\\"AS IS\\\" WITHOUT ANY WARRANTY OF\\nANY KIND, AND ANY AND ALL IMPLIED WARRANTIES ARE HEREBY DISCLAIMED, INCLUDING ANY\\nWARRANTY OF NON-INFRINGEMENT, ACCURACY, MERCHANTABILITY AND FITNESS FOR A PARTICULAR\\nPURPOSE. NO QUALITY MEASURE PROVIDER, NOR ANY OF THEIR TRUSTEES, DIRECTORS, MEMBERS,\\nAFFILIATES, OFFICERS, EMPLOYEES, SUCCESSORS AND/OR ASSIGNS WILL BE LIABLE TO YOU FOR\\nANY DIRECT, INDIRECT, SPECIAL, EXEMPLARY, INCIDENTAL, PUNITIVE, AND/OR CONSEQUENTIAL\\nDAMAGE OF ANY KIND, IN CONTRACT, TORT OR OTHERWISE, IN CONNECTION WITH THE USE OF THE\\nPOPHEALTH TOOL OR THE MEASURES, EVEN IF ADVISED OF THE POSSIBILITY OF SUCH LOSS OR DAMAGE.\\n</strong></p>\\n\\n<p>The Measures are licensed to a User for the limited purpose of using, reproducing and\\ndistributing the Measures with the popHealth Tool as delivered to User, without any\\nmodification, for commercial and noncommercial uses, but such uses are only permitted\\nif the copies of the Measures contain this complete Copyright, Disclaimer and Terms\\nof Use. Users of the Measures may not alter, enhance, or otherwise modify the Measures.</p>\\n\\n<p><strong>NOT A CONTRIBUTION</strong> - The Measures, including specifications and coding,\\nas used in the popHealth Tool, are not a contribution under the Apache license. Coding\\nin the Measures is provided for convenience only and necessary licenses for use should\\nbe obtained from the copyright owners. Current Procedural Terminology \\n(CPT<span class=\\\"reg\\\">&reg;</span>) &copy; 2004-2010 American Medical Association. \\nLOINC<span class=\\\"reg\\\">&reg;</span> &copy; 2004 Regenstrief Institute,\\nInc. SNOMED Clinical Terms<span class=\\\"reg\\\">&reg;</span> \\n(SNOMED CT<span class=\\\"reg\\\">&reg;</span>) &copy; 2004-2010 International Health\\nTerminology Standards Development Organization.</p>\",",
  "exported": "2012-11-15",
  "measures": [
    "8A4D92B2-370B-19FA-0137-282DDBCF35DC",
    "8A4D92B2-356D-A09E-0135-AF80862E655B",
    "8A4D92B2-397A-48D2-0139-C626C0935307",
    "8A4D92B2-39CA-AF4B-0139-D49A6C2A1DD7",
    "8A4D92B2-3927-D7AE-0139-366C49F93102",
    "8A4D92B2-397A-48D2-0139-B0A6A11F2DA5",
    "8A4D92B2-3946-CDAE-0139-77EE2510640E",
    "8A4D92B2-35FB-4AA7-0136-5A26000D30BD",
    "8A4D92B2-35FB-4AA7-0136-1CB01C4D758C",
    "8A4D92B2-370B-19FA-0137-27737C4300FA",
    "8A4D92B2-356D-A09E-0135-C5FFA8972292",
    "8A4D92B2-397A-48D2-0139-B0A4BCA22CF1",
    "8A4D92B2-3946-CDAE-0139-77DE6F785ED7",
    "8A4D92B2-3946-CDAE-0139-77FE9FDC6853",
    "8A4D92B2-397A-48D2-0139-9BB3331F4C02",
    "8A4D92B2-39CA-AF4B-0139-CAF11E27054E",
    "8A4D92B2-3946-CDAE-0139-78E0235B7B8B",
    "8A4D92B2-397A-48D2-0139-B0CADCB63221",
    "8A4D92B2-3946-CDAE-0139-795264D90290",
    "8A4D92B2-397A-48D2-0139-B0CC617E335D",
    "8A4D92B2-35FB-4AA7-0136-403AD4504573",
    "8A4D92B2-397A-48D2-0139-C61D57895039",
    "8A4D92B2-3A00-2A25-013A-31687D1E6BA7",
    "8A4D92B2-3946-CDAE-0139-77EF07B664E1",
    "8A4D92B2-397A-48D2-0139-A27B83221F9A",
    "8A4D92B2-397A-48D2-0139-B0DC53B034A7",
    "8A4D92B2-39CA-AF4B-0139-D472724E0C46",
    "8A4D92B2-397A-48D2-0139-7CCB48F6025D",
    "8A4D92B2-397A-48D2-0139-9CD4937E6C86",
    "8A4D92B2-3946-CDAE-0139-7941863D7FFD",
    "8A4D92B2-3946-CDAE-0139-77E3E23961AB",
    "8A4D92B2-3946-CDAE-0139-77E3674A60FC",
    "8A4D92B2-3946-CDAE-0139-5A8AF3E97BDB",
    "8A4D92B2-3946-CDAE-0139-78797547731A",
    "8A4D92B2-356D-A09E-0135-C5EE417421A0",
    "8A4D92B2-3946-CDAE-0139-78E4E5077D41",
    "8A4D92B2-397A-48D2-0139-C6208B875109",
    "8A4D92B2-3946-CDAE-0139-77E59FA3632E",
    "8A4D92B2-39CA-AF4B-0139-FEDEEAA44F14",
    "8A4D92B2-356D-A09E-0135-C4D3D6191416",
    "8A4D92B2-3946-CDAE-0139-7944ACB700BD",
    "8A4D92B2-397A-48D2-0139-C63D3E41543C",
    "8A4D92B2-3A00-2A25-013A-4B4A282E7048",
    "8A4D92B2-397A-48D2-0139-C648B33D5582",
    "8A4D92B2-3A58-B777-013A-652851981835",
    "8A4D92B2-3A00-2A25-013A-40E66CE1333F",
    "8A4D92B2-3946-CDAE-0139-77F580AE6690",
    "8A4D92B2-3A00-2A25-013A-409617472E41",
    "8A4D92B2-397A-48D2-0139-7CC6B5B8011E",
    "8A4D92B2-3A00-2A25-013A-4B927224747D",
    "8A4D92B2-3A00-2A25-013A-23015AD43373",
    "8A4D92B2-3A00-2A25-013A-2D26C69D5CA4",
    "8A4D92B2-373F-82E2-0137-BE8BF22D0256",
    "8A4D92B2-3946-CDAE-0139-79591505044D",
    "8A4D92B2-397A-48D2-0139-B0CBA8DB32C3",
    "8A4D92B2-39CA-AF4B-0139-CAE9ED8A01BD",
    "8A4D92B2-3A00-2A25-013A-316901EC6CED",
    "8A4D92B2-397A-48D2-0139-9CEA5D84733A",
    "8A4D92B2-397A-48D2-0139-7E243C8B15B6",
    "8A4D92B2-356D-A09E-0135-9B065EFA5D47",
    "8A4D92B2-3676-1350-0136-9768076550F0",
    "8A4D92B2-3A00-2A25-013A-407C78A12C20",
    "8A4D92B2-397A-48D2-0139-A1E9806F0EF4",
    "8A4D92B2-35FB-4AA7-0136-5A7418FF37E8",
    "8A4D92B2-3887-5DF3-0139-018CE6F1622A",
    "8A4D92B2-3887-5DF3-0139-0C49FB8C4757",
    "8A4D92B2-37D1-F95B-0137-E776B0467BAF",
    "8A4D92B2-3887-5DF3-0139-01965ECF65BE",
    "8A4D92B2-37D1-F95B-0137-E726AD2F7415",
    "8A4D92B2-3887-5DF3-0139-0C4E41594C98",
    "8A4D92B2-3887-5DF3-0139-0D071EE37793",
    "8A4D92B2-3887-5DF3-0139-0D01C6626E46",
    "8A4D92B2-3A58-B777-013A-716DFC096EE3",
    "8A4D92B2-3887-5DF3-0139-0D08A4BE7BE6",
    "8A4D92B2-3887-5DF3-0139-11B262260A92",
    "8A4D92B2-37BF-6F1B-0137-CCD612A40D0E",
    "8A4D92B2-3887-5DF3-0139-01A1D2C966BC",
    "8A4D92B2-3887-5DF3-0139-01959FB76498",
    "8A4D92B2-37BF-6F1B-0137-CDADBA302B85",
    "8A4D92B2-3A00-2A25-013A-4640D11650CB",
    "8A4D92B2-3887-5DF3-0139-0C4E6D2B4D6B",
    "8A4D92B2-3887-5DF3-0138-9B2EABA7321D",
    "8A4D92B2-3887-5DF3-0139-013B0C87524A",
    "8A4D92B2-3887-5DF3-0139-0C0D3D783133",
    "8A4D92B2-3A00-2A25-013A-0DD50CE621D8",
    "8A4D92B2-3887-5DF3-0139-01954AFC63B2",
    "8A4D92B2-3A58-B777-013A-670AB6932A3B",
    "8A4D92B2-37D1-F95B-0137-DD4B0EB62DE6",
    "8A4D92B2-3887-5DF3-0139-0C4E00454B35",
    "8A4D92B2-39CA-AF4B-0139-DFAAFFD96EFE",
    "8A4D92B2-37D1-F95B-0137-E1E272994B3F",
    "8A4D92B2-3A00-2A25-013A-295ED21C463C",
    "8A4D92B2-3887-5DF3-0139-12364AE9126F"
  ],
  "patients": [
    "a6300c43651965991a4308ffaeb5381d",
    "cce1bd3b83676d7a9b286b374b4c34f8",
    "343731b99c6bdb35a1fc31ce9ed6f889",
    "b54a4e3ab37de7e5f8094793afb8a699",
    "d045df54952043573bb6a94c374c8420",
    "eb6af018e11320f5c163624beb83767d",
    "fed089904c10b81c036adddedddebe7b",
    "20a80b26a1bfa70740e243ea5ac1fea6",
    "23079f2943e24bd886119aec14d2ac82",
    "cbdb18379e52144f90b4756875934f6f",
    "61aa020431420dce8f53b74352a990fe",
    "e05ff19bd33566173fd742d4b9831f1f",
    "258ee9087c5a5fe359ceb3aafff0dd76",
    "846c1c2ba8370c2f5504b315cc4b1d5d",
    "929dd1f2c4c54c024fd4d18b1307fdb1",
    "5f118631f09abdbdeb1962dc28bfeb27",
    "ee85c89f24946e2ddca12c6edc5181dc",
    "ce83c561f62e245ad4e0ca648e9de0dd",
    "fdea0c22270417d9e59f20b07f642679",
    "b5633133e3421216ced2bdef4dbf382d",
    "86366af3a8c85d3d005d40da67d2c010",
    "470f57b022eaeffd4d599078e851a56d",
    "91bd37f9cebf7b6ef9f72d7fd6148a81",
    "0085074bb549ffefffa6e16ff34df140",
    "1be81ce59da982792026cc82d95bc10e",
    "29cecb1da08efd331fce823e12b607d5",
    "0a26a978d07240b0f917e96727db31d8",
    "511b530c8662f8df97eb97b3eefa0618",
    "bd2d8e0fd774e32f623e1fe5ad44781f",
    "0dbaf9336f7aa1590265250a0eebe548",
    "bc8f60f4cbde3d6c28974971b6880792",
    "7a86cc6d87cb84461ea190e7c706d81b",
    "185be4f0c1ea87f63e4326e45db87bdf",
    "697e147f076648275e518e7b3ff41dcd",
    "395b4a59b6e9dbe3abce79a5e743a3db",
    "d156a6d38e10efc30eda3cace7456537",
    "8130b2ff5774f1593c86eba8dca4c37b",
    "59074d1606548365d4db75931397082c",
    "caf50e70e548d61d097c68e9001ded60",
    "3f3a63ed0f7c69e7d39e0f7f6f123151",
    "52e4994176da107bf82584a316146e68",
    "29778d9cb06701de524b752c1f4de992",
    "879223b7a0d9fee24b76afac7e1ce268",
    "e8932b4783869759f5217d12cc6efd19",
    "e9f710b1f129c10bf69d3c29432e166f",
    "f8745b14e07f41c49d8785a1d9920b77",
    "4419c3df96d1e9699136eaa29b9cd44b",
    "649910f4a9da359b17d7c1b012decc17",
    "116c5a883ccdc89b2531bcbae3a403ab",
    "f03f9bf5cc4bfa7298ae1a4804cc7e5f",
    "1d498bdc11d16adefd411599c04be5ee",
    "cce692bcfd3d4dc602a052190bb30d8b",
    "c6bbb7342c4cf4ebeeaf1a417646db69",
    "6d4da8955b5aee38deb098909d3c4a06",
    "b03719c7f99502b7990918baf4640f70",
    "4f2694161da81fb6d16f6fb421239e3d",
    "1ef57c0a5ac2ef5a2b50b3f4bb04d76c"
  ],
  "extensions": [
    "map_reduce_utils",
    "underscore_min",
    "hqmf_utils"
  ]
}