<?xml version="1.0" encoding="UTF-8"?>
<measureMap xmlns:xsi="http://www.w3.org/2001/XMLSchema-instance" xsi:noNamespaceSchemaLocation="C:/Users/rickg/workspaces-svn/ClientProjects/QRDATesting/measure-specific-schematron/measureMap.xsd">
	<measure>
		<name>Aspirin Prescribed at Discharge</name>
		<setId root="bb481284-30dd-4383-928c-82385bbf1b17"/>
		<version>
			<versionNumber>1</versionNumber>
			<id root="8a4d92b2-3887-5df3-0139-0d01c6626e46"/>
		</version>
	</measure>
	<measure>
		<name>Assessed for Rehabilitation</name>
		<setId root="7dc26160-e615-4cc2-879c-75985189ec1a"/>
		<version>
			<versionNumber>1</versionNumber>
			<id root="8a4d92b2-3887-5df3-0139-01954afc63b2"/>
		</version>
	</measure>
	<measure>
		<name>Discharged on Antithrombotic Therapy</name>
		<setId root="42bf391f-38a3-4c0f-9ece-dcd47e9609d9"/>
		<version>
			<versionNumber>1</versionNumber>
			<id root="8a4d92b2-37bf-6f1b-0137-cdadba302b85"/>
		</version>
	</measure>
	<measure>
		<name>Discharged on Statin Medication</name>
		<setId root="1f503318-bb8d-4b91-af63-223ae0a2328e"/>
		<version>
			<versionNumber>1</versionNumber>
			<id root="8a4d92b2-37d1-f95b-0137-e776b0467baf"/>
		</version>
	</measure>
	<measure>
		<name>Stroke Education</name>
		<setId root="217fdf0d-3d64-4720-9116-d5e5afa27f2c"/>
		<version>
			<versionNumber>1</versionNumber>
			<id root="8a4d92b2-3a00-2a25-013a-0dd50ce621d8"/>
		</version>
	</measure>
	<measure>
		<name>Venous Thromboembolism Prophylaxis</name>
		<setId root="38b0b5ec-0f63-466f-8fe3-2cd20ddd1622"/>
		<version>
			<versionNumber>1</versionNumber>
			<id root="8a4d92b2-3887-5df3-0139-01a1d2c966bc"/>
		</version>
	</measure>
	<measure>
		<name>Venous Thromboembolism Patients Receiving Unfractionated Heparin with Dosages/Platelet Count Monitoring by Protocol or Nomogram</name>
		<setId root="bcce43dd-08e3-46c3-bfdd-0b1b472690f0"/>
		<version>
			<versionNumber>1</versionNumber>
			<id root="8a4d92b2-3887-5df3-0139-01959fb76498"/>
		</version>
	</measure>
	<measure>
		<name>Venous Thromboembolism Discharge Instructions</name>
		<setId root="7fe69617-fa28-4305-a2b8-ceb6bcd9693d"/>
		<version>
			<versionNumber>1</versionNumber>
			<id root="8a4d92b2-3887-5df3-0138-9b2eaba7321d"/>
		</version>
	</measure>
	<measure>
		<name>Median Admit Decision Time to ED Departure Time for Admitted Patients</name>
		<setId root="979f21bd-3f93-4cdd-8273-b23dfe9c0513"/>
		<version>
			<versionNumber>1</versionNumber>
			<id root="8a4d92b2-3887-5df3-0139-0c4e00454b35"/>
		</version>
	</measure>
	<measure>
		<name>Elective Delivery</name>
		<setId root="fd7ca18d-b56d-4bca-af35-71ce36b15246"/>
		<version>
			<versionNumber>1</versionNumber>
			<id root="8a4d92b2-3887-5df3-0139-01965ecf65be"/>
		</version>
	</measure>
	<measure>
		<name>Incidence of Potentially-Preventable Venous Thromboembolism</name>
		<setId root="32cfc834-843a-4f45-b359-8e158eac4396"/>
		<version>
			<versionNumber>1</versionNumber>
			<id root="8a4d92b2-3887-5df3-0139-018ce6f1622a"/>
		</version>
	</measure>
	<measure>
		<name>Prophylactic Antibiotic Received Within One Hour Prior to Surgical Incision</name>
		<setId root="d09add1d-30f5-462d-b677-3d17d9ccd664"/>
		<version>
			<versionNumber>1</versionNumber>
			<id root="8a4d92b2-39ca-af4b-0139-dfaaffd96efe"/>
		</version>
	</measure>
	<measure>
		<name>Prophylactic Antibiotic Selection for Surgical Patients</name>
		<setId root="feea3922-f61f-4b05-98f9-b72a11815f12"/>
		<version>
			<versionNumber>1</versionNumber>
			<id root="8a4d92b2-37d1-f95b-0137-e1e272994b3f"/>
		</version>
	</measure>
	<measure>
		<name>Urinary catheter removed on Postoperative Day 1 (POD 1) or Postoperative Day 2 (POD 2) with day of surgery being day zero</name>
		<setId root="d78ce034-8288-4012-a31e-7f485a74f2a9"/>
		<version>
			<versionNumber>1</versionNumber>
			<id root="8a4d92b2-3a58-b777-013a-670ab6932a3b"/>
		</version>
	</measure>
	<measure>
		<name>Healthy Term Newborn</name>
		<setId root="ff796fd9-f99d-41fd-b8c2-57d0a59a5d8d"/>
		<version>
			<versionNumber>1</versionNumber>
			<id root="8a4d92b2-3a00-2a25-013a-295ed21c463c"/>
		</version>
	</measure>
	<measure>
		<name>Initial Antibiotic Selection for Community-Acquired Pneumonia (CAP) in Immunocompetent Patients</name>
		<setId root="8243eae0-bbd7-4107-920b-fc3db04b9584"/>
		<version>
			<versionNumber>1</versionNumber>
			<id root="8a4d92b2-3a58-b777-013a-716dfc096ee3"/>
		</version>
	</measure>
	<measure>
		<name>Intensive Care Unit Venous Thromboembolism Prophylaxis</name>
		<setId root="fa91ba68-1e66-4a23-8eb2-baa8e6df2f2f"/>
		<version>
			<versionNumber>1</versionNumber>
			<id root="8a4d92b2-3a00-2a25-013a-4640d11650cb"/>
		</version>
	</measure>
	<measure>
		<name>Home Management Plan of Care (HMPC) Document Given to Patient/Caregiver</name>
		<setId root="e1cb05e0-97d5-40fc-b456-15c5dbf44309"/>
		<version>
			<versionNumber>1</versionNumber>
			<id root="8a4d92b2-37bf-6f1b-0137-ccd612a40d0e"/>
		</version>
	</measure>
	<measure>
		<name>Statin Prescribed at Discharge</name>
		<setId root="ebfa203e-acc1-4228-906c-855c4bf11310"/>
		<version>
			<versionNumber>1</versionNumber>
			<id root="8a4d92b2-3887-5df3-0139-0d071ee37793"/>
		</version>
	</measure>
	<measure>
		<name>Hearing Screening Prior To Hospital Discharge (EHDI-1a)</name>
		<setId root="0924fbae-3fdb-4d0a-aab7-9f354e699fde"/>
		<version>
			<versionNumber>1</versionNumber>
			<id root="8a4d92b2-3887-5df3-0139-12364ae9126f"/>
		</version>
	</measure>
	<measure>
		<name>Median Time from ED Arrival to ED Departure for Discharged ED Patients</name>
		<setId root="3fd13096-2c8f-40b5-9297-b714e8de9133"/>
		<version>
			<versionNumber>1</versionNumber>
			<id root="8a4d92b2-37d1-f95b-0137-dd4b0eb62de6"/>
		</version>
	</measure>
	<measure>
		<name>Primary PCI Received Within 90 Minutes of Hospital Arrival</name>
		<setId root="84b9d0b5-0caf-4e41-b345-3492a23c2e9f"/>
		<version>
			<versionNumber>1</versionNumber>
			<id root="8a4d92b2-3887-5df3-0139-0d08a4be7be6"/>
		</version>
	</measure>
	<measure>
		<name>Median Time from ED Arrival to ED Departure for Admitted ED Patients</name>
		<setId root="9a033274-3d9b-11e1-8634-00237d5bf174"/>
		<version>
			<versionNumber>1</versionNumber>
			<id root="8a4d92b2-3887-5df3-0139-0c4e41594c98"/>
		</version>
	</measure>
	<measure>
		<name>Fibrinolytic Therapy Received Within 30 Minutes of Hospital Arrival</name>
		<setId root="909cf4b4-7a85-4abf-a1c7-cb597ed1c0b6"/>
		<version>
			<versionNumber>1</versionNumber>
			<id root="8a4d92b2-3887-5df3-0139-11b262260a92"/>
		</version>
	</measure>
	<measure>
		<name>Anticoagulation Therapy for Atrial Fibrillation/Flutter</name>
		<setId root="03876d69-085b-415c-ae9d-9924171040c2"/>
		<version>
			<versionNumber>1</versionNumber>
			<id root="8a4d92b2-3887-5df3-0139-013b0c87524a"/>
		</version>
	</measure>
	<measure>
		<name>Antithrombotic Therapy By End of Hospital Day 2</name>
		<setId root="93f3479f-75d8-4731-9a3f-b7749d8bcd37"/>
		<version>
			<versionNumber>1</versionNumber>
			<id root="8a4d92b2-3887-5df3-0139-0c49fb8c4757"/>
		</version>
	</measure>
	<measure>
		<name>Venous Thromboembolism Patients with Anticoagulation Overlap Therapy</name>
		<setId root="6f069bb2-b3c4-4bf4-adc5-f6dd424a10b7"/>
		<version>
			<versionNumber>1</versionNumber>
			<id root="8a4d92b2-3887-5df3-0139-0c4e6d2b4d6b"/>
		</version>
	</measure>
	<measure>
		<name>Thrombolytic Therapy</name>
		<setId root="2838875a-07b5-4bf0-be04-c3eb99f53975"/>
		<version>
			<versionNumber>1</versionNumber>
			<id root="8a4d92b2-3887-5df3-0139-0c0d3d783133"/>
		</version>
	</measure>
	<measure>
		<name>Exclusive Breast Milk Feeding</name>
		<setId root="7d374c6a-3821-4333-a1bc-4531005d77b8"/>
		<version>
			<versionNumber>1</versionNumber>
			<id root="8a4d92b2-37d1-f95b-0137-e726ad2f7415"/>
		</version>
	</measure>
	<measure>
		<name>Childhood Immunization Status</name>
		<setId root="b2802b7a-3580-4be8-9458-921aea62b78c"/>
		<version>
			<versionNumber>1</versionNumber>
			<id root="8a4d92b2-39ca-af4b-0139-cae9ed8a01bd"/>
		</version>
	</measure>
	<measure>
		<name>Diabetes: Hemoglobin A1c Poor Control</name>
		<setId root="f2986519-5a4e-4149-a8f2-af0a1dc7f6bc"/>
		<version>
			<versionNumber>1</versionNumber>
			<id root="8a4d92b2-397a-48d2-0139-9cd4937e6c86"/>
		</version>
	</measure>
	<measure>
		<name>Diabetes: Foot Exam</name>
		<setId root="c0d72444-7c26-4863-9b51-8080f8928a85"/>
		<version>
			<versionNumber>1</versionNumber>
			<id root="8a4d92b2-397a-48d2-0139-7ccb48f6025d"/>
		</version>
	</measure>
	<measure>
		<name>Cervical Cancer Screening</name>
		<setId root="42e7e489-790f-427a-a1a6-d6e807f65a6d"/>
		<version>
			<versionNumber>1</versionNumber>
			<id root="8a4d92b2-397a-48d2-0139-b0cba8db32c3"/>
		</version>
	</measure>
	<measure>
		<name>Breast Cancer Screening</name>
		<setId root="19783c1b-4fd1-46c1-8a96-a2f192b97ee0"/>
		<version>
			<versionNumber>1</versionNumber>
			<id root="8a4d92b2-397a-48d2-0139-b0cadcb63221"/>
		</version>
	</measure>
	<measure>
		<name>Use of Appropriate Medications for Asthma</name>
		<setId root="59e84144-6332-4369-aebd-03a7899ca3da"/>
		<version>
			<versionNumber>1</versionNumber>
			<id root="8a4d92b2-397a-48d2-0139-c648b33d5582"/>
		</version>
	</measure>
	<measure>
		<name>Pneumonia Vaccination Status for Older Adults</name>
		<setId root="59657b9b-01bf-4979-a090-8534da1d0516"/>
		<version>
			<versionNumber>1</versionNumber>
			<id root="8a4d92b2-35fb-4aa7-0136-5a26000d30bd"/>
		</version>
	</measure>
	<measure>
		<name>Anti-depressant Medication Management</name>
		<setId root="8924f2b3-ec06-4650-b634-d70a53dee577"/>
		<version>
			<versionNumber>1</versionNumber>
			<id root="8a4d92b2-39ca-af4b-0139-caf11e27054e"/>
		</version>
	</measure>
	<measure>
		<name>Prostate Cancer: Avoidance of Overuse of Bone Scan for Staging Low Risk Prostate Cancer Patients</name>
		<setId root="1635c14d-e612-4fa6-96cd-285361aa7f7b"/>
		<version>
			<versionNumber>1</versionNumber>
			<id root="8a4d92b2-397a-48d2-0139-b0a4bca22cf1"/>
		</version>
	</measure>
	<measure>
		<name>Colorectal Cancer Screening</name>
		<setId root="aa2a4bbc-864f-45ee-b17a-7ebcc62e6aac"/>
		<version>
			<versionNumber>1</versionNumber>
			<id root="8a4d92b2-35fb-4aa7-0136-403ad4504573"/>
		</version>
	</measure>
	<measure>
		<name>Diabetes: Eye Exam</name>
		<setId root="d90bdab4-b9d2-4329-9993-5c34e2c0dc66"/>
		<version>
			<versionNumber>1</versionNumber>
			<id root="8a4d92b2-39ca-af4b-0139-d472724e0c46"/>
		</version>
	</measure>
	<measure>
		<name>Cataracts: Complications within 30 Days Following Cataract Surgery Requiring Additional Surgical Procedures</name>
		<setId root="9a0339c2-3d9b-11e1-8634-00237d5bf174"/>
		<version>
			<versionNumber>1</versionNumber>
			<id root="8a4d92b2-3946-cdae-0139-795264d90290"/>
		</version>
	</measure>
	<measure>
		<name>Cataracts: 20/40 or Better Visual Acuity within 90 Days Following Cataract Surgery</name>
		<setId root="39e0424a-1727-4629-89e2-c46c2fbb3f5f"/>
		<version>
			<versionNumber>1</versionNumber>
			<id root="8a4d92b2-3946-cdae-0139-79591505044d"/>
		</version>
	</measure>
	<measure>
		<name>Diabetes: Urine Protein Screening</name>
		<setId root="7b2a9277-43da-4d99-9bee-6ac271a07747"/>
		<version>
			<versionNumber>1</versionNumber>
			<id root="8a4d92b2-397a-48d2-0139-7e243c8b15b6"/>
		</version>
	</measure>
	<measure>
		<name>Heart Failure (HF): Angiotensin-Converting Enzyme (ACE) Inhibitor or Angiotensin Receptor Blocker (ARB) Therapy for Left Ventricular Systolic Dysfunction (LVSD)</name>
		<setId root="430ffc53-4122-4421-88cc-2edd8117bb3c"/>
		<version>
			<versionNumber>1</versionNumber>
			<id root="8a4d92b2-3946-cdae-0139-78e4e5077d41"/>
		</version>
	</measure>
	<measure>
		<name>ADHD: Follow-Up Care for Children Prescribed Attention-Deficit/Hyperactivity Disorder (ADHD) Medication</name>
		<setId root="703cc49b-b653-4885-80e8-245a057f5ae9"/>
		<version>
			<versionNumber>1</versionNumber>
			<id root="8a4d92b2-397a-48d2-0139-9bb3331f4c02"/>
		</version>
	</measure>
	<measure>
		<name>Initiation and Engagement of Alcohol and Other Drug Dependence Treatment</name>
		<setId root="c3657d72-21b4-4675-820a-86c7fe293bf5"/>
		<version>
			<versionNumber>1</versionNumber>
			<id root="8a4d92b2-3946-cdae-0139-7944acb700bd"/>
		</version>
	</measure>
	<measure>
		<name>Preventive Care and Screening: Tobacco Use: Screening and Cessation Intervention</name>
		<setId root="e35791df-5b25-41bb-b260-673337bc44a8"/>
		<version>
			<versionNumber>1</versionNumber>
			<id root="8a4d92b2-3946-cdae-0139-77de6f785ed7"/>
		</version>
	</measure>
	<measure>
		<name>Falls: Screening for Future Fall Risk</name>
		<setId root="bc5b4a57-b964-4399-9d40-667c896f31ea"/>
		<version>
			<versionNumber>1</versionNumber>
			<id root="8a4d92b2-3946-cdae-0139-5a8af3e97bdb"/>
		</version>
	</measure>
	<measure>
		<name>Breast Cancer: Hormonal Therapy for Stage IC-IIIC Estrogen Receptor/Progesterone Receptor (ER/PR) Positive Breast Cancer</name>
		<setId root="ac639794-cb3f-4f4f-8fa6-680300d5ed4e"/>
		<version>
			<versionNumber>1</versionNumber>
			<id root="8a4d92b2-397a-48d2-0139-b0a6a11f2da5"/>
		</version>
	</measure>
	<measure>
		<name>Colon Cancer: Chemotherapy for AJCC Stage III Colon Cancer Patients</name>
		<setId root="8479f6d6-4200-4fd0-9438-30048ebe3e29"/>
		<version>
			<versionNumber>1</versionNumber>
			<id root="8a4d92b2-397a-48d2-0139-9cea5d84733a"/>
		</version>
	</measure>
	<measure>
		<name>Diabetic Retinopathy: Communication with the Physician Managing Ongoing Diabetes Care</name>
		<setId root="53d6d7c3-43fb-4d24-8099-17e74c022c05"/>
		<version>
			<versionNumber>1</versionNumber>
			<id root="8a4d92b2-3946-cdae-0139-77e3e23961ab"/>
		</version>
	</measure>
	<measure>
		<name>Primary Open Angle Glaucoma (POAG): Optic Nerve Evaluation</name>
		<setId root="db9d9f09-6b6a-4749-a8b2-8c1fdb018823"/>
		<version>
			<versionNumber>1</versionNumber>
			<id root="8a4d92b2-35fb-4aa7-0136-5a7418ff37e8"/>
		</version>
	</measure>
	<measure>
		<name>Heart Failure (HF): Beta-Blocker Therapy for Left Ventricular Systolic Dysfunction (LVSD)</name>
		<setId root="8439f671-2932-4d4c-88ca-ea5faeacc89a"/>
		<version>
			<versionNumber>1</versionNumber>
			<id root="8a4d92b2-3676-1350-0136-9768076550f0"/>
		</version>
	</measure>
	<measure>
		<name>Coronary Artery Disease (CAD): Beta-Blocker Therapy—Prior Myocardial Infarction (MI) or Left Ventricular Systolic Dysfunction (LVEF &lt;40%)</name>
		<setId root="80744ae2-de81-4b16-a71d-69522eb865c5"/>
		<version>
			<versionNumber>1</versionNumber>
			<id root="8a4d92b2-3946-cdae-0139-78e0235b7b8b"/>
		</version>
	</measure>
	<measure>
		<name>Appropriate Testing for Children with Pharyngitis</name>
		<setId root="beb1c33c-2549-4e7f-9567-05ed38448464"/>
		<version>
			<versionNumber>1</versionNumber>
			<id root="8a4d92b2-3946-cdae-0139-77f580ae6690"/>
		</version>
	</measure>
	<measure>
		<name>Preventive Care and Screening: Influenza Immunization</name>
		<setId root="a244aa29-7d11-4616-888a-86e376bfcc6f"/>
		<version>
			<versionNumber>1</versionNumber>
			<id root="8a4d92b2-3946-cdae-0139-78797547731a"/>
		</version>
	</measure>
	<measure>
		<name>Hemoglobin A1c Test for Pediatric Patients</name>
		<setId root="95fb767e-0cb2-4778-b5ff-6ba9a53fa28e"/>
		<version>
			<versionNumber>1</versionNumber>
			<id root="8a4d92b2-397a-48d2-0139-c61d57895039"/>
		</version>
	</measure>
	<measure>
		<name>Dementia: Cognitive Assessment</name>
		<setId root="7c443b9b-1ad1-4467-b527-defc445701ff"/>
		<version>
			<versionNumber>1</versionNumber>
			<id root="8a4d92b2-3946-cdae-0139-77ef07b664e1"/>
		</version>
	</measure>
	<measure>
		<name>Chlamydia Screening for Women</name>
		<setId root="c9930664-be3d-4ffe-ae4a-5cf4933ecb89"/>
		<version>
			<versionNumber>1</versionNumber>
			<id root="8a4d92b2-397a-48d2-0139-b0cc617e335d"/>
		</version>
	</measure>
	<measure>
		<name>Appropriate Treatment for Children with Upper Respiratory Infection (URI)</name>
		<setId root="e455fac0-f2cb-4074-a351-1e68a90fb7cf"/>
		<version>
			<versionNumber>1</versionNumber>
			<id root="8a4d92b2-3946-cdae-0139-77fe9fdc6853"/>
		</version>
	</measure>
	<measure>
		<name>Weight Assessment and Counseling for Nutrition and Physical Activity for Children and Adolescents</name>
		<setId root="0b63f730-25d6-4248-b11f-8c09c66a04eb"/>
		<version>
			<versionNumber>1</versionNumber>
			<id root="8a4d92b2-397a-48d2-0139-7cc6b5b8011e"/>
		</version>
	</measure>
	<measure>
		<name>Use of High-Risk Medications in the Elderly</name>
		<setId root="a3837ff8-1abc-4ba9-800e-fd4e7953adbd"/>
		<version>
			<versionNumber>1</versionNumber>
			<id root="8a4d92b2-3946-cdae-0139-77e59fa3632e"/>
		</version>
	</measure>
	<measure>
		<name>Oncology: Medical and Radiation – Pain Intensity Quantified</name>
		<setId root="9a0330d0-3d9b-11e1-8634-00237d5bf174"/>
		<version>
			<versionNumber>1</versionNumber>
			<id root="8a4d92b2-3946-cdae-0139-77ee2510640e"/>
		</version>
	</measure>
	<measure>
		<name>Pregnant women that had HBsAg testing</name>
		<setId root="3bbfc929-50c8-44b8-8d34-82be75c08a70"/>
		<version>
			<versionNumber>1</versionNumber>
			<id root="8a4d92b2-35fb-4aa7-0136-1cb01c4d758c"/>
		</version>
	</measure>
	<measure>
		<name>Depression Remission at Twelve Months</name>
		<setId root="8455cd3e-dbb9-4e0c-8084-3ece4068fe94"/>
		<version>
			<versionNumber>1</versionNumber>
			<id root="8a4d92b2-397a-48d2-0139-b0dc53b034a7"/>
		</version>
	</measure>
	<measure>
		<name>Depression Utilization of the PHQ-9 Tool</name>
		<setId root="a4b9763c-847e-4e02-bb7e-acc596e90e2c"/>
		<version>
			<versionNumber>1</versionNumber>
			<id root="8a4d92b2-397a-48d2-0139-a27b83221f9a"/>
		</version>
	</measure>
	<measure>
		<name>Major Depressive Disorder (MDD): Suicide Risk Assessment</name>
		<setId root="60176fbf-bfdc-4892-9c9e-604f206553c8"/>
		<version>
			<versionNumber>1</versionNumber>
			<id root="8a4d92b2-397a-48d2-0139-a1e9806f0ef4"/>
		</version>
	</measure>
	<measure>
		<name>Diabetes: Low Density Lipoprotein (LDL) Management</name>
		<setId root="0dac1dec-e011-493b-a281-7c28964872dd"/>
		<version>
			<versionNumber>1</versionNumber>
			<id root="8a4d92b2-3946-cdae-0139-7941863d7ffd"/>
		</version>
	</measure>
	<measure>
		<name>Ischemic Vascular Disease (IVD): Use of Aspirin or Another Antithrombotic</name>
		<setId root="0713ea8f-0e5b-4099-8c7c-dd677280398f"/>
		<version>
			<versionNumber>1</versionNumber>
			<id root="8a4d92b2-397a-48d2-0139-c626c0935307"/>
		</version>
	</measure>
	<measure>
		<name>Controlling High Blood Pressure</name>
		<setId root="abdc37cc-bac6-4156-9b91-d1be2c8b7268"/>
		<version>
			<versionNumber>1</versionNumber>
			<id root="8a4d92b2-397a-48d2-0139-c6208b875109"/>
		</version>
	</measure>
	<measure>
		<name>Use of Imaging Studies for Low Back Pain</name>
		<setId root="b6016b47-b65d-4be0-866f-1d397886ca89"/>
		<version>
			<versionNumber>1</versionNumber>
			<id root="8a4d92b2-39ca-af4b-0139-d49a6c2a1dd7"/>
		</version>
	</measure>
	<measure>
		<name>Diabetic Retinopathy: Documentation of Presence or Absence of Macular Edema and Level of Severity of Retinopathy</name>
		<setId root="50164228-9d64-4efc-af67-da0547ff61f1"/>
		<version>
			<versionNumber>1</versionNumber>
			<id root="8a4d92b2-3946-cdae-0139-77e3674a60fc"/>
		</version>
	</measure>
	<measure>
		<name>Bipolar Disorder and Major Depression: Appraisal for alcohol or chemical substance use</name>
		<setId root="b99aaef6-7889-4aba-85fc-5a2b739dd098"/>
		<version>
			<versionNumber>1</versionNumber>
			<id root="8a4d92b2-3a58-b777-013a-652851981835"/>
		</version>
	</measure>
	<measure>
		<name>Child and Adolescent Major Depressive Disorder (MDD): Suicide Risk Assessment</name>
		<setId root="848d09de-7e6b-43c4-bedd-5a2957ccffe3"/>
		<version>
			<versionNumber>1</versionNumber>
			<id root="8a4d92b2-373f-82e2-0137-be8bf22d0256"/>
		</version>
	</measure>
	<measure>
		<name>ADE Prevention and Monitoring: Warfarin Time in Therapeutic Range</name>
		<setId root="a5e96a45-8132-4e72-bf4f-e8c81db9e641"/>
		<version>
			<versionNumber>1</versionNumber>
			<id root="8a4d92b2-3a00-2a25-013a-23015ad43373"/>
		</version>
	</measure>
	<measure>
		<name>Ischemic Vascular Disease (IVD): Complete Lipid Panel and LDL Control</name>
		<setId root="500e4792-7f94-4e34-8546-ee71c56fe463"/>
		<version>
			<versionNumber>1</versionNumber>
			<id root="8a4d92b2-397a-48d2-0139-c63d3e41543c"/>
		</version>
	</measure>
	<measure>
		<name>Preventive Care and Screening:  Screening for High Blood Pressure and Follow-Up Documented</name>
		<setId root="9a033a94-3d9b-11e1-8634-00237d5bf174"/>
		<version>
			<versionNumber>1</versionNumber>
			<id root="8a4d92b2-3a00-2a25-013a-2d26c69d5ca4"/>
		</version>
	</measure>
	<measure>
		<name>Preventive Care and Screening: Screening for Clinical Depression and Follow-Up Plan</name>
		<setId root="9a031e24-3d9b-11e1-8634-00237d5bf174"/>
		<version>
			<versionNumber>1</versionNumber>
			<id root="8a4d92b2-3a00-2a25-013a-40e66ce1333f"/>
		</version>
	</measure>
	<measure>
		<name>Closing the referral loop: receipt of specialist report</name>
		<setId root="f58fc0d6-edf5-416a-8d29-79afbfd24dea"/>
		<version>
			<versionNumber>1</versionNumber>
			<id root="8a4d92b2-356d-a09e-0135-c5ffa8972292"/>
		</version>
	</measure>
	<measure>
		<name>HIV/AIDS: Pneumocystis jiroveci pneumonia (PCP) prophylaxis</name>
		<setId root="1cdd20de-5de9-4759-8a93-31f1f8baaaa2"/>
		<version>
			<versionNumber>1</versionNumber>
			<id root="8a4d92b2-39ca-af4b-0139-fedeeaa44f14"/>
		</version>
	</measure>
	<measure>
		<name>Functional Status Assessment for Hip Replacement</name>
		<setId root="2f291003-3f2f-48af-bef9-e5aacb95ac3e"/>
		<version>
			<versionNumber>1</versionNumber>
			<id root="8a4d92b2-356d-a09e-0135-af80862e655b"/>
		</version>
	</measure>
	<measure>
		<name>Preventive Care and Screening: Cholesterol - Fasting Low Density Lipoprotein (LDL-C) Test Performed</name>
		<setId root="0a7f0278-a05c-40aa-94a4-70ec44f5c568"/>
		<version>
			<versionNumber>1</versionNumber>
			<id root="8a4d92b2-3a00-2a25-013a-31687d1e6ba7"/>
		</version>
	</measure>
	<measure>
		<name>HIV/AIDS: Medical Visit</name>
		<setId root="f70b2984-af4a-4072-ae0d-cec677a7ff8f"/>
		<version>
			<versionNumber>1</versionNumber>
			<id root="8a4d92b2-3a00-2a25-013a-407c78a12c20"/>
		</version>
	</measure>
	<measure>
		<name>Preventive Care and Screening: Risk-Stratified Cholesterol – Fasting Low Density Lipoprotein (LDL-C)</name>
		<setId root="0336a17b-7c2a-48fc-a657-e9b04269a4cc"/>
		<version>
			<versionNumber>1</versionNumber>
			<id root="8a4d92b2-3a00-2a25-013a-316901ec6ced"/>
		</version>
	</measure>
	<measure>
		<name>Hypertension: Improvement in Blood Pressure</name>
		<setId root="1d8363ce-a529-490b-8c98-9b54aa75da06"/>
		<version>
			<versionNumber>1</versionNumber>
			<id root="8a4d92b2-356d-a09e-0135-c4d3d6191416"/>
		</version>
	</measure>
	<measure>
		<name>Functional Status Assessment for Knee Replacement</name>
		<setId root="be8d9655-1194-46ef-b43e-4b1d0c36ab71"/>
		<version>
			<versionNumber>1</versionNumber>
			<id root="8a4d92b2-356d-a09e-0135-9b065efa5d47"/>
		</version>
	</measure>
	<measure>
		<name>Documentation of Current Medications in the Medical Record</name>
		<setId root="9a032d9c-3d9b-11e1-8634-00237d5bf174"/>
		<version>
			<versionNumber>1</versionNumber>
			<id root="8a4d92b2-3a00-2a25-013a-4b4a282e7048"/>
		</version>
	</measure>
	<measure>
		<name>Preventive Care and Screening: Body Mass Index (BMI) Screening and Follow-Up</name>
		<setId root="9a031bb8-3d9b-11e1-8634-00237d5bf174"/>
		<version>
			<versionNumber>1</versionNumber>
			<id root="8a4d92b2-3a00-2a25-013a-4b927224747d"/>
		</version>
	</measure>
	<measure>
		<name>Primary Caries Prevention Intervention as Offered by Primary Care Providers, including Dentists</name>
		<setId root="0b81b6ba-3b30-41bf-a2f3-95bdc9f558f2"/>
		<version>
			<versionNumber>1</versionNumber>
			<id root="8a4d92b2-370b-19fa-0137-27737c4300fa"/>
		</version>
	</measure>
	<measure>
		<name>Children Who Have Dental Decay or Cavities</name>
		<setId root="61947125-4376-4a7b-ab7a-ac2be9bd9138"/>
		<version>
			<versionNumber>1</versionNumber>
			<id root="8a4d92b2-370b-19fa-0137-282ddbcf35dc"/>
		</version>
	</measure>
	<measure>
		<name>HIV/AIDS: RNA Control for Patients with HIV</name>
		<setId root="e0a07809-7b74-473f-bcc4-1891be506aaa"/>
		<version>
			<versionNumber>1</versionNumber>
			<id root="8a4d92b2-3a00-2a25-013a-409617472e41"/>
		</version>
	</measure>
	<measure>
		<name>Maternal Depression Screening</name>
		<setId root="8e6c8479-99fd-4949-b0ad-24fa60fe4201"/>
		<version>
			<versionNumber>1</versionNumber>
			<id root="8a4d92b2-3927-d7ae-0139-366c49f93102"/>
		</version>
	</measure>
	<measure>
		<name>Functional Status Assessment for Complex Chronic Conditions</name>
		<setId root="bb9b8ef7-0354-40e0-bec7-d6891b7df519"/>
		<version>
			<versionNumber>1</versionNumber>
			<id root="8a4d92b2-356d-a09e-0135-c5ee417421a0"/>
		</version>
	</measure>
</measureMap>