<?xml version="1.0" encoding="utf-8"?>
<QualityMeasureDocument xmlns="urn:hl7-org:v3" xmlns:xsi="http://www.w3.org/2001/XMLSchema-instance">
  <id root="2.16.840.1.113883.3.100.1" extension="" />
  <code code="57024-2" codeSystem="2.16.840.1.113883.6.1"/>
  <title value="Statin Prescribed at Discharge"/>
  <text value="Acute myocardial infarction (AMI) patients who are prescribed a statin at hospital discharge."/>
  <statusCode code="completed" />
  <setId root="2.16.840.1.113883.3.100.1" extension="" />
  <versionNumber value=""/>
  <author typeCode="AUT" contextControlCode="OP">
    <responsibleParty classCode="ASSIGNED" />
  </author>
  <custodian typeCode="CST">
    <responsibleParty classCode="ASSIGNED" />
  </custodian>
  <controlVariable>
    <measurePeriod>
      <code code="MSRTP" codeSystem="2.16.840.1.113883.3.560">
        <displayName value="Measurement period"/>
      </code>
      <value>
        <low value="20100101" />
        <high value="20110101" />
      </value>
    </measurePeriod>
  </controlVariable>
  	<subjectOf>
		<measureAttribute>
			<id root="2.16.840.1.113883.3.100.1" extension="COPYRIGHT"/>
			<code code="COPY">
				<displayName value="Copyright"/>
			</code>
			<value xsi:type="ED" value="Measure specifications are in the Public Domain
CPT(R) is a trademark of the American Medical Association. Current Procedural Terminology. (CPT) is copyright 2012 American Medical Association. All rights reserved. No fee schedules, basic units, relative values, or related listings are included in CPT. The AMA assumes no liability for the data contained herein. Applicable FARS/DFARS restrictions apply to government use.
 
LOINC(R) is a registered trademark of the Regenstrief Institute.
 

This material contains SNOMED Clinical Terms (R) (SNOMED CT(c)) copyright 2004-2010 International Health Terminology Standards Development Organization. All rights reserved."/>
		</measureAttribute>
	</subjectOf>

  	<subjectOf>
		<measureAttribute>
			<id root="2.16.840.1.113883.3.100.1" extension="MEASURE_SCORING"/>
			<code code="MSRSCORE">
				<displayName value="Measure Scoring"/>
			</code>
		</measureAttribute>
	</subjectOf>

  	<subjectOf>
		<measureAttribute>
			<id root="2.16.840.1.113883.3.100.1" extension="MEASURE_TYPE"/>
			<code code="MSRTYPE">
				<displayName value="Measure Type"/>
			</code>
		</measureAttribute>
	</subjectOf>

  	<subjectOf>
		<measureAttribute>
			<id root="2.16.840.1.113883.3.100.1" extension="STRATIFICATION"/>
			<code code="STRAT">
				<displayName value="Stratification"/>
			</code>
			<value xsi:type="ED" value="None"/>
		</measureAttribute>
	</subjectOf>

  	<subjectOf>
		<measureAttribute>
			<id root="2.16.840.1.113883.3.100.1" extension="RISK_ADJUSTMENT"/>
			<code code="MSRADJ">
				<displayName value="Risk Adjustment"/>
			</code>
			<value xsi:type="ED" value="None"/>
		</measureAttribute>
	</subjectOf>

  	<subjectOf>
		<measureAttribute>
			<id root="2.16.840.1.113883.3.100.1" extension="RATE_AGGREGATION"/>
			<code code="MSRAGG">
				<displayName value="Rate Aggregation"/>
			</code>
			<value xsi:type="ED" value="None"/>
		</measureAttribute>
	</subjectOf>

  	<subjectOf>
		<measureAttribute>
			<id root="2.16.840.1.113883.3.100.1" extension="RATIONALE"/>
			<code code="RAT">
				<displayName value="Rationale"/>
			</code>
			<value xsi:type="ED" value="Several randomized clinical trials have proven the benefits of statin drugs (also known as HMG Co-A reductase inhibitors) in reducing the risk of death and recurrent cardiovascular events in a broad range of patients with established cardiovascular disease, including those with prior myocardial infarction (4S, 1994; Sacks, 1996; LIPID Study Group, 1998; and MRC/BHF Heart Protection Study, 2002). Current ACC/AHA guidelines place a strong emphasis on the initiation or maintenance of statin drugs for patients hospitalized with AMI, particularly those with LDL-cholesterol levels above 100 mg/dL (Antman, 2004; Smith, 2006; Anderson, 2007; and Antman, 2008). As a result of the strength of the evidence and guideline support, the ACC/AHA have developed a performance measure to assess this aspect of care for patients with acute myocardial infarction (Krumholz, 2008). Because statins are generally well-tolerated, most patients with AMI are appropriate candidates for this therapy."/>
		</measureAttribute>
	</subjectOf>

  	<subjectOf>
		<measureAttribute>
			<id root="2.16.840.1.113883.3.100.1" extension="CLINICAL_RECOMMENDATION_STATEMENT"/>
			<code code="CRS">
				<displayName value="Clinical Recommendation Statement"/>
			</code>
			<value xsi:type="ED" value="Several randomized clinical trials have proven the benefits of statin drugs (also known as HMG Co-A reductase inhibitors) in reducing the risk of death and recurrent cardiovascular events in a broad range of patients with established cardiovascular disease, including those with prior myocardial infarction."/>
		</measureAttribute>
	</subjectOf>

  	<subjectOf>
		<measureAttribute>
			<id root="2.16.840.1.113883.3.100.1" extension="IMPROVEMENT_NOTATION"/>
			<code code="IDUR">
				<displayName value="Improvement Notation"/>
			</code>
			<value xsi:type="ED" value="An increase in rate."/>
		</measureAttribute>
	</subjectOf>

  	<subjectOf>
		<measureAttribute>
			<id root="2.16.840.1.113883.3.100.1" extension="NQF_ID_NUMBER"/>
			<code code="OTH">
				<displayName value="NQF ID Number"/>
			</code>
			<value xsi:type="ED" value="0639"/>
		</measureAttribute>
	</subjectOf>

  	<subjectOf>
		<measureAttribute>
			<id root="2.16.840.1.113883.3.100.1" extension="DISCLAIMER"/>
			<code code="DISC">
				<displayName value="Disclaimer"/>
			</code>
			<value xsi:type="ED" value="None"/>
		</measureAttribute>
	</subjectOf>

  	<subjectOf>
		<measureAttribute>
			<id root="2.16.840.1.113883.3.100.1" extension="EMEASURE_IDENTIFIER"/>
			<code code="OTH">
				<displayName value="eMeasure Identifier"/>
			</code>
			<value xsi:type="ED" value="30"/>
		</measureAttribute>
	</subjectOf>

  	<subjectOf>
		<measureAttribute>
			<id root="2.16.840.1.113883.3.100.1" extension="REFERENCE"/>
			<code code="REF">
				<displayName value="Reference"/>
			</code>
			<value xsi:type="ED" value="Smith SC, Allen J, Blair SN, Bonow RO, Brass LM, Fonarow GC, et al. AHA/ACC guidelines for secondary prevention for patients with coronary and other atherosclerotic vascular disease: 2006 update. J Am Coll Cardiol. 2006;47:2130 –9. doi:10.1016/j.jacc.2006.04.026."/>
		</measureAttribute>
	</subjectOf>

  	<subjectOf>
		<measureAttribute>
			<id root="2.16.840.1.113883.3.100.1" extension="DEFINITION"/>
			<code code="DEF">
				<displayName value="Definition"/>
			</code>
			<value xsi:type="ED" value="None"/>
		</measureAttribute>
	</subjectOf>

  	<subjectOf>
		<measureAttribute>
			<id root="2.16.840.1.113883.3.100.1" extension="GUIDANCE"/>
			<code code="GUIDE">
				<displayName value="Guidance"/>
			</code>
			<value xsi:type="ED" value="The measurement period is one calendar year but the reporting period is 3 months as a calendar quarter; Q1 is Jan – Mar, Q2 is Apr – Jun, Q3 is Jul – Sep, Q4 is Oct – Dec.

Patients for whom there are missing or inaccurate data (e.g., arrival time, medication administration, etc.) are considered to have failed the measure; the total number of patients with missing or erroneous (e.g., a time of 03:69 or a date of 10/26/2035) data (i.e., measure failures) must be reported with the results of the measure.

Exclusion element guidance: 
The exclusion for patients who are clinical trial participants is limited to patients participating in a clinical trial for acute myocardial infarction (AMI), ST elevation myocardial infarction (STEMI), non-ST elevation myocardial infarction (non-STEMI) heart attack, or acute coronary syndrome (ACS), the same conditions as covered by the measure. Other clinical trials are not valid reasons for exclusions.

Medical, patient, or system reasons for not performing a test or giving a medication are categories for valid medical, patient, or system reasons that are not specifically listed in the exclusion section of the measure. Each is expected to be captured and made available for measurement or clinical decision support within the EHR workflow but the exact method or location of capture is a local or vendor decision."/>
		</measureAttribute>
	</subjectOf>

  	<subjectOf>
		<measureAttribute>
			<id root="2.16.840.1.113883.3.100.1" extension="TRANSMISSION_FORMAT"/>
			<code code="OTH">
				<displayName value="Transmission Format"/>
			</code>
			<value xsi:type="ED" value="None"/>
		</measureAttribute>
	</subjectOf>

  	<subjectOf>
		<measureAttribute>
			<id root="2.16.840.1.113883.3.100.1" extension="INITIAL_PATIENT_POPULATION"/>
			<code code="IPP">
				<displayName value="Initial Patient Population"/>
			</code>
			<value xsi:type="ED" value="AMI patients > = 18 years of age with length of stay < = 120 days"/>
		</measureAttribute>
	</subjectOf>

  	<subjectOf>
		<measureAttribute>
			<id root="2.16.840.1.113883.3.100.1" extension="DENOMINATOR"/>
			<code code="DENOM">
				<displayName value="Denominator"/>
			</code>
			<value xsi:type="ED" value="AMI patients."/>
		</measureAttribute>
	</subjectOf>

  	<subjectOf>
		<measureAttribute>
			<id root="2.16.840.1.113883.3.100.1" extension="DENOMINATOR_EXCLUSIONS"/>
			<code code="OTH">
				<displayName value="Denominator Exclusions"/>
			</code>
			<value xsi:type="ED" value="•	Patients with Comfort Measures Only documented
•	Patients enrolled in clinical trials
•	Patients discharged to another hospital 
•	Patients who left against medical advice 
•	Patients who expired 
•	Patients discharged to home for hospice care
•	Patients discharged to a health care facility for hospice care
•	Patients with LDL less than 100 mg/dL within the first 24 hours after hospital arrival or 30 days prior to hospital arrival and not discharged on a statin
•	Patients with a Reason for Not Prescribing Statin Medication at Discharge"/>
		</measureAttribute>
	</subjectOf>

  	<subjectOf>
		<measureAttribute>
			<id root="2.16.840.1.113883.3.100.1" extension="NUMERATOR"/>
			<code code="NUMER">
				<displayName value="Numerator"/>
			</code>
			<value xsi:type="ED" value="AMI patients who are prescribed a statin medication at hospital discharge."/>
		</measureAttribute>
	</subjectOf>

  	<subjectOf>
		<measureAttribute>
			<id root="2.16.840.1.113883.3.100.1" extension="NUMERATOR_EXCLUSIONS"/>
			<code code="OTH">
				<displayName value="Numerator Exclusions"/>
			</code>
			<value xsi:type="ED" value="None"/>
		</measureAttribute>
	</subjectOf>

  	<subjectOf>
		<measureAttribute>
			<id root="2.16.840.1.113883.3.100.1" extension="DENOMINATOR_EXCEPTIONS"/>
			<code code="DENEXCEP">
				<displayName value="Denominator Exceptions"/>
			</code>
			<value xsi:type="ED" value="None"/>
		</measureAttribute>
	</subjectOf>

  	<subjectOf>
		<measureAttribute>
			<id root="2.16.840.1.113883.3.100.1" extension="MEASURE_POPULATION"/>
			<code code="MSRPOPL">
				<displayName value="Measure Population"/>
			</code>
			<value xsi:type="ED" value="Not applicable"/>
		</measureAttribute>
	</subjectOf>

  	<subjectOf>
		<measureAttribute>
			<id root="2.16.840.1.113883.3.100.1" extension="MEASURE_OBSERVATIONS"/>
			<code code="OTH">
				<displayName value="Measure Observations"/>
			</code>
			<value xsi:type="ED" value="Not applicable"/>
		</measureAttribute>
	</subjectOf>

  	<subjectOf>
		<measureAttribute>
			<id root="2.16.840.1.113883.3.100.1" extension="SUPPLEMENTAL_DATA_ELEMENTS"/>
			<code code="OTH">
				<displayName value="Supplemental Data Elements"/>
			</code>
			<value xsi:type="ED" value="For every patient evaluated by this measure also identify payer, race, ethnicity, and sex."/>
		</measureAttribute>
	</subjectOf>

  <component>
    <dataCriteriaSection>
      <code code="57025-9" codeSystem="2.16.840.1.113883.6.1"/>
      <title value="Data Criteria Section"/>
      <text>This section describes the data criteria.</text>
            <entry typeCode="DRIV">
        <observationCriteria moodCode="EVN" classCode="OBS">
                    <templateId>
            <item root="2.16.840.1.113883.3.560.1.401" identifierName="patient characteristic, clinical trial participant template"/>
          </templateId>

          <id>
            <item root="2.16.840.1.113883.3.100.1" extension="PatientCharacteristicClinicalTrialParticipantClinicalTrialParticipant"/>
          </id>
                    <code codeSystemName="SNOMED-CT" codeSystem="2.16.840.1.113883.6.96"
            code="428024001">
            <displayName value="Clinical Trial Participant"/>
          </code>

                    <text value="Patient Characteristic Clinical Trial Participant: Clinical Trial Participant"/>
          
          <definition>
            <observationReference moodCode="EVN" classCode="OBS">
              <id root="2.16.840.1.113883.3.100.1" extension="patient_characteristic_clinical_trial_participant"/>
            </observationReference>
          </definition>
          
                    <outboundRelationship typeCode="SUBJ">
            <subsetCode code="SOURCE"/>
            <observationReference classCode="OBS" moodCode="EVN">
              <id root="2.16.840.1.113883.3.100.1" extension="PatientCharacteristicClinicalTrialParticipantClinicalTrialParticipant"/>
            </observationReference>
          </outboundRelationship>
        </observationCriteria>
      </entry>

            <entry typeCode="DRIV">
        <encounterCriteria moodCode="EVN" classCode="ENC">
                    <templateId>
            <item root="2.16.840.1.113883.3.560.1.79" identifierName="encounter, performed template"/>
          </templateId>

          <id>
            <item root="2.16.840.1.113883.3.100.1" extension="EncounterPerformedEncounterInpatient"/>
          </id>
                    <code xsi:type="CD" valueSet="2.16.840.1.113883.3.666.5.3001">
            <displayName value="Encounter Inpatient"/>
          </code>

                    <text value="Encounter, Performed: Encounter Inpatient"/>
          
          
          <definition>
            <encounterReference moodCode="EVN" classCode="ENC">
              <id root="2.16.840.1.113883.3.100.1" extension="encounter"/>
            </encounterReference>
          </definition>
          
                    <outboundRelationship typeCode="SUBJ">
            <subsetCode code="SOURCE"/>
            <observationReference classCode="OBS" moodCode="EVN">
              <id root="2.16.840.1.113883.3.100.1" extension="EncounterPerformedEncounterInpatient"/>
            </observationReference>
          </outboundRelationship>
          
          
        </encounterCriteria>
      </entry>

            <entry typeCode="DRIV">
        <supplyCriteria moodCode="EVN" classCode="SPLY" actionNegationInd='true'>
                    <templateId>
            <item root="2.16.840.1.113883.3.560.1.78" identifierName="medication, order template"/>
          </templateId>

          <id>
            <item root="2.16.840.1.113883.3.100.1" extension="MedicationOrderNotDoneMedicalReasonsAmi"/>
          </id>
                    <text value="Medication, Order not done: Medical Reasons AMI"/>
          <statusCode code="ordered"/>
          
          
          <participation typeCode="PRD">
            <role classCode="THER">
                        <code valueSet="2.16.840.1.113883.3.666.5.3003">
            <displayName value="Medical Reasons AMI"/>
          </code>

            </role>
          </participation>
          <definition>
            <supplyReference moodCode="EVN" classCode="SPLY">
              <id root="2.16.840.1.113883.3.100.1" extension="medication"/>
            </supplyReference>
          </definition>
          
                    <outboundRelationship typeCode="SUBJ">
            <subsetCode code="SOURCE"/>
            <observationReference classCode="OBS" moodCode="EVN">
              <id root="2.16.840.1.113883.3.100.1" extension="MedicationOrderNotDoneMedicalReasonsAmi"/>
            </observationReference>
          </outboundRelationship>
          
          
        </supplyCriteria>
      </entry>

            <entry typeCode="DRIV">
        <supplyCriteria moodCode="EVN" classCode="SPLY" actionNegationInd='true'>
                    <templateId>
            <item root="2.16.840.1.113883.3.560.1.78" identifierName="medication, order template"/>
          </templateId>

          <id>
            <item root="2.16.840.1.113883.3.100.1" extension="MedicationOrderNotDonePatientReasonsAmi"/>
          </id>
                    <text value="Medication, Order not done: Patient Reasons AMI"/>
          <statusCode code="ordered"/>
          
          
          <participation typeCode="PRD">
            <role classCode="THER">
                        <code valueSet="2.16.840.1.113883.3.666.5.3004">
            <displayName value="Patient Reasons AMI"/>
          </code>

            </role>
          </participation>
          <definition>
            <supplyReference moodCode="EVN" classCode="SPLY">
              <id root="2.16.840.1.113883.3.100.1" extension="medication"/>
            </supplyReference>
          </definition>
          
                    <outboundRelationship typeCode="SUBJ">
            <subsetCode code="SOURCE"/>
            <observationReference classCode="OBS" moodCode="EVN">
              <id root="2.16.840.1.113883.3.100.1" extension="MedicationOrderNotDonePatientReasonsAmi"/>
            </observationReference>
          </outboundRelationship>
          
          
        </supplyCriteria>
      </entry>

            <entry typeCode="DRIV">
        <supplyCriteria moodCode="EVN" classCode="SPLY" actionNegationInd='true'>
                    <templateId>
            <item root="2.16.840.1.113883.3.560.1.78" identifierName="medication, order template"/>
          </templateId>

          <id>
            <item root="2.16.840.1.113883.3.100.1" extension="MedicationOrderNotDoneSystemReasonsAmi"/>
          </id>
                    <text value="Medication, Order not done: System Reasons AMI"/>
          <statusCode code="ordered"/>
          
          
          <participation typeCode="PRD">
            <role classCode="THER">
                        <code valueSet="2.16.840.1.113883.3.666.5.3005">
            <displayName value="System Reasons AMI"/>
          </code>

            </role>
          </participation>
          <definition>
            <supplyReference moodCode="EVN" classCode="SPLY">
              <id root="2.16.840.1.113883.3.100.1" extension="medication"/>
            </supplyReference>
          </definition>
          
                    <outboundRelationship typeCode="SUBJ">
            <subsetCode code="SOURCE"/>
            <observationReference classCode="OBS" moodCode="EVN">
              <id root="2.16.840.1.113883.3.100.1" extension="MedicationOrderNotDoneSystemReasonsAmi"/>
            </observationReference>
          </outboundRelationship>
          
          
        </supplyCriteria>
      </entry>

            <entry typeCode="DRIV">
        <encounterCriteria moodCode="EVN" classCode="ENC">
                    <templateId>
            <item root="2.16.840.1.113883.3.560.1.79" identifierName="encounter, performed template"/>
          </templateId>

          <id>
            <item root="2.16.840.1.113883.3.100.1" extension="OccurrenceAEncounterInpatient118"/>
          </id>
                    <code xsi:type="CD" valueSet="2.16.840.1.113883.3.666.5.3001">
            <displayName value="Encounter Inpatient"/>
          </code>

                    <text value="Encounter, Performed: Encounter Inpatient"/>
          
          
          <definition>
            <encounterReference moodCode="EVN" classCode="ENC">
              <id root="2.16.840.1.113883.3.100.1" extension="encounter"/>
            </encounterReference>
          </definition>
          
                    <outboundRelationship typeCode="SUBJ">
            <localVariableName controlInformationRoot="" controlInformationExtension="A"/>
            <subsetCode code="SPECIFIC"/>
            <observationReference classCode="OBS" moodCode="EVN">
              <id root="2.16.840.1.113883.3.100.1" extension="OccurrenceAEncounterInpatient118"/>
            </observationReference>
          </outboundRelationship>
          
          
        </encounterCriteria>
      </entry>

            <entry typeCode="DRIV">
        <procedureCriteria moodCode="EVN" classCode="PROC">
                    <templateId>
            <item root="2.16.840.1.113883.3.560.1.46" identifierName="intervention, performed template"/>
          </templateId>

          <id>
            <item root="2.16.840.1.113883.3.100.1" extension="InterventionPerformedHospitalMeasuresComfortMeasureOnlyIntervention_precondition_6428"/>
          </id>
                    <code xsi:type="CD" valueSet="2.16.840.1.113883.3.666.5.3002">
            <displayName value="Hospital Measures - Comfort Measure Only Intervention"/>
          </code>

                    <text value="Intervention, Performed: Hospital Measures - Comfort Measure Only Intervention"/>
          <statusCode code="performed"/>
          
          
          <definition>
            <procedureReference moodCode="EVN" classCode="PROC">
              <id root="2.16.840.1.113883.3.100.1" extension="intervention"/>
            </procedureReference>
          </definition>
                    <temporallyRelatedInformation typeCode="SDU">
                        <encounterReference moodCode="EVN" classCode="ENC">
              <id root="2.16.840.1.113883.3.100.1" extension="OccurrenceAEncounterInpatient118"/>
            </encounterReference>

          </temporallyRelatedInformation>

                    <outboundRelationship typeCode="SUBJ">
            <subsetCode code="SOURCE"/>
            <observationReference classCode="OBS" moodCode="EVN">
              <id root="2.16.840.1.113883.3.100.1" extension="InterventionPerformedHospitalMeasuresComfortMeasureOnlyIntervention"/>
            </observationReference>
          </outboundRelationship>
          
          
        </procedureCriteria>
      </entry>

            <entry typeCode="DRIV">
        <encounterCriteria moodCode="EVN" classCode="ENC">
                    <templateId>
            <item root="2.16.840.1.113883.3.560.1.79" identifierName="encounter, performed template"/>
          </templateId>

          <id>
            <item root="2.16.840.1.113883.3.100.1" extension="OccurrenceAEncounterInpatient118_precondition_6430"/>
          </id>
                    <code xsi:type="CD" valueSet="2.16.840.1.113883.3.666.5.3001">
            <displayName value="Encounter Inpatient"/>
          </code>

                    <text value="Encounter, Performed: Encounter Inpatient"/>
          
          
          <definition>
            <encounterReference moodCode="EVN" classCode="ENC">
              <id root="2.16.840.1.113883.3.100.1" extension="encounter"/>
            </encounterReference>
          </definition>
          
                    <outboundRelationship typeCode="SUBJ">
            <observationCriteria classCode="OBS" moodCode="EVN">
              <code code="309039003" codeSystem="2.16.840.1.113883.6.96" codeSystemName="SNOMED-CT">
                <displayName value="Discharge Status"/> 
              </code>
                <value xsi:type="CD" valueSet="2.16.840.1.113883.3.117.1.7.1.86">
     <displayName value="Patient Expired"/>
  </value>

            </observationCriteria>
          </outboundRelationship>
          <outboundRelationship typeCode="SUBJ">
            <localVariableName controlInformationRoot="" controlInformationExtension="A"/>
            <subsetCode code="SPECIFIC"/>
            <observationReference classCode="OBS" moodCode="EVN">
              <id root="2.16.840.1.113883.3.100.1" extension="OccurrenceAEncounterInpatient118"/>
            </observationReference>
          </outboundRelationship>
          
          
        </encounterCriteria>
      </entry>

            <entry typeCode="DRIV">
        <encounterCriteria moodCode="EVN" classCode="ENC">
                    <templateId>
            <item root="2.16.840.1.113883.3.560.1.79" identifierName="encounter, performed template"/>
          </templateId>

          <id>
            <item root="2.16.840.1.113883.3.100.1" extension="OccurrenceAEncounterInpatient118_precondition_6432"/>
          </id>
                    <code xsi:type="CD" valueSet="2.16.840.1.113883.3.666.5.3001">
            <displayName value="Encounter Inpatient"/>
          </code>

                    <text value="Encounter, Performed: Encounter Inpatient"/>
          
          
          <definition>
            <encounterReference moodCode="EVN" classCode="ENC">
              <id root="2.16.840.1.113883.3.100.1" extension="encounter"/>
            </encounterReference>
          </definition>
          
                    <outboundRelationship typeCode="SUBJ">
            <observationCriteria classCode="OBS" moodCode="EVN">
              <code code="309039003" codeSystem="2.16.840.1.113883.6.96" codeSystemName="SNOMED-CT">
                <displayName value="Discharge Status"/> 
              </code>
                <value xsi:type="CD" valueSet="2.16.840.1.113883.3.117.1.7.1.87">
     <displayName value="Discharge To Another Hospital"/>
  </value>

            </observationCriteria>
          </outboundRelationship>
          <outboundRelationship typeCode="SUBJ">
            <localVariableName controlInformationRoot="" controlInformationExtension="A"/>
            <subsetCode code="SPECIFIC"/>
            <observationReference classCode="OBS" moodCode="EVN">
              <id root="2.16.840.1.113883.3.100.1" extension="OccurrenceAEncounterInpatient118"/>
            </observationReference>
          </outboundRelationship>
          
          
        </encounterCriteria>
      </entry>

            <entry typeCode="DRIV">
        <encounterCriteria moodCode="EVN" classCode="ENC">
                    <templateId>
            <item root="2.16.840.1.113883.3.560.1.79" identifierName="encounter, performed template"/>
          </templateId>

          <id>
            <item root="2.16.840.1.113883.3.100.1" extension="OccurrenceAEncounterInpatient118_precondition_6434"/>
          </id>
                    <code xsi:type="CD" valueSet="2.16.840.1.113883.3.666.5.3001">
            <displayName value="Encounter Inpatient"/>
          </code>

                    <text value="Encounter, Performed: Encounter Inpatient"/>
          
          
          <definition>
            <encounterReference moodCode="EVN" classCode="ENC">
              <id root="2.16.840.1.113883.3.100.1" extension="encounter"/>
            </encounterReference>
          </definition>
          
                    <outboundRelationship typeCode="SUBJ">
            <observationCriteria classCode="OBS" moodCode="EVN">
              <code code="309039003" codeSystem="2.16.840.1.113883.6.96" codeSystemName="SNOMED-CT">
                <displayName value="Discharge Status"/> 
              </code>
                <value xsi:type="CD" valueSet="2.16.840.1.113883.3.666.5.648">
     <displayName value="Home Hospice Care"/>
  </value>

            </observationCriteria>
          </outboundRelationship>
          <outboundRelationship typeCode="SUBJ">
            <localVariableName controlInformationRoot="" controlInformationExtension="A"/>
            <subsetCode code="SPECIFIC"/>
            <observationReference classCode="OBS" moodCode="EVN">
              <id root="2.16.840.1.113883.3.100.1" extension="OccurrenceAEncounterInpatient118"/>
            </observationReference>
          </outboundRelationship>
          
          
        </encounterCriteria>
      </entry>

            <entry typeCode="DRIV">
        <encounterCriteria moodCode="EVN" classCode="ENC">
                    <templateId>
            <item root="2.16.840.1.113883.3.560.1.79" identifierName="encounter, performed template"/>
          </templateId>

          <id>
            <item root="2.16.840.1.113883.3.100.1" extension="OccurrenceAEncounterInpatient118_precondition_6436"/>
          </id>
                    <code xsi:type="CD" valueSet="2.16.840.1.113883.3.666.5.3001">
            <displayName value="Encounter Inpatient"/>
          </code>

                    <text value="Encounter, Performed: Encounter Inpatient"/>
          
          
          <definition>
            <encounterReference moodCode="EVN" classCode="ENC">
              <id root="2.16.840.1.113883.3.100.1" extension="encounter"/>
            </encounterReference>
          </definition>
          
                    <outboundRelationship typeCode="SUBJ">
            <observationCriteria classCode="OBS" moodCode="EVN">
              <code code="309039003" codeSystem="2.16.840.1.113883.6.96" codeSystemName="SNOMED-CT">
                <displayName value="Discharge Status"/> 
              </code>
                <value xsi:type="CD" valueSet="2.16.840.1.113883.3.666.5.647">
     <displayName value="Inpatient Hospice Care"/>
  </value>

            </observationCriteria>
          </outboundRelationship>
          <outboundRelationship typeCode="SUBJ">
            <localVariableName controlInformationRoot="" controlInformationExtension="A"/>
            <subsetCode code="SPECIFIC"/>
            <observationReference classCode="OBS" moodCode="EVN">
              <id root="2.16.840.1.113883.3.100.1" extension="OccurrenceAEncounterInpatient118"/>
            </observationReference>
          </outboundRelationship>
          
          
        </encounterCriteria>
      </entry>

            <entry typeCode="DRIV">
        <encounterCriteria moodCode="EVN" classCode="ENC">
                    <templateId>
            <item root="2.16.840.1.113883.3.560.1.79" identifierName="encounter, performed template"/>
          </templateId>

          <id>
            <item root="2.16.840.1.113883.3.100.1" extension="OccurrenceAEncounterInpatient118_precondition_6438"/>
          </id>
                    <code xsi:type="CD" valueSet="2.16.840.1.113883.3.666.5.3001">
            <displayName value="Encounter Inpatient"/>
          </code>

                    <text value="Encounter, Performed: Encounter Inpatient"/>
          
          
          <definition>
            <encounterReference moodCode="EVN" classCode="ENC">
              <id root="2.16.840.1.113883.3.100.1" extension="encounter"/>
            </encounterReference>
          </definition>
          
                    <outboundRelationship typeCode="SUBJ">
            <observationCriteria classCode="OBS" moodCode="EVN">
              <code code="309039003" codeSystem="2.16.840.1.113883.6.96" codeSystemName="SNOMED-CT">
                <displayName value="Discharge Status"/> 
              </code>
                <value xsi:type="CD" valueSet="2.16.840.1.113883.3.666.5.1106">
     <displayName value="Left Against Medical Advice"/>
  </value>

            </observationCriteria>
          </outboundRelationship>
          <outboundRelationship typeCode="SUBJ">
            <localVariableName controlInformationRoot="" controlInformationExtension="A"/>
            <subsetCode code="SPECIFIC"/>
            <observationReference classCode="OBS" moodCode="EVN">
              <id root="2.16.840.1.113883.3.100.1" extension="OccurrenceAEncounterInpatient118"/>
            </observationReference>
          </outboundRelationship>
          
          
        </encounterCriteria>
      </entry>

            <entry typeCode="DRIV">
        <encounterCriteria moodCode="EVN" classCode="ENC">
                    <templateId>
            <item root="2.16.840.1.113883.3.560.1.79" identifierName="encounter, performed template"/>
          </templateId>

          <id>
            <item root="2.16.840.1.113883.3.100.1" extension="OccurrenceAEncounterInpatient118_precondition_6442"/>
          </id>
                    <code xsi:type="CD" valueSet="2.16.840.1.113883.3.666.5.3001">
            <displayName value="Encounter Inpatient"/>
          </code>

                    <text value="Encounter, Performed: Encounter Inpatient"/>
          
          
          <definition>
            <encounterReference moodCode="EVN" classCode="ENC">
              <id root="2.16.840.1.113883.3.100.1" extension="encounter"/>
            </encounterReference>
          </definition>
          
                    <outboundRelationship typeCode="SUBJ">
            <observationCriteria classCode="OBS" moodCode="EVN">
              <code code="SDLOC_ARRIVAL" codeSystem="" codeSystemName="Unknown">
                <displayName value="Facility Location Arrival Date/Time"/> 
              </code>
              
            </observationCriteria>
          </outboundRelationship>
          <outboundRelationship typeCode="SUBJ">
            <localVariableName controlInformationRoot="" controlInformationExtension="A"/>
            <subsetCode code="SPECIFIC"/>
            <observationReference classCode="OBS" moodCode="EVN">
              <id root="2.16.840.1.113883.3.100.1" extension="OccurrenceAEncounterInpatient118"/>
            </observationReference>
          </outboundRelationship>
          
          
        </encounterCriteria>
      </entry>

            <entry typeCode="DRIV">
        <observationCriteria moodCode="EVN" classCode="OBS">
                    <templateId>
            <item root="2.16.840.1.113883.3.560.1.12" identifierName="laboratory test, result template"/>
          </templateId>

          <id>
            <item root="2.16.840.1.113883.3.100.1" extension="LaboratoryTestResultLdlCTest_precondition_6443"/>
          </id>
                    <code xsi:type="CD" valueSet="2.16.840.1.113883.3.117.1.7.1.799">
            <displayName value="LDL-c Test"/>
          </code>

                    <text value="Laboratory Test, Result: LDL-c Test"/>
          
          
          
            <value xsi:type="IVL_PQ">
          <high  value="100" unit="mg/dL"/>
  </value>

          <definition>
            <observationReference moodCode="EVN" classCode="OBS">
              <id root="2.16.840.1.113883.3.100.1" extension="laboratory_test"/>
            </observationReference>
          </definition>
                    <temporallyRelatedInformation typeCode="SAS">
              <pauseQuantity xsi:type="IVL_PQ">
          <high  value="24" unit="h"/>
  </pauseQuantity>

                        <encounterReference moodCode="EVN" classCode="ENC">
              <id root="2.16.840.1.113883.3.100.1" extension="OccurrenceAEncounterInpatient118_precondition_6442"/>
            </encounterReference>

          </temporallyRelatedInformation>

                    <outboundRelationship typeCode="SUBJ">
            <subsetCode code="SOURCE"/>
            <observationReference classCode="OBS" moodCode="EVN">
              <id root="2.16.840.1.113883.3.100.1" extension="LaboratoryTestResultLdlCTest"/>
            </observationReference>
          </outboundRelationship>
          
          
        </observationCriteria>
      </entry>

            <entry typeCode="DRIV">
        <encounterCriteria moodCode="EVN" classCode="ENC">
                    <templateId>
            <item root="2.16.840.1.113883.3.560.1.79" identifierName="encounter, performed template"/>
          </templateId>

          <id>
            <item root="2.16.840.1.113883.3.100.1" extension="OccurrenceAEncounterInpatient118_precondition_6445"/>
          </id>
                    <code xsi:type="CD" valueSet="2.16.840.1.113883.3.666.5.3001">
            <displayName value="Encounter Inpatient"/>
          </code>

                    <text value="Encounter, Performed: Encounter Inpatient"/>
          
          
          <definition>
            <encounterReference moodCode="EVN" classCode="ENC">
              <id root="2.16.840.1.113883.3.100.1" extension="encounter"/>
            </encounterReference>
          </definition>
          
                    <outboundRelationship typeCode="SUBJ">
            <observationCriteria classCode="OBS" moodCode="EVN">
              <code code="SDLOC_ARRIVAL" codeSystem="" codeSystemName="Unknown">
                <displayName value="Facility Location Arrival Date/Time"/> 
              </code>
              
            </observationCriteria>
          </outboundRelationship>
          <outboundRelationship typeCode="SUBJ">
            <localVariableName controlInformationRoot="" controlInformationExtension="A"/>
            <subsetCode code="SPECIFIC"/>
            <observationReference classCode="OBS" moodCode="EVN">
              <id root="2.16.840.1.113883.3.100.1" extension="OccurrenceAEncounterInpatient118"/>
            </observationReference>
          </outboundRelationship>
          
          
        </encounterCriteria>
      </entry>

            <entry typeCode="DRIV">
        <observationCriteria moodCode="EVN" classCode="OBS">
                    <templateId>
            <item root="2.16.840.1.113883.3.560.1.12" identifierName="laboratory test, result template"/>
          </templateId>

          <id>
            <item root="2.16.840.1.113883.3.100.1" extension="LaboratoryTestResultLdlCTest_precondition_6446"/>
          </id>
                    <code xsi:type="CD" valueSet="2.16.840.1.113883.3.117.1.7.1.799">
            <displayName value="LDL-c Test"/>
          </code>

                    <text value="Laboratory Test, Result: LDL-c Test"/>
          
          
          
            <value xsi:type="IVL_PQ">
          <high  value="100" unit="mg/dL"/>
  </value>

          <definition>
            <observationReference moodCode="EVN" classCode="OBS">
              <id root="2.16.840.1.113883.3.100.1" extension="laboratory_test"/>
            </observationReference>
          </definition>
                    <temporallyRelatedInformation typeCode="SBS">
              <pauseQuantity xsi:type="IVL_PQ">
          <high  value="30" unit="d"/>
  </pauseQuantity>

                        <encounterReference moodCode="EVN" classCode="ENC">
              <id root="2.16.840.1.113883.3.100.1" extension="OccurrenceAEncounterInpatient118_precondition_6445"/>
            </encounterReference>

          </temporallyRelatedInformation>

                    <outboundRelationship typeCode="SUBJ">
            <subsetCode code="SOURCE"/>
            <observationReference classCode="OBS" moodCode="EVN">
              <id root="2.16.840.1.113883.3.100.1" extension="LaboratoryTestResultLdlCTest"/>
            </observationReference>
          </outboundRelationship>
          
          
        </observationCriteria>
      </entry>

            <entry typeCode="DRIV">
        <supplyCriteria moodCode="EVN" classCode="SPLY" actionNegationInd='true'>
                    <templateId>
            <item root="2.16.840.1.113883.3.560.1.78" identifierName="medication, order template"/>
          </templateId>

          <id>
            <item root="2.16.840.1.113883.3.100.1" extension="MedicationOrderStatins_precondition_6448"/>
          </id>
                    <text value="Medication, Order: Statins"/>
          <statusCode code="ordered"/>
          
                    <reasonCode>
            <item valueSet="2.16.840.1.113883.3.666.5.3003"/>
          </reasonCode>

          <participation typeCode="PRD">
            <role classCode="THER">
                        <code valueSet="2.16.840.1.113883.3.117.1.7.1.824">
            <displayName value="Statins"/>
          </code>

            </role>
          </participation>
          <definition>
            <supplyReference moodCode="EVN" classCode="SPLY">
              <id root="2.16.840.1.113883.3.100.1" extension="medication"/>
            </supplyReference>
          </definition>
                    <temporallyRelatedInformation typeCode="DURING">
                        <encounterReference moodCode="EVN" classCode="ENC">
              <id root="2.16.840.1.113883.3.100.1" extension="OccurrenceAEncounterInpatient118"/>
            </encounterReference>

          </temporallyRelatedInformation>

                    <outboundRelationship typeCode="SUBJ">
            <subsetCode code="SOURCE"/>
            <observationReference classCode="OBS" moodCode="EVN">
              <id root="2.16.840.1.113883.3.100.1" extension="MedicationOrderStatins"/>
            </observationReference>
          </outboundRelationship>
          
          
        </supplyCriteria>
      </entry>

            <entry typeCode="DRIV">
        <supplyCriteria moodCode="EVN" classCode="SPLY" actionNegationInd='true'>
                    <templateId>
            <item root="2.16.840.1.113883.3.560.1.78" identifierName="medication, order template"/>
          </templateId>

          <id>
            <item root="2.16.840.1.113883.3.100.1" extension="MedicationOrderStatins_precondition_6450"/>
          </id>
                    <text value="Medication, Order: Statins"/>
          <statusCode code="ordered"/>
          
                    <reasonCode>
            <item valueSet="2.16.840.1.113883.3.666.5.3004"/>
          </reasonCode>

          <participation typeCode="PRD">
            <role classCode="THER">
                        <code valueSet="2.16.840.1.113883.3.117.1.7.1.824">
            <displayName value="Statins"/>
          </code>

            </role>
          </participation>
          <definition>
            <supplyReference moodCode="EVN" classCode="SPLY">
              <id root="2.16.840.1.113883.3.100.1" extension="medication"/>
            </supplyReference>
          </definition>
                    <temporallyRelatedInformation typeCode="DURING">
                        <encounterReference moodCode="EVN" classCode="ENC">
              <id root="2.16.840.1.113883.3.100.1" extension="OccurrenceAEncounterInpatient118"/>
            </encounterReference>

          </temporallyRelatedInformation>

                    <outboundRelationship typeCode="SUBJ">
            <subsetCode code="SOURCE"/>
            <observationReference classCode="OBS" moodCode="EVN">
              <id root="2.16.840.1.113883.3.100.1" extension="MedicationOrderStatins"/>
            </observationReference>
          </outboundRelationship>
          
          
        </supplyCriteria>
      </entry>

            <entry typeCode="DRIV">
        <supplyCriteria moodCode="EVN" classCode="SPLY" actionNegationInd='true'>
                    <templateId>
            <item root="2.16.840.1.113883.3.560.1.78" identifierName="medication, order template"/>
          </templateId>

          <id>
            <item root="2.16.840.1.113883.3.100.1" extension="MedicationOrderStatins_precondition_6452"/>
          </id>
                    <text value="Medication, Order: Statins"/>
          <statusCode code="ordered"/>
          
                    <reasonCode>
            <item valueSet="2.16.840.1.113883.3.666.5.3005"/>
          </reasonCode>

          <participation typeCode="PRD">
            <role classCode="THER">
                        <code valueSet="2.16.840.1.113883.3.117.1.7.1.824">
            <displayName value="Statins"/>
          </code>

            </role>
          </participation>
          <definition>
            <supplyReference moodCode="EVN" classCode="SPLY">
              <id root="2.16.840.1.113883.3.100.1" extension="medication"/>
            </supplyReference>
          </definition>
                    <temporallyRelatedInformation typeCode="DURING">
                        <encounterReference moodCode="EVN" classCode="ENC">
              <id root="2.16.840.1.113883.3.100.1" extension="OccurrenceAEncounterInpatient118"/>
            </encounterReference>

          </temporallyRelatedInformation>

                    <outboundRelationship typeCode="SUBJ">
            <subsetCode code="SOURCE"/>
            <observationReference classCode="OBS" moodCode="EVN">
              <id root="2.16.840.1.113883.3.100.1" extension="MedicationOrderStatins"/>
            </observationReference>
          </outboundRelationship>
          
          
        </supplyCriteria>
      </entry>

            <entry typeCode="DRIV">
        <observationCriteria moodCode="EVN" classCode="OBS">
                    <templateId>
            <item root="2.16.840.1.113883.3.560.1.199" identifierName="medication, discharge template"/>
          </templateId>

          <id>
            <item root="2.16.840.1.113883.3.100.1" extension="MedicationDischargeStatins_precondition_6440"/>
          </id>
                    <code xsi:type="CD" valueSet="2.16.840.1.113883.3.117.1.7.1.824">
            <displayName value="Statins"/>
          </code>

                    <text value="Medication, Discharge: Statins"/>
          
          
          
          <definition>
            <observationReference moodCode="EVN" classCode="OBS">
              <id root="2.16.840.1.113883.3.100.1" extension="medication_discharge"/>
            </observationReference>
          </definition>
                    <temporallyRelatedInformation typeCode="DURING">
                        <encounterReference moodCode="EVN" classCode="ENC">
              <id root="2.16.840.1.113883.3.100.1" extension="OccurrenceAEncounterInpatient118"/>
            </encounterReference>

          </temporallyRelatedInformation>

                    <outboundRelationship typeCode="SUBJ">
            <subsetCode code="SOURCE"/>
            <observationReference classCode="OBS" moodCode="EVN">
              <id root="2.16.840.1.113883.3.100.1" extension="MedicationDischargeStatins"/>
            </observationReference>
          </outboundRelationship>
          
          
        </observationCriteria>
      </entry>

            <entry typeCode="DRIV">
        <observationCriteria moodCode="EVN" classCode="OBS">
                    <templateId>
            <item root="2.16.840.1.113883.3.560.1.401" identifierName="patient characteristic, clinical trial participant template"/>
          </templateId>

          <id>
            <item root="2.16.840.1.113883.3.100.1" extension="OccurrenceAClinicalTrialParticipant119_precondition_6461"/>
          </id>
                    <code codeSystemName="SNOMED-CT" codeSystem="2.16.840.1.113883.6.96"
            code="428024001">
            <displayName value="Clinical Trial Participant"/>
          </code>

                    <text value="Patient Characteristic Clinical Trial Participant: Clinical Trial Participant"/>
          
          <definition>
            <observationReference moodCode="EVN" classCode="OBS">
              <id root="2.16.840.1.113883.3.100.1" extension="patient_characteristic_clinical_trial_participant"/>
            </observationReference>
          </definition>
                    <temporallyRelatedInformation typeCode="SBE">
                        <encounterReference moodCode="EVN" classCode="ENC">
              <id root="2.16.840.1.113883.3.100.1" extension="OccurrenceAEncounterInpatient118"/>
            </encounterReference>

          </temporallyRelatedInformation>

                    <outboundRelationship typeCode="SUBJ">
            <localVariableName controlInformationRoot="" controlInformationExtension="A"/>
            <subsetCode code="SPECIFIC"/>
            <observationReference classCode="OBS" moodCode="EVN">
              <id root="2.16.840.1.113883.3.100.1" extension="OccurrenceAClinicalTrialParticipant119"/>
            </observationReference>
          </outboundRelationship>
        </observationCriteria>
      </entry>

            <entry typeCode="DRIV">
        <observationCriteria moodCode="EVN" classCode="OBS">
                    <templateId>
            <item root="2.16.840.1.113883.3.560.1.401" identifierName="patient characteristic, clinical trial participant template"/>
          </templateId>

          <id>
            <item root="2.16.840.1.113883.3.100.1" extension="OccurrenceAClinicalTrialParticipant119_precondition_6459"/>
          </id>
                    <code codeSystemName="SNOMED-CT" codeSystem="2.16.840.1.113883.6.96"
            code="428024001">
            <displayName value="Clinical Trial Participant"/>
          </code>

                    <text value="Patient Characteristic Clinical Trial Participant: Clinical Trial Participant"/>
          
          <definition>
            <observationReference moodCode="EVN" classCode="OBS">
              <id root="2.16.840.1.113883.3.100.1" extension="patient_characteristic_clinical_trial_participant"/>
            </observationReference>
          </definition>
                    <temporallyRelatedInformation typeCode="EBS">
                        <encounterReference moodCode="EVN" classCode="ENC">
              <id root="2.16.840.1.113883.3.100.1" extension="OccurrenceAEncounterInpatient118"/>
            </encounterReference>

          </temporallyRelatedInformation>

                    <outboundRelationship typeCode="SUBJ">
            <localVariableName controlInformationRoot="" controlInformationExtension="A"/>
            <subsetCode code="SPECIFIC"/>
            <observationReference classCode="OBS" moodCode="EVN">
              <id root="2.16.840.1.113883.3.100.1" extension="OccurrenceAClinicalTrialParticipant119"/>
            </observationReference>
          </outboundRelationship>
        </observationCriteria>
      </entry>

            <entry typeCode="DRIV">
        <observationCriteria moodCode="EVN" classCode="OBS">
                    <templateId>
            <item root="2.16.840.1.113883.3.560.1.199" identifierName="medication, discharge template"/>
          </templateId>

          <id>
            <item root="2.16.840.1.113883.3.100.1" extension="MedicationDischargeStatins_precondition_6469"/>
          </id>
                    <code xsi:type="CD" valueSet="2.16.840.1.113883.3.117.1.7.1.824">
            <displayName value="Statins"/>
          </code>

                    <text value="Medication, Discharge: Statins"/>
          
          
          
          <definition>
            <observationReference moodCode="EVN" classCode="OBS">
              <id root="2.16.840.1.113883.3.100.1" extension="medication_discharge"/>
            </observationReference>
          </definition>
                    <temporallyRelatedInformation typeCode="DURING">
                        <encounterReference moodCode="EVN" classCode="ENC">
              <id root="2.16.840.1.113883.3.100.1" extension="OccurrenceAEncounterInpatient118"/>
            </encounterReference>

          </temporallyRelatedInformation>

                    <outboundRelationship typeCode="SUBJ">
            <subsetCode code="SOURCE"/>
            <observationReference classCode="OBS" moodCode="EVN">
              <id root="2.16.840.1.113883.3.100.1" extension="MedicationDischargeStatins"/>
            </observationReference>
          </outboundRelationship>
          
          
        </observationCriteria>
      </entry>

            <entry typeCode="DRIV">
        <encounterCriteria moodCode="EVN" classCode="ENC">
                    <templateId>
            <item root="2.16.840.1.113883.3.560.1.79" identifierName="encounter, performed template"/>
          </templateId>

          <id>
            <item root="2.16.840.1.113883.3.100.1" extension="OccurrenceAEncounterInpatient118_precondition_6472"/>
          </id>
                    <code xsi:type="CD" valueSet="2.16.840.1.113883.3.666.5.3001">
            <displayName value="Encounter Inpatient"/>
          </code>

                    <text value="Encounter, Performed: Encounter Inpatient"/>
          
          
          <definition>
            <encounterReference moodCode="EVN" classCode="ENC">
              <id root="2.16.840.1.113883.3.100.1" extension="encounter"/>
            </encounterReference>
          </definition>
          
                    <outboundRelationship typeCode="SUBJ">
            <observationCriteria classCode="OBS" moodCode="EVN">
              <code code="399423000" codeSystem="2.16.840.1.113883.6.96" codeSystemName="SNOMED-CT">
                <displayName value="Admission Date/Time"/> 
              </code>
                <value xsi:type="ANY" nullFlavor="NI"/>

            </observationCriteria>
          </outboundRelationship>
          <outboundRelationship typeCode="SUBJ">
            <localVariableName controlInformationRoot="" controlInformationExtension="A"/>
            <subsetCode code="SPECIFIC"/>
            <observationReference classCode="OBS" moodCode="EVN">
              <id root="2.16.840.1.113883.3.100.1" extension="OccurrenceAEncounterInpatient118"/>
            </observationReference>
          </outboundRelationship>
          
          
        </encounterCriteria>
      </entry>

            <entry typeCode="DRIV">
        <observationCriteria moodCode="EVN" classCode="OBS">
                    <templateId>
            <item root="2.16.840.1.113883.3.560.1.25" identifierName="patient characteristic, birthdate template"/>
          </templateId>

          <id>
            <item root="2.16.840.1.113883.3.100.1" extension="PatientCharacteristicBirthdateBirthDate_precondition_6473"/>
          </id>
                    <code codeSystemName="LOINC" codeSystem="2.16.840.1.113883.6.1"
            code="21112-8">
            <displayName value="birth date"/>
          </code>

                    <text value="Patient Characteristic Birthdate: birth date"/>
          
          <definition>
            <observationReference moodCode="EVN" classCode="OBS">
              <id root="2.16.840.1.113883.3.100.1" extension="patient_characteristic_birthdate"/>
            </observationReference>
          </definition>
                    <temporallyRelatedInformation typeCode="SBS">
              <pauseQuantity xsi:type="IVL_PQ">
      <low  value="18" unit="a"/>
      </pauseQuantity>

                        <encounterReference moodCode="EVN" classCode="ENC">
              <id root="2.16.840.1.113883.3.100.1" extension="OccurrenceAEncounterInpatient118_precondition_6472"/>
            </encounterReference>

          </temporallyRelatedInformation>

                    <outboundRelationship typeCode="SUBJ">
            <subsetCode code="SOURCE"/>
            <observationReference classCode="OBS" moodCode="EVN">
              <id root="2.16.840.1.113883.3.100.1" extension="PatientCharacteristicBirthdateBirthDate"/>
            </observationReference>
          </outboundRelationship>
        </observationCriteria>
      </entry>

            <entry typeCode="DRIV">
        <observationCriteria  moodCode="EVN" classCode="OBS">
                    <templateId>
            <item root="2.16.840.1.113883.3.560.1.2" identifierName="diagnosis, active template"/>
          </templateId>

          <id>
            <item root="2.16.840.1.113883.3.100.1" extension="DiagnosisActiveAmi_precondition_6475"/>
          </id>
                    <text value="Diagnosis, Active: AMI"/>
          <statusCode code="active"/>
          
          
                    <value xsi:type="CD" valueSet="2.16.840.1.113883.3.117.1.7.1.833">
            <displayName value="AMI"/>
          </value>

          <definition>
            <observationReference moodCode="EVN" classCode="OBS">
              <id root="2.16.840.1.113883.3.100.1" extension="diagnosis"/>
            </observationReference>
          </definition>
                    <temporallyRelatedInformation typeCode="SDU">
                        <encounterReference moodCode="EVN" classCode="ENC">
              <id root="2.16.840.1.113883.3.100.1" extension="OccurrenceAEncounterInpatient118"/>
            </encounterReference>

          </temporallyRelatedInformation>

                    <outboundRelationship typeCode="SUBJ">
            <observationCriteria classCode="OBS" moodCode="EVN">
              <code code="117363000" codeSystem="2.16.840.1.113883.6.96" codeSystemName="SNOMED-CT">
                <displayName value="Ordinal"/> 
              </code>
                <value xsi:type="CD" valueSet="2.16.840.1.113883.3.117.2.7.1.14">
     <displayName value="Principal Diagnosis"/>
  </value>

            </observationCriteria>
          </outboundRelationship>
          <outboundRelationship typeCode="SUBJ">
            <subsetCode code="SOURCE"/>
            <observationReference classCode="OBS" moodCode="EVN">
              <id root="2.16.840.1.113883.3.100.1" extension="DiagnosisActiveAmi"/>
            </observationReference>
          </outboundRelationship>
          
          
        </observationCriteria>
      </entry>

            <entry typeCode="DRIV">
        <encounterCriteria moodCode="EVN" classCode="ENC">
                    <templateId>
            <item root="2.16.840.1.113883.3.560.1.79" identifierName="encounter, performed template"/>
          </templateId>

          <id>
            <item root="2.16.840.1.113883.3.100.1" extension="OccurrenceAEncounterInpatient118_precondition_6477"/>
          </id>
                    <code xsi:type="CD" valueSet="2.16.840.1.113883.3.666.5.3001">
            <displayName value="Encounter Inpatient"/>
          </code>

                    <text value="Encounter, Performed: Encounter Inpatient"/>
          
          
          <definition>
            <encounterReference moodCode="EVN" classCode="ENC">
              <id root="2.16.840.1.113883.3.100.1" extension="encounter"/>
            </encounterReference>
          </definition>
          
                    <outboundRelationship typeCode="SUBJ">
            <observationCriteria classCode="OBS" moodCode="EVN">
              <code code="183797002" codeSystem="2.16.840.1.113883.6.96" codeSystemName="SNOMED-CT">
                <displayName value="Length of Stay"/> 
              </code>
                <value xsi:type="IVL_PQ">
          <high  value="120" unit="d"/>
  </value>

            </observationCriteria>
          </outboundRelationship>
          <outboundRelationship typeCode="SUBJ">
            <localVariableName controlInformationRoot="" controlInformationExtension="A"/>
            <subsetCode code="SPECIFIC"/>
            <observationReference classCode="OBS" moodCode="EVN">
              <id root="2.16.840.1.113883.3.100.1" extension="OccurrenceAEncounterInpatient118"/>
            </observationReference>
          </outboundRelationship>
          
          
        </encounterCriteria>
      </entry>

            <entry typeCode="DRIV">
        <encounterCriteria moodCode="EVN" classCode="ENC">
                    <templateId>
            <item root="2.16.840.1.113883.3.560.1.79" identifierName="encounter, performed template"/>
          </templateId>

          <id>
            <item root="2.16.840.1.113883.3.100.1" extension="OccurrenceAEncounterInpatient118_precondition_6479"/>
          </id>
                    <code xsi:type="CD" valueSet="2.16.840.1.113883.3.666.5.3001">
            <displayName value="Encounter Inpatient"/>
          </code>

                    <text value="Encounter, Performed: Encounter Inpatient"/>
          
          
          <definition>
            <encounterReference moodCode="EVN" classCode="ENC">
              <id root="2.16.840.1.113883.3.100.1" extension="encounter"/>
            </encounterReference>
          </definition>
                    <temporallyRelatedInformation typeCode="DURING">
                        <observationReference moodCode="EVN" classCode="OBS">
              <id root="2.16.840.1.113883.3.100.1" extension="MeasurePeriod"/>
            </observationReference>

          </temporallyRelatedInformation>

                    <outboundRelationship typeCode="SUBJ">
            <observationCriteria classCode="OBS" moodCode="EVN">
              <code code="399423000" codeSystem="2.16.840.1.113883.6.96" codeSystemName="SNOMED-CT">
                <displayName value="Admission Date/Time"/> 
              </code>
                <value xsi:type="ANY" nullFlavor="NI"/>

            </observationCriteria>
          </outboundRelationship>
          <outboundRelationship typeCode="SUBJ">
            <localVariableName controlInformationRoot="" controlInformationExtension="A"/>
            <subsetCode code="SPECIFIC"/>
            <observationReference classCode="OBS" moodCode="EVN">
              <id root="2.16.840.1.113883.3.100.1" extension="OccurrenceAEncounterInpatient118"/>
            </observationReference>
          </outboundRelationship>
          
          
        </encounterCriteria>
      </entry>

            <entry typeCode="DRIV">
        <observationCriteria moodCode="EVN" classCode="OBS">
                    <templateId>
            <item root="2.16.840.1.113883.3.560.1.401" identifierName="patient characteristic, clinical trial participant template"/>
            <item root="2.16.840.1.113883.3.100.1.1" identifierName="Source data criteria template"/>
          </templateId>

          <id>
            <item root="2.16.840.1.113883.3.100.1" extension="PatientCharacteristicClinicalTrialParticipantClinicalTrialParticipant"/>
          </id>
                    <code codeSystemName="SNOMED-CT" codeSystem="2.16.840.1.113883.6.96"
            code="428024001">
            <displayName value="Clinical Trial Participant"/>
          </code>

                    <text value="Patient Characteristic Clinical Trial Participant: Clinical Trial Participant"/>
          
          <definition>
            <observationReference moodCode="EVN" classCode="OBS">
              <id root="2.16.840.1.113883.3.100.1" extension="patient_characteristic_clinical_trial_participant"/>
            </observationReference>
          </definition>
          
                    <outboundRelationship typeCode="SUBJ">
            <subsetCode code="SOURCE"/>
            <observationReference classCode="OBS" moodCode="EVN">
              <id root="2.16.840.1.113883.3.100.1" extension="PatientCharacteristicClinicalTrialParticipantClinicalTrialParticipant"/>
            </observationReference>
          </outboundRelationship>
        </observationCriteria>
      </entry>

            <entry typeCode="DRIV">
        <observationCriteria moodCode="EVN" classCode="OBS">
                    <templateId>
            <item root="2.16.840.1.113883.3.560.1.12" identifierName="laboratory test, result template"/>
            <item root="2.16.840.1.113883.3.100.1.1" identifierName="Source data criteria template"/>
          </templateId>

          <id>
            <item root="2.16.840.1.113883.3.100.1" extension="LaboratoryTestResultLdlCTest"/>
          </id>
                    <code xsi:type="CD" valueSet="2.16.840.1.113883.3.117.1.7.1.799">
            <displayName value="LDL-c Test"/>
          </code>

                    <text value="Laboratory Test, Result: LDL-c Test"/>
          
          
          
          <definition>
            <observationReference moodCode="EVN" classCode="OBS">
              <id root="2.16.840.1.113883.3.100.1" extension="laboratory_test"/>
            </observationReference>
          </definition>
          
                    <outboundRelationship typeCode="SUBJ">
            <subsetCode code="SOURCE"/>
            <observationReference classCode="OBS" moodCode="EVN">
              <id root="2.16.840.1.113883.3.100.1" extension="LaboratoryTestResultLdlCTest"/>
            </observationReference>
          </outboundRelationship>
          
          
        </observationCriteria>
      </entry>

            <entry typeCode="DRIV">
        <observationCriteria  moodCode="EVN" classCode="OBS">
                    <templateId>
            <item root="2.16.840.1.113883.3.560.1.2" identifierName="diagnosis, active template"/>
            <item root="2.16.840.1.113883.3.100.1.1" identifierName="Source data criteria template"/>
          </templateId>

          <id>
            <item root="2.16.840.1.113883.3.100.1" extension="DiagnosisActiveAmi"/>
          </id>
                    <text value="Diagnosis, Active: AMI"/>
          <statusCode code="active"/>
          
          
                    <value xsi:type="CD" valueSet="2.16.840.1.113883.3.117.1.7.1.833">
            <displayName value="AMI"/>
          </value>

          <definition>
            <observationReference moodCode="EVN" classCode="OBS">
              <id root="2.16.840.1.113883.3.100.1" extension="diagnosis"/>
            </observationReference>
          </definition>
          
                    <outboundRelationship typeCode="SUBJ">
            <subsetCode code="SOURCE"/>
            <observationReference classCode="OBS" moodCode="EVN">
              <id root="2.16.840.1.113883.3.100.1" extension="DiagnosisActiveAmi"/>
            </observationReference>
          </outboundRelationship>
          
          
        </observationCriteria>
      </entry>

            <entry typeCode="DRIV">
        <observationCriteria moodCode="EVN" classCode="OBS">
                    <templateId>
            <item root="2.16.840.1.113883.3.560.1.25" identifierName="patient characteristic, birthdate template"/>
            <item root="2.16.840.1.113883.3.100.1.1" identifierName="Source data criteria template"/>
          </templateId>

          <id>
            <item root="2.16.840.1.113883.3.100.1" extension="PatientCharacteristicBirthdateBirthDate"/>
          </id>
                    <code codeSystemName="LOINC" codeSystem="2.16.840.1.113883.6.1"
            code="21112-8">
            <displayName value="birth date"/>
          </code>

                    <text value="Patient Characteristic Birthdate: birth date"/>
          
          <definition>
            <observationReference moodCode="EVN" classCode="OBS">
              <id root="2.16.840.1.113883.3.100.1" extension="patient_characteristic_birthdate"/>
            </observationReference>
          </definition>
          
                    <outboundRelationship typeCode="SUBJ">
            <subsetCode code="SOURCE"/>
            <observationReference classCode="OBS" moodCode="EVN">
              <id root="2.16.840.1.113883.3.100.1" extension="PatientCharacteristicBirthdateBirthDate"/>
            </observationReference>
          </outboundRelationship>
        </observationCriteria>
      </entry>

            <entry typeCode="DRIV">
        <encounterCriteria moodCode="EVN" classCode="ENC">
                    <templateId>
            <item root="2.16.840.1.113883.3.560.1.79" identifierName="encounter, performed template"/>
            <item root="2.16.840.1.113883.3.100.1.1" identifierName="Source data criteria template"/>
          </templateId>

          <id>
            <item root="2.16.840.1.113883.3.100.1" extension="EncounterPerformedEncounterInpatient"/>
          </id>
                    <code xsi:type="CD" valueSet="2.16.840.1.113883.3.666.5.3001">
            <displayName value="Encounter Inpatient"/>
          </code>

                    <text value="Encounter, Performed: Encounter Inpatient"/>
          
          
          <definition>
            <encounterReference moodCode="EVN" classCode="ENC">
              <id root="2.16.840.1.113883.3.100.1" extension="encounter"/>
            </encounterReference>
          </definition>
          
                    <outboundRelationship typeCode="SUBJ">
            <subsetCode code="SOURCE"/>
            <observationReference classCode="OBS" moodCode="EVN">
              <id root="2.16.840.1.113883.3.100.1" extension="EncounterPerformedEncounterInpatient"/>
            </observationReference>
          </outboundRelationship>
          
          
        </encounterCriteria>
      </entry>

            <entry typeCode="DRIV">
        <procedureCriteria moodCode="EVN" classCode="PROC">
                    <templateId>
            <item root="2.16.840.1.113883.3.560.1.46" identifierName="intervention, performed template"/>
            <item root="2.16.840.1.113883.3.100.1.1" identifierName="Source data criteria template"/>
          </templateId>

          <id>
            <item root="2.16.840.1.113883.3.100.1" extension="InterventionPerformedHospitalMeasuresComfortMeasureOnlyIntervention"/>
          </id>
                    <code xsi:type="CD" valueSet="2.16.840.1.113883.3.666.5.3002">
            <displayName value="Hospital Measures - Comfort Measure Only Intervention"/>
          </code>

                    <text value="Intervention, Performed: Hospital Measures - Comfort Measure Only Intervention"/>
          <statusCode code="performed"/>
          
          
          <definition>
            <procedureReference moodCode="EVN" classCode="PROC">
              <id root="2.16.840.1.113883.3.100.1" extension="intervention"/>
            </procedureReference>
          </definition>
          
                    <outboundRelationship typeCode="SUBJ">
            <subsetCode code="SOURCE"/>
            <observationReference classCode="OBS" moodCode="EVN">
              <id root="2.16.840.1.113883.3.100.1" extension="InterventionPerformedHospitalMeasuresComfortMeasureOnlyIntervention"/>
            </observationReference>
          </outboundRelationship>
          
          
        </procedureCriteria>
      </entry>

            <entry typeCode="DRIV">
        <supplyCriteria moodCode="EVN" classCode="SPLY">
                    <templateId>
            <item root="2.16.840.1.113883.3.560.1.17" identifierName="medication, order template"/>
            <item root="2.16.840.1.113883.3.100.1.1" identifierName="Source data criteria template"/>
          </templateId>

          <id>
            <item root="2.16.840.1.113883.3.100.1" extension="MedicationOrderStatins"/>
          </id>
                    <text value="Medication, Order: Statins"/>
          <statusCode code="ordered"/>
          
          
          <participation typeCode="PRD">
            <role classCode="THER">
                        <code valueSet="2.16.840.1.113883.3.117.1.7.1.824">
            <displayName value="Statins"/>
          </code>

            </role>
          </participation>
          <definition>
            <supplyReference moodCode="EVN" classCode="SPLY">
              <id root="2.16.840.1.113883.3.100.1" extension="medication"/>
            </supplyReference>
          </definition>
          
                    <outboundRelationship typeCode="SUBJ">
            <subsetCode code="SOURCE"/>
            <observationReference classCode="OBS" moodCode="EVN">
              <id root="2.16.840.1.113883.3.100.1" extension="MedicationOrderStatins"/>
            </observationReference>
          </outboundRelationship>
          
          
        </supplyCriteria>
      </entry>

            <entry typeCode="DRIV">
        <observationCriteria moodCode="EVN" classCode="OBS">
                    <templateId>
            <item root="2.16.840.1.113883.3.560.1.199" identifierName="medication, discharge template"/>
            <item root="2.16.840.1.113883.3.100.1.1" identifierName="Source data criteria template"/>
          </templateId>

          <id>
            <item root="2.16.840.1.113883.3.100.1" extension="MedicationDischargeStatins"/>
          </id>
                    <code xsi:type="CD" valueSet="2.16.840.1.113883.3.117.1.7.1.824">
            <displayName value="Statins"/>
          </code>

                    <text value="Medication, Discharge: Statins"/>
          
          
          
          <definition>
            <observationReference moodCode="EVN" classCode="OBS">
              <id root="2.16.840.1.113883.3.100.1" extension="medication_discharge"/>
            </observationReference>
          </definition>
          
                    <outboundRelationship typeCode="SUBJ">
            <subsetCode code="SOURCE"/>
            <observationReference classCode="OBS" moodCode="EVN">
              <id root="2.16.840.1.113883.3.100.1" extension="MedicationDischargeStatins"/>
            </observationReference>
          </outboundRelationship>
          
          
        </observationCriteria>
      </entry>

            <entry typeCode="DRIV">
        <supplyCriteria moodCode="EVN" classCode="SPLY" actionNegationInd='true'>
                    <templateId>
            <item root="2.16.840.1.113883.3.560.1.78" identifierName="medication, order template"/>
            <item root="2.16.840.1.113883.3.100.1.1" identifierName="Source data criteria template"/>
          </templateId>

          <id>
            <item root="2.16.840.1.113883.3.100.1" extension="MedicationOrderNotDoneMedicalReasonsAmi"/>
          </id>
                    <text value="Medication, Order not done: Medical Reasons AMI"/>
          <statusCode code="ordered"/>
          
          
          <participation typeCode="PRD">
            <role classCode="THER">
                        <code valueSet="2.16.840.1.113883.3.666.5.3003">
            <displayName value="Medical Reasons AMI"/>
          </code>

            </role>
          </participation>
          <definition>
            <supplyReference moodCode="EVN" classCode="SPLY">
              <id root="2.16.840.1.113883.3.100.1" extension="medication"/>
            </supplyReference>
          </definition>
          
                    <outboundRelationship typeCode="SUBJ">
            <subsetCode code="SOURCE"/>
            <observationReference classCode="OBS" moodCode="EVN">
              <id root="2.16.840.1.113883.3.100.1" extension="MedicationOrderNotDoneMedicalReasonsAmi"/>
            </observationReference>
          </outboundRelationship>
          
          
        </supplyCriteria>
      </entry>

            <entry typeCode="DRIV">
        <supplyCriteria moodCode="EVN" classCode="SPLY" actionNegationInd='true'>
                    <templateId>
            <item root="2.16.840.1.113883.3.560.1.78" identifierName="medication, order template"/>
            <item root="2.16.840.1.113883.3.100.1.1" identifierName="Source data criteria template"/>
          </templateId>

          <id>
            <item root="2.16.840.1.113883.3.100.1" extension="MedicationOrderNotDonePatientReasonsAmi"/>
          </id>
                    <text value="Medication, Order not done: Patient Reasons AMI"/>
          <statusCode code="ordered"/>
          
          
          <participation typeCode="PRD">
            <role classCode="THER">
                        <code valueSet="2.16.840.1.113883.3.666.5.3004">
            <displayName value="Patient Reasons AMI"/>
          </code>

            </role>
          </participation>
          <definition>
            <supplyReference moodCode="EVN" classCode="SPLY">
              <id root="2.16.840.1.113883.3.100.1" extension="medication"/>
            </supplyReference>
          </definition>
          
                    <outboundRelationship typeCode="SUBJ">
            <subsetCode code="SOURCE"/>
            <observationReference classCode="OBS" moodCode="EVN">
              <id root="2.16.840.1.113883.3.100.1" extension="MedicationOrderNotDonePatientReasonsAmi"/>
            </observationReference>
          </outboundRelationship>
          
          
        </supplyCriteria>
      </entry>

            <entry typeCode="DRIV">
        <supplyCriteria moodCode="EVN" classCode="SPLY" actionNegationInd='true'>
                    <templateId>
            <item root="2.16.840.1.113883.3.560.1.78" identifierName="medication, order template"/>
            <item root="2.16.840.1.113883.3.100.1.1" identifierName="Source data criteria template"/>
          </templateId>

          <id>
            <item root="2.16.840.1.113883.3.100.1" extension="MedicationOrderNotDoneSystemReasonsAmi"/>
          </id>
                    <text value="Medication, Order not done: System Reasons AMI"/>
          <statusCode code="ordered"/>
          
          
          <participation typeCode="PRD">
            <role classCode="THER">
                        <code valueSet="2.16.840.1.113883.3.666.5.3005">
            <displayName value="System Reasons AMI"/>
          </code>

            </role>
          </participation>
          <definition>
            <supplyReference moodCode="EVN" classCode="SPLY">
              <id root="2.16.840.1.113883.3.100.1" extension="medication"/>
            </supplyReference>
          </definition>
          
                    <outboundRelationship typeCode="SUBJ">
            <subsetCode code="SOURCE"/>
            <observationReference classCode="OBS" moodCode="EVN">
              <id root="2.16.840.1.113883.3.100.1" extension="MedicationOrderNotDoneSystemReasonsAmi"/>
            </observationReference>
          </outboundRelationship>
          
          
        </supplyCriteria>
      </entry>

            <entry typeCode="DRIV">
        <encounterCriteria moodCode="EVN" classCode="ENC">
                    <templateId>
            <item root="2.16.840.1.113883.3.560.1.79" identifierName="encounter, performed template"/>
            <item root="2.16.840.1.113883.3.100.1.1" identifierName="Source data criteria template"/>
          </templateId>

          <id>
            <item root="2.16.840.1.113883.3.100.1" extension="OccurrenceAEncounterInpatient118"/>
          </id>
                    <code xsi:type="CD" valueSet="2.16.840.1.113883.3.666.5.3001">
            <displayName value="Encounter Inpatient"/>
          </code>

                    <text value="Encounter, Performed: Encounter Inpatient"/>
          
          
          <definition>
            <encounterReference moodCode="EVN" classCode="ENC">
              <id root="2.16.840.1.113883.3.100.1" extension="encounter"/>
            </encounterReference>
          </definition>
          
                    <outboundRelationship typeCode="SUBJ">
            <localVariableName controlInformationRoot="" controlInformationExtension="A"/>
            <subsetCode code="SPECIFIC"/>
            <observationReference classCode="OBS" moodCode="EVN">
              <id root="2.16.840.1.113883.3.100.1" extension="OccurrenceAEncounterInpatient118"/>
            </observationReference>
          </outboundRelationship>
          
          
        </encounterCriteria>
      </entry>

            <entry typeCode="DRIV">
        <observationCriteria moodCode="EVN" classCode="OBS">
                    <templateId>
            <item root="2.16.840.1.113883.3.560.1.401" identifierName="patient characteristic, clinical trial participant template"/>
            <item root="2.16.840.1.113883.3.100.1.1" identifierName="Source data criteria template"/>
          </templateId>

          <id>
            <item root="2.16.840.1.113883.3.100.1" extension="OccurrenceAClinicalTrialParticipant119"/>
          </id>
                    <code codeSystemName="SNOMED-CT" codeSystem="2.16.840.1.113883.6.96"
            code="428024001">
            <displayName value="Clinical Trial Participant"/>
          </code>

                    <text value="Patient Characteristic Clinical Trial Participant: Clinical Trial Participant"/>
          
          <definition>
            <observationReference moodCode="EVN" classCode="OBS">
              <id root="2.16.840.1.113883.3.100.1" extension="patient_characteristic_clinical_trial_participant"/>
            </observationReference>
          </definition>
          
                    <outboundRelationship typeCode="SUBJ">
            <localVariableName controlInformationRoot="" controlInformationExtension="A"/>
            <subsetCode code="SPECIFIC"/>
            <observationReference classCode="OBS" moodCode="EVN">
              <id root="2.16.840.1.113883.3.100.1" extension="OccurrenceAClinicalTrialParticipant119"/>
            </observationReference>
          </outboundRelationship>
        </observationCriteria>
      </entry>

    </dataCriteriaSection>
  </component>
  <component>
    <populationCriteriaSection>
      <id root="2.16.840.1.113883.3.100.1" extension="Population0"/>
      <code code="57026-7" codeSystem="2.16.840.1.113883.6.1"/>
      <title value=""/>
      <text>This section describes the Initial Patient Population,
        Numerator, Denominator, Denominator Exceptions, and Measure
        Populations</text>
            <component typeCode="COMP">
        <patientPopulationCriteria  classCode="OBS" moodCode="EVN">
          <id root="c75181d0-73eb-11de-8a39-0800200c9a66"
            extension="0406B148-063C-422E-A4D3-EC85580E7B96"/>
          <code codeSystem="2.16.840.1.113883.5.1063"
              codeSystemName="HL7 Observation Value"
              code="IPP">
            <displayName value="Initial Patient Population"/>
          </code>
          <isCriterionInd value="true"/>
          <precondition typeCode="PRCN">
  <allTrue>
    <id/>
    <precondition typeCode="PRCN">
    <observationReference moodCode="EVN" classCode="OBS">
      <id root="2.16.840.1.113883.3.100.1" extension="PatientCharacteristicBirthdateBirthDate_precondition_6473"/>
    </observationReference>
</precondition>
    <precondition typeCode="PRCN">
    <observationReference moodCode="EVN" classCode="OBS">
      <id root="2.16.840.1.113883.3.100.1" extension="DiagnosisActiveAmi_precondition_6475"/>
    </observationReference>
</precondition>
    <precondition typeCode="PRCN">
    <encounterReference moodCode="EVN" classCode="ENC">
      <id root="2.16.840.1.113883.3.100.1" extension="OccurrenceAEncounterInpatient118_precondition_6477"/>
    </encounterReference>
</precondition>
    <precondition typeCode="PRCN">
    <encounterReference moodCode="EVN" classCode="ENC">
      <id root="2.16.840.1.113883.3.100.1" extension="OccurrenceAEncounterInpatient118_precondition_6479"/>
    </encounterReference>
</precondition>
  </allTrue>
</precondition>
        </patientPopulationCriteria>
      </component>

            <component typeCode="COMP">
        <denominatorCriteria  classCode="OBS" moodCode="EVN">
          <id root="c75181d0-73eb-11de-8a39-0800200c9a66"
            extension="C8E6DF16-AB9F-441C-A5F9-F533AAEE434A"/>
          <code codeSystem="2.16.840.1.113883.5.1063"
              codeSystemName="HL7 Observation Value"
              code="DENOM">
            <displayName value="Denominator"/>
          </code>
          <isCriterionInd value="true"/>
          <precondition typeCode="PRCN" nullFlavor="NA">
            <allTrue>
              <id/>
            </allTrue>
          </precondition>
        </denominatorCriteria>
      </component>

            <component typeCode="COMP">
        <numeratorCriteria  classCode="OBS" moodCode="EVN">
          <id root="c75181d0-73eb-11de-8a39-0800200c9a66"
            extension="F845B0EC-F113-4C50-80DB-0F2B7DF526BD"/>
          <code codeSystem="2.16.840.1.113883.5.1063"
              codeSystemName="HL7 Observation Value"
              code="NUMER">
            <displayName value="Numerator"/>
          </code>
          <isCriterionInd value="true"/>
          <precondition typeCode="PRCN">
  <allTrue>
    <id/>
    <precondition typeCode="PRCN">
    <substanceAdministrationReference moodCode="EVN" classCode="SBADM">
      <id root="2.16.840.1.113883.3.100.1" extension="MedicationDischargeStatins_precondition_6469"/>
    </substanceAdministrationReference>
</precondition>
  </allTrue>
</precondition>
        </numeratorCriteria>
      </component>

      
            <component typeCode="COMP">
        <denominatorExclusionCriteria  classCode="OBS" moodCode="EVN">
          <id root="c75181d0-73eb-11de-8a39-0800200c9a66"
            extension="652BC917-B5A4-43B1-9087-E839A3046318"/>
          <code codeSystem="2.16.840.1.113883.5.1063"
              codeSystemName="HL7 Observation Value"
              code="DENEX">
            <displayName value="Denominator"/>
          </code>
          <isCriterionInd value="true"/>
          <precondition typeCode="PRCN">
  <allTrue>
    <id/>
    <precondition typeCode="PRCN">
  <atLeastOneTrue>
    <id/>
    <precondition typeCode="PRCN">
    <observationReference moodCode="EVN" classCode="OBS">
      <id root="2.16.840.1.113883.3.100.1" extension="InterventionPerformedHospitalMeasuresComfortMeasureOnlyIntervention_precondition_6428"/>
    </observationReference>
</precondition>
    <precondition typeCode="PRCN">
    <encounterReference moodCode="EVN" classCode="ENC">
      <id root="2.16.840.1.113883.3.100.1" extension="OccurrenceAEncounterInpatient118_precondition_6430"/>
    </encounterReference>
</precondition>
    <precondition typeCode="PRCN">
    <encounterReference moodCode="EVN" classCode="ENC">
      <id root="2.16.840.1.113883.3.100.1" extension="OccurrenceAEncounterInpatient118_precondition_6432"/>
    </encounterReference>
</precondition>
    <precondition typeCode="PRCN">
    <encounterReference moodCode="EVN" classCode="ENC">
      <id root="2.16.840.1.113883.3.100.1" extension="OccurrenceAEncounterInpatient118_precondition_6434"/>
    </encounterReference>
</precondition>
    <precondition typeCode="PRCN">
    <encounterReference moodCode="EVN" classCode="ENC">
      <id root="2.16.840.1.113883.3.100.1" extension="OccurrenceAEncounterInpatient118_precondition_6436"/>
    </encounterReference>
</precondition>
    <precondition typeCode="PRCN">
    <encounterReference moodCode="EVN" classCode="ENC">
      <id root="2.16.840.1.113883.3.100.1" extension="OccurrenceAEncounterInpatient118_precondition_6438"/>
    </encounterReference>
</precondition>
    <precondition typeCode="PRCN">
  <allTrue>
    <id/>
    <precondition typeCode="PRCN">
  <atLeastOneTrue>
    <id/>
    <precondition typeCode="PRCN">
    <observationReference moodCode="EVN" classCode="OBS">
      <id root="2.16.840.1.113883.3.100.1" extension="LaboratoryTestResultLdlCTest_precondition_6443"/>
    </observationReference>
</precondition>
    <precondition typeCode="PRCN">
    <observationReference moodCode="EVN" classCode="OBS">
      <id root="2.16.840.1.113883.3.100.1" extension="LaboratoryTestResultLdlCTest_precondition_6446"/>
    </observationReference>
</precondition>
    <precondition typeCode="PRCN">
    <substanceAdministrationReference moodCode="EVN" classCode="SBADM">
      <id root="2.16.840.1.113883.3.100.1" extension="MedicationOrderStatins_precondition_6448"/>
    </substanceAdministrationReference>
</precondition>
    <precondition typeCode="PRCN">
    <substanceAdministrationReference moodCode="EVN" classCode="SBADM">
      <id root="2.16.840.1.113883.3.100.1" extension="MedicationOrderStatins_precondition_6450"/>
    </substanceAdministrationReference>
</precondition>
    <precondition typeCode="PRCN">
    <substanceAdministrationReference moodCode="EVN" classCode="SBADM">
      <id root="2.16.840.1.113883.3.100.1" extension="MedicationOrderStatins_precondition_6452"/>
    </substanceAdministrationReference>
</precondition>
  </atLeastOneTrue>
</precondition>
    <precondition typeCode="PRCN">
  <atLeastOneFalse>
    <id/>
    <precondition typeCode="PRCN">
    <substanceAdministrationReference moodCode="EVN" classCode="SBADM">
      <id root="2.16.840.1.113883.3.100.1" extension="MedicationDischargeStatins_precondition_6440"/>
    </substanceAdministrationReference>
</precondition>
  </atLeastOneFalse>
</precondition>
  </allTrue>
</precondition>
    <precondition typeCode="PRCN">
  <allTrue>
    <id/>
    <precondition typeCode="PRCN">
    <observationReference moodCode="EVN" classCode="OBS">
      <id root="2.16.840.1.113883.3.100.1" extension="OccurrenceAClinicalTrialParticipant119_precondition_6461"/>
    </observationReference>
</precondition>
    <precondition typeCode="PRCN">
  <atLeastOneFalse>
    <id/>
    <precondition typeCode="PRCN">
    <observationReference moodCode="EVN" classCode="OBS">
      <id root="2.16.840.1.113883.3.100.1" extension="OccurrenceAClinicalTrialParticipant119_precondition_6459"/>
    </observationReference>
</precondition>
  </atLeastOneFalse>
</precondition>
  </allTrue>
</precondition>
  </atLeastOneTrue>
</precondition>
  </allTrue>
</precondition>
        </denominatorExclusionCriteria>
      </component>

    </populationCriteriaSection>
  </component>
</QualityMeasureDocument>
