<?xml version="1.0" encoding="UTF-8"?>
<ClinicalDocument xmlns="urn:hl7-org:v3" xmlns:sdtc="urn:hl7-org:sdtc" xmlns:xsi="http://www.w3.org/2001/XMLSchema-instance" xsi:schemaLocation="urn:hl7-org:v3 http://xreg2.nist.gov:8080/hitspValidation/schema/cdar2c32/infrastructure/cda/C32_CDA.xsd">
  <realmCode code="US"/>
  <typeId root="2.16.840.1.113883.1.3" extension="POCD_HD000040"/>
  <templateId root="2.16.840.1.113883.10.20.22.1.1" />
  <templateId root='2.16.840.1.113883.10.20.22.1.2'/> 
  <id root="2.16.840.1.113883.3.72" extension="503353e6044a114c600000eb" assigningAuthorityName="NIST Healthcare Project"/>
  <code code="34133-9" displayName="Summarization of episode note" codeSystem="2.16.840.1.113883.6.1" codeSystemName="LOINC"/>
  <title>Cypress C32 Patient Test Record: 10_11_12_GP_Geriatric_NUM 0022_0043_0101_0034_Dementia_FSAHip_FSAKnee</title>
  <effectiveTime value="20121115201441"/>
  <confidentialityCode code="N"/>
  <languageCode code="en-US"/>
  <recordTarget>
    <patientRole>
      <id root="Cypress" extension="503353e6044a114c600000eb"/>
      <addr use="HP">
        <streetAddressLine>202 Burlington Rd.</streetAddressLine>
        <city>Bedford</city>
        <state>MA</state>
        <postalCode>01730</postalCode>
      </addr>
      <telecom value="tel:+1-781-271-3000"/>
      <patient>
        <name>
          <given>10_11_12_GP_Geriatric_NUM</given>
          <family>0022_0043_0101_0034_Dementia_FSAHip_FSAKnee</family>
        </name>
        <administrativeGenderCode code="M" codeSystem="2.16.840.1.113883.5.1" codeSystemName="HL7 AdministrativeGender"/>
        <birthTime value="19430103003000"/>
          <raceCode code="1002-5" displayName="American Indian or Alaska Native" codeSystemName="CDC Race and Ethnicity" codeSystem="2.16.840.1.113883.6.238"/>
          <ethnicGroupCode code="2186-5" displayName="Not Hispanic or Latino" codeSystemName="CDC Race and Ethnicity" codeSystem="2.16.840.1.113883.6.238"/>
          <languageCommunication>
            <languageCode code="en-US"/>
          </languageCommunication>
      </patient>
    </patientRole>
  </recordTarget>
  <author>
    <time value="20121115201441"/>
    <assignedAuthor>
      <id/>
      <addr/>
      <telecom value="tel:+1-781-271-3000"/>
      <assignedPerson>
        <name>Auto Generated</name>
      </assignedPerson>
    </assignedAuthor>
  </author>
  <custodian>
    <assignedCustodian>
      <representedCustodianOrganization>
        <id/>
        <name>Cypress</name>
        <telecom value="tel:+1-781-271-3000"/>
        <addr>
          <streetAddressLine>202 Burlington Rd.</streetAddressLine>
          <city>Bedford</city>
          <state>MA</state>
          <postalCode>01730</postalCode>
        </addr>
      </representedCustodianOrganization>
    </assignedCustodian>
  </custodian>
  <component>
    <structuredBody>
        <component>
  <!-- Allergies: patient has no allergies -->
  <section>
    <templateId root="2.16.840.1.113883.10.20.22.2.6"/>
    <code code="48765-2" codeSystem="2.16.840.1.113883.6.1" codeSystemName="LOINC" displayName="Allergy List"/>
    <title>Allergies</title>                
    <text>There are no current allergies at the time of this document's creation.</text>
    <entry typeCode="DRIV">
      <act classCode="ACT" moodCode="EVN">
        <templateId root="2.16.840.1.113883.10.20.22.4.30"/>
        <id root="03454500-118f-0130-b9af-3c07547eb597"/>
        <code nullFlavor="NA"/>
        <statusCode code="active"/>
        <effectiveTime>
          <low nullFlavor="NA"/>
        </effectiveTime>					
        <entryRelationship typeCode="SUBJ" inversionInd="false">
          <observation classCode="OBS" moodCode="EVN" negationInd="true">
            <templateId root="2.16.840.1.113883.10.20.22.4.7"/>
            <id root="03454610-118f-0130-b9af-3c07547eb597"/>
            <code code="ASSERTION" codeSystem="2.16.840.1.113883.5.4"/>
            <effectiveTime>
              <low nullFlavor="UNK"/>
            </effectiveTime>
            <statusCode code="completed"/>
            <value xsi:type="CD" code="419199007"
              codeSystem="2.16.840.1.113883.6.96" displayName="Allergy to Substance"/>
          </observation>
        </entryRelationship>
      </act>
    </entry>
  </section>
</component>
        <component>
  <!--Medications-->
  <section>
	<templateId root="2.16.840.1.113883.10.20.22.2.1" />
    <code code="10160-0" displayName="History of medication use" codeSystem="2.16.840.1.113883.6.1" codeSystemName="LOINC"/>
    <title>Medications</title>
    <text>
  <table border="1" width="100%">
    <thead>
      <tr>
        <th>Description</th>
        <th>Codes</th>
        <th>Time</th>
        
      </tr>
    </thead>
    <tbody>
        <tr>
          <td ID="medications-desc-0">Medication, Administered: Pneumococcal Vaccine (Code List: 2.16.840.1.113883.3.464.1003.110.12.1027)</td>
          <td ID="medications-code-0">CVX: 33<br/><i></i></td>
          <td>January 29th, 2010 05:00 - January 29th, 2010 05:00</td>
           
        </tr>
        <tr>
          <td ID="medications-desc-1">Medication, Order: High Risk Medications for the Elderly (Code List: 2.16.840.1.113883.3.464.1003.196.12.1253)</td>
          <td ID="medications-code-1">RxNorm: 996640<br/><i></i></td>
          <td>June 1st, 2010 04:00 - June 1st, 2010 04:00</td>
           
        </tr>
    </tbody>
  </table>
</text>
    <entry>
      <!--CCD Medication activity - Required-->
      <substanceAdministration classCode="SBADM" moodCode="EVN">
        <templateId root='2.16.840.1.113883.10.20.22.4.16'/>
        <id root="03457b80-118f-0130-b9af-3c07547eb597"/>
        <statusCode code="completed"/>
        <effectiveTime xsi:type="IVL_TS">
          <low value='20100129050000'/>
          <high nullFlavor="UNK"/>
        </effectiveTime>
        <consumable>
          <!--CCD Product - Required-->
          <manufacturedProduct classCode="MANU">
			    <templateId root='2.16.840.1.113883.10.20.22.4.23'/>
            <manufacturedMaterial>
              <code nullFlavor="UNK">
  <originalText><reference value="#medications-desc-0"/></originalText>
  <translation code="33" codeSystem="2.16.840.1.113883.6.59" />
</code>

              <name>Medication, Administered: Pneumococcal Vaccine (Code List: 2.16.840.1.113883.3.464.1003.110.12.1027)</name>
            </manufacturedMaterial>
          </manufacturedProduct>
        </consumable>
      </substanceAdministration>
    </entry>
    <entry>
      <!--CCD Medication activity - Required-->
      <substanceAdministration classCode="SBADM" moodCode="EVN">
        <templateId root='2.16.840.1.113883.10.20.22.4.16'/>
        <id root="034592e0-118f-0130-b9af-3c07547eb597"/>
        <statusCode code="completed"/>
        <effectiveTime xsi:type="IVL_TS">
          <low value='20100601040000'/>
          <high nullFlavor="UNK"/>
        </effectiveTime>
        <consumable>
          <!--CCD Product - Required-->
          <manufacturedProduct classCode="MANU">
			    <templateId root='2.16.840.1.113883.10.20.22.4.23'/>
            <manufacturedMaterial>
              <code code="996640" codeSystem="2.16.840.1.113883.6.88" displayName="Medication, Order: High Risk Medications for the Elderly (Code List: 2.16.840.1.113883.3.464.1003.196.12.1253)">
  <originalText><reference value="#medications-desc-1"/></originalText>
</code>

              <name>Medication, Order: High Risk Medications for the Elderly (Code List: 2.16.840.1.113883.3.464.1003.196.12.1253)</name>
            </manufacturedMaterial>
          </manufacturedProduct>
        </consumable>
      </substanceAdministration>
    </entry>
  </section>
</component>
        <component>
  <!--Diagnostic Results-->
  <section>
    <templateId root="2.16.840.1.113883.10.20.22.2.3.1"/>
    <!--Diagnostic Results section template-->
    <code code="30954-2" codeSystem="2.16.840.1.113883.6.1" codeSystemName="LOINC" displayName="Results"/>
    <title>Diagnostic Results</title>
    <text>
  <table border="1" width="100%">
    <thead>
      <tr>
        <th>Description</th>
        <th>Codes</th>
        <th>Time</th>
        
          <th>Value</th>
      </tr>
    </thead>
    <tbody>
        <tr>
          <td ID="results-desc-0">Functional Status, Result: Functional Status Assessment  for Hip Replacement (Code List: 2.16.840.1.113883.3.464.1003.118.12.1029)</td>
          <td ID="results-code-0">LOINC: 71955-9<br/><i></i></td>
          <td>August 1st, 2009 04:00 - August 1st, 2009 04:00</td>
           
              <td>
              </td>
        </tr>
        <tr>
          <td ID="results-desc-1">Functional Status, Result: Functional Status Assessment for Knee Replacement (Code List: 2.16.840.1.113883.3.464.1003.118.12.1030)</td>
          <td ID="results-code-1">LOINC: 71955-9<br/><i></i></td>
          <td>August 1st, 2009 04:00 - August 1st, 2009 04:00</td>
           
              <td>
              </td>
        </tr>
        <tr>
          <td ID="results-desc-2">Functional Status, Result: Functional Status Assessment for Knee Replacement (Code List: 2.16.840.1.113883.3.464.1003.118.12.1030)</td>
          <td ID="results-code-2">LOINC: 71955-9<br/><i></i></td>
          <td>February 1st, 2010 05:00 - February 1st, 2010 05:00</td>
           
              <td>
              </td>
        </tr>
        <tr>
          <td ID="results-desc-3">Functional Status, Result: Functional Status Assessment  for Hip Replacement (Code List: 2.16.840.1.113883.3.464.1003.118.12.1029)</td>
          <td ID="results-code-3">LOINC: 71955-9<br/><i></i></td>
          <td>February 1st, 2010 05:00 - February 1st, 2010 05:00</td>
           
              <td>
              </td>
        </tr>
    </tbody>
  </table>
</text>
    <entry typeCode="DRIV">
      <organizer classCode="BATTERY" moodCode="EVN">
        <templateId root="2.16.840.1.113883.10.20.22.4.1"/>
        <!--Result organizer template -->
        <id root="0345f140-118f-0130-b9af-3c07547eb597"/>
        <code nullFlavor="NA"/>
        <statusCode code="completed"/>
        <effectiveTime value="20121115201441"/>
          <component>
           <observation classCode="OBS" moodCode="EVN">
            <templateId root="2.16.840.1.113883.10.20.22.4.2"/>
              <id root="0345f300-118f-0130-b9af-3c07547eb597"/>
              <code nullFlavor="UNK">
                <originalText><reference value="Unknown"/></originalText>
              </code>
              <text>
                <reference value="Unknown"/>
              </text>
              <statusCode code="completed"/>
              <effectiveTime nullFlavor="UNK"/>
            </observation>
          </component>
        <component>
          <observation classCode="OBS" moodCode="EVN">
            <templateId root="2.16.840.1.113883.10.20.22.4.2"/>
            <!-- Result observation template -->
            <id root="0345f3e0-118f-0130-b9af-3c07547eb597"/>
            <code code="71955-9" codeSystem="2.16.840.1.113883.6.1" ><originalText>Functional Status, Result: Functional Status Assessment  for Hip Replacement (Code List: 2.16.840.1.113883.3.464.1003.118.12.1029)</originalText></code>
            <text>
              <reference value="#results-desc-0"/>
            </text>
            <statusCode code="completed"/>
            <effectiveTime value='20090801040000'/>
              <value xsi:type="PQ" nullFlavor="UNK"/>
          </observation>
        </component>
        <component>
          <observation classCode="OBS" moodCode="EVN">
            <templateId root="2.16.840.1.113883.10.20.22.4.2"/>
            <!-- Result observation template -->
            <id root="0345f9c0-118f-0130-b9af-3c07547eb597"/>
            <code code="71955-9" codeSystem="2.16.840.1.113883.6.1" ><originalText>Functional Status, Result: Functional Status Assessment for Knee Replacement (Code List: 2.16.840.1.113883.3.464.1003.118.12.1030)</originalText></code>
            <text>
              <reference value="#results-desc-1"/>
            </text>
            <statusCode code="completed"/>
            <effectiveTime value='20090801040000'/>
              <value xsi:type="PQ" nullFlavor="UNK"/>
          </observation>
        </component>
        <component>
          <observation classCode="OBS" moodCode="EVN">
            <templateId root="2.16.840.1.113883.10.20.22.4.2"/>
            <!-- Result observation template -->
            <id root="0345fec0-118f-0130-b9af-3c07547eb597"/>
            <code code="71955-9" codeSystem="2.16.840.1.113883.6.1" ><originalText>Functional Status, Result: Functional Status Assessment for Knee Replacement (Code List: 2.16.840.1.113883.3.464.1003.118.12.1030)</originalText></code>
            <text>
              <reference value="#results-desc-2"/>
            </text>
            <statusCode code="completed"/>
            <effectiveTime value='20100201050000'/>
              <value xsi:type="PQ" nullFlavor="UNK"/>
          </observation>
        </component>
        <component>
          <observation classCode="OBS" moodCode="EVN">
            <templateId root="2.16.840.1.113883.10.20.22.4.2"/>
            <!-- Result observation template -->
            <id root="034603a0-118f-0130-b9af-3c07547eb597"/>
            <code code="71955-9" codeSystem="2.16.840.1.113883.6.1" ><originalText>Functional Status, Result: Functional Status Assessment  for Hip Replacement (Code List: 2.16.840.1.113883.3.464.1003.118.12.1029)</originalText></code>
            <text>
              <reference value="#results-desc-3"/>
            </text>
            <statusCode code="completed"/>
            <effectiveTime value='20100201050000'/>
              <value xsi:type="PQ" nullFlavor="UNK"/>
          </observation>
        </component>
      </organizer>
    </entry>
  </section>
</component>
        <component>
  <!--Problems-->
  <section>
    <templateId root="2.16.840.1.113883.10.20.22.2.5.1"/>
    <!--Problems section template-->
    <code code="11450-4" codeSystem="2.16.840.1.113883.6.1" codeSystemName="LOINC" displayName="Problem list"/>
    <title>Problems</title>
    <text>
  <table border="1" width="100%">
    <thead>
      <tr>
        <th>Description</th>
        <th>Codes</th>
        <th>Time</th>
          <th>Status</th>
        
      </tr>
    </thead>
    <tbody>
        <tr>
          <td ID="conditions-desc-0">Diagnosis, Active: Dementia &amp; Mental Degenerations (Code List: 2.16.840.1.113883.3.526.3.1005)</td>
          <td ID="conditions-code-0">ICD-9-CM: 094.1 ICD-10-CM: A52.17 SNOMED-CT: 281004<br/><i></i></td>
          <td>January 29th, 2010 05:00 - January 29th, 2010 05:00</td>
            <td>active</td>
           
        </tr>
    </tbody>
  </table>
</text>
    <entry typeCode="DRIV">
      <act classCode="ACT" moodCode="EVN">
        <templateId root="2.16.840.1.113883.10.20.22.4.3"/>
        <!-- Problem act template -->
        <id root="03464270-118f-0130-b9af-3c07547eb597"/>
        <code nullFlavor="NA"/>
        <statusCode code="active"/>
        <effectiveTime>
          <low value='20100129050000'/>
        </effectiveTime>
        <entryRelationship typeCode="SUBJ" inversionInd="false">
          <observation classCode="OBS" moodCode="EVN">
            <templateId root="2.16.840.1.113883.10.20.22.4.4"/>
            
            <!--Problem observation template - NOT episode template-->
            <id root="034644e0-118f-0130-b9af-3c07547eb597"/>
            <code code="64572001" displayName="Condition" codeSystem="2.16.840.1.113883.6.96" codeSystemName="SNOMED-CT"/>
            <text>
              <reference value="#conditions-desc-0"/>
            </text>
            <statusCode code="completed"/>
            <effectiveTime>
              <low value='20100129050000'/>
            </effectiveTime>
            <value code="281004" codeSystem="2.16.840.1.113883.6.96" xsi:type="CD"><originalText>Diagnosis, Active: Dementia &amp; Mental Degenerations (Code List: 2.16.840.1.113883.3.526.3.1005)</originalText><translation code="094.1" codeSystem="2.16.840.1.113883.6.104"/>
<translation code="A52.17" codeSystem="2.16.840.1.113883.6.90"/>
</value>
            <entryRelationship typeCode="REFR">
              <observation classCode="OBS" moodCode="EVN">
                <templateId root="2.16.840.1.113883.10.20.22.4.6"/>
                <!-- Problem status observation template -->
                <code code="33999-4" codeSystem="2.16.840.1.113883.6.1" displayName="Status"/>
                <statusCode code="completed"/>
                <value xsi:type="CE" code="55561003" codeSystem="2.16.840.1.113883.6.96"/>
              </observation>
            </entryRelationship>
          </observation>
        </entryRelationship>
      </act>
    </entry>
  </section>
</component>

        <component>
  <!--Surgeries-->
  <section>
    <templateId root="2.16.840.1.113883.10.20.22.2.7"/>
    <!--Surgeries section template-->
    <code code="47519-4" codeSystem="2.16.840.1.113883.6.1" codeSystemName="LOINC" displayName="List of surgeries"/>
    <title>Surgeries</title>
    <text>
  <table border="1" width="100%">
    <thead>
      <tr>
        <th>Description</th>
        <th>Codes</th>
        <th>Time</th>
        
      </tr>
    </thead>
    <tbody>
        <tr>
          <td ID="procedures-desc-0">Procedure, Performed: Primary TKA Procedure (Code List: 2.16.840.1.113883.3.464.1003.198.12.1007)</td>
          <td ID="procedures-code-0">SNOMED-CT: 179344006 CPT: 27447<br/><i></i></td>
          <td>November 1st, 2009 04:00 - November 1st, 2009 04:00</td>
           
        </tr>
        <tr>
          <td ID="procedures-desc-1">Procedure, Performed: Colonoscopy (Code List: 2.16.840.1.113883.3.464.1003.108.12.1020)</td>
          <td ID="procedures-code-1">CPT: 44388 HCPCS: G0105 SNOMED-CT: 8180007<br/><i></i></td>
          <td>April 6th, 2008 04:00 - April 6th, 2008 04:00</td>
           
        </tr>
        <tr>
          <td ID="procedures-desc-2">Procedure, Performed: Primary THA Procedure (Code List: 2.16.840.1.113883.3.464.1003.198.12.1006)</td>
          <td ID="procedures-code-2">CPT: 27130 HCPCS: S2118 SNOMED-CT: 15163009<br/><i></i></td>
          <td>September 1st, 2009 04:00 - September 1st, 2009 04:00</td>
           
        </tr>
        <tr>
          <td ID="procedures-desc-3">Risk Category Assessment: Standardized Tools for Assessment of Cognition (Code List: 2.16.840.1.113883.3.526.3.1006)</td>
          <td ID="procedures-code-3">LOINC: 58151-2<br/><i></i></td>
          <td>January 29th, 2010 05:00 - January 29th, 2010 05:00</td>
           
        </tr>
        <tr>
          <td ID="procedures-desc-4">Risk Category Assessment: Falls Screening (Code List: 2.16.840.1.113883.3.464.1003.118.12.1028)</td>
          <td ID="procedures-code-4">SNOMED-CT: 408422004<br/><i></i></td>
          <td>June 1st, 2010 04:00 - June 1st, 2010 04:00</td>
           
        </tr>
    </tbody>
  </table>
</text>
    <entry typeCode="DRIV">
      <procedure classCode="PROC" moodCode="EVN">
        <templateId root="2.16.840.1.113883.10.20.22.4.14"/>
        <!-- Procedure activity template -->
        <id root="03468930-118f-0130-b9af-3c07547eb597"/>
        <code code="27447" codeSystem="2.16.840.1.113883.6.12" displayName="Procedure, Performed: Primary TKA Procedure (Code List: 2.16.840.1.113883.3.464.1003.198.12.1007)">
  <originalText><reference value="#procedures-desc-0"/></originalText>
  <translation code="179344006" codeSystem="2.16.840.1.113883.6.96" />
</code>

        <text>
          <reference value="#procedures-desc-0"/>
        </text>
        <statusCode code="completed"/>
        <effectiveTime value='20091101040000'/>
      </procedure>
    </entry>
    <entry typeCode="DRIV">
      <procedure classCode="PROC" moodCode="EVN">
        <templateId root="2.16.840.1.113883.10.20.22.4.14"/>
        <!-- Procedure activity template -->
        <id root="0346a130-118f-0130-b9af-3c07547eb597"/>
        <code code="44388" codeSystem="2.16.840.1.113883.6.12" displayName="Procedure, Performed: Colonoscopy (Code List: 2.16.840.1.113883.3.464.1003.108.12.1020)">
  <originalText><reference value="#procedures-desc-1"/></originalText>
  <translation code="G0105" codeSystem="2.16.840.1.113883.6.14" />
  <translation code="8180007" codeSystem="2.16.840.1.113883.6.96" />
</code>

        <text>
          <reference value="#procedures-desc-1"/>
        </text>
        <statusCode code="completed"/>
        <effectiveTime value='20080406040000'/>
      </procedure>
    </entry>
    <entry typeCode="DRIV">
      <procedure classCode="PROC" moodCode="EVN">
        <templateId root="2.16.840.1.113883.10.20.22.4.14"/>
        <!-- Procedure activity template -->
        <id root="0346b9a0-118f-0130-b9af-3c07547eb597"/>
        <code code="27130" codeSystem="2.16.840.1.113883.6.12" displayName="Procedure, Performed: Primary THA Procedure (Code List: 2.16.840.1.113883.3.464.1003.198.12.1006)">
  <originalText><reference value="#procedures-desc-2"/></originalText>
  <translation code="S2118" codeSystem="2.16.840.1.113883.6.14" />
  <translation code="15163009" codeSystem="2.16.840.1.113883.6.96" />
</code>

        <text>
          <reference value="#procedures-desc-2"/>
        </text>
        <statusCode code="completed"/>
        <effectiveTime value='20090901040000'/>
      </procedure>
    </entry>
    <entry typeCode="DRIV">
      <procedure classCode="PROC" moodCode="EVN">
        <templateId root="2.16.840.1.113883.10.20.22.4.14"/>
        <!-- Procedure activity template -->
        <id root="0346d200-118f-0130-b9af-3c07547eb597"/>
        <code nullFlavor="UNK">
  <originalText><reference value="#procedures-desc-3"/></originalText>
  <translation code="58151-2" codeSystem="2.16.840.1.113883.6.1" />
</code>

        <text>
          <reference value="#procedures-desc-3"/>
        </text>
        <statusCode code="completed"/>
        <effectiveTime value='20100129050000'/>
      </procedure>
    </entry>
    <entry typeCode="DRIV">
      <procedure classCode="PROC" moodCode="EVN">
        <templateId root="2.16.840.1.113883.10.20.22.4.14"/>
        <!-- Procedure activity template -->
        <id root="0346e830-118f-0130-b9af-3c07547eb597"/>
        <code code="408422004" codeSystem="2.16.840.1.113883.6.96" displayName="Risk Category Assessment: Falls Screening (Code List: 2.16.840.1.113883.3.464.1003.118.12.1028)">
  <originalText><reference value="#procedures-desc-4"/></originalText>
</code>

        <text>
          <reference value="#procedures-desc-4"/>
        </text>
        <statusCode code="completed"/>
        <effectiveTime value='20100601040000'/>
      </procedure>
    </entry>
  </section>
</component>
        <component>
  <!--Encounters-->
  <section>
    <templateId root="2.16.840.1.113883.10.20.22.2.22" /> <!-- CCDA Template id -->
    <!--Encounters section template-->
    <code code="46240-8" codeSystem="2.16.840.1.113883.6.1" codeSystemName="LOINC" displayName="History of encounters"/>
    <title>Encounters</title>
    <text>
  <table border="1" width="100%">
    <thead>
      <tr>
        <th>Description</th>
        <th>Codes</th>
        <th>Time</th>
        
      </tr>
    </thead>
    <tbody>
        <tr>
          <td ID="encounters-desc-0">Encounter, Performed: Office Visit (Code List: 2.16.840.1.113883.3.464.1003.101.12.1001)</td>
          <td ID="encounters-code-0">CPT: 99201<br/><i></i></td>
          <td>August 1st, 2009 04:00 - August 1st, 2009 04:00</td>
           
        </tr>
        <tr>
          <td ID="encounters-desc-1">Encounter, Performed: Office Visit (Code List: 2.16.840.1.113883.3.464.1003.101.12.1001)</td>
          <td ID="encounters-code-1">CPT: 99201<br/><i></i></td>
          <td>October 1st, 2009 04:00 - October 1st, 2009 04:00</td>
           
        </tr>
        <tr>
          <td ID="encounters-desc-2">Encounter, Performed: Office Visit (Code List: 2.16.840.1.113883.3.464.1003.101.12.1001)</td>
          <td ID="encounters-code-2">CPT: 99201<br/><i></i></td>
          <td>January 29th, 2010 05:00 - January 29th, 2010 05:00</td>
           
        </tr>
        <tr>
          <td ID="encounters-desc-3">Encounter, Performed: Office Visit (Code List: 2.16.840.1.113883.3.464.1003.101.12.1001)</td>
          <td ID="encounters-code-3">CPT: 99201<br/><i></i></td>
          <td>June 1st, 2010 04:00 - June 1st, 2010 04:00</td>
           
        </tr>
    </tbody>
  </table>
</text>
    <entry typeCode="DRIV">
      <encounter classCode="ENC" moodCode="EVN">
		    <templateId root="2.16.840.1.113883.10.20.22.4.49"/>
        <!-- Encounter activity template -->
        <id root="03474ce0-118f-0130-b9af-3c07547eb597"/>
        <code code="99201" codeSystem="2.16.840.1.113883.6.12" displayName="Encounter, Performed: Office Visit (Code List: 2.16.840.1.113883.3.464.1003.101.12.1001)">
  <originalText><reference value="#encounters-desc-0"/></originalText>
</code>

        <text>
          <reference value="#encounters-desc-0"/>
        </text>
        <effectiveTime value='20090801040000'/>
      </encounter>
    </entry>
    <entry typeCode="DRIV">
      <encounter classCode="ENC" moodCode="EVN">
		    <templateId root="2.16.840.1.113883.10.20.22.4.49"/>
        <!-- Encounter activity template -->
        <id root="034765e0-118f-0130-b9af-3c07547eb597"/>
        <code code="99201" codeSystem="2.16.840.1.113883.6.12" displayName="Encounter, Performed: Office Visit (Code List: 2.16.840.1.113883.3.464.1003.101.12.1001)">
  <originalText><reference value="#encounters-desc-1"/></originalText>
</code>

        <text>
          <reference value="#encounters-desc-1"/>
        </text>
        <effectiveTime value='20091001040000'/>
      </encounter>
    </entry>
    <entry typeCode="DRIV">
      <encounter classCode="ENC" moodCode="EVN">
		    <templateId root="2.16.840.1.113883.10.20.22.4.49"/>
        <!-- Encounter activity template -->
        <id root="03477d10-118f-0130-b9af-3c07547eb597"/>
        <code code="99201" codeSystem="2.16.840.1.113883.6.12" displayName="Encounter, Performed: Office Visit (Code List: 2.16.840.1.113883.3.464.1003.101.12.1001)">
  <originalText><reference value="#encounters-desc-2"/></originalText>
</code>

        <text>
          <reference value="#encounters-desc-2"/>
        </text>
        <effectiveTime value='20100129050000'/>
      </encounter>
    </entry>
    <entry typeCode="DRIV">
      <encounter classCode="ENC" moodCode="EVN">
		    <templateId root="2.16.840.1.113883.10.20.22.4.49"/>
        <!-- Encounter activity template -->
        <id root="03479400-118f-0130-b9af-3c07547eb597"/>
        <code code="99201" codeSystem="2.16.840.1.113883.6.12" displayName="Encounter, Performed: Office Visit (Code List: 2.16.840.1.113883.3.464.1003.101.12.1001)">
  <originalText><reference value="#encounters-desc-3"/></originalText>
</code>

        <text>
          <reference value="#encounters-desc-3"/>
        </text>
        <effectiveTime value='20100601040000'/>
      </encounter>
    </entry>
  </section>
</component>
    </structuredBody>
  </component>
</ClinicalDocument>