<?xml version="1.0" encoding="UTF-8"?>
<ClinicalDocument xmlns="urn:hl7-org:v3" xmlns:sdtc="urn:hl7-org:sdtc" xmlns:xsi="http://www.w3.org/2001/XMLSchema-instance" xsi:schemaLocation="urn:hl7-org:v3 http://xreg2.nist.gov:8080/hitspValidation/schema/cdar2c32/infrastructure/cda/C32_CDA.xsd">
  <realmCode code="US"/>
  <typeId root="2.16.840.1.113883.1.3" extension="POCD_HD000040"/>
  <templateId root="2.16.840.1.113883.10.20.22.1.1" />
  <templateId root='2.16.840.1.113883.10.20.22.1.2'/> 
  <id root="2.16.840.1.113883.3.72" extension="50324c38044a111444000114" assigningAuthorityName="NIST Healthcare Project"/>
  <code code="34133-9" displayName="Summarization of episode note" codeSystem="2.16.840.1.113883.6.1" codeSystemName="LOINC"/>
  <title>Cypress C32 Patient Test Record: 10_11_12_GP_Peds_Immuninzations_NUM 0038</title>
  <effectiveTime value="20121115201440"/>
  <confidentialityCode code="N"/>
  <languageCode code="en-US"/>
  <recordTarget>
    <patientRole>
      <id root="Cypress" extension="50324c38044a111444000114"/>
      <addr use="HP">
        <streetAddressLine>202 Burlington Rd.</streetAddressLine>
        <city>Bedford</city>
        <state>MA</state>
        <postalCode>01730</postalCode>
      </addr>
      <telecom value="tel:+1-781-271-3000"/>
      <patient>
        <name>
          <given>10_11_12_GP_Peds_Immuninzations_NUM</given>
          <family>0038</family>
        </name>
        <administrativeGenderCode code="M" codeSystem="2.16.840.1.113883.5.1" codeSystemName="HL7 AdministrativeGender"/>
        <birthTime value="20080618073000"/>
          <raceCode code="1002-5" displayName="American Indian or Alaska Native" codeSystemName="CDC Race and Ethnicity" codeSystem="2.16.840.1.113883.6.238"/>
          <ethnicGroupCode code="2186-5" displayName="Not Hispanic or Latino" codeSystemName="CDC Race and Ethnicity" codeSystem="2.16.840.1.113883.6.238"/>
          <languageCommunication>
            <languageCode code="en-US"/>
          </languageCommunication>
      </patient>
    </patientRole>
  </recordTarget>
  <author>
    <time value="20121115201440"/>
    <assignedAuthor>
      <id/>
      <addr/>
      <telecom value="tel:+1-781-271-3000"/>
      <assignedPerson>
        <name>Auto Generated</name>
      </assignedPerson>
    </assignedAuthor>
  </author>
  <custodian>
    <assignedCustodian>
      <representedCustodianOrganization>
        <id/>
        <name>Cypress</name>
        <telecom value="tel:+1-781-271-3000"/>
        <addr>
          <streetAddressLine>202 Burlington Rd.</streetAddressLine>
          <city>Bedford</city>
          <state>MA</state>
          <postalCode>01730</postalCode>
        </addr>
      </representedCustodianOrganization>
    </assignedCustodian>
  </custodian>
  <component>
    <structuredBody>
        <component>
  <!-- Allergies: patient has no allergies -->
  <section>
    <templateId root="2.16.840.1.113883.10.20.22.2.6"/>
    <code code="48765-2" codeSystem="2.16.840.1.113883.6.1" codeSystemName="LOINC" displayName="Allergy List"/>
    <title>Allergies</title>                
    <text>There are no current allergies at the time of this document's creation.</text>
    <entry typeCode="DRIV">
      <act classCode="ACT" moodCode="EVN">
        <templateId root="2.16.840.1.113883.10.20.22.4.30"/>
        <id root="02ee4720-118f-0130-b9af-3c07547eb597"/>
        <code nullFlavor="NA"/>
        <statusCode code="active"/>
        <effectiveTime>
          <low nullFlavor="NA"/>
        </effectiveTime>					
        <entryRelationship typeCode="SUBJ" inversionInd="false">
          <observation classCode="OBS" moodCode="EVN" negationInd="true">
            <templateId root="2.16.840.1.113883.10.20.22.4.7"/>
            <id root="02ee48b0-118f-0130-b9af-3c07547eb597"/>
            <code code="ASSERTION" codeSystem="2.16.840.1.113883.5.4"/>
            <effectiveTime>
              <low nullFlavor="UNK"/>
            </effectiveTime>
            <statusCode code="completed"/>
            <value xsi:type="CD" code="419199007"
              codeSystem="2.16.840.1.113883.6.96" displayName="Allergy to Substance"/>
          </observation>
        </entryRelationship>
      </act>
    </entry>
  </section>
</component>
        <component>
  <!--Medications-->
  <section>
	<templateId root="2.16.840.1.113883.10.20.22.2.1" />
    <code code="10160-0" displayName="History of medication use" codeSystem="2.16.840.1.113883.6.1" codeSystemName="LOINC"/>
    <title>Medications</title>
    <text>
  <table border="1" width="100%">
    <thead>
      <tr>
        <th>Description</th>
        <th>Codes</th>
        <th>Time</th>
        
      </tr>
    </thead>
    <tbody>
        <tr>
          <td ID="medications-desc-0">Medication, Administered: DTaP Vaccine (Code List: 2.16.840.1.113883.3.464.1003.196.12.1214)</td>
          <td ID="medications-code-0">CVX: 20<br/><i></i></td>
          <td>December 1st, 2009 05:00 - December 1st, 2009 05:00</td>
           
        </tr>
        <tr>
          <td ID="medications-desc-1">Medication, Administered: Hemophilus Influenze B (HiB) Vaccine (Code List: 2.16.840.1.113883.3.464.1003.196.12.1217)</td>
          <td ID="medications-code-1">CVX: 48<br/><i></i></td>
          <td>December 1st, 2009 05:00 - December 1st, 2009 05:00</td>
           
        </tr>
        <tr>
          <td ID="medications-desc-2">Medication, Administered: Pneumococcal Conjugate Vaccine (Code List: 2.16.840.1.113883.3.464.1003.196.12.1221)</td>
          <td ID="medications-code-2">CVX: 33<br/><i></i></td>
          <td>September 1st, 2008 04:00 - September 1st, 2008 04:00</td>
           
        </tr>
        <tr>
          <td ID="medications-desc-3">Medication, Administered: Hepatitis B Vaccine (Code List: 2.16.840.1.113883.3.464.1003.196.12.1216)</td>
          <td ID="medications-code-3">CVX: 08<br/><i></i></td>
          <td>September 1st, 2008 04:00 - September 1st, 2008 04:00</td>
           
        </tr>
        <tr>
          <td ID="medications-desc-4">Medication, Administered: Inactivated Polio Vaccine (IPV) (Code List: 2.16.840.1.113883.3.464.1003.196.12.1219)</td>
          <td ID="medications-code-4">CVX: 10<br/><i></i></td>
          <td>September 1st, 2008 04:00 - September 1st, 2008 04:00</td>
           
        </tr>
        <tr>
          <td ID="medications-desc-5">Medication, Administered: DTaP Vaccine (Code List: 2.16.840.1.113883.3.464.1003.196.12.1214)</td>
          <td ID="medications-code-5">CVX: 20<br/><i></i></td>
          <td>September 1st, 2008 04:00 - September 1st, 2008 04:00</td>
           
        </tr>
        <tr>
          <td ID="medications-desc-6">Medication, Administered: Hemophilus Influenze B (HiB) Vaccine (Code List: 2.16.840.1.113883.3.464.1003.196.12.1217)</td>
          <td ID="medications-code-6">CVX: 48<br/><i></i></td>
          <td>September 1st, 2008 04:00 - September 1st, 2008 04:00</td>
           
        </tr>
        <tr>
          <td ID="medications-desc-7">Medication, Administered: Pneumococcal Conjugate Vaccine (Code List: 2.16.840.1.113883.3.464.1003.196.12.1221)</td>
          <td ID="medications-code-7">CVX: 33<br/><i></i></td>
          <td>March 1st, 2009 05:00 - March 1st, 2009 05:00</td>
           
        </tr>
        <tr>
          <td ID="medications-desc-8">Medication, Administered: Hemophilus Influenze B (HiB) Vaccine (Code List: 2.16.840.1.113883.3.464.1003.196.12.1217)</td>
          <td ID="medications-code-8">CVX: 48<br/><i></i></td>
          <td>March 1st, 2009 05:00 - March 1st, 2009 05:00</td>
           
        </tr>
        <tr>
          <td ID="medications-desc-9">Medication, Administered: Hepatitis B Vaccine (Code List: 2.16.840.1.113883.3.464.1003.196.12.1216)</td>
          <td ID="medications-code-9">CVX: 08<br/><i></i></td>
          <td>March 1st, 2009 05:00 - March 1st, 2009 05:00</td>
           
        </tr>
        <tr>
          <td ID="medications-desc-10">Medication, Administered: Inactivated Polio Vaccine (IPV) (Code List: 2.16.840.1.113883.3.464.1003.196.12.1219)</td>
          <td ID="medications-code-10">CVX: 10<br/><i></i></td>
          <td>March 1st, 2009 05:00 - March 1st, 2009 05:00</td>
           
        </tr>
        <tr>
          <td ID="medications-desc-11">Medication, Administered: Rotavirus Vaccine (3 dose schedule) (Code List: 2.16.840.1.113883.3.464.1003.196.12.1223)</td>
          <td ID="medications-code-11">CVX: 116<br/><i></i></td>
          <td>March 1st, 2009 05:00 - March 1st, 2009 05:00</td>
           
        </tr>
        <tr>
          <td ID="medications-desc-12">Medication, Administered: DTaP Vaccine (Code List: 2.16.840.1.113883.3.464.1003.196.12.1214)</td>
          <td ID="medications-code-12">CVX: 20<br/><i></i></td>
          <td>March 1st, 2009 05:00 - March 1st, 2009 05:00</td>
           
        </tr>
        <tr>
          <td ID="medications-desc-13">Medication, Administered: Influenza Vaccine (Code List: 2.16.840.1.113883.3.464.1003.196.12.1218)</td>
          <td ID="medications-code-13">CVX: 111<br/><i></i></td>
          <td>March 1st, 2009 05:00 - March 1st, 2009 05:00</td>
           
        </tr>
        <tr>
          <td ID="medications-desc-14">Medication, Administered: Hepatitis B Vaccine (Code List: 2.16.840.1.113883.3.464.1003.196.12.1216)</td>
          <td ID="medications-code-14">CVX: 08<br/><i></i></td>
          <td>December 1st, 2009 05:00 - December 1st, 2009 05:00</td>
           
        </tr>
        <tr>
          <td ID="medications-desc-15">Medication, Administered: Inactivated Polio Vaccine (IPV) (Code List: 2.16.840.1.113883.3.464.1003.196.12.1219)</td>
          <td ID="medications-code-15">CVX: 10<br/><i></i></td>
          <td>December 1st, 2009 05:00 - December 1st, 2009 05:00</td>
           
        </tr>
        <tr>
          <td ID="medications-desc-16">Medication, Administered: Rotavirus Vaccine (3 dose schedule) (Code List: 2.16.840.1.113883.3.464.1003.196.12.1223)</td>
          <td ID="medications-code-16">CVX: 116<br/><i></i></td>
          <td>December 1st, 2009 05:00 - December 1st, 2009 05:00</td>
           
        </tr>
        <tr>
          <td ID="medications-desc-17">Medication, Administered: Influenza Vaccine (Code List: 2.16.840.1.113883.3.464.1003.196.12.1218)</td>
          <td ID="medications-code-17">CVX: 111<br/><i></i></td>
          <td>December 1st, 2009 05:00 - December 1st, 2009 05:00</td>
           
        </tr>
        <tr>
          <td ID="medications-desc-18">Medication, Administered: Pneumococcal Conjugate Vaccine (Code List: 2.16.840.1.113883.3.464.1003.196.12.1221)</td>
          <td ID="medications-code-18">CVX: 33<br/><i></i></td>
          <td>December 1st, 2009 05:00 - December 1st, 2009 05:00</td>
           
        </tr>
        <tr>
          <td ID="medications-desc-19">Medication, Administered: Inactivated Polio Vaccine (IPV) (Code List: 2.16.840.1.113883.3.464.1003.196.12.1219)</td>
          <td ID="medications-code-19">CVX: 10<br/><i></i></td>
          <td>March 1st, 2010 05:00 - March 1st, 2010 05:00</td>
           
        </tr>
        <tr>
          <td ID="medications-desc-20">Medication, Administered: Influenza Vaccine (Code List: 2.16.840.1.113883.3.464.1003.196.12.1218)</td>
          <td ID="medications-code-20">CVX: 111<br/><i></i></td>
          <td>April 1st, 2010 04:00 - April 1st, 2010 04:00</td>
           
        </tr>
        <tr>
          <td ID="medications-desc-21">Medication, Administered: Hepatitis A Vaccine (Code List: 2.16.840.1.113883.3.464.1003.196.12.1215)</td>
          <td ID="medications-code-21">CVX: 83<br/><i></i></td>
          <td>April 1st, 2010 04:00 - April 1st, 2010 04:00</td>
           
        </tr>
        <tr>
          <td ID="medications-desc-22">Medication, Administered: Measles, Mumps and Rubella (MMR) Vaccine (Code List: 2.16.840.1.113883.3.464.1003.196.12.1224)</td>
          <td ID="medications-code-22">CVX: 03<br/><i></i></td>
          <td>April 1st, 2010 04:00 - April 1st, 2010 04:00</td>
           
        </tr>
        <tr>
          <td ID="medications-desc-23">Medication, Administered: Pneumococcal Conjugate Vaccine (Code List: 2.16.840.1.113883.3.464.1003.196.12.1221)</td>
          <td ID="medications-code-23">CVX: 33<br/><i></i></td>
          <td>April 1st, 2010 04:00 - April 1st, 2010 04:00</td>
           
        </tr>
        <tr>
          <td ID="medications-desc-24">Medication, Administered: Varicella Zoster Vaccine (VZV) (Code List: 2.16.840.1.113883.3.464.1003.196.12.1170)</td>
          <td ID="medications-code-24">CVX: 21<br/><i></i></td>
          <td>April 1st, 2010 04:00 - April 1st, 2010 04:00</td>
           
        </tr>
        <tr>
          <td ID="medications-desc-25">Medication, Administered: Hemophilus Influenze B (HiB) Vaccine (Code List: 2.16.840.1.113883.3.464.1003.196.12.1217)</td>
          <td ID="medications-code-25">CVX: 48<br/><i></i></td>
          <td>April 1st, 2010 04:00 - January 1st, 2010 05:00</td>
           
        </tr>
        <tr>
          <td ID="medications-desc-26">Medication, Administered: DTaP Vaccine (Code List: 2.16.840.1.113883.3.464.1003.196.12.1214)</td>
          <td ID="medications-code-26">CVX: 20<br/><i></i></td>
          <td>April 1st, 2010 04:00 - April 1st, 2010 04:00</td>
           
        </tr>
        <tr>
          <td ID="medications-desc-27">Medication, Administered: Rotavirus Vaccine (3 dose schedule) (Code List: 2.16.840.1.113883.3.464.1003.196.12.1223)</td>
          <td ID="medications-code-27">CVX: 116<br/><i></i></td>
          <td>April 1st, 2010 04:00 - April 1st, 2010 04:00</td>
           
        </tr>
        <tr>
          <td ID="medications-desc-28">Medication, Administered: Hepatitis B Vaccine (Code List: 2.16.840.1.113883.3.464.1003.196.12.1216)</td>
          <td ID="medications-code-28">CVX: 08<br/><i></i></td>
          <td>April 1st, 2010 04:00 - April 1st, 2010 04:00</td>
           
        </tr>
    </tbody>
  </table>
</text>
    <entry>
      <!--CCD Medication activity - Required-->
      <substanceAdministration classCode="SBADM" moodCode="EVN">
        <templateId root='2.16.840.1.113883.10.20.22.4.16'/>
        <id root="02eed120-118f-0130-b9af-3c07547eb597"/>
        <statusCode code="completed"/>
        <effectiveTime xsi:type="IVL_TS">
          <low value='20091201050000'/>
          <high nullFlavor="UNK"/>
        </effectiveTime>
        <consumable>
          <!--CCD Product - Required-->
          <manufacturedProduct classCode="MANU">
			    <templateId root='2.16.840.1.113883.10.20.22.4.23'/>
            <manufacturedMaterial>
              <code nullFlavor="UNK">
  <originalText><reference value="#medications-desc-0"/></originalText>
  <translation code="20" codeSystem="2.16.840.1.113883.6.59" />
</code>

              <name>Medication, Administered: DTaP Vaccine (Code List: 2.16.840.1.113883.3.464.1003.196.12.1214)</name>
            </manufacturedMaterial>
          </manufacturedProduct>
        </consumable>
      </substanceAdministration>
    </entry>
    <entry>
      <!--CCD Medication activity - Required-->
      <substanceAdministration classCode="SBADM" moodCode="EVN">
        <templateId root='2.16.840.1.113883.10.20.22.4.16'/>
        <id root="02eeea70-118f-0130-b9af-3c07547eb597"/>
        <statusCode code="completed"/>
        <effectiveTime xsi:type="IVL_TS">
          <low value='20091201050000'/>
          <high nullFlavor="UNK"/>
        </effectiveTime>
        <consumable>
          <!--CCD Product - Required-->
          <manufacturedProduct classCode="MANU">
			    <templateId root='2.16.840.1.113883.10.20.22.4.23'/>
            <manufacturedMaterial>
              <code nullFlavor="UNK">
  <originalText><reference value="#medications-desc-1"/></originalText>
  <translation code="48" codeSystem="2.16.840.1.113883.6.59" />
</code>

              <name>Medication, Administered: Hemophilus Influenze B (HiB) Vaccine (Code List: 2.16.840.1.113883.3.464.1003.196.12.1217)</name>
            </manufacturedMaterial>
          </manufacturedProduct>
        </consumable>
      </substanceAdministration>
    </entry>
    <entry>
      <!--CCD Medication activity - Required-->
      <substanceAdministration classCode="SBADM" moodCode="EVN">
        <templateId root='2.16.840.1.113883.10.20.22.4.16'/>
        <id root="02ef01d0-118f-0130-b9af-3c07547eb597"/>
        <statusCode code="completed"/>
        <effectiveTime xsi:type="IVL_TS">
          <low value='20080901040000'/>
          <high nullFlavor="UNK"/>
        </effectiveTime>
        <consumable>
          <!--CCD Product - Required-->
          <manufacturedProduct classCode="MANU">
			    <templateId root='2.16.840.1.113883.10.20.22.4.23'/>
            <manufacturedMaterial>
              <code nullFlavor="UNK">
  <originalText><reference value="#medications-desc-2"/></originalText>
  <translation code="33" codeSystem="2.16.840.1.113883.6.59" />
</code>

              <name>Medication, Administered: Pneumococcal Conjugate Vaccine (Code List: 2.16.840.1.113883.3.464.1003.196.12.1221)</name>
            </manufacturedMaterial>
          </manufacturedProduct>
        </consumable>
      </substanceAdministration>
    </entry>
    <entry>
      <!--CCD Medication activity - Required-->
      <substanceAdministration classCode="SBADM" moodCode="EVN">
        <templateId root='2.16.840.1.113883.10.20.22.4.16'/>
        <id root="02ef1950-118f-0130-b9af-3c07547eb597"/>
        <statusCode code="completed"/>
        <effectiveTime xsi:type="IVL_TS">
          <low value='20080901040000'/>
          <high nullFlavor="UNK"/>
        </effectiveTime>
        <consumable>
          <!--CCD Product - Required-->
          <manufacturedProduct classCode="MANU">
			    <templateId root='2.16.840.1.113883.10.20.22.4.23'/>
            <manufacturedMaterial>
              <code nullFlavor="UNK">
  <originalText><reference value="#medications-desc-3"/></originalText>
  <translation code="08" codeSystem="2.16.840.1.113883.6.59" />
</code>

              <name>Medication, Administered: Hepatitis B Vaccine (Code List: 2.16.840.1.113883.3.464.1003.196.12.1216)</name>
            </manufacturedMaterial>
          </manufacturedProduct>
        </consumable>
      </substanceAdministration>
    </entry>
    <entry>
      <!--CCD Medication activity - Required-->
      <substanceAdministration classCode="SBADM" moodCode="EVN">
        <templateId root='2.16.840.1.113883.10.20.22.4.16'/>
        <id root="02ef3070-118f-0130-b9af-3c07547eb597"/>
        <statusCode code="completed"/>
        <effectiveTime xsi:type="IVL_TS">
          <low value='20080901040000'/>
          <high nullFlavor="UNK"/>
        </effectiveTime>
        <consumable>
          <!--CCD Product - Required-->
          <manufacturedProduct classCode="MANU">
			    <templateId root='2.16.840.1.113883.10.20.22.4.23'/>
            <manufacturedMaterial>
              <code nullFlavor="UNK">
  <originalText><reference value="#medications-desc-4"/></originalText>
  <translation code="10" codeSystem="2.16.840.1.113883.6.59" />
</code>

              <name>Medication, Administered: Inactivated Polio Vaccine (IPV) (Code List: 2.16.840.1.113883.3.464.1003.196.12.1219)</name>
            </manufacturedMaterial>
          </manufacturedProduct>
        </consumable>
      </substanceAdministration>
    </entry>
    <entry>
      <!--CCD Medication activity - Required-->
      <substanceAdministration classCode="SBADM" moodCode="EVN">
        <templateId root='2.16.840.1.113883.10.20.22.4.16'/>
        <id root="02ef4760-118f-0130-b9af-3c07547eb597"/>
        <statusCode code="completed"/>
        <effectiveTime xsi:type="IVL_TS">
          <low value='20080901040000'/>
          <high nullFlavor="UNK"/>
        </effectiveTime>
        <consumable>
          <!--CCD Product - Required-->
          <manufacturedProduct classCode="MANU">
			    <templateId root='2.16.840.1.113883.10.20.22.4.23'/>
            <manufacturedMaterial>
              <code nullFlavor="UNK">
  <originalText><reference value="#medications-desc-5"/></originalText>
  <translation code="20" codeSystem="2.16.840.1.113883.6.59" />
</code>

              <name>Medication, Administered: DTaP Vaccine (Code List: 2.16.840.1.113883.3.464.1003.196.12.1214)</name>
            </manufacturedMaterial>
          </manufacturedProduct>
        </consumable>
      </substanceAdministration>
    </entry>
    <entry>
      <!--CCD Medication activity - Required-->
      <substanceAdministration classCode="SBADM" moodCode="EVN">
        <templateId root='2.16.840.1.113883.10.20.22.4.16'/>
        <id root="02ef5e50-118f-0130-b9af-3c07547eb597"/>
        <statusCode code="completed"/>
        <effectiveTime xsi:type="IVL_TS">
          <low value='20080901040000'/>
          <high nullFlavor="UNK"/>
        </effectiveTime>
        <consumable>
          <!--CCD Product - Required-->
          <manufacturedProduct classCode="MANU">
			    <templateId root='2.16.840.1.113883.10.20.22.4.23'/>
            <manufacturedMaterial>
              <code nullFlavor="UNK">
  <originalText><reference value="#medications-desc-6"/></originalText>
  <translation code="48" codeSystem="2.16.840.1.113883.6.59" />
</code>

              <name>Medication, Administered: Hemophilus Influenze B (HiB) Vaccine (Code List: 2.16.840.1.113883.3.464.1003.196.12.1217)</name>
            </manufacturedMaterial>
          </manufacturedProduct>
        </consumable>
      </substanceAdministration>
    </entry>
    <entry>
      <!--CCD Medication activity - Required-->
      <substanceAdministration classCode="SBADM" moodCode="EVN">
        <templateId root='2.16.840.1.113883.10.20.22.4.16'/>
        <id root="02ef7530-118f-0130-b9af-3c07547eb597"/>
        <statusCode code="completed"/>
        <effectiveTime xsi:type="IVL_TS">
          <low value='20090301050000'/>
          <high nullFlavor="UNK"/>
        </effectiveTime>
        <consumable>
          <!--CCD Product - Required-->
          <manufacturedProduct classCode="MANU">
			    <templateId root='2.16.840.1.113883.10.20.22.4.23'/>
            <manufacturedMaterial>
              <code nullFlavor="UNK">
  <originalText><reference value="#medications-desc-7"/></originalText>
  <translation code="33" codeSystem="2.16.840.1.113883.6.59" />
</code>

              <name>Medication, Administered: Pneumococcal Conjugate Vaccine (Code List: 2.16.840.1.113883.3.464.1003.196.12.1221)</name>
            </manufacturedMaterial>
          </manufacturedProduct>
        </consumable>
      </substanceAdministration>
    </entry>
    <entry>
      <!--CCD Medication activity - Required-->
      <substanceAdministration classCode="SBADM" moodCode="EVN">
        <templateId root='2.16.840.1.113883.10.20.22.4.16'/>
        <id root="02ef8c10-118f-0130-b9af-3c07547eb597"/>
        <statusCode code="completed"/>
        <effectiveTime xsi:type="IVL_TS">
          <low value='20090301050000'/>
          <high nullFlavor="UNK"/>
        </effectiveTime>
        <consumable>
          <!--CCD Product - Required-->
          <manufacturedProduct classCode="MANU">
			    <templateId root='2.16.840.1.113883.10.20.22.4.23'/>
            <manufacturedMaterial>
              <code nullFlavor="UNK">
  <originalText><reference value="#medications-desc-8"/></originalText>
  <translation code="48" codeSystem="2.16.840.1.113883.6.59" />
</code>

              <name>Medication, Administered: Hemophilus Influenze B (HiB) Vaccine (Code List: 2.16.840.1.113883.3.464.1003.196.12.1217)</name>
            </manufacturedMaterial>
          </manufacturedProduct>
        </consumable>
      </substanceAdministration>
    </entry>
    <entry>
      <!--CCD Medication activity - Required-->
      <substanceAdministration classCode="SBADM" moodCode="EVN">
        <templateId root='2.16.840.1.113883.10.20.22.4.16'/>
        <id root="02efa310-118f-0130-b9af-3c07547eb597"/>
        <statusCode code="completed"/>
        <effectiveTime xsi:type="IVL_TS">
          <low value='20090301050000'/>
          <high nullFlavor="UNK"/>
        </effectiveTime>
        <consumable>
          <!--CCD Product - Required-->
          <manufacturedProduct classCode="MANU">
			    <templateId root='2.16.840.1.113883.10.20.22.4.23'/>
            <manufacturedMaterial>
              <code nullFlavor="UNK">
  <originalText><reference value="#medications-desc-9"/></originalText>
  <translation code="08" codeSystem="2.16.840.1.113883.6.59" />
</code>

              <name>Medication, Administered: Hepatitis B Vaccine (Code List: 2.16.840.1.113883.3.464.1003.196.12.1216)</name>
            </manufacturedMaterial>
          </manufacturedProduct>
        </consumable>
      </substanceAdministration>
    </entry>
    <entry>
      <!--CCD Medication activity - Required-->
      <substanceAdministration classCode="SBADM" moodCode="EVN">
        <templateId root='2.16.840.1.113883.10.20.22.4.16'/>
        <id root="02efb9e0-118f-0130-b9af-3c07547eb597"/>
        <statusCode code="completed"/>
        <effectiveTime xsi:type="IVL_TS">
          <low value='20090301050000'/>
          <high nullFlavor="UNK"/>
        </effectiveTime>
        <consumable>
          <!--CCD Product - Required-->
          <manufacturedProduct classCode="MANU">
			    <templateId root='2.16.840.1.113883.10.20.22.4.23'/>
            <manufacturedMaterial>
              <code nullFlavor="UNK">
  <originalText><reference value="#medications-desc-10"/></originalText>
  <translation code="10" codeSystem="2.16.840.1.113883.6.59" />
</code>

              <name>Medication, Administered: Inactivated Polio Vaccine (IPV) (Code List: 2.16.840.1.113883.3.464.1003.196.12.1219)</name>
            </manufacturedMaterial>
          </manufacturedProduct>
        </consumable>
      </substanceAdministration>
    </entry>
    <entry>
      <!--CCD Medication activity - Required-->
      <substanceAdministration classCode="SBADM" moodCode="EVN">
        <templateId root='2.16.840.1.113883.10.20.22.4.16'/>
        <id root="02efd190-118f-0130-b9af-3c07547eb597"/>
        <statusCode code="completed"/>
        <effectiveTime xsi:type="IVL_TS">
          <low value='20090301050000'/>
          <high nullFlavor="UNK"/>
        </effectiveTime>
        <consumable>
          <!--CCD Product - Required-->
          <manufacturedProduct classCode="MANU">
			    <templateId root='2.16.840.1.113883.10.20.22.4.23'/>
            <manufacturedMaterial>
              <code nullFlavor="UNK">
  <originalText><reference value="#medications-desc-11"/></originalText>
  <translation code="116" codeSystem="2.16.840.1.113883.6.59" />
</code>

              <name>Medication, Administered: Rotavirus Vaccine (3 dose schedule) (Code List: 2.16.840.1.113883.3.464.1003.196.12.1223)</name>
            </manufacturedMaterial>
          </manufacturedProduct>
        </consumable>
      </substanceAdministration>
    </entry>
    <entry>
      <!--CCD Medication activity - Required-->
      <substanceAdministration classCode="SBADM" moodCode="EVN">
        <templateId root='2.16.840.1.113883.10.20.22.4.16'/>
        <id root="02efe8c0-118f-0130-b9af-3c07547eb597"/>
        <statusCode code="completed"/>
        <effectiveTime xsi:type="IVL_TS">
          <low value='20090301050000'/>
          <high nullFlavor="UNK"/>
        </effectiveTime>
        <consumable>
          <!--CCD Product - Required-->
          <manufacturedProduct classCode="MANU">
			    <templateId root='2.16.840.1.113883.10.20.22.4.23'/>
            <manufacturedMaterial>
              <code nullFlavor="UNK">
  <originalText><reference value="#medications-desc-12"/></originalText>
  <translation code="20" codeSystem="2.16.840.1.113883.6.59" />
</code>

              <name>Medication, Administered: DTaP Vaccine (Code List: 2.16.840.1.113883.3.464.1003.196.12.1214)</name>
            </manufacturedMaterial>
          </manufacturedProduct>
        </consumable>
      </substanceAdministration>
    </entry>
    <entry>
      <!--CCD Medication activity - Required-->
      <substanceAdministration classCode="SBADM" moodCode="EVN">
        <templateId root='2.16.840.1.113883.10.20.22.4.16'/>
        <id root="02efffc0-118f-0130-b9af-3c07547eb597"/>
        <statusCode code="completed"/>
        <effectiveTime xsi:type="IVL_TS">
          <low value='20090301050000'/>
          <high nullFlavor="UNK"/>
        </effectiveTime>
        <consumable>
          <!--CCD Product - Required-->
          <manufacturedProduct classCode="MANU">
			    <templateId root='2.16.840.1.113883.10.20.22.4.23'/>
            <manufacturedMaterial>
              <code nullFlavor="UNK">
  <originalText><reference value="#medications-desc-13"/></originalText>
  <translation code="111" codeSystem="2.16.840.1.113883.6.59" />
</code>

              <name>Medication, Administered: Influenza Vaccine (Code List: 2.16.840.1.113883.3.464.1003.196.12.1218)</name>
            </manufacturedMaterial>
          </manufacturedProduct>
        </consumable>
      </substanceAdministration>
    </entry>
    <entry>
      <!--CCD Medication activity - Required-->
      <substanceAdministration classCode="SBADM" moodCode="EVN">
        <templateId root='2.16.840.1.113883.10.20.22.4.16'/>
        <id root="02f016b0-118f-0130-b9af-3c07547eb597"/>
        <statusCode code="completed"/>
        <effectiveTime xsi:type="IVL_TS">
          <low value='20091201050000'/>
          <high nullFlavor="UNK"/>
        </effectiveTime>
        <consumable>
          <!--CCD Product - Required-->
          <manufacturedProduct classCode="MANU">
			    <templateId root='2.16.840.1.113883.10.20.22.4.23'/>
            <manufacturedMaterial>
              <code nullFlavor="UNK">
  <originalText><reference value="#medications-desc-14"/></originalText>
  <translation code="08" codeSystem="2.16.840.1.113883.6.59" />
</code>

              <name>Medication, Administered: Hepatitis B Vaccine (Code List: 2.16.840.1.113883.3.464.1003.196.12.1216)</name>
            </manufacturedMaterial>
          </manufacturedProduct>
        </consumable>
      </substanceAdministration>
    </entry>
    <entry>
      <!--CCD Medication activity - Required-->
      <substanceAdministration classCode="SBADM" moodCode="EVN">
        <templateId root='2.16.840.1.113883.10.20.22.4.16'/>
        <id root="02f02de0-118f-0130-b9af-3c07547eb597"/>
        <statusCode code="completed"/>
        <effectiveTime xsi:type="IVL_TS">
          <low value='20091201050000'/>
          <high nullFlavor="UNK"/>
        </effectiveTime>
        <consumable>
          <!--CCD Product - Required-->
          <manufacturedProduct classCode="MANU">
			    <templateId root='2.16.840.1.113883.10.20.22.4.23'/>
            <manufacturedMaterial>
              <code nullFlavor="UNK">
  <originalText><reference value="#medications-desc-15"/></originalText>
  <translation code="10" codeSystem="2.16.840.1.113883.6.59" />
</code>

              <name>Medication, Administered: Inactivated Polio Vaccine (IPV) (Code List: 2.16.840.1.113883.3.464.1003.196.12.1219)</name>
            </manufacturedMaterial>
          </manufacturedProduct>
        </consumable>
      </substanceAdministration>
    </entry>
    <entry>
      <!--CCD Medication activity - Required-->
      <substanceAdministration classCode="SBADM" moodCode="EVN">
        <templateId root='2.16.840.1.113883.10.20.22.4.16'/>
        <id root="02f04470-118f-0130-b9af-3c07547eb597"/>
        <statusCode code="completed"/>
        <effectiveTime xsi:type="IVL_TS">
          <low value='20091201050000'/>
          <high nullFlavor="UNK"/>
        </effectiveTime>
        <consumable>
          <!--CCD Product - Required-->
          <manufacturedProduct classCode="MANU">
			    <templateId root='2.16.840.1.113883.10.20.22.4.23'/>
            <manufacturedMaterial>
              <code nullFlavor="UNK">
  <originalText><reference value="#medications-desc-16"/></originalText>
  <translation code="116" codeSystem="2.16.840.1.113883.6.59" />
</code>

              <name>Medication, Administered: Rotavirus Vaccine (3 dose schedule) (Code List: 2.16.840.1.113883.3.464.1003.196.12.1223)</name>
            </manufacturedMaterial>
          </manufacturedProduct>
        </consumable>
      </substanceAdministration>
    </entry>
    <entry>
      <!--CCD Medication activity - Required-->
      <substanceAdministration classCode="SBADM" moodCode="EVN">
        <templateId root='2.16.840.1.113883.10.20.22.4.16'/>
        <id root="02f05b20-118f-0130-b9af-3c07547eb597"/>
        <statusCode code="completed"/>
        <effectiveTime xsi:type="IVL_TS">
          <low value='20091201050000'/>
          <high nullFlavor="UNK"/>
        </effectiveTime>
        <consumable>
          <!--CCD Product - Required-->
          <manufacturedProduct classCode="MANU">
			    <templateId root='2.16.840.1.113883.10.20.22.4.23'/>
            <manufacturedMaterial>
              <code nullFlavor="UNK">
  <originalText><reference value="#medications-desc-17"/></originalText>
  <translation code="111" codeSystem="2.16.840.1.113883.6.59" />
</code>

              <name>Medication, Administered: Influenza Vaccine (Code List: 2.16.840.1.113883.3.464.1003.196.12.1218)</name>
            </manufacturedMaterial>
          </manufacturedProduct>
        </consumable>
      </substanceAdministration>
    </entry>
    <entry>
      <!--CCD Medication activity - Required-->
      <substanceAdministration classCode="SBADM" moodCode="EVN">
        <templateId root='2.16.840.1.113883.10.20.22.4.16'/>
        <id root="02f071c0-118f-0130-b9af-3c07547eb597"/>
        <statusCode code="completed"/>
        <effectiveTime xsi:type="IVL_TS">
          <low value='20091201050000'/>
          <high nullFlavor="UNK"/>
        </effectiveTime>
        <consumable>
          <!--CCD Product - Required-->
          <manufacturedProduct classCode="MANU">
			    <templateId root='2.16.840.1.113883.10.20.22.4.23'/>
            <manufacturedMaterial>
              <code nullFlavor="UNK">
  <originalText><reference value="#medications-desc-18"/></originalText>
  <translation code="33" codeSystem="2.16.840.1.113883.6.59" />
</code>

              <name>Medication, Administered: Pneumococcal Conjugate Vaccine (Code List: 2.16.840.1.113883.3.464.1003.196.12.1221)</name>
            </manufacturedMaterial>
          </manufacturedProduct>
        </consumable>
      </substanceAdministration>
    </entry>
    <entry>
      <!--CCD Medication activity - Required-->
      <substanceAdministration classCode="SBADM" moodCode="EVN">
        <templateId root='2.16.840.1.113883.10.20.22.4.16'/>
        <id root="02f088c0-118f-0130-b9af-3c07547eb597"/>
        <statusCode code="completed"/>
        <effectiveTime xsi:type="IVL_TS">
          <low value='20100301050000'/>
          <high nullFlavor="UNK"/>
        </effectiveTime>
        <consumable>
          <!--CCD Product - Required-->
          <manufacturedProduct classCode="MANU">
			    <templateId root='2.16.840.1.113883.10.20.22.4.23'/>
            <manufacturedMaterial>
              <code nullFlavor="UNK">
  <originalText><reference value="#medications-desc-19"/></originalText>
  <translation code="10" codeSystem="2.16.840.1.113883.6.59" />
</code>

              <name>Medication, Administered: Inactivated Polio Vaccine (IPV) (Code List: 2.16.840.1.113883.3.464.1003.196.12.1219)</name>
            </manufacturedMaterial>
          </manufacturedProduct>
        </consumable>
      </substanceAdministration>
    </entry>
    <entry>
      <!--CCD Medication activity - Required-->
      <substanceAdministration classCode="SBADM" moodCode="EVN">
        <templateId root='2.16.840.1.113883.10.20.22.4.16'/>
        <id root="02f09fb0-118f-0130-b9af-3c07547eb597"/>
        <statusCode code="completed"/>
        <effectiveTime xsi:type="IVL_TS">
          <low value='20100401040000'/>
          <high nullFlavor="UNK"/>
        </effectiveTime>
        <consumable>
          <!--CCD Product - Required-->
          <manufacturedProduct classCode="MANU">
			    <templateId root='2.16.840.1.113883.10.20.22.4.23'/>
            <manufacturedMaterial>
              <code nullFlavor="UNK">
  <originalText><reference value="#medications-desc-20"/></originalText>
  <translation code="111" codeSystem="2.16.840.1.113883.6.59" />
</code>

              <name>Medication, Administered: Influenza Vaccine (Code List: 2.16.840.1.113883.3.464.1003.196.12.1218)</name>
            </manufacturedMaterial>
          </manufacturedProduct>
        </consumable>
      </substanceAdministration>
    </entry>
    <entry>
      <!--CCD Medication activity - Required-->
      <substanceAdministration classCode="SBADM" moodCode="EVN">
        <templateId root='2.16.840.1.113883.10.20.22.4.16'/>
        <id root="02f0b620-118f-0130-b9af-3c07547eb597"/>
        <statusCode code="completed"/>
        <effectiveTime xsi:type="IVL_TS">
          <low value='20100401040000'/>
          <high nullFlavor="UNK"/>
        </effectiveTime>
        <consumable>
          <!--CCD Product - Required-->
          <manufacturedProduct classCode="MANU">
			    <templateId root='2.16.840.1.113883.10.20.22.4.23'/>
            <manufacturedMaterial>
              <code nullFlavor="UNK">
  <originalText><reference value="#medications-desc-21"/></originalText>
  <translation code="83" codeSystem="2.16.840.1.113883.6.59" />
</code>

              <name>Medication, Administered: Hepatitis A Vaccine (Code List: 2.16.840.1.113883.3.464.1003.196.12.1215)</name>
            </manufacturedMaterial>
          </manufacturedProduct>
        </consumable>
      </substanceAdministration>
    </entry>
    <entry>
      <!--CCD Medication activity - Required-->
      <substanceAdministration classCode="SBADM" moodCode="EVN">
        <templateId root='2.16.840.1.113883.10.20.22.4.16'/>
        <id root="02f0ccf0-118f-0130-b9af-3c07547eb597"/>
        <statusCode code="completed"/>
        <effectiveTime xsi:type="IVL_TS">
          <low value='20100401040000'/>
          <high nullFlavor="UNK"/>
        </effectiveTime>
        <consumable>
          <!--CCD Product - Required-->
          <manufacturedProduct classCode="MANU">
			    <templateId root='2.16.840.1.113883.10.20.22.4.23'/>
            <manufacturedMaterial>
              <code nullFlavor="UNK">
  <originalText><reference value="#medications-desc-22"/></originalText>
  <translation code="03" codeSystem="2.16.840.1.113883.6.59" />
</code>

              <name>Medication, Administered: Measles, Mumps and Rubella (MMR) Vaccine (Code List: 2.16.840.1.113883.3.464.1003.196.12.1224)</name>
            </manufacturedMaterial>
          </manufacturedProduct>
        </consumable>
      </substanceAdministration>
    </entry>
    <entry>
      <!--CCD Medication activity - Required-->
      <substanceAdministration classCode="SBADM" moodCode="EVN">
        <templateId root='2.16.840.1.113883.10.20.22.4.16'/>
        <id root="02f0e3a0-118f-0130-b9af-3c07547eb597"/>
        <statusCode code="completed"/>
        <effectiveTime xsi:type="IVL_TS">
          <low value='20100401040000'/>
          <high nullFlavor="UNK"/>
        </effectiveTime>
        <consumable>
          <!--CCD Product - Required-->
          <manufacturedProduct classCode="MANU">
			    <templateId root='2.16.840.1.113883.10.20.22.4.23'/>
            <manufacturedMaterial>
              <code nullFlavor="UNK">
  <originalText><reference value="#medications-desc-23"/></originalText>
  <translation code="33" codeSystem="2.16.840.1.113883.6.59" />
</code>

              <name>Medication, Administered: Pneumococcal Conjugate Vaccine (Code List: 2.16.840.1.113883.3.464.1003.196.12.1221)</name>
            </manufacturedMaterial>
          </manufacturedProduct>
        </consumable>
      </substanceAdministration>
    </entry>
    <entry>
      <!--CCD Medication activity - Required-->
      <substanceAdministration classCode="SBADM" moodCode="EVN">
        <templateId root='2.16.840.1.113883.10.20.22.4.16'/>
        <id root="02f0fa40-118f-0130-b9af-3c07547eb597"/>
        <statusCode code="completed"/>
        <effectiveTime xsi:type="IVL_TS">
          <low value='20100401040000'/>
          <high nullFlavor="UNK"/>
        </effectiveTime>
        <consumable>
          <!--CCD Product - Required-->
          <manufacturedProduct classCode="MANU">
			    <templateId root='2.16.840.1.113883.10.20.22.4.23'/>
            <manufacturedMaterial>
              <code nullFlavor="UNK">
  <originalText><reference value="#medications-desc-24"/></originalText>
  <translation code="21" codeSystem="2.16.840.1.113883.6.59" />
</code>

              <name>Medication, Administered: Varicella Zoster Vaccine (VZV) (Code List: 2.16.840.1.113883.3.464.1003.196.12.1170)</name>
            </manufacturedMaterial>
          </manufacturedProduct>
        </consumable>
      </substanceAdministration>
    </entry>
    <entry>
      <!--CCD Medication activity - Required-->
      <substanceAdministration classCode="SBADM" moodCode="EVN">
        <templateId root='2.16.840.1.113883.10.20.22.4.16'/>
        <id root="02f110d0-118f-0130-b9af-3c07547eb597"/>
        <statusCode code="completed"/>
        <effectiveTime xsi:type="IVL_TS">
          <low value='20100401040000'/>
          <high nullFlavor="UNK"/>
        </effectiveTime>
        <consumable>
          <!--CCD Product - Required-->
          <manufacturedProduct classCode="MANU">
			    <templateId root='2.16.840.1.113883.10.20.22.4.23'/>
            <manufacturedMaterial>
              <code nullFlavor="UNK">
  <originalText><reference value="#medications-desc-25"/></originalText>
  <translation code="48" codeSystem="2.16.840.1.113883.6.59" />
</code>

              <name>Medication, Administered: Hemophilus Influenze B (HiB) Vaccine (Code List: 2.16.840.1.113883.3.464.1003.196.12.1217)</name>
            </manufacturedMaterial>
          </manufacturedProduct>
        </consumable>
      </substanceAdministration>
    </entry>
    <entry>
      <!--CCD Medication activity - Required-->
      <substanceAdministration classCode="SBADM" moodCode="EVN">
        <templateId root='2.16.840.1.113883.10.20.22.4.16'/>
        <id root="02f12790-118f-0130-b9af-3c07547eb597"/>
        <statusCode code="completed"/>
        <effectiveTime xsi:type="IVL_TS">
          <low value='20100401040000'/>
          <high nullFlavor="UNK"/>
        </effectiveTime>
        <consumable>
          <!--CCD Product - Required-->
          <manufacturedProduct classCode="MANU">
			    <templateId root='2.16.840.1.113883.10.20.22.4.23'/>
            <manufacturedMaterial>
              <code nullFlavor="UNK">
  <originalText><reference value="#medications-desc-26"/></originalText>
  <translation code="20" codeSystem="2.16.840.1.113883.6.59" />
</code>

              <name>Medication, Administered: DTaP Vaccine (Code List: 2.16.840.1.113883.3.464.1003.196.12.1214)</name>
            </manufacturedMaterial>
          </manufacturedProduct>
        </consumable>
      </substanceAdministration>
    </entry>
    <entry>
      <!--CCD Medication activity - Required-->
      <substanceAdministration classCode="SBADM" moodCode="EVN">
        <templateId root='2.16.840.1.113883.10.20.22.4.16'/>
        <id root="02f13e30-118f-0130-b9af-3c07547eb597"/>
        <statusCode code="completed"/>
        <effectiveTime xsi:type="IVL_TS">
          <low value='20100401040000'/>
          <high nullFlavor="UNK"/>
        </effectiveTime>
        <consumable>
          <!--CCD Product - Required-->
          <manufacturedProduct classCode="MANU">
			    <templateId root='2.16.840.1.113883.10.20.22.4.23'/>
            <manufacturedMaterial>
              <code nullFlavor="UNK">
  <originalText><reference value="#medications-desc-27"/></originalText>
  <translation code="116" codeSystem="2.16.840.1.113883.6.59" />
</code>

              <name>Medication, Administered: Rotavirus Vaccine (3 dose schedule) (Code List: 2.16.840.1.113883.3.464.1003.196.12.1223)</name>
            </manufacturedMaterial>
          </manufacturedProduct>
        </consumable>
      </substanceAdministration>
    </entry>
    <entry>
      <!--CCD Medication activity - Required-->
      <substanceAdministration classCode="SBADM" moodCode="EVN">
        <templateId root='2.16.840.1.113883.10.20.22.4.16'/>
        <id root="02f15530-118f-0130-b9af-3c07547eb597"/>
        <statusCode code="completed"/>
        <effectiveTime xsi:type="IVL_TS">
          <low value='20100401040000'/>
          <high nullFlavor="UNK"/>
        </effectiveTime>
        <consumable>
          <!--CCD Product - Required-->
          <manufacturedProduct classCode="MANU">
			    <templateId root='2.16.840.1.113883.10.20.22.4.23'/>
            <manufacturedMaterial>
              <code nullFlavor="UNK">
  <originalText><reference value="#medications-desc-28"/></originalText>
  <translation code="08" codeSystem="2.16.840.1.113883.6.59" />
</code>

              <name>Medication, Administered: Hepatitis B Vaccine (Code List: 2.16.840.1.113883.3.464.1003.196.12.1216)</name>
            </manufacturedMaterial>
          </manufacturedProduct>
        </consumable>
      </substanceAdministration>
    </entry>
  </section>
</component>
        <component>
  <!-- Diagnostic Results: patient has no results -->
  <section>
    <templateId root="2.16.840.1.113883.10.20.22.2.3.1"/>
    <code code="30954-2" codeSystem="2.16.840.1.113883.6.1" codeSystemName="LOINC" displayName="Results"/>
    <title>Diagnostic Results</title>
    <text>There are no current results at the time of this document's creation.</text>
    <entry typeCode="DRIV">
      <organizer classCode="BATTERY" moodCode="EVN">
        <templateId root="2.16.840.1.113883.10.20.22.4.1"/>
        <id root="02f17620-118f-0130-b9af-3c07547eb597"/>
        <code nullFlavor="NA"/>
        <statusCode code="completed"/>
        <effectiveTime>
          <low nullFlavor="UNK"/>
        </effectiveTime>
        <component>
          <observation classCode="OBS" moodCode="EVN" negationInd="true">
            <templateId root="2.16.840.1.113883.10.20.22.4.2"/>
            <id root="02f17700-118f-0130-b9af-3c07547eb597"/>
            <code code="ASSERTION" codeSystem="2.16.840.1.113883.5.4"/>
            <statusCode code="completed"/>
            <effectiveTime>
              <low nullFlavor="UNK"/>
            </effectiveTime>
          </observation>
        </component>        
      </organizer>
    </entry>
  </section>
</component>
        <component>
  <!--Problems-->
  <section>
    <templateId root="2.16.840.1.113883.10.20.22.2.5.1"/>
    <!--Problems section template-->
    <code code="11450-4" codeSystem="2.16.840.1.113883.6.1" codeSystemName="LOINC" displayName="Problem list"/>
    <title>Problems</title>
    <text>
  <table border="1" width="100%">
    <thead>
      <tr>
        <th>Description</th>
        <th>Codes</th>
        <th>Time</th>
          <th>Status</th>
        
      </tr>
    </thead>
    <tbody>
        <tr>
          <td ID="conditions-desc-0">Diagnosis, Active: Upper Respiratory Infection (Code List: 2.16.840.1.113883.3.464.1003.102.12.1022)</td>
          <td ID="conditions-code-0">ICD-10-CM: J00 SNOMED-CT: 54150009 ICD-9-CM: 460<br/><i></i></td>
          <td>April 1st, 2010 04:00 - April 1st, 2010 04:00</td>
            <td>active</td>
           
        </tr>
    </tbody>
  </table>
</text>
    <entry typeCode="DRIV">
      <act classCode="ACT" moodCode="EVN">
        <templateId root="2.16.840.1.113883.10.20.22.4.3"/>
        <!-- Problem act template -->
        <id root="02f1b180-118f-0130-b9af-3c07547eb597"/>
        <code nullFlavor="NA"/>
        <statusCode code="active"/>
        <effectiveTime>
          <low value='20100401040000'/>
        </effectiveTime>
        <entryRelationship typeCode="SUBJ" inversionInd="false">
          <observation classCode="OBS" moodCode="EVN">
            <templateId root="2.16.840.1.113883.10.20.22.4.4"/>
            
            <!--Problem observation template - NOT episode template-->
            <id root="02f1b400-118f-0130-b9af-3c07547eb597"/>
            <code code="64572001" displayName="Condition" codeSystem="2.16.840.1.113883.6.96" codeSystemName="SNOMED-CT"/>
            <text>
              <reference value="#conditions-desc-0"/>
            </text>
            <statusCode code="completed"/>
            <effectiveTime>
              <low value='20100401040000'/>
            </effectiveTime>
            <value code="54150009" codeSystem="2.16.840.1.113883.6.96" xsi:type="CD"><originalText>Diagnosis, Active: Upper Respiratory Infection (Code List: 2.16.840.1.113883.3.464.1003.102.12.1022)</originalText><translation code="J00" codeSystem="2.16.840.1.113883.6.90"/>
<translation code="460" codeSystem="2.16.840.1.113883.6.104"/>
</value>
            <entryRelationship typeCode="REFR">
              <observation classCode="OBS" moodCode="EVN">
                <templateId root="2.16.840.1.113883.10.20.22.4.6"/>
                <!-- Problem status observation template -->
                <code code="33999-4" codeSystem="2.16.840.1.113883.6.1" displayName="Status"/>
                <statusCode code="completed"/>
                <value xsi:type="CE" code="55561003" codeSystem="2.16.840.1.113883.6.96"/>
              </observation>
            </entryRelationship>
          </observation>
        </entryRelationship>
      </act>
    </entry>
  </section>
</component>

        <component>
  <!-- Procedures: patient has no procedures -->
  <section>
    <templateId root="2.16.840.1.113883.10.20.22.2.7"/>
    <code code="47519-4" codeSystem="2.16.840.1.113883.6.1" codeSystemName="LOINC" displayName="Procedures"/>
    <title>Procedures</title>
    <text>There are no current procedures at the time of this document's creation.</text>
    <entry typeCode="DRIV">
      <procedure classCode="PROC" moodCode="EVN" negationInd="true">
        <templateId root="2.16.840.1.113883.10.20.22.4.14"/>
        <id root="02f1c460-118f-0130-b9af-3c07547eb597"/>
          <code code="ASSERTION" codeSystem="2.16.840.1.113883.5.4"/>
          <effectiveTime>
            <low nullFlavor="UNK"/>
          </effectiveTime>
          <statusCode code="completed"/>
      </procedure>
    </entry>
  </section>
</component>
        <component>
  <!--Encounters-->
  <section>
    <templateId root="2.16.840.1.113883.10.20.22.2.22" /> <!-- CCDA Template id -->
    <!--Encounters section template-->
    <code code="46240-8" codeSystem="2.16.840.1.113883.6.1" codeSystemName="LOINC" displayName="History of encounters"/>
    <title>Encounters</title>
    <text>
  <table border="1" width="100%">
    <thead>
      <tr>
        <th>Description</th>
        <th>Codes</th>
        <th>Time</th>
        
      </tr>
    </thead>
    <tbody>
        <tr>
          <td ID="encounters-desc-0">Encounter, Performed: Office Visit (Code List: 2.16.840.1.113883.3.464.1003.101.12.1001)</td>
          <td ID="encounters-code-0">CPT: 99201<br/><i></i></td>
          <td>September 1st, 2008 04:00 - September 1st, 2008 04:00</td>
           
        </tr>
        <tr>
          <td ID="encounters-desc-1">Encounter, Performed: Office Visit (Code List: 2.16.840.1.113883.3.464.1003.101.12.1001)</td>
          <td ID="encounters-code-1">CPT: 99201<br/><i></i></td>
          <td>March 1st, 2009 05:00 - March 1st, 2009 05:00</td>
           
        </tr>
        <tr>
          <td ID="encounters-desc-2">Encounter, Performed: Office Visit (Code List: 2.16.840.1.113883.3.464.1003.101.12.1001)</td>
          <td ID="encounters-code-2">CPT: 99201<br/><i></i></td>
          <td>December 1st, 2009 05:00 - December 1st, 2009 05:00</td>
           
        </tr>
        <tr>
          <td ID="encounters-desc-3">Encounter, Performed: Office Visit (Code List: 2.16.840.1.113883.3.464.1003.101.12.1001)</td>
          <td ID="encounters-code-3">CPT: 99201<br/><i></i></td>
          <td>April 1st, 2010 04:00 - April 1st, 2010 04:00</td>
           
        </tr>
    </tbody>
  </table>
</text>
    <entry typeCode="DRIV">
      <encounter classCode="ENC" moodCode="EVN">
		    <templateId root="2.16.840.1.113883.10.20.22.4.49"/>
        <!-- Encounter activity template -->
        <id root="02f1ff70-118f-0130-b9af-3c07547eb597"/>
        <code code="99201" codeSystem="2.16.840.1.113883.6.12" displayName="Encounter, Performed: Office Visit (Code List: 2.16.840.1.113883.3.464.1003.101.12.1001)">
  <originalText><reference value="#encounters-desc-0"/></originalText>
</code>

        <text>
          <reference value="#encounters-desc-0"/>
        </text>
        <effectiveTime value='20080901040000'/>
      </encounter>
    </entry>
    <entry typeCode="DRIV">
      <encounter classCode="ENC" moodCode="EVN">
		    <templateId root="2.16.840.1.113883.10.20.22.4.49"/>
        <!-- Encounter activity template -->
        <id root="02f21670-118f-0130-b9af-3c07547eb597"/>
        <code code="99201" codeSystem="2.16.840.1.113883.6.12" displayName="Encounter, Performed: Office Visit (Code List: 2.16.840.1.113883.3.464.1003.101.12.1001)">
  <originalText><reference value="#encounters-desc-1"/></originalText>
</code>

        <text>
          <reference value="#encounters-desc-1"/>
        </text>
        <effectiveTime value='20090301050000'/>
      </encounter>
    </entry>
    <entry typeCode="DRIV">
      <encounter classCode="ENC" moodCode="EVN">
		    <templateId root="2.16.840.1.113883.10.20.22.4.49"/>
        <!-- Encounter activity template -->
        <id root="02f22db0-118f-0130-b9af-3c07547eb597"/>
        <code code="99201" codeSystem="2.16.840.1.113883.6.12" displayName="Encounter, Performed: Office Visit (Code List: 2.16.840.1.113883.3.464.1003.101.12.1001)">
  <originalText><reference value="#encounters-desc-2"/></originalText>
</code>

        <text>
          <reference value="#encounters-desc-2"/>
        </text>
        <effectiveTime value='20091201050000'/>
      </encounter>
    </entry>
    <entry typeCode="DRIV">
      <encounter classCode="ENC" moodCode="EVN">
		    <templateId root="2.16.840.1.113883.10.20.22.4.49"/>
        <!-- Encounter activity template -->
        <id root="02f245a0-118f-0130-b9af-3c07547eb597"/>
        <code code="99201" codeSystem="2.16.840.1.113883.6.12" displayName="Encounter, Performed: Office Visit (Code List: 2.16.840.1.113883.3.464.1003.101.12.1001)">
  <originalText><reference value="#encounters-desc-3"/></originalText>
</code>

        <text>
          <reference value="#encounters-desc-3"/>
        </text>
        <effectiveTime value='20100401040000'/>
      </encounter>
    </entry>
  </section>
</component>
    </structuredBody>
  </component>
</ClinicalDocument>