<?xml version="1.0" encoding="UTF-8"?>
<ClinicalDocument xmlns="urn:hl7-org:v3" xmlns:sdtc="urn:hl7-org:sdtc" xmlns:xsi="http://www.w3.org/2001/XMLSchema-instance" xsi:schemaLocation="urn:hl7-org:v3 http://xreg2.nist.gov:8080/hitspValidation/schema/cdar2c32/infrastructure/cda/C32_CDA.xsd">
  <realmCode code="US"/>
  <typeId root="2.16.840.1.113883.1.3" extension="POCD_HD000040"/>
  <templateId root="2.16.840.1.113883.10.20.22.1.1" />
  <templateId root='2.16.840.1.113883.10.20.22.1.2'/> 
  <id root="2.16.840.1.113883.3.72" extension="50337d58044a11565800004d" assigningAuthorityName="NIST Healthcare Project"/>
  <code code="34133-9" displayName="Summarization of episode note" codeSystem="2.16.840.1.113883.6.1" codeSystemName="LOINC"/>
  <title>Cypress C32 Patient Test Record: 11_06_12_GP_Adult_NUM 0028_0031_0032_0052_0419_0421_BPScreen_Ref_Chol</title>
  <effectiveTime value="20121115201442"/>
  <confidentialityCode code="N"/>
  <languageCode code="en-US"/>
  <recordTarget>
    <patientRole>
      <id root="Cypress" extension="50337d58044a11565800004d"/>
      <addr use="HP">
        <streetAddressLine>202 Burlington Rd.</streetAddressLine>
        <city>Bedford</city>
        <state>MA</state>
        <postalCode>01730</postalCode>
      </addr>
      <telecom value="tel:+1-781-271-3000"/>
      <patient>
        <name>
          <given>11_06_12_GP_Adult_NUM</given>
          <family>0028_0031_0032_0052_0419_0421_BPScreen_Ref_Chol</family>
        </name>
        <administrativeGenderCode code="F" codeSystem="2.16.840.1.113883.5.1" codeSystemName="HL7 AdministrativeGender"/>
        <birthTime value="19650101083000"/>
          <raceCode code="1002-5" displayName="American Indian or Alaska Native" codeSystemName="CDC Race and Ethnicity" codeSystem="2.16.840.1.113883.6.238"/>
          <ethnicGroupCode code="2186-5" displayName="Not Hispanic or Latino" codeSystemName="CDC Race and Ethnicity" codeSystem="2.16.840.1.113883.6.238"/>
          <languageCommunication>
            <languageCode code="en-US"/>
          </languageCommunication>
      </patient>
    </patientRole>
  </recordTarget>
  <author>
    <time value="20121115201442"/>
    <assignedAuthor>
      <id/>
      <addr/>
      <telecom value="tel:+1-781-271-3000"/>
      <assignedPerson>
        <name>Auto Generated</name>
      </assignedPerson>
    </assignedAuthor>
  </author>
  <custodian>
    <assignedCustodian>
      <representedCustodianOrganization>
        <id/>
        <name>Cypress</name>
        <telecom value="tel:+1-781-271-3000"/>
        <addr>
          <streetAddressLine>202 Burlington Rd.</streetAddressLine>
          <city>Bedford</city>
          <state>MA</state>
          <postalCode>01730</postalCode>
        </addr>
      </representedCustodianOrganization>
    </assignedCustodian>
  </custodian>
  <component>
    <structuredBody>
        <component>
  <!-- Allergies: patient has no allergies -->
  <section>
    <templateId root="2.16.840.1.113883.10.20.22.2.6"/>
    <code code="48765-2" codeSystem="2.16.840.1.113883.6.1" codeSystemName="LOINC" displayName="Allergy List"/>
    <title>Allergies</title>                
    <text>There are no current allergies at the time of this document's creation.</text>
    <entry typeCode="DRIV">
      <act classCode="ACT" moodCode="EVN">
        <templateId root="2.16.840.1.113883.10.20.22.4.30"/>
        <id root="03d00cc0-118f-0130-b9af-3c07547eb597"/>
        <code nullFlavor="NA"/>
        <statusCode code="active"/>
        <effectiveTime>
          <low nullFlavor="NA"/>
        </effectiveTime>					
        <entryRelationship typeCode="SUBJ" inversionInd="false">
          <observation classCode="OBS" moodCode="EVN" negationInd="true">
            <templateId root="2.16.840.1.113883.10.20.22.4.7"/>
            <id root="03d00de0-118f-0130-b9af-3c07547eb597"/>
            <code code="ASSERTION" codeSystem="2.16.840.1.113883.5.4"/>
            <effectiveTime>
              <low nullFlavor="UNK"/>
            </effectiveTime>
            <statusCode code="completed"/>
            <value xsi:type="CD" code="419199007"
              codeSystem="2.16.840.1.113883.6.96" displayName="Allergy to Substance"/>
          </observation>
        </entryRelationship>
      </act>
    </entry>
  </section>
</component>
        <component>
  <!--Medications-->
  <section>
	<templateId root="2.16.840.1.113883.10.20.22.2.1" />
    <code code="10160-0" displayName="History of medication use" codeSystem="2.16.840.1.113883.6.1" codeSystemName="LOINC"/>
    <title>Medications</title>
    <text>
  <table border="1" width="100%">
    <thead>
      <tr>
        <th>Description</th>
        <th>Codes</th>
        <th>Time</th>
        
      </tr>
    </thead>
    <tbody>
        <tr>
          <td ID="medications-desc-0">Medication, Order: Tobacco Use Cessation Pharmacotherapy (Code List: 2.16.840.1.113883.3.526.3.1190)</td>
          <td ID="medications-code-0">RxNorm: 151226<br/><i></i></td>
          <td>June 25th, 2010 04:00 - June 25th, 2010 04:00</td>
           
        </tr>
    </tbody>
  </table>
</text>
    <entry>
      <!--CCD Medication activity - Required-->
      <substanceAdministration classCode="SBADM" moodCode="EVN">
        <templateId root='2.16.840.1.113883.10.20.22.4.16'/>
        <id root="03d041b0-118f-0130-b9af-3c07547eb597"/>
        <statusCode code="completed"/>
        <effectiveTime xsi:type="IVL_TS">
          <low value='20100625040000'/>
          <high nullFlavor="UNK"/>
        </effectiveTime>
        <consumable>
          <!--CCD Product - Required-->
          <manufacturedProduct classCode="MANU">
			    <templateId root='2.16.840.1.113883.10.20.22.4.23'/>
            <manufacturedMaterial>
              <code code="151226" codeSystem="2.16.840.1.113883.6.88" displayName="Medication, Order: Tobacco Use Cessation Pharmacotherapy (Code List: 2.16.840.1.113883.3.526.3.1190)">
  <originalText><reference value="#medications-desc-0"/></originalText>
</code>

              <name>Medication, Order: Tobacco Use Cessation Pharmacotherapy (Code List: 2.16.840.1.113883.3.526.3.1190)</name>
            </manufacturedMaterial>
          </manufacturedProduct>
        </consumable>
      </substanceAdministration>
    </entry>
  </section>
</component>
        <component>
  <!--Diagnostic Results-->
  <section>
    <templateId root="2.16.840.1.113883.10.20.22.2.3.1"/>
    <!--Diagnostic Results section template-->
    <code code="30954-2" codeSystem="2.16.840.1.113883.6.1" codeSystemName="LOINC" displayName="Results"/>
    <title>Diagnostic Results</title>
    <text>
  <table border="1" width="100%">
    <thead>
      <tr>
        <th>Description</th>
        <th>Codes</th>
        <th>Time</th>
        
          <th>Value</th>
      </tr>
    </thead>
    <tbody>
        <tr>
          <td ID="results-desc-0">Physical Exam, Finding: Diastolic Blood Pressure (Code List: 2.16.840.1.113883.3.526.3.1033)</td>
          <td ID="results-code-0">LOINC: 8462-4<br/><i></i></td>
          <td>June 25th, 2010 04:00 - June 25th, 2010 04:00</td>
           
              <td>
	                75<br/>
              </td>
        </tr>
        <tr>
          <td ID="results-desc-1">Physical Exam, Finding: Systolic Blood Pressure (Code List: 2.16.840.1.113883.3.526.3.1032)</td>
          <td ID="results-code-1">LOINC: 8480-6<br/><i></i></td>
          <td>June 25th, 2010 04:00 - June 25th, 2010 04:00</td>
           
              <td>
	                110<br/>
              </td>
        </tr>
        <tr>
          <td ID="results-desc-2">Diagnostic Study, Result: Mammogram (Code List: 2.16.840.1.113883.3.464.1003.108.12.1018)</td>
          <td ID="results-code-2">HCPCS: G0202 LOINC: 24604-1<br/><i></i></td>
          <td>June 25th, 2010 04:00 - June 25th, 2010 04:00</td>
           
              <td>
	                performed<br/>
              </td>
        </tr>
        <tr>
          <td ID="results-desc-3">Physical Exam, Finding: BMI Finding Code Set (Code List: 2.16.840.1.113883.3.600.1.890)</td>
          <td ID="results-code-3">SNOMED-CT: 6497000 ICD-9-CM: V85 ICD-10-CM: Z68.1 LOINC: 39156-5<br/><i></i></td>
          <td>June 25th, 2010 04:00 - June 25th, 2010 04:00</td>
           
              <td>
	                31<br/>
              </td>
        </tr>
    </tbody>
  </table>
</text>
    <entry typeCode="DRIV">
      <organizer classCode="BATTERY" moodCode="EVN">
        <templateId root="2.16.840.1.113883.10.20.22.4.1"/>
        <!--Result organizer template -->
        <id root="03d0a560-118f-0130-b9af-3c07547eb597"/>
        <code nullFlavor="NA"/>
        <statusCode code="completed"/>
        <effectiveTime value="20121115201442"/>
          <component>
           <observation classCode="OBS" moodCode="EVN">
            <templateId root="2.16.840.1.113883.10.20.22.4.2"/>
              <id root="03d0a700-118f-0130-b9af-3c07547eb597"/>
              <code nullFlavor="UNK">
                <originalText><reference value="Unknown"/></originalText>
              </code>
              <text>
                <reference value="Unknown"/>
              </text>
              <statusCode code="completed"/>
              <effectiveTime nullFlavor="UNK"/>
            </observation>
          </component>
        <component>
          <observation classCode="OBS" moodCode="EVN">
            <templateId root="2.16.840.1.113883.10.20.22.4.2"/>
            <!-- Result observation template -->
            <id root="03d0a7e0-118f-0130-b9af-3c07547eb597"/>
            <code code="8462-4" codeSystem="2.16.840.1.113883.6.1" ><originalText>Physical Exam, Finding: Diastolic Blood Pressure (Code List: 2.16.840.1.113883.3.526.3.1033)</originalText></code>
            <text>
              <reference value="#results-desc-0"/>
            </text>
            <statusCode code="completed"/>
            <effectiveTime value='20100625040000'/>
                <value xsi:type="PQ" value="75" unit="mmHg"/>
          </observation>
        </component>
        <component>
          <observation classCode="OBS" moodCode="EVN">
            <templateId root="2.16.840.1.113883.10.20.22.4.2"/>
            <!-- Result observation template -->
            <id root="03d0afc0-118f-0130-b9af-3c07547eb597"/>
            <code code="8480-6" codeSystem="2.16.840.1.113883.6.1" ><originalText>Physical Exam, Finding: Systolic Blood Pressure (Code List: 2.16.840.1.113883.3.526.3.1032)</originalText></code>
            <text>
              <reference value="#results-desc-1"/>
            </text>
            <statusCode code="completed"/>
            <effectiveTime value='20100625040000'/>
                <value xsi:type="PQ" value="110" unit="mmHg"/>
          </observation>
        </component>
        <component>
          <observation classCode="OBS" moodCode="EVN">
            <templateId root="2.16.840.1.113883.10.20.22.4.2"/>
            <!-- Result observation template -->
            <id root="03d0b5c0-118f-0130-b9af-3c07547eb597"/>
            <code code="24604-1" codeSystem="2.16.840.1.113883.6.1" ><originalText>Diagnostic Study, Result: Mammogram (Code List: 2.16.840.1.113883.3.464.1003.108.12.1018)</originalText><translation code="G0202" codeSystem="2.16.840.1.113883.6.14"/>
</code>
            <text>
              <reference value="#results-desc-2"/>
            </text>
            <statusCode code="completed"/>
            <effectiveTime value='20100625040000'/>
                <value xsi:type="ST" >performed</value> 
          </observation>
        </component>
        <component>
          <observation classCode="OBS" moodCode="EVN">
            <templateId root="2.16.840.1.113883.10.20.22.4.2"/>
            <!-- Result observation template -->
            <id root="03d0bf00-118f-0130-b9af-3c07547eb597"/>
            <code code="39156-5" codeSystem="2.16.840.1.113883.6.1" ><originalText>Physical Exam, Finding: BMI Finding Code Set (Code List: 2.16.840.1.113883.3.600.1.890)</originalText><translation code="6497000" codeSystem="2.16.840.1.113883.6.96"/>
<translation code="V85" codeSystem="2.16.840.1.113883.6.104"/>
<translation code="Z68.1" codeSystem="2.16.840.1.113883.6.90"/>
</code>
            <text>
              <reference value="#results-desc-3"/>
            </text>
            <statusCode code="completed"/>
            <effectiveTime value='20100625040000'/>
                <value xsi:type="PQ" value="31" unit="kg/m2"/>
          </observation>
        </component>
      </organizer>
    </entry>
  </section>
</component>
        <component>
  <!--Problems-->
  <section>
    <templateId root="2.16.840.1.113883.10.20.22.2.5.1"/>
    <!--Problems section template-->
    <code code="11450-4" codeSystem="2.16.840.1.113883.6.1" codeSystemName="LOINC" displayName="Problem list"/>
    <title>Problems</title>
    <text>
  <table border="1" width="100%">
    <thead>
      <tr>
        <th>Description</th>
        <th>Codes</th>
        <th>Time</th>
          <th>Status</th>
        
      </tr>
    </thead>
    <tbody>
        <tr>
          <td ID="conditions-desc-0">Diagnosis, Active: CHD or CHD Risk Equivalent (Code List: 2.16.840.1.113883.3.600.863)</td>
          <td ID="conditions-code-0">ICD-9-CM: 093.0 ICD-10-CM: A52.01 SNOMED-CT: 2751001<br/><i></i></td>
          <td>March 31st, 2010 04:00 - UNK</td>
            <td>active</td>
           
        </tr>
        <tr>
          <td ID="conditions-desc-1">Diagnosis, Active: Low Back Pain (Code List: 2.16.840.1.113883.3.464.1003.113.12.1001)</td>
          <td ID="conditions-code-1">SNOMED-CT: 161894002 ICD-9-CM: 721.3 ICD-10-CM: M43.27<br/><i></i></td>
          <td>March 31st, 2010 04:00 - UNK</td>
            <td>active</td>
           
        </tr>
        <tr>
          <td ID="conditions-desc-2">Patient Characteristic: Tobacco User (Code List: 2.16.840.1.113883.3.526.3.1170)</td>
          <td ID="conditions-code-2">SNOMED-CT: 428071000124103<br/><i></i></td>
          <td>June 25th, 2010 04:00 - June 25th, 2010 04:00</td>
            <td></td>
           
        </tr>
    </tbody>
  </table>
</text>
    <entry typeCode="DRIV">
      <act classCode="ACT" moodCode="EVN">
        <templateId root="2.16.840.1.113883.10.20.22.4.3"/>
        <!-- Problem act template -->
        <id root="03d108c0-118f-0130-b9af-3c07547eb597"/>
        <code nullFlavor="NA"/>
        <statusCode code="active"/>
        <effectiveTime>
          <low value='20100331040000'/>
        </effectiveTime>
        <entryRelationship typeCode="SUBJ" inversionInd="false">
          <observation classCode="OBS" moodCode="EVN">
            <templateId root="2.16.840.1.113883.10.20.22.4.4"/>
            
            <!--Problem observation template - NOT episode template-->
            <id root="03d10b70-118f-0130-b9af-3c07547eb597"/>
            <code code="64572001" displayName="Condition" codeSystem="2.16.840.1.113883.6.96" codeSystemName="SNOMED-CT"/>
            <text>
              <reference value="#conditions-desc-0"/>
            </text>
            <statusCode code="completed"/>
            <effectiveTime>
              <low value='20100331040000'/>
            </effectiveTime>
            <value code="2751001" codeSystem="2.16.840.1.113883.6.96" xsi:type="CD"><originalText>Diagnosis, Active: CHD or CHD Risk Equivalent (Code List: 2.16.840.1.113883.3.600.863)</originalText><translation code="093.0" codeSystem="2.16.840.1.113883.6.104"/>
<translation code="A52.01" codeSystem="2.16.840.1.113883.6.90"/>
</value>
            <entryRelationship typeCode="REFR">
              <observation classCode="OBS" moodCode="EVN">
                <templateId root="2.16.840.1.113883.10.20.22.4.6"/>
                <!-- Problem status observation template -->
                <code code="33999-4" codeSystem="2.16.840.1.113883.6.1" displayName="Status"/>
                <statusCode code="completed"/>
                <value xsi:type="CE" code="55561003" codeSystem="2.16.840.1.113883.6.96"/>
              </observation>
            </entryRelationship>
          </observation>
        </entryRelationship>
      </act>
    </entry>
    <entry typeCode="DRIV">
      <act classCode="ACT" moodCode="EVN">
        <templateId root="2.16.840.1.113883.10.20.22.4.3"/>
        <!-- Problem act template -->
        <id root="03d112b0-118f-0130-b9af-3c07547eb597"/>
        <code nullFlavor="NA"/>
        <statusCode code="active"/>
        <effectiveTime>
          <low value='20100331040000'/>
        </effectiveTime>
        <entryRelationship typeCode="SUBJ" inversionInd="false">
          <observation classCode="OBS" moodCode="EVN">
            <templateId root="2.16.840.1.113883.10.20.22.4.4"/>
            
            <!--Problem observation template - NOT episode template-->
            <id root="03d114b0-118f-0130-b9af-3c07547eb597"/>
            <code code="64572001" displayName="Condition" codeSystem="2.16.840.1.113883.6.96" codeSystemName="SNOMED-CT"/>
            <text>
              <reference value="#conditions-desc-1"/>
            </text>
            <statusCode code="completed"/>
            <effectiveTime>
              <low value='20100331040000'/>
            </effectiveTime>
            <value code="161894002" codeSystem="2.16.840.1.113883.6.96" xsi:type="CD"><originalText>Diagnosis, Active: Low Back Pain (Code List: 2.16.840.1.113883.3.464.1003.113.12.1001)</originalText><translation code="721.3" codeSystem="2.16.840.1.113883.6.104"/>
<translation code="M43.27" codeSystem="2.16.840.1.113883.6.90"/>
</value>
            <entryRelationship typeCode="REFR">
              <observation classCode="OBS" moodCode="EVN">
                <templateId root="2.16.840.1.113883.10.20.22.4.6"/>
                <!-- Problem status observation template -->
                <code code="33999-4" codeSystem="2.16.840.1.113883.6.1" displayName="Status"/>
                <statusCode code="completed"/>
                <value xsi:type="CE" code="55561003" codeSystem="2.16.840.1.113883.6.96"/>
              </observation>
            </entryRelationship>
          </observation>
        </entryRelationship>
      </act>
    </entry>
    <entry typeCode="DRIV">
      <act classCode="ACT" moodCode="EVN">
        <templateId root="2.16.840.1.113883.10.20.22.4.3"/>
        <!-- Problem act template -->
        <id root="03d11ae0-118f-0130-b9af-3c07547eb597"/>
        <code nullFlavor="NA"/>
        <statusCode code="active"/>
        <effectiveTime>
          <low value='20100625040000'/>
        </effectiveTime>
        <entryRelationship typeCode="SUBJ" inversionInd="false">
          <observation classCode="OBS" moodCode="EVN">
            <templateId root="2.16.840.1.113883.10.20.22.4.4"/>
            
            <!--Problem observation template - NOT episode template-->
            <id root="03d11ce0-118f-0130-b9af-3c07547eb597"/>
            <code code="64572001" displayName="Condition" codeSystem="2.16.840.1.113883.6.96" codeSystemName="SNOMED-CT"/>
            <text>
              <reference value="#conditions-desc-2"/>
            </text>
            <statusCode code="completed"/>
            <effectiveTime>
              <low value='20100625040000'/>
            </effectiveTime>
            <value code="428071000124103" codeSystem="2.16.840.1.113883.6.96" xsi:type="CD"><originalText>Patient Characteristic: Tobacco User (Code List: 2.16.840.1.113883.3.526.3.1170)</originalText></value>
          </observation>
        </entryRelationship>
      </act>
    </entry>
  </section>
</component>

        <component>
  <!--Surgeries-->
  <section>
    <templateId root="2.16.840.1.113883.10.20.22.2.7"/>
    <!--Surgeries section template-->
    <code code="47519-4" codeSystem="2.16.840.1.113883.6.1" codeSystemName="LOINC" displayName="List of surgeries"/>
    <title>Surgeries</title>
    <text>
  <table border="1" width="100%">
    <thead>
      <tr>
        <th>Description</th>
        <th>Codes</th>
        <th>Time</th>
        
      </tr>
    </thead>
    <tbody>
        <tr>
          <td ID="procedures-desc-0">Intervention, Order: Above Normal Follow-up (Code List: 2.16.840.1.113883.3.600.1.1525)</td>
          <td ID="procedures-code-0">HCPCS: G8417 ICD-9-CM: V65.3 ICD-10-CM: Z71.3 CPT: 43644 SNOMED-CT: 304549008<br/><i></i></td>
          <td>June 25th, 2010 04:00 - June 25th, 2010 04:00</td>
           
        </tr>
        <tr>
          <td ID="procedures-desc-1">Communication: From Provider to Provider: Consultant Report (Code List: 2.16.840.1.113883.3.464.1003.121.12.1006)</td>
          <td ID="procedures-code-1">SNOMED-CT: 371530004<br/><i></i></td>
          <td>March 5th, 2010 05:00 - March 5th, 2010 05:00</td>
           
        </tr>
        <tr>
          <td ID="procedures-desc-2">Procedure, Performed: Current Medications Documented SNMD (Code List: 2.16.840.1.113883.3.600.1.462)</td>
          <td ID="procedures-code-2">SNOMED-CT: 428191000124101<br/><i></i></td>
          <td>March 26th, 2010 04:00 - March 26th, 2010 04:00</td>
           
        </tr>
        <tr>
          <td ID="procedures-desc-3">Intervention, Performed: Referral (Code List: 2.16.840.1.113883.3.464.1003.101.12.1046)</td>
          <td ID="procedures-code-3">SNOMED-CT: 428461000124101<br/><i></i></td>
          <td>February 26th, 2010 05:00 - February 26th, 2010 05:00</td>
           
        </tr>
        <tr>
          <td ID="procedures-desc-4">Diagnostic Study, Performed: X-Ray of Lower Spine (Code List: 2.16.840.1.113883.3.464.1003.113.12.1033)</td>
          <td ID="procedures-code-4">LOINC: 24665-2<br/><i></i></td>
          <td>April 2nd, 2010 04:00 - April 2nd, 2010 04:00</td>
           
        </tr>
    </tbody>
  </table>
</text>
    <entry typeCode="DRIV">
      <procedure classCode="PROC" moodCode="EVN">
        <templateId root="2.16.840.1.113883.10.20.22.4.14"/>
        <!-- Procedure activity template -->
        <id root="03d165f0-118f-0130-b9af-3c07547eb597"/>
        <code code="43644" codeSystem="2.16.840.1.113883.6.12" displayName="Intervention, Order: Above Normal Follow-up (Code List: 2.16.840.1.113883.3.600.1.1525)">
  <originalText><reference value="#procedures-desc-0"/></originalText>
  <translation code="G8417" codeSystem="2.16.840.1.113883.6.14" />
  <translation code="V65.3" codeSystem="2.16.840.1.113883.6.104" />
  <translation code="Z71.3" codeSystem="2.16.840.1.113883.6.90" />
  <translation code="304549008" codeSystem="2.16.840.1.113883.6.96" />
</code>

        <text>
          <reference value="#procedures-desc-0"/>
        </text>
        <statusCode code="completed"/>
        <effectiveTime value='20100625040000'/>
      </procedure>
    </entry>
    <entry typeCode="DRIV">
      <procedure classCode="PROC" moodCode="EVN">
        <templateId root="2.16.840.1.113883.10.20.22.4.14"/>
        <!-- Procedure activity template -->
        <id root="03d18310-118f-0130-b9af-3c07547eb597"/>
        <code code="371530004" codeSystem="2.16.840.1.113883.6.96" displayName="Communication: From Provider to Provider: Consultant Report (Code List: 2.16.840.1.113883.3.464.1003.121.12.1006)">
  <originalText><reference value="#procedures-desc-1"/></originalText>
</code>

        <text>
          <reference value="#procedures-desc-1"/>
        </text>
        <statusCode code="completed"/>
        <effectiveTime value='20100305050000'/>
      </procedure>
    </entry>
    <entry typeCode="DRIV">
      <procedure classCode="PROC" moodCode="EVN">
        <templateId root="2.16.840.1.113883.10.20.22.4.14"/>
        <!-- Procedure activity template -->
        <id root="03d19b40-118f-0130-b9af-3c07547eb597"/>
        <code code="428191000124101" codeSystem="2.16.840.1.113883.6.96" displayName="Procedure, Performed: Current Medications Documented SNMD (Code List: 2.16.840.1.113883.3.600.1.462)">
  <originalText><reference value="#procedures-desc-2"/></originalText>
</code>

        <text>
          <reference value="#procedures-desc-2"/>
        </text>
        <statusCode code="completed"/>
        <effectiveTime value='20100326040000'/>
      </procedure>
    </entry>
    <entry typeCode="DRIV">
      <procedure classCode="PROC" moodCode="EVN">
        <templateId root="2.16.840.1.113883.10.20.22.4.14"/>
        <!-- Procedure activity template -->
        <id root="03d1b370-118f-0130-b9af-3c07547eb597"/>
        <code code="428461000124101" codeSystem="2.16.840.1.113883.6.96" displayName="Intervention, Performed: Referral (Code List: 2.16.840.1.113883.3.464.1003.101.12.1046)">
  <originalText><reference value="#procedures-desc-3"/></originalText>
</code>

        <text>
          <reference value="#procedures-desc-3"/>
        </text>
        <statusCode code="completed"/>
        <effectiveTime value='20100226050000'/>
      </procedure>
    </entry>
    <entry typeCode="DRIV">
      <procedure classCode="PROC" moodCode="EVN">
        <templateId root="2.16.840.1.113883.10.20.22.4.14"/>
        <!-- Procedure activity template -->
        <id root="03d1cbb0-118f-0130-b9af-3c07547eb597"/>
        <code nullFlavor="UNK">
  <originalText><reference value="#procedures-desc-4"/></originalText>
  <translation code="24665-2" codeSystem="2.16.840.1.113883.6.1" />
</code>

        <text>
          <reference value="#procedures-desc-4"/>
        </text>
        <statusCode code="completed"/>
        <effectiveTime value='20100402040000'/>
      </procedure>
    </entry>
  </section>
</component>
        <component>
  <!--Encounters-->
  <section>
    <templateId root="2.16.840.1.113883.10.20.22.2.22" /> <!-- CCDA Template id -->
    <!--Encounters section template-->
    <code code="46240-8" codeSystem="2.16.840.1.113883.6.1" codeSystemName="LOINC" displayName="History of encounters"/>
    <title>Encounters</title>
    <text>
  <table border="1" width="100%">
    <thead>
      <tr>
        <th>Description</th>
        <th>Codes</th>
        <th>Time</th>
        
      </tr>
    </thead>
    <tbody>
        <tr>
          <td ID="encounters-desc-0">Encounter, Performed: Medications Encounter Code Set (Code List: 2.16.840.1.113883.3.600.1.1834)</td>
          <td ID="encounters-code-0">HCPCS: G0101 CPT: 90801 SNOMED-CT: 8411005<br/><i></i></td>
          <td>March 26th, 2010 04:00 - March 26th, 2010 04:00</td>
           
        </tr>
        <tr>
          <td ID="encounters-desc-1">Encounter, Performed: Office Visit (Code List: 2.16.840.1.113883.3.464.1003.101.12.1001)</td>
          <td ID="encounters-code-1">CPT: 99201<br/><i></i></td>
          <td>March 31st, 2010 04:00 - March 31st, 2010 04:00</td>
           
        </tr>
        <tr>
          <td ID="encounters-desc-2">Encounter, Performed: Office Visit (Code List: 2.16.840.1.113883.3.464.1003.101.12.1001)</td>
          <td ID="encounters-code-2">CPT: 99201<br/><i></i></td>
          <td>June 25th, 2010 04:00 - June 25th, 2010 04:00</td>
           
        </tr>
        <tr>
          <td ID="encounters-desc-3">Encounter, Performed: Cholesterol Measure Encounter Codes (Code List: 2.16.840.1.113883.3.600.1951)</td>
          <td ID="encounters-code-3">SNOMED-CT: 13607009 HCPCS: G0101 CPT: 99201<br/><i></i></td>
          <td>June 25th, 2010 04:00 - June 25th, 2010 04:00</td>
           
        </tr>
        <tr>
          <td ID="encounters-desc-4">Encounter, Performed: BMI Encounter Code Set (Code List: 2.16.840.1.113883.3.600.1.1751)</td>
          <td ID="encounters-code-4">CPT: 90802 HCPCS: G0270 SNOMED-CT: 8411005<br/><i></i></td>
          <td>August 27th, 2010 04:00 - August 27th, 2010 04:00</td>
           
        </tr>
    </tbody>
  </table>
</text>
    <entry typeCode="DRIV">
      <encounter classCode="ENC" moodCode="EVN">
		    <templateId root="2.16.840.1.113883.10.20.22.4.49"/>
        <!-- Encounter activity template -->
        <id root="03d22230-118f-0130-b9af-3c07547eb597"/>
        <code code="90801" codeSystem="2.16.840.1.113883.6.12" displayName="Encounter, Performed: Medications Encounter Code Set (Code List: 2.16.840.1.113883.3.600.1.1834)">
  <originalText><reference value="#encounters-desc-0"/></originalText>
  <translation code="G0101" codeSystem="2.16.840.1.113883.6.14" />
  <translation code="8411005" codeSystem="2.16.840.1.113883.6.96" />
</code>

        <text>
          <reference value="#encounters-desc-0"/>
        </text>
        <effectiveTime value='20100326040000'/>
      </encounter>
    </entry>
    <entry typeCode="DRIV">
      <encounter classCode="ENC" moodCode="EVN">
		    <templateId root="2.16.840.1.113883.10.20.22.4.49"/>
        <!-- Encounter activity template -->
        <id root="03d23b50-118f-0130-b9af-3c07547eb597"/>
        <code code="99201" codeSystem="2.16.840.1.113883.6.12" displayName="Encounter, Performed: Office Visit (Code List: 2.16.840.1.113883.3.464.1003.101.12.1001)">
  <originalText><reference value="#encounters-desc-1"/></originalText>
</code>

        <text>
          <reference value="#encounters-desc-1"/>
        </text>
        <effectiveTime value='20100331040000'/>
      </encounter>
    </entry>
    <entry typeCode="DRIV">
      <encounter classCode="ENC" moodCode="EVN">
		    <templateId root="2.16.840.1.113883.10.20.22.4.49"/>
        <!-- Encounter activity template -->
        <id root="03d25330-118f-0130-b9af-3c07547eb597"/>
        <code code="99201" codeSystem="2.16.840.1.113883.6.12" displayName="Encounter, Performed: Office Visit (Code List: 2.16.840.1.113883.3.464.1003.101.12.1001)">
  <originalText><reference value="#encounters-desc-2"/></originalText>
</code>

        <text>
          <reference value="#encounters-desc-2"/>
        </text>
        <effectiveTime value='20100625040000'/>
      </encounter>
    </entry>
    <entry typeCode="DRIV">
      <encounter classCode="ENC" moodCode="EVN">
		    <templateId root="2.16.840.1.113883.10.20.22.4.49"/>
        <!-- Encounter activity template -->
        <id root="03d26a70-118f-0130-b9af-3c07547eb597"/>
        <code code="99201" codeSystem="2.16.840.1.113883.6.12" displayName="Encounter, Performed: Cholesterol Measure Encounter Codes (Code List: 2.16.840.1.113883.3.600.1951)">
  <originalText><reference value="#encounters-desc-3"/></originalText>
  <translation code="13607009" codeSystem="2.16.840.1.113883.6.96" />
  <translation code="G0101" codeSystem="2.16.840.1.113883.6.14" />
</code>

        <text>
          <reference value="#encounters-desc-3"/>
        </text>
        <effectiveTime value='20100625040000'/>
      </encounter>
    </entry>
    <entry typeCode="DRIV">
      <encounter classCode="ENC" moodCode="EVN">
		    <templateId root="2.16.840.1.113883.10.20.22.4.49"/>
        <!-- Encounter activity template -->
        <id root="03d283b0-118f-0130-b9af-3c07547eb597"/>
        <code code="90802" codeSystem="2.16.840.1.113883.6.12" displayName="Encounter, Performed: BMI Encounter Code Set (Code List: 2.16.840.1.113883.3.600.1.1751)">
  <originalText><reference value="#encounters-desc-4"/></originalText>
  <translation code="G0270" codeSystem="2.16.840.1.113883.6.14" />
  <translation code="8411005" codeSystem="2.16.840.1.113883.6.96" />
</code>

        <text>
          <reference value="#encounters-desc-4"/>
        </text>
        <effectiveTime value='20100827040000'/>
      </encounter>
    </entry>
  </section>
</component>
        <component>
  <!--Vital Signs-->
  <section>
    <templateId root="2.16.840.1.113883.10.20.22.2.4"/>
    <!--Vital Signs section template-->
    <code code="8716-3" codeSystem="2.16.840.1.113883.6.1" codeSystemName="LOINC" displayName="Vital signs"/>
    <title>Vital Signs</title>
    <text>
  <table border="1" width="100%">
    <thead>
      <tr>
        <th>Description</th>
        <th>Codes</th>
        <th>Time</th>
        
          <th>Value</th>
      </tr>
    </thead>
    <tbody>
        <tr>
          <td ID="vitals-desc-0">Laboratory Test, Performed: LDL Test (Code List: 2.16.840.1.113883.3.464.1003.198.12.1016)</td>
          <td ID="vitals-code-0">LOINC: 12773-8<br/><i></i></td>
          <td>June 25th, 2010 04:00 - June 25th, 2010 04:00</td>
           
              <td>
	                90<br/>
              </td>
        </tr>
        <tr>
          <td ID="vitals-desc-1">Laboratory Test, Result: Pap Test (Code List: 2.16.840.1.113883.3.464.1003.108.12.1017)</td>
          <td ID="vitals-code-1">LOINC: 10524-7<br/><i></i></td>
          <td>June 25th, 2010 04:00 - June 25th, 2010 04:00</td>
           
              <td>
	                performed<br/>
              </td>
        </tr>
    </tbody>
  </table>
</text>
    <entry typeCode="DRIV">
      <organizer classCode="CLUSTER" moodCode="EVN">
        <templateId root="2.16.840.1.113883.10.20.22.4.26"/>
        <!-- Vital signs organizer template -->
        <id root="03d2e090-118f-0130-b9af-3c07547eb597"/>
        <code code="46680005" codeSystem="2.16.840.1.113883.6.96" displayName="Vital signs" codeSystemName="SNOMED CT"/>
        <statusCode code="completed"/>
        <effectiveTime value="19991114"/>
        <component>
          <observation classCode="OBS" moodCode="EVN">
            <templateId root="2.16.840.1.113883.10.20.22.4.27"/>
            <!-- Result observation template -->
            <id root="03d2e1a0-118f-0130-b9af-3c07547eb597"/>
            <code code="12773-8" codeSystem="2.16.840.1.113883.6.1" ><originalText>Laboratory Test, Performed: LDL Test (Code List: 2.16.840.1.113883.3.464.1003.198.12.1016)</originalText></code>
            <text>
              <reference value="vitals-desc-0"/>
            </text>
            <statusCode code="completed"/>
            <effectiveTime value='20100625040000'/>
                <value xsi:type="PQ" value="90" unit="mg/dL"/>
          </observation>
        </component>
        <component>
          <observation classCode="OBS" moodCode="EVN">
            <templateId root="2.16.840.1.113883.10.20.22.4.27"/>
            <!-- Result observation template -->
            <id root="03d2ea60-118f-0130-b9af-3c07547eb597"/>
            <code code="10524-7" codeSystem="2.16.840.1.113883.6.1" ><originalText>Laboratory Test, Result: Pap Test (Code List: 2.16.840.1.113883.3.464.1003.108.12.1017)</originalText></code>
            <text>
              <reference value="vitals-desc-1"/>
            </text>
            <statusCode code="completed"/>
            <effectiveTime value='20100625040000'/>
                <value xsi:type="ST" >performed</value> 
          </observation>
        </component>
      </organizer>
    </entry>
  </section>
</component>
    </structuredBody>
  </component>
</ClinicalDocument>