<?xml version="1.0" encoding="UTF-8"?>
<ClinicalDocument xmlns="urn:hl7-org:v3" xmlns:sdtc="urn:hl7-org:sdtc" xmlns:xsi="http://www.w3.org/2001/XMLSchema-instance" xsi:schemaLocation="urn:hl7-org:v3 http://xreg2.nist.gov:8080/hitspValidation/schema/cdar2c32/infrastructure/cda/C32_CDA.xsd">
  <realmCode code="US"/>
  <typeId root="2.16.840.1.113883.1.3" extension="POCD_HD000040"/>
  <templateId root="2.16.840.1.113883.10.20.22.1.1" />
  <templateId root='2.16.840.1.113883.10.20.22.1.2'/> 
  <id root="2.16.840.1.113883.3.72" extension="502b9a6f044a115dc2000063" assigningAuthorityName="NIST Healthcare Project"/>
  <code code="34133-9" displayName="Summarization of episode note" codeSystem="2.16.840.1.113883.6.1" codeSystemName="LOINC"/>
  <title>Cypress C32 Patient Test Record: 11_06_12_GP_Adult_DEN 0028_0031_0032_0052_0419_0421_BPScreen_Ref_Chol</title>
  <effectiveTime value="20121115201439"/>
  <confidentialityCode code="N"/>
  <languageCode code="en-US"/>
  <recordTarget>
    <patientRole>
      <id root="Cypress" extension="502b9a6f044a115dc2000063"/>
      <addr use="HP">
        <streetAddressLine>202 Burlington Rd.</streetAddressLine>
        <city>Bedford</city>
        <state>MA</state>
        <postalCode>01730</postalCode>
      </addr>
      <telecom value="tel:+1-781-271-3000"/>
      <patient>
        <name>
          <given>11_06_12_GP_Adult_DEN</given>
          <family>0028_0031_0032_0052_0419_0421_BPScreen_Ref_Chol</family>
        </name>
        <administrativeGenderCode code="F" codeSystem="2.16.840.1.113883.5.1" codeSystemName="HL7 AdministrativeGender"/>
        <birthTime value="19650101083000"/>
          <raceCode code="1002-5" displayName="American Indian or Alaska Native" codeSystemName="CDC Race and Ethnicity" codeSystem="2.16.840.1.113883.6.238"/>
          <ethnicGroupCode code="2186-5" displayName="Not Hispanic or Latino" codeSystemName="CDC Race and Ethnicity" codeSystem="2.16.840.1.113883.6.238"/>
          <languageCommunication>
            <languageCode code="en-US"/>
          </languageCommunication>
      </patient>
    </patientRole>
  </recordTarget>
  <author>
    <time value="20121115201439"/>
    <assignedAuthor>
      <id/>
      <addr/>
      <telecom value="tel:+1-781-271-3000"/>
      <assignedPerson>
        <name>Auto Generated</name>
      </assignedPerson>
    </assignedAuthor>
  </author>
  <custodian>
    <assignedCustodian>
      <representedCustodianOrganization>
        <id/>
        <name>Cypress</name>
        <telecom value="tel:+1-781-271-3000"/>
        <addr>
          <streetAddressLine>202 Burlington Rd.</streetAddressLine>
          <city>Bedford</city>
          <state>MA</state>
          <postalCode>01730</postalCode>
        </addr>
      </representedCustodianOrganization>
    </assignedCustodian>
  </custodian>
  <component>
    <structuredBody>
        <component>
  <!-- Allergies: patient has no allergies -->
  <section>
    <templateId root="2.16.840.1.113883.10.20.22.2.6"/>
    <code code="48765-2" codeSystem="2.16.840.1.113883.6.1" codeSystemName="LOINC" displayName="Allergy List"/>
    <title>Allergies</title>                
    <text>There are no current allergies at the time of this document's creation.</text>
    <entry typeCode="DRIV">
      <act classCode="ACT" moodCode="EVN">
        <templateId root="2.16.840.1.113883.10.20.22.4.30"/>
        <id root="02163330-118f-0130-b9af-3c07547eb597"/>
        <code nullFlavor="NA"/>
        <statusCode code="active"/>
        <effectiveTime>
          <low nullFlavor="NA"/>
        </effectiveTime>					
        <entryRelationship typeCode="SUBJ" inversionInd="false">
          <observation classCode="OBS" moodCode="EVN" negationInd="true">
            <templateId root="2.16.840.1.113883.10.20.22.4.7"/>
            <id root="02163440-118f-0130-b9af-3c07547eb597"/>
            <code code="ASSERTION" codeSystem="2.16.840.1.113883.5.4"/>
            <effectiveTime>
              <low nullFlavor="UNK"/>
            </effectiveTime>
            <statusCode code="completed"/>
            <value xsi:type="CD" code="419199007"
              codeSystem="2.16.840.1.113883.6.96" displayName="Allergy to Substance"/>
          </observation>
        </entryRelationship>
      </act>
    </entry>
  </section>
</component>
        <component>
  <!-- Medications: patient has no medications -->
  <section>
		<templateId root="2.16.840.1.113883.10.20.22.2.1" />
    <code code="10160-0" codeSystem="2.16.840.1.113883.6.1" codeSystemName="LOINC" displayName="History of medication use"/>
    <title>Medications</title>
    <text>There are no current medications at the time of this document's creation.</text>
    <entry>
      <substanceAdministration moodCode="EVN" classCode="SBADM" negationInd=”true”>
        <text>No known medications.</text>
        <consumable>
          <manufacturedProduct>
            <manufacturedLabeledDrug>
              <code code="410942007" displayName="drug or medication"
                    codeSystem="2.16.840.1.113883.6.96"
                    codeSystemName="SNOMED CT"/>
            </manufacturedLabeledDrug>
          </manufacturedProduct>
        </consumable>
      </substanceAdministration>
    </entry>
  </section>
</component>
        <component>
  <!-- Diagnostic Results: patient has no results -->
  <section>
    <templateId root="2.16.840.1.113883.10.20.22.2.3.1"/>
    <code code="30954-2" codeSystem="2.16.840.1.113883.6.1" codeSystemName="LOINC" displayName="Results"/>
    <title>Diagnostic Results</title>
    <text>There are no current results at the time of this document's creation.</text>
    <entry typeCode="DRIV">
      <organizer classCode="BATTERY" moodCode="EVN">
        <templateId root="2.16.840.1.113883.10.20.22.4.1"/>
        <id root="02164630-118f-0130-b9af-3c07547eb597"/>
        <code nullFlavor="NA"/>
        <statusCode code="completed"/>
        <effectiveTime>
          <low nullFlavor="UNK"/>
        </effectiveTime>
        <component>
          <observation classCode="OBS" moodCode="EVN" negationInd="true">
            <templateId root="2.16.840.1.113883.10.20.22.4.2"/>
            <id root="02164710-118f-0130-b9af-3c07547eb597"/>
            <code code="ASSERTION" codeSystem="2.16.840.1.113883.5.4"/>
            <statusCode code="completed"/>
            <effectiveTime>
              <low nullFlavor="UNK"/>
            </effectiveTime>
          </observation>
        </component>        
      </organizer>
    </entry>
  </section>
</component>
        <component>
  <!--Problems-->
  <section>
    <templateId root="2.16.840.1.113883.10.20.22.2.5.1"/>
    <!--Problems section template-->
    <code code="11450-4" codeSystem="2.16.840.1.113883.6.1" codeSystemName="LOINC" displayName="Problem list"/>
    <title>Problems</title>
    <text>
  <table border="1" width="100%">
    <thead>
      <tr>
        <th>Description</th>
        <th>Codes</th>
        <th>Time</th>
          <th>Status</th>
        
      </tr>
    </thead>
    <tbody>
        <tr>
          <td ID="conditions-desc-0">Diagnosis, Active: Low Back Pain (Code List: 2.16.840.1.113883.3.464.1003.113.12.1001)</td>
          <td ID="conditions-code-0">SNOMED-CT: 161894002 ICD-9-CM: 721.3 ICD-10-CM: M43.27<br/><i></i></td>
          <td>March 31st, 2010 04:00 - UNK</td>
            <td>active</td>
           
        </tr>
        <tr>
          <td ID="conditions-desc-1">Diagnosis, Active: CHD or CHD Risk Equivalent (Code List: 2.16.840.1.113883.3.600.863)</td>
          <td ID="conditions-code-1">ICD-9-CM: 093.0 ICD-10-CM: A52.01 SNOMED-CT: 2751001<br/><i></i></td>
          <td>March 31st, 2010 04:00 - UNK</td>
            <td>active</td>
           
        </tr>
        <tr>
          <td ID="conditions-desc-2">Diagnosis, Active: Smoking (Code List: 2.16.840.1.113883.3.600.1559)</td>
          <td ID="conditions-code-2">SNOMED-CT: 56578002<br/><i></i></td>
          <td>June 25th, 2010 04:00 - June 25th, 2010 04:00</td>
            <td>active</td>
           
        </tr>
        <tr>
          <td ID="conditions-desc-3">Diagnosis, Family History: Family History CHD (Code List: 2.16.840.1.113883.3.600.1557)</td>
          <td ID="conditions-code-3">SNOMED-CT: 134439009<br/><i></i></td>
          <td>June 25th, 2010 04:00 - June 25th, 2010 04:00</td>
            <td></td>
           
        </tr>
    </tbody>
  </table>
</text>
    <entry typeCode="DRIV">
      <act classCode="ACT" moodCode="EVN">
        <templateId root="2.16.840.1.113883.10.20.22.4.3"/>
        <!-- Problem act template -->
        <id root="02169110-118f-0130-b9af-3c07547eb597"/>
        <code nullFlavor="NA"/>
        <statusCode code="active"/>
        <effectiveTime>
          <low value='20100331040000'/>
        </effectiveTime>
        <entryRelationship typeCode="SUBJ" inversionInd="false">
          <observation classCode="OBS" moodCode="EVN">
            <templateId root="2.16.840.1.113883.10.20.22.4.4"/>
            
            <!--Problem observation template - NOT episode template-->
            <id root="021693d0-118f-0130-b9af-3c07547eb597"/>
            <code code="64572001" displayName="Condition" codeSystem="2.16.840.1.113883.6.96" codeSystemName="SNOMED-CT"/>
            <text>
              <reference value="#conditions-desc-0"/>
            </text>
            <statusCode code="completed"/>
            <effectiveTime>
              <low value='20100331040000'/>
            </effectiveTime>
            <value code="161894002" codeSystem="2.16.840.1.113883.6.96" xsi:type="CD"><originalText>Diagnosis, Active: Low Back Pain (Code List: 2.16.840.1.113883.3.464.1003.113.12.1001)</originalText><translation code="721.3" codeSystem="2.16.840.1.113883.6.104"/>
<translation code="M43.27" codeSystem="2.16.840.1.113883.6.90"/>
</value>
            <entryRelationship typeCode="REFR">
              <observation classCode="OBS" moodCode="EVN">
                <templateId root="2.16.840.1.113883.10.20.22.4.6"/>
                <!-- Problem status observation template -->
                <code code="33999-4" codeSystem="2.16.840.1.113883.6.1" displayName="Status"/>
                <statusCode code="completed"/>
                <value xsi:type="CE" code="55561003" codeSystem="2.16.840.1.113883.6.96"/>
              </observation>
            </entryRelationship>
          </observation>
        </entryRelationship>
      </act>
    </entry>
    <entry typeCode="DRIV">
      <act classCode="ACT" moodCode="EVN">
        <templateId root="2.16.840.1.113883.10.20.22.4.3"/>
        <!-- Problem act template -->
        <id root="02169c20-118f-0130-b9af-3c07547eb597"/>
        <code nullFlavor="NA"/>
        <statusCode code="active"/>
        <effectiveTime>
          <low value='20100331040000'/>
        </effectiveTime>
        <entryRelationship typeCode="SUBJ" inversionInd="false">
          <observation classCode="OBS" moodCode="EVN">
            <templateId root="2.16.840.1.113883.10.20.22.4.4"/>
            
            <!--Problem observation template - NOT episode template-->
            <id root="02169e40-118f-0130-b9af-3c07547eb597"/>
            <code code="64572001" displayName="Condition" codeSystem="2.16.840.1.113883.6.96" codeSystemName="SNOMED-CT"/>
            <text>
              <reference value="#conditions-desc-1"/>
            </text>
            <statusCode code="completed"/>
            <effectiveTime>
              <low value='20100331040000'/>
            </effectiveTime>
            <value code="2751001" codeSystem="2.16.840.1.113883.6.96" xsi:type="CD"><originalText>Diagnosis, Active: CHD or CHD Risk Equivalent (Code List: 2.16.840.1.113883.3.600.863)</originalText><translation code="093.0" codeSystem="2.16.840.1.113883.6.104"/>
<translation code="A52.01" codeSystem="2.16.840.1.113883.6.90"/>
</value>
            <entryRelationship typeCode="REFR">
              <observation classCode="OBS" moodCode="EVN">
                <templateId root="2.16.840.1.113883.10.20.22.4.6"/>
                <!-- Problem status observation template -->
                <code code="33999-4" codeSystem="2.16.840.1.113883.6.1" displayName="Status"/>
                <statusCode code="completed"/>
                <value xsi:type="CE" code="55561003" codeSystem="2.16.840.1.113883.6.96"/>
              </observation>
            </entryRelationship>
          </observation>
        </entryRelationship>
      </act>
    </entry>
    <entry typeCode="DRIV">
      <act classCode="ACT" moodCode="EVN">
        <templateId root="2.16.840.1.113883.10.20.22.4.3"/>
        <!-- Problem act template -->
        <id root="0216a4a0-118f-0130-b9af-3c07547eb597"/>
        <code nullFlavor="NA"/>
        <statusCode code="active"/>
        <effectiveTime>
          <low value='20100625040000'/>
        </effectiveTime>
        <entryRelationship typeCode="SUBJ" inversionInd="false">
          <observation classCode="OBS" moodCode="EVN">
            <templateId root="2.16.840.1.113883.10.20.22.4.4"/>
            
            <!--Problem observation template - NOT episode template-->
            <id root="0216a6b0-118f-0130-b9af-3c07547eb597"/>
            <code code="64572001" displayName="Condition" codeSystem="2.16.840.1.113883.6.96" codeSystemName="SNOMED-CT"/>
            <text>
              <reference value="#conditions-desc-2"/>
            </text>
            <statusCode code="completed"/>
            <effectiveTime>
              <low value='20100625040000'/>
            </effectiveTime>
            <value code="56578002" codeSystem="2.16.840.1.113883.6.96" xsi:type="CD"><originalText>Diagnosis, Active: Smoking (Code List: 2.16.840.1.113883.3.600.1559)</originalText></value>
            <entryRelationship typeCode="REFR">
              <observation classCode="OBS" moodCode="EVN">
                <templateId root="2.16.840.1.113883.10.20.22.4.6"/>
                <!-- Problem status observation template -->
                <code code="33999-4" codeSystem="2.16.840.1.113883.6.1" displayName="Status"/>
                <statusCode code="completed"/>
                <value xsi:type="CE" code="55561003" codeSystem="2.16.840.1.113883.6.96"/>
              </observation>
            </entryRelationship>
          </observation>
        </entryRelationship>
      </act>
    </entry>
    <entry typeCode="DRIV">
      <act classCode="ACT" moodCode="EVN">
        <templateId root="2.16.840.1.113883.10.20.22.4.3"/>
        <!-- Problem act template -->
        <id root="0216ac00-118f-0130-b9af-3c07547eb597"/>
        <code nullFlavor="NA"/>
        <statusCode code="active"/>
        <effectiveTime>
          <low value='20100625040000'/>
        </effectiveTime>
        <entryRelationship typeCode="SUBJ" inversionInd="false">
          <observation classCode="OBS" moodCode="EVN">
            <templateId root="2.16.840.1.113883.10.20.22.4.4"/>
            
            <!--Problem observation template - NOT episode template-->
            <id root="0216adf0-118f-0130-b9af-3c07547eb597"/>
            <code code="64572001" displayName="Condition" codeSystem="2.16.840.1.113883.6.96" codeSystemName="SNOMED-CT"/>
            <text>
              <reference value="#conditions-desc-3"/>
            </text>
            <statusCode code="completed"/>
            <effectiveTime>
              <low value='20100625040000'/>
            </effectiveTime>
            <value code="134439009" codeSystem="2.16.840.1.113883.6.96" xsi:type="CD"><originalText>Diagnosis, Family History: Family History CHD (Code List: 2.16.840.1.113883.3.600.1557)</originalText></value>
          </observation>
        </entryRelationship>
      </act>
    </entry>
  </section>
</component>

        <component>
  <!--Surgeries-->
  <section>
    <templateId root="2.16.840.1.113883.10.20.22.2.7"/>
    <!--Surgeries section template-->
    <code code="47519-4" codeSystem="2.16.840.1.113883.6.1" codeSystemName="LOINC" displayName="List of surgeries"/>
    <title>Surgeries</title>
    <text>
  <table border="1" width="100%">
    <thead>
      <tr>
        <th>Description</th>
        <th>Codes</th>
        <th>Time</th>
        
      </tr>
    </thead>
    <tbody>
        <tr>
          <td ID="procedures-desc-0">Intervention, Performed: Referral (Code List: 2.16.840.1.113883.3.464.1003.101.12.1046)</td>
          <td ID="procedures-code-0">SNOMED-CT: 428461000124101<br/><i></i></td>
          <td>February 26th, 2010 05:00 - February 26th, 2010 05:00</td>
           
        </tr>
    </tbody>
  </table>
</text>
    <entry typeCode="DRIV">
      <procedure classCode="PROC" moodCode="EVN">
        <templateId root="2.16.840.1.113883.10.20.22.4.14"/>
        <!-- Procedure activity template -->
        <id root="0216e680-118f-0130-b9af-3c07547eb597"/>
        <code code="428461000124101" codeSystem="2.16.840.1.113883.6.96" displayName="Intervention, Performed: Referral (Code List: 2.16.840.1.113883.3.464.1003.101.12.1046)">
  <originalText><reference value="#procedures-desc-0"/></originalText>
</code>

        <text>
          <reference value="#procedures-desc-0"/>
        </text>
        <statusCode code="completed"/>
        <effectiveTime value='20100226050000'/>
      </procedure>
    </entry>
  </section>
</component>
        <component>
  <!--Encounters-->
  <section>
    <templateId root="2.16.840.1.113883.10.20.22.2.22" /> <!-- CCDA Template id -->
    <!--Encounters section template-->
    <code code="46240-8" codeSystem="2.16.840.1.113883.6.1" codeSystemName="LOINC" displayName="History of encounters"/>
    <title>Encounters</title>
    <text>
  <table border="1" width="100%">
    <thead>
      <tr>
        <th>Description</th>
        <th>Codes</th>
        <th>Time</th>
        
      </tr>
    </thead>
    <tbody>
        <tr>
          <td ID="encounters-desc-0">Encounter, Performed: Office Visit (Code List: 2.16.840.1.113883.3.464.1003.101.12.1001)</td>
          <td ID="encounters-code-0">CPT: 99201<br/><i></i></td>
          <td>June 25th, 2010 04:00 - June 25th, 2010 04:00</td>
           
        </tr>
        <tr>
          <td ID="encounters-desc-1">Encounter, Performed: Medications Encounter Code Set (Code List: 2.16.840.1.113883.3.600.1.1834)</td>
          <td ID="encounters-code-1">HCPCS: G0101 CPT: 90801 SNOMED-CT: 8411005<br/><i></i></td>
          <td>March 26th, 2010 04:00 - March 26th, 2010 04:00</td>
           
        </tr>
        <tr>
          <td ID="encounters-desc-2">Encounter, Performed: Office Visit (Code List: 2.16.840.1.113883.3.464.1003.101.12.1001)</td>
          <td ID="encounters-code-2">CPT: 99201<br/><i></i></td>
          <td>March 31st, 2010 04:00 - March 31st, 2010 04:00</td>
           
        </tr>
        <tr>
          <td ID="encounters-desc-3">Encounter, Performed: Cholesterol Measure Encounter Codes (Code List: 2.16.840.1.113883.3.600.1951)</td>
          <td ID="encounters-code-3">SNOMED-CT: 13607009 HCPCS: G0101 CPT: 99201<br/><i></i></td>
          <td>June 25th, 2010 04:00 - June 25th, 2010 04:00</td>
           
        </tr>
    </tbody>
  </table>
</text>
    <entry typeCode="DRIV">
      <encounter classCode="ENC" moodCode="EVN">
		    <templateId root="2.16.840.1.113883.10.20.22.4.49"/>
        <!-- Encounter activity template -->
        <id root="02173c30-118f-0130-b9af-3c07547eb597"/>
        <code code="99201" codeSystem="2.16.840.1.113883.6.12" displayName="Encounter, Performed: Office Visit (Code List: 2.16.840.1.113883.3.464.1003.101.12.1001)">
  <originalText><reference value="#encounters-desc-0"/></originalText>
</code>

        <text>
          <reference value="#encounters-desc-0"/>
        </text>
        <effectiveTime value='20100625040000'/>
      </encounter>
    </entry>
    <entry typeCode="DRIV">
      <encounter classCode="ENC" moodCode="EVN">
		    <templateId root="2.16.840.1.113883.10.20.22.4.49"/>
        <!-- Encounter activity template -->
        <id root="02175460-118f-0130-b9af-3c07547eb597"/>
        <code code="90801" codeSystem="2.16.840.1.113883.6.12" displayName="Encounter, Performed: Medications Encounter Code Set (Code List: 2.16.840.1.113883.3.600.1.1834)">
  <originalText><reference value="#encounters-desc-1"/></originalText>
  <translation code="G0101" codeSystem="2.16.840.1.113883.6.14" />
  <translation code="8411005" codeSystem="2.16.840.1.113883.6.96" />
</code>

        <text>
          <reference value="#encounters-desc-1"/>
        </text>
        <effectiveTime value='20100326040000'/>
      </encounter>
    </entry>
    <entry typeCode="DRIV">
      <encounter classCode="ENC" moodCode="EVN">
		    <templateId root="2.16.840.1.113883.10.20.22.4.49"/>
        <!-- Encounter activity template -->
        <id root="02176e10-118f-0130-b9af-3c07547eb597"/>
        <code code="99201" codeSystem="2.16.840.1.113883.6.12" displayName="Encounter, Performed: Office Visit (Code List: 2.16.840.1.113883.3.464.1003.101.12.1001)">
  <originalText><reference value="#encounters-desc-2"/></originalText>
</code>

        <text>
          <reference value="#encounters-desc-2"/>
        </text>
        <effectiveTime value='20100331040000'/>
      </encounter>
    </entry>
    <entry typeCode="DRIV">
      <encounter classCode="ENC" moodCode="EVN">
		    <templateId root="2.16.840.1.113883.10.20.22.4.49"/>
        <!-- Encounter activity template -->
        <id root="02178610-118f-0130-b9af-3c07547eb597"/>
        <code code="99201" codeSystem="2.16.840.1.113883.6.12" displayName="Encounter, Performed: Cholesterol Measure Encounter Codes (Code List: 2.16.840.1.113883.3.600.1951)">
  <originalText><reference value="#encounters-desc-3"/></originalText>
  <translation code="13607009" codeSystem="2.16.840.1.113883.6.96" />
  <translation code="G0101" codeSystem="2.16.840.1.113883.6.14" />
</code>

        <text>
          <reference value="#encounters-desc-3"/>
        </text>
        <effectiveTime value='20100625040000'/>
      </encounter>
    </entry>
  </section>
</component>
        <component>
  <!--Vital Signs-->
  <section>
    <templateId root="2.16.840.1.113883.10.20.22.2.4"/>
    <!--Vital Signs section template-->
    <code code="8716-3" codeSystem="2.16.840.1.113883.6.1" codeSystemName="LOINC" displayName="Vital signs"/>
    <title>Vital Signs</title>
    <text>
  <table border="1" width="100%">
    <thead>
      <tr>
        <th>Description</th>
        <th>Codes</th>
        <th>Time</th>
        
          <th>Value</th>
      </tr>
    </thead>
    <tbody>
        <tr>
          <td ID="vitals-desc-0">Laboratory Test, Performed: LDL Test (Code List: 2.16.840.1.113883.3.464.1003.198.12.1016)</td>
          <td ID="vitals-code-0">LOINC: 12773-8<br/><i></i></td>
          <td>June 25th, 2010 04:00 - June 25th, 2010 04:00</td>
           
              <td>
	                130<br/>
              </td>
        </tr>
        <tr>
          <td ID="vitals-desc-1">Laboratory Test, Result: High Density Lipoprotein (HDL) (Code List: 2.16.840.1.113883.3.600.875)</td>
          <td ID="vitals-code-1">LOINC: 14646-4 SNOMED-CT: 17888004<br/><i></i></td>
          <td>June 25th, 2010 04:00 - June 25th, 2010 04:00</td>
           
              <td>
	                35<br/>
              </td>
        </tr>
    </tbody>
  </table>
</text>
    <entry typeCode="DRIV">
      <organizer classCode="CLUSTER" moodCode="EVN">
        <templateId root="2.16.840.1.113883.10.20.22.4.26"/>
        <!-- Vital signs organizer template -->
        <id root="0217e180-118f-0130-b9af-3c07547eb597"/>
        <code code="46680005" codeSystem="2.16.840.1.113883.6.96" displayName="Vital signs" codeSystemName="SNOMED CT"/>
        <statusCode code="completed"/>
        <effectiveTime value="19991114"/>
        <component>
          <observation classCode="OBS" moodCode="EVN">
            <templateId root="2.16.840.1.113883.10.20.22.4.27"/>
            <!-- Result observation template -->
            <id root="0217e290-118f-0130-b9af-3c07547eb597"/>
            <code code="12773-8" codeSystem="2.16.840.1.113883.6.1" ><originalText>Laboratory Test, Performed: LDL Test (Code List: 2.16.840.1.113883.3.464.1003.198.12.1016)</originalText></code>
            <text>
              <reference value="vitals-desc-0"/>
            </text>
            <statusCode code="completed"/>
            <effectiveTime value='20100625040000'/>
                <value xsi:type="PQ" value="130" unit="mg/dL"/>
          </observation>
        </component>
        <component>
          <observation classCode="OBS" moodCode="EVN">
            <templateId root="2.16.840.1.113883.10.20.22.4.27"/>
            <!-- Result observation template -->
            <id root="0217eb00-118f-0130-b9af-3c07547eb597"/>
            <code code="14646-4" codeSystem="2.16.840.1.113883.6.1" ><originalText>Laboratory Test, Result: High Density Lipoprotein (HDL) (Code List: 2.16.840.1.113883.3.600.875)</originalText><translation code="17888004" codeSystem="2.16.840.1.113883.6.96"/>
</code>
            <text>
              <reference value="vitals-desc-1"/>
            </text>
            <statusCode code="completed"/>
            <effectiveTime value='20100625040000'/>
                <value xsi:type="PQ" value="35" unit="mg/dL"/>
          </observation>
        </component>
      </organizer>
    </entry>
  </section>
</component>
    </structuredBody>
  </component>
</ClinicalDocument>