<?xml version="1.0" encoding="UTF-8"?>
<ClinicalDocument xmlns="urn:hl7-org:v3" xmlns:sdtc="urn:hl7-org:sdtc" xmlns:xsi="http://www.w3.org/2001/XMLSchema-instance" xsi:schemaLocation="urn:hl7-org:v3 http://xreg2.nist.gov:8080/hitspValidation/schema/cdar2c32/infrastructure/cda/C32_CDA.xsd">
  <realmCode code="US"/>
  <typeId root="2.16.840.1.113883.1.3" extension="POCD_HD000040"/>
  <templateId root="2.16.840.1.113883.10.20.22.1.1" />
  <templateId root='2.16.840.1.113883.10.20.22.1.2'/> 
  <id root="2.16.840.1.113883.3.72" extension="5034929c044a11167b000047" assigningAuthorityName="NIST Healthcare Project"/>
  <code code="34133-9" displayName="Summarization of episode note" codeSystem="2.16.840.1.113883.6.1" codeSystemName="LOINC"/>
  <title>Cypress C32 Patient Test Record: 11_06_12_GP_Peds_NUM 0002_0024_0033_0036_0041_0069_0418</title>
  <effectiveTime value="20121115201442"/>
  <confidentialityCode code="N"/>
  <languageCode code="en-US"/>
  <recordTarget>
    <patientRole>
      <id root="Cypress" extension="5034929c044a11167b000047"/>
      <addr use="HP">
        <streetAddressLine>202 Burlington Rd.</streetAddressLine>
        <city>Bedford</city>
        <state>MA</state>
        <postalCode>01730</postalCode>
      </addr>
      <telecom value="tel:+1-781-271-3000"/>
      <patient>
        <name>
          <given>11_06_12_GP_Peds_NUM</given>
          <family>0002_0024_0033_0036_0041_0069_0418</family>
        </name>
        <administrativeGenderCode code="F" codeSystem="2.16.840.1.113883.5.1" codeSystemName="HL7 AdministrativeGender"/>
        <birthTime value="19930101083000"/>
          <raceCode code="1002-5" displayName="American Indian or Alaska Native" codeSystemName="CDC Race and Ethnicity" codeSystem="2.16.840.1.113883.6.238"/>
          <ethnicGroupCode code="2186-5" displayName="Not Hispanic or Latino" codeSystemName="CDC Race and Ethnicity" codeSystem="2.16.840.1.113883.6.238"/>
          <languageCommunication>
            <languageCode code="en-US"/>
          </languageCommunication>
      </patient>
    </patientRole>
  </recordTarget>
  <author>
    <time value="20121115201442"/>
    <assignedAuthor>
      <id/>
      <addr/>
      <telecom value="tel:+1-781-271-3000"/>
      <assignedPerson>
        <name>Auto Generated</name>
      </assignedPerson>
    </assignedAuthor>
  </author>
  <custodian>
    <assignedCustodian>
      <representedCustodianOrganization>
        <id/>
        <name>Cypress</name>
        <telecom value="tel:+1-781-271-3000"/>
        <addr>
          <streetAddressLine>202 Burlington Rd.</streetAddressLine>
          <city>Bedford</city>
          <state>MA</state>
          <postalCode>01730</postalCode>
        </addr>
      </representedCustodianOrganization>
    </assignedCustodian>
  </custodian>
  <component>
    <structuredBody>
        <component>
  <!-- Allergies: patient has no allergies -->
  <section>
    <templateId root="2.16.840.1.113883.10.20.22.2.6"/>
    <code code="48765-2" codeSystem="2.16.840.1.113883.6.1" codeSystemName="LOINC" displayName="Allergy List"/>
    <title>Allergies</title>                
    <text>There are no current allergies at the time of this document's creation.</text>
    <entry typeCode="DRIV">
      <act classCode="ACT" moodCode="EVN">
        <templateId root="2.16.840.1.113883.10.20.22.4.30"/>
        <id root="041e3290-118f-0130-b9af-3c07547eb597"/>
        <code nullFlavor="NA"/>
        <statusCode code="active"/>
        <effectiveTime>
          <low nullFlavor="NA"/>
        </effectiveTime>					
        <entryRelationship typeCode="SUBJ" inversionInd="false">
          <observation classCode="OBS" moodCode="EVN" negationInd="true">
            <templateId root="2.16.840.1.113883.10.20.22.4.7"/>
            <id root="041e33c0-118f-0130-b9af-3c07547eb597"/>
            <code code="ASSERTION" codeSystem="2.16.840.1.113883.5.4"/>
            <effectiveTime>
              <low nullFlavor="UNK"/>
            </effectiveTime>
            <statusCode code="completed"/>
            <value xsi:type="CD" code="419199007"
              codeSystem="2.16.840.1.113883.6.96" displayName="Allergy to Substance"/>
          </observation>
        </entryRelationship>
      </act>
    </entry>
  </section>
</component>
        <component>
  <!--Medications-->
  <section>
	<templateId root="2.16.840.1.113883.10.20.22.2.1" />
    <code code="10160-0" displayName="History of medication use" codeSystem="2.16.840.1.113883.6.1" codeSystemName="LOINC"/>
    <title>Medications</title>
    <text>
  <table border="1" width="100%">
    <thead>
      <tr>
        <th>Description</th>
        <th>Codes</th>
        <th>Time</th>
        
      </tr>
    </thead>
    <tbody>
        <tr>
          <td ID="medications-desc-0">Medication, Dispensed: Preferred Asthma Therapy (Code List: 2.16.840.1.113883.3.464.1003.196.12.1212)</td>
          <td ID="medications-code-0">RxNorm: 197354<br/><i></i></td>
          <td>April 30th, 2010 16:05 - April 30th, 2010 16:05</td>
           
        </tr>
        <tr>
          <td ID="medications-desc-1">Medication, Order: Antibiotic Medications (Code List: 2.16.840.1.113883.3.464.1003.196.12.1001)</td>
          <td ID="medications-code-1">RxNorm: 102769<br/><i></i></td>
          <td>April 30th, 2010 16:40 - April 30th, 2010 16:40</td>
           
        </tr>
        <tr>
          <td ID="medications-desc-2">Medication, Active: Antibiotic Medications (Code List: 2.16.840.1.113883.3.464.1003.196.12.1001)</td>
          <td ID="medications-code-2">RxNorm: 102769<br/><i></i></td>
          <td>May 1st, 2010 16:40 - May 1st, 2010 16:40</td>
           
        </tr>
    </tbody>
  </table>
</text>
    <entry>
      <!--CCD Medication activity - Required-->
      <substanceAdministration classCode="SBADM" moodCode="EVN">
        <templateId root='2.16.840.1.113883.10.20.22.4.16'/>
        <id root="041e6e30-118f-0130-b9af-3c07547eb597"/>
        <statusCode code="completed"/>
        <effectiveTime xsi:type="IVL_TS">
          <low value='20100430160500'/>
          <high nullFlavor="UNK"/>
        </effectiveTime>
        <consumable>
          <!--CCD Product - Required-->
          <manufacturedProduct classCode="MANU">
			    <templateId root='2.16.840.1.113883.10.20.22.4.23'/>
            <manufacturedMaterial>
              <code code="197354" codeSystem="2.16.840.1.113883.6.88" displayName="Medication, Dispensed: Preferred Asthma Therapy (Code List: 2.16.840.1.113883.3.464.1003.196.12.1212)">
  <originalText><reference value="#medications-desc-0"/></originalText>
</code>

              <name>Medication, Dispensed: Preferred Asthma Therapy (Code List: 2.16.840.1.113883.3.464.1003.196.12.1212)</name>
            </manufacturedMaterial>
          </manufacturedProduct>
        </consumable>
      </substanceAdministration>
    </entry>
    <entry>
      <!--CCD Medication activity - Required-->
      <substanceAdministration classCode="SBADM" moodCode="EVN">
        <templateId root='2.16.840.1.113883.10.20.22.4.16'/>
        <id root="041e86c0-118f-0130-b9af-3c07547eb597"/>
        <statusCode code="completed"/>
        <effectiveTime xsi:type="IVL_TS">
          <low value='20100430164000'/>
          <high nullFlavor="UNK"/>
        </effectiveTime>
        <consumable>
          <!--CCD Product - Required-->
          <manufacturedProduct classCode="MANU">
			    <templateId root='2.16.840.1.113883.10.20.22.4.23'/>
            <manufacturedMaterial>
              <code code="102769" codeSystem="2.16.840.1.113883.6.88" displayName="Medication, Order: Antibiotic Medications (Code List: 2.16.840.1.113883.3.464.1003.196.12.1001)">
  <originalText><reference value="#medications-desc-1"/></originalText>
</code>

              <name>Medication, Order: Antibiotic Medications (Code List: 2.16.840.1.113883.3.464.1003.196.12.1001)</name>
            </manufacturedMaterial>
          </manufacturedProduct>
        </consumable>
      </substanceAdministration>
    </entry>
    <entry>
      <!--CCD Medication activity - Required-->
      <substanceAdministration classCode="SBADM" moodCode="EVN">
        <templateId root='2.16.840.1.113883.10.20.22.4.16'/>
        <id root="041e9f40-118f-0130-b9af-3c07547eb597"/>
        <statusCode code="completed"/>
        <effectiveTime xsi:type="IVL_TS">
          <low value='20100501164000'/>
          <high nullFlavor="UNK"/>
        </effectiveTime>
        <consumable>
          <!--CCD Product - Required-->
          <manufacturedProduct classCode="MANU">
			    <templateId root='2.16.840.1.113883.10.20.22.4.23'/>
            <manufacturedMaterial>
              <code code="102769" codeSystem="2.16.840.1.113883.6.88" displayName="Medication, Active: Antibiotic Medications (Code List: 2.16.840.1.113883.3.464.1003.196.12.1001)">
  <originalText><reference value="#medications-desc-2"/></originalText>
</code>

              <name>Medication, Active: Antibiotic Medications (Code List: 2.16.840.1.113883.3.464.1003.196.12.1001)</name>
            </manufacturedMaterial>
          </manufacturedProduct>
        </consumable>
      </substanceAdministration>
    </entry>
  </section>
</component>
        <component>
  <!--Diagnostic Results-->
  <section>
    <templateId root="2.16.840.1.113883.10.20.22.2.3.1"/>
    <!--Diagnostic Results section template-->
    <code code="30954-2" codeSystem="2.16.840.1.113883.6.1" codeSystemName="LOINC" displayName="Results"/>
    <title>Diagnostic Results</title>
    <text>
  <table border="1" width="100%">
    <thead>
      <tr>
        <th>Description</th>
        <th>Codes</th>
        <th>Time</th>
        
          <th>Value</th>
      </tr>
    </thead>
    <tbody>
        <tr>
          <td ID="results-desc-0">Physical Exam, Finding: Height (Code List: 2.16.840.1.113883.3.464.1003.121.12.1014)</td>
          <td ID="results-code-0">LOINC: 3137-7<br/><i></i></td>
          <td>April 30th, 2010 16:05 - April 30th, 2010 16:05</td>
           
              <td>
	                60<br/>
              </td>
        </tr>
        <tr>
          <td ID="results-desc-1">Physical Exam, Finding: BMI percentile (Code List: 2.16.840.1.113883.3.464.1003.121.12.1012)</td>
          <td ID="results-code-1">LOINC: 59574-4<br/><i></i></td>
          <td>April 30th, 2010 16:05 - April 30th, 2010 16:05</td>
           
              <td>
	                19.5<br/>
              </td>
        </tr>
        <tr>
          <td ID="results-desc-2">Physical Exam, Finding: Weight (Code List: 2.16.840.1.113883.3.464.1003.121.12.1015)</td>
          <td ID="results-code-2">LOINC: 18833-4<br/><i></i></td>
          <td>April 30th, 2010 16:05 - April 30th, 2010 16:05</td>
           
              <td>
	                100<br/>
              </td>
        </tr>
    </tbody>
  </table>
</text>
    <entry typeCode="DRIV">
      <organizer classCode="BATTERY" moodCode="EVN">
        <templateId root="2.16.840.1.113883.10.20.22.4.1"/>
        <!--Result organizer template -->
        <id root="041f0060-118f-0130-b9af-3c07547eb597"/>
        <code nullFlavor="NA"/>
        <statusCode code="completed"/>
        <effectiveTime value="20121115201442"/>
          <component>
           <observation classCode="OBS" moodCode="EVN">
            <templateId root="2.16.840.1.113883.10.20.22.4.2"/>
              <id root="041f0220-118f-0130-b9af-3c07547eb597"/>
              <code nullFlavor="UNK">
                <originalText><reference value="Unknown"/></originalText>
              </code>
              <text>
                <reference value="Unknown"/>
              </text>
              <statusCode code="completed"/>
              <effectiveTime nullFlavor="UNK"/>
            </observation>
          </component>
        <component>
          <observation classCode="OBS" moodCode="EVN">
            <templateId root="2.16.840.1.113883.10.20.22.4.2"/>
            <!-- Result observation template -->
            <id root="041f0300-118f-0130-b9af-3c07547eb597"/>
            <code code="3137-7" codeSystem="2.16.840.1.113883.6.1" ><originalText>Physical Exam, Finding: Height (Code List: 2.16.840.1.113883.3.464.1003.121.12.1014)</originalText></code>
            <text>
              <reference value="#results-desc-0"/>
            </text>
            <statusCode code="completed"/>
            <effectiveTime value='20100430160500'/>
                <value xsi:type="PQ" value="60" unit="in"/>
          </observation>
        </component>
        <component>
          <observation classCode="OBS" moodCode="EVN">
            <templateId root="2.16.840.1.113883.10.20.22.4.2"/>
            <!-- Result observation template -->
            <id root="041f0ae0-118f-0130-b9af-3c07547eb597"/>
            <code code="59574-4" codeSystem="2.16.840.1.113883.6.1" ><originalText>Physical Exam, Finding: BMI percentile (Code List: 2.16.840.1.113883.3.464.1003.121.12.1012)</originalText></code>
            <text>
              <reference value="#results-desc-1"/>
            </text>
            <statusCode code="completed"/>
            <effectiveTime value='20100430160500'/>
                <value xsi:type="PQ" value="19.5" unit=""/>
          </observation>
        </component>
        <component>
          <observation classCode="OBS" moodCode="EVN">
            <templateId root="2.16.840.1.113883.10.20.22.4.2"/>
            <!-- Result observation template -->
            <id root="041f10d0-118f-0130-b9af-3c07547eb597"/>
            <code code="18833-4" codeSystem="2.16.840.1.113883.6.1" ><originalText>Physical Exam, Finding: Weight (Code List: 2.16.840.1.113883.3.464.1003.121.12.1015)</originalText></code>
            <text>
              <reference value="#results-desc-2"/>
            </text>
            <statusCode code="completed"/>
            <effectiveTime value='20100430160500'/>
                <value xsi:type="PQ" value="100" unit="lbs"/>
          </observation>
        </component>
      </organizer>
    </entry>
  </section>
</component>
        <component>
  <!--Problems-->
  <section>
    <templateId root="2.16.840.1.113883.10.20.22.2.5.1"/>
    <!--Problems section template-->
    <code code="11450-4" codeSystem="2.16.840.1.113883.6.1" codeSystemName="LOINC" displayName="Problem list"/>
    <title>Problems</title>
    <text>
  <table border="1" width="100%">
    <thead>
      <tr>
        <th>Description</th>
        <th>Codes</th>
        <th>Time</th>
          <th>Status</th>
        
      </tr>
    </thead>
    <tbody>
        <tr>
          <td ID="conditions-desc-0">Diagnosis, Active: Upper Respiratory Infection (Code List: 2.16.840.1.113883.3.464.1003.102.12.1022)</td>
          <td ID="conditions-code-0">ICD-10-CM: J00 SNOMED-CT: 54150009 ICD-9-CM: 460<br/><i></i></td>
          <td>January 29th, 2010 05:00 - January 29th, 2010 05:00</td>
            <td>active</td>
           
        </tr>
        <tr>
          <td ID="conditions-desc-1">Diagnosis, Active: Depression diagnosis (Code List: 2.16.840.1.113883.3.600.145)</td>
          <td ID="conditions-code-1">SNOMED-CT: 832007 ICD-9-CM: 290.13 ICD-10-CM: F01.51<br/><i></i></td>
          <td>February 5th, 2010 17:30 - February 5th, 2010 17:30</td>
            <td>active</td>
           
        </tr>
        <tr>
          <td ID="conditions-desc-2">Diagnosis, Active: Persistent Asthma (Code List: 2.16.840.1.113883.3.464.1003.102.12.1023)</td>
          <td ID="conditions-code-2">ICD-10-CM: J45.30 SNOMED-CT: 426656000<br/><i></i></td>
          <td>April 30th, 2010 16:05 - UNK</td>
            <td>active</td>
           
        </tr>
        <tr>
          <td ID="conditions-desc-3">Diagnosis, Active: Acute Pharyngitis (Code List: 2.16.840.1.113883.3.464.1003.102.12.1011)</td>
          <td ID="conditions-code-3">SNOMED-CT: 1532007 ICD-9-CM: 034.0 ICD-10-CM: J02.8<br/><i></i></td>
          <td>April 30th, 2010 16:30 - April 30th, 2010 16:30</td>
            <td>active</td>
           
        </tr>
    </tbody>
  </table>
</text>
    <entry typeCode="DRIV">
      <act classCode="ACT" moodCode="EVN">
        <templateId root="2.16.840.1.113883.10.20.22.4.3"/>
        <!-- Problem act template -->
        <id root="041f5cb0-118f-0130-b9af-3c07547eb597"/>
        <code nullFlavor="NA"/>
        <statusCode code="active"/>
        <effectiveTime>
          <low value='20100129050000'/>
        </effectiveTime>
        <entryRelationship typeCode="SUBJ" inversionInd="false">
          <observation classCode="OBS" moodCode="EVN">
            <templateId root="2.16.840.1.113883.10.20.22.4.4"/>
            
            <!--Problem observation template - NOT episode template-->
            <id root="041f5f70-118f-0130-b9af-3c07547eb597"/>
            <code code="64572001" displayName="Condition" codeSystem="2.16.840.1.113883.6.96" codeSystemName="SNOMED-CT"/>
            <text>
              <reference value="#conditions-desc-0"/>
            </text>
            <statusCode code="completed"/>
            <effectiveTime>
              <low value='20100129050000'/>
            </effectiveTime>
            <value code="54150009" codeSystem="2.16.840.1.113883.6.96" xsi:type="CD"><originalText>Diagnosis, Active: Upper Respiratory Infection (Code List: 2.16.840.1.113883.3.464.1003.102.12.1022)</originalText><translation code="J00" codeSystem="2.16.840.1.113883.6.90"/>
<translation code="460" codeSystem="2.16.840.1.113883.6.104"/>
</value>
            <entryRelationship typeCode="REFR">
              <observation classCode="OBS" moodCode="EVN">
                <templateId root="2.16.840.1.113883.10.20.22.4.6"/>
                <!-- Problem status observation template -->
                <code code="33999-4" codeSystem="2.16.840.1.113883.6.1" displayName="Status"/>
                <statusCode code="completed"/>
                <value xsi:type="CE" code="55561003" codeSystem="2.16.840.1.113883.6.96"/>
              </observation>
            </entryRelationship>
          </observation>
        </entryRelationship>
      </act>
    </entry>
    <entry typeCode="DRIV">
      <act classCode="ACT" moodCode="EVN">
        <templateId root="2.16.840.1.113883.10.20.22.4.3"/>
        <!-- Problem act template -->
        <id root="041f6770-118f-0130-b9af-3c07547eb597"/>
        <code nullFlavor="NA"/>
        <statusCode code="active"/>
        <effectiveTime>
          <low value='20100205173000'/>
        </effectiveTime>
        <entryRelationship typeCode="SUBJ" inversionInd="false">
          <observation classCode="OBS" moodCode="EVN">
            <templateId root="2.16.840.1.113883.10.20.22.4.4"/>
            
            <!--Problem observation template - NOT episode template-->
            <id root="041f6990-118f-0130-b9af-3c07547eb597"/>
            <code code="64572001" displayName="Condition" codeSystem="2.16.840.1.113883.6.96" codeSystemName="SNOMED-CT"/>
            <text>
              <reference value="#conditions-desc-1"/>
            </text>
            <statusCode code="completed"/>
            <effectiveTime>
              <low value='20100205173000'/>
            </effectiveTime>
            <value code="832007" codeSystem="2.16.840.1.113883.6.96" xsi:type="CD"><originalText>Diagnosis, Active: Depression diagnosis (Code List: 2.16.840.1.113883.3.600.145)</originalText><translation code="290.13" codeSystem="2.16.840.1.113883.6.104"/>
<translation code="F01.51" codeSystem="2.16.840.1.113883.6.90"/>
</value>
            <entryRelationship typeCode="REFR">
              <observation classCode="OBS" moodCode="EVN">
                <templateId root="2.16.840.1.113883.10.20.22.4.6"/>
                <!-- Problem status observation template -->
                <code code="33999-4" codeSystem="2.16.840.1.113883.6.1" displayName="Status"/>
                <statusCode code="completed"/>
                <value xsi:type="CE" code="55561003" codeSystem="2.16.840.1.113883.6.96"/>
              </observation>
            </entryRelationship>
          </observation>
        </entryRelationship>
      </act>
    </entry>
    <entry typeCode="DRIV">
      <act classCode="ACT" moodCode="EVN">
        <templateId root="2.16.840.1.113883.10.20.22.4.3"/>
        <!-- Problem act template -->
        <id root="041f7000-118f-0130-b9af-3c07547eb597"/>
        <code nullFlavor="NA"/>
        <statusCode code="active"/>
        <effectiveTime>
          <low value='20100430160500'/>
        </effectiveTime>
        <entryRelationship typeCode="SUBJ" inversionInd="false">
          <observation classCode="OBS" moodCode="EVN">
            <templateId root="2.16.840.1.113883.10.20.22.4.4"/>
            
            <!--Problem observation template - NOT episode template-->
            <id root="041f7230-118f-0130-b9af-3c07547eb597"/>
            <code code="64572001" displayName="Condition" codeSystem="2.16.840.1.113883.6.96" codeSystemName="SNOMED-CT"/>
            <text>
              <reference value="#conditions-desc-2"/>
            </text>
            <statusCode code="completed"/>
            <effectiveTime>
              <low value='20100430160500'/>
            </effectiveTime>
            <value code="426656000" codeSystem="2.16.840.1.113883.6.96" xsi:type="CD"><originalText>Diagnosis, Active: Persistent Asthma (Code List: 2.16.840.1.113883.3.464.1003.102.12.1023)</originalText><translation code="J45.30" codeSystem="2.16.840.1.113883.6.90"/>
</value>
            <entryRelationship typeCode="REFR">
              <observation classCode="OBS" moodCode="EVN">
                <templateId root="2.16.840.1.113883.10.20.22.4.6"/>
                <!-- Problem status observation template -->
                <code code="33999-4" codeSystem="2.16.840.1.113883.6.1" displayName="Status"/>
                <statusCode code="completed"/>
                <value xsi:type="CE" code="55561003" codeSystem="2.16.840.1.113883.6.96"/>
              </observation>
            </entryRelationship>
          </observation>
        </entryRelationship>
      </act>
    </entry>
    <entry typeCode="DRIV">
      <act classCode="ACT" moodCode="EVN">
        <templateId root="2.16.840.1.113883.10.20.22.4.3"/>
        <!-- Problem act template -->
        <id root="041f7820-118f-0130-b9af-3c07547eb597"/>
        <code nullFlavor="NA"/>
        <statusCode code="active"/>
        <effectiveTime>
          <low value='20100430163000'/>
        </effectiveTime>
        <entryRelationship typeCode="SUBJ" inversionInd="false">
          <observation classCode="OBS" moodCode="EVN">
            <templateId root="2.16.840.1.113883.10.20.22.4.4"/>
            
            <!--Problem observation template - NOT episode template-->
            <id root="041f7a40-118f-0130-b9af-3c07547eb597"/>
            <code code="64572001" displayName="Condition" codeSystem="2.16.840.1.113883.6.96" codeSystemName="SNOMED-CT"/>
            <text>
              <reference value="#conditions-desc-3"/>
            </text>
            <statusCode code="completed"/>
            <effectiveTime>
              <low value='20100430163000'/>
            </effectiveTime>
            <value code="1532007" codeSystem="2.16.840.1.113883.6.96" xsi:type="CD"><originalText>Diagnosis, Active: Acute Pharyngitis (Code List: 2.16.840.1.113883.3.464.1003.102.12.1011)</originalText><translation code="034.0" codeSystem="2.16.840.1.113883.6.104"/>
<translation code="J02.8" codeSystem="2.16.840.1.113883.6.90"/>
</value>
            <entryRelationship typeCode="REFR">
              <observation classCode="OBS" moodCode="EVN">
                <templateId root="2.16.840.1.113883.10.20.22.4.6"/>
                <!-- Problem status observation template -->
                <code code="33999-4" codeSystem="2.16.840.1.113883.6.1" displayName="Status"/>
                <statusCode code="completed"/>
                <value xsi:type="CE" code="55561003" codeSystem="2.16.840.1.113883.6.96"/>
              </observation>
            </entryRelationship>
          </observation>
        </entryRelationship>
      </act>
    </entry>
  </section>
</component>

        <component>
  <!--Surgeries-->
  <section>
    <templateId root="2.16.840.1.113883.10.20.22.2.7"/>
    <!--Surgeries section template-->
    <code code="47519-4" codeSystem="2.16.840.1.113883.6.1" codeSystemName="LOINC" displayName="List of surgeries"/>
    <title>Surgeries</title>
    <text>
  <table border="1" width="100%">
    <thead>
      <tr>
        <th>Description</th>
        <th>Codes</th>
        <th>Time</th>
        
      </tr>
    </thead>
    <tbody>
        <tr>
          <td ID="procedures-desc-0">Intervention, Performed: Adolescent Depression Screening (Code List: 2.16.840.1.113883.3.600.426)</td>
          <td ID="procedures-code-0">SNOMED-CT: 428161000124109 HCPCS: S3005 ICD-9-CM: V79.0 ICD-10-CM: Z13.89<br/><i></i></td>
          <td>February 5th, 2010 17:00 - February 5th, 2010 17:00</td>
           
        </tr>
        <tr>
          <td ID="procedures-desc-1">Intervention, Performed: Additional evaluation for depression - adolescent (Code List: 2.16.840.1.113883.3.600.1542)</td>
          <td ID="procedures-code-1">SNOMED-CT: 10197000<br/><i></i></td>
          <td>February 5th, 2010 17:20 - February 5th, 2010 17:20</td>
           
        </tr>
        <tr>
          <td ID="procedures-desc-2">Procedure, Performed: Influenza Vaccination (Code List: 2.16.840.1.113883.3.526.3.402)</td>
          <td ID="procedures-code-2">CPT: 90656 SNOMED-CT: 86198006<br/><i></i></td>
          <td>January 29th, 2010 05:00 - January 29th, 2010 05:00</td>
           
        </tr>
    </tbody>
  </table>
</text>
    <entry typeCode="DRIV">
      <procedure classCode="PROC" moodCode="EVN">
        <templateId root="2.16.840.1.113883.10.20.22.4.14"/>
        <!-- Procedure activity template -->
        <id root="041fbc20-118f-0130-b9af-3c07547eb597"/>
        <code code="V79.0" codeSystem="2.16.840.1.113883.6.104" displayName="Intervention, Performed: Adolescent Depression Screening (Code List: 2.16.840.1.113883.3.600.426)">
  <originalText><reference value="#procedures-desc-0"/></originalText>
  <translation code="428161000124109" codeSystem="2.16.840.1.113883.6.96" />
  <translation code="S3005" codeSystem="2.16.840.1.113883.6.14" />
  <translation code="Z13.89" codeSystem="2.16.840.1.113883.6.90" />
</code>

        <text>
          <reference value="#procedures-desc-0"/>
        </text>
        <statusCode code="completed"/>
        <effectiveTime value='20100205170000'/>
      </procedure>
    </entry>
    <entry typeCode="DRIV">
      <procedure classCode="PROC" moodCode="EVN">
        <templateId root="2.16.840.1.113883.10.20.22.4.14"/>
        <!-- Procedure activity template -->
        <id root="041fd610-118f-0130-b9af-3c07547eb597"/>
        <code code="10197000" codeSystem="2.16.840.1.113883.6.96" displayName="Intervention, Performed: Additional evaluation for depression - adolescent (Code List: 2.16.840.1.113883.3.600.1542)">
  <originalText><reference value="#procedures-desc-1"/></originalText>
</code>

        <text>
          <reference value="#procedures-desc-1"/>
        </text>
        <statusCode code="completed"/>
        <effectiveTime value='20100205172000'/>
      </procedure>
    </entry>
    <entry typeCode="DRIV">
      <procedure classCode="PROC" moodCode="EVN">
        <templateId root="2.16.840.1.113883.10.20.22.4.14"/>
        <!-- Procedure activity template -->
        <id root="041fed50-118f-0130-b9af-3c07547eb597"/>
        <code code="90656" codeSystem="2.16.840.1.113883.6.12" displayName="Procedure, Performed: Influenza Vaccination (Code List: 2.16.840.1.113883.3.526.3.402)">
  <originalText><reference value="#procedures-desc-2"/></originalText>
  <translation code="86198006" codeSystem="2.16.840.1.113883.6.96" />
</code>

        <text>
          <reference value="#procedures-desc-2"/>
        </text>
        <statusCode code="completed"/>
        <effectiveTime value='20100129050000'/>
      </procedure>
    </entry>
  </section>
</component>
        <component>
  <!--Encounters-->
  <section>
    <templateId root="2.16.840.1.113883.10.20.22.2.22" /> <!-- CCDA Template id -->
    <!--Encounters section template-->
    <code code="46240-8" codeSystem="2.16.840.1.113883.6.1" codeSystemName="LOINC" displayName="History of encounters"/>
    <title>Encounters</title>
    <text>
  <table border="1" width="100%">
    <thead>
      <tr>
        <th>Description</th>
        <th>Codes</th>
        <th>Time</th>
        
      </tr>
    </thead>
    <tbody>
        <tr>
          <td ID="encounters-desc-0">Encounter, Performed: Encounter-Influenza (Code List: 2.16.840.1.113883.3.526.3.1252)</td>
          <td ID="encounters-code-0">CPT: 99420 SNOMED-CT: 4525004 HCPCS: G0438<br/><i></i></td>
          <td>January 29th, 2010 05:00 - January 29th, 2010 05:00</td>
           
        </tr>
        <tr>
          <td ID="encounters-desc-1">Encounter, Performed: Office Visit (Code List: 2.16.840.1.113883.3.464.1003.101.12.1001)</td>
          <td ID="encounters-code-1">CPT: 99201<br/><i></i></td>
          <td>February 5th, 2010 17:00 - February 5th, 2010 18:00</td>
           
        </tr>
        <tr>
          <td ID="encounters-desc-2">Encounter, Performed: Office Visit (Code List: 2.16.840.1.113883.3.464.1003.101.12.1001)</td>
          <td ID="encounters-code-2">CPT: 99201<br/><i></i></td>
          <td>February 26th, 2010 05:00 - February 26th, 2010 05:00</td>
           
        </tr>
        <tr>
          <td ID="encounters-desc-3">Encounter, Performed: Office Visit (Code List: 2.16.840.1.113883.3.464.1003.101.12.1001)</td>
          <td ID="encounters-code-3">CPT: 99201<br/><i></i></td>
          <td>April 30th, 2010 16:00 - April 30th, 2010 17:00</td>
           
        </tr>
    </tbody>
  </table>
</text>
    <entry typeCode="DRIV">
      <encounter classCode="ENC" moodCode="EVN">
		    <templateId root="2.16.840.1.113883.10.20.22.4.49"/>
        <!-- Encounter activity template -->
        <id root="04204030-118f-0130-b9af-3c07547eb597"/>
        <code code="99420" codeSystem="2.16.840.1.113883.6.12" displayName="Encounter, Performed: Encounter-Influenza (Code List: 2.16.840.1.113883.3.526.3.1252)">
  <originalText><reference value="#encounters-desc-0"/></originalText>
  <translation code="4525004" codeSystem="2.16.840.1.113883.6.96" />
  <translation code="G0438" codeSystem="2.16.840.1.113883.6.14" />
</code>

        <text>
          <reference value="#encounters-desc-0"/>
        </text>
        <effectiveTime value='20100129050000'/>
      </encounter>
    </entry>
    <entry typeCode="DRIV">
      <encounter classCode="ENC" moodCode="EVN">
		    <templateId root="2.16.840.1.113883.10.20.22.4.49"/>
        <!-- Encounter activity template -->
        <id root="04205930-118f-0130-b9af-3c07547eb597"/>
        <code code="99201" codeSystem="2.16.840.1.113883.6.12" displayName="Encounter, Performed: Office Visit (Code List: 2.16.840.1.113883.3.464.1003.101.12.1001)">
  <originalText><reference value="#encounters-desc-1"/></originalText>
</code>

        <text>
          <reference value="#encounters-desc-1"/>
        </text>
        <effectiveTime value='20100205170000'/>
      </encounter>
    </entry>
    <entry typeCode="DRIV">
      <encounter classCode="ENC" moodCode="EVN">
		    <templateId root="2.16.840.1.113883.10.20.22.4.49"/>
        <!-- Encounter activity template -->
        <id root="042070e0-118f-0130-b9af-3c07547eb597"/>
        <code code="99201" codeSystem="2.16.840.1.113883.6.12" displayName="Encounter, Performed: Office Visit (Code List: 2.16.840.1.113883.3.464.1003.101.12.1001)">
  <originalText><reference value="#encounters-desc-2"/></originalText>
</code>

        <text>
          <reference value="#encounters-desc-2"/>
        </text>
        <effectiveTime value='20100226050000'/>
      </encounter>
    </entry>
    <entry typeCode="DRIV">
      <encounter classCode="ENC" moodCode="EVN">
		    <templateId root="2.16.840.1.113883.10.20.22.4.49"/>
        <!-- Encounter activity template -->
        <id root="04208890-118f-0130-b9af-3c07547eb597"/>
        <code code="99201" codeSystem="2.16.840.1.113883.6.12" displayName="Encounter, Performed: Office Visit (Code List: 2.16.840.1.113883.3.464.1003.101.12.1001)">
  <originalText><reference value="#encounters-desc-3"/></originalText>
</code>

        <text>
          <reference value="#encounters-desc-3"/>
        </text>
        <effectiveTime value='20100430160000'/>
      </encounter>
    </entry>
  </section>
</component>
        <component>
  <!--Vital Signs-->
  <section>
    <templateId root="2.16.840.1.113883.10.20.22.2.4"/>
    <!--Vital Signs section template-->
    <code code="8716-3" codeSystem="2.16.840.1.113883.6.1" codeSystemName="LOINC" displayName="Vital signs"/>
    <title>Vital Signs</title>
    <text>
  <table border="1" width="100%">
    <thead>
      <tr>
        <th>Description</th>
        <th>Codes</th>
        <th>Time</th>
        
          <th>Value</th>
      </tr>
    </thead>
    <tbody>
        <tr>
          <td ID="vitals-desc-0">Laboratory Test, Order: Pap Test (Code List: 2.16.840.1.113883.3.464.1003.108.12.1017)</td>
          <td ID="vitals-code-0">LOINC: 10524-7<br/><i></i></td>
          <td>March 31st, 2010 04:00 - March 31st, 2010 04:00</td>
           
              <td>
	                performed<br/>
              </td>
        </tr>
        <tr>
          <td ID="vitals-desc-1">Laboratory Test, Result: Group A Streptococcus Test (Code List: 2.16.840.1.113883.3.464.1003.198.12.1012)</td>
          <td ID="vitals-code-1">LOINC: 11268-0<br/><i></i></td>
          <td>April 29th, 2010 16:00 - April 29th, 2010 16:00</td>
           
              <td>
	                positive<br/>
              </td>
        </tr>
        <tr>
          <td ID="vitals-desc-2">Laboratory Test, Result: Chlamydia Screening (Code List: 2.16.840.1.113883.3.464.1003.110.12.1052)</td>
          <td ID="vitals-code-2">LOINC: 13217-5<br/><i></i></td>
          <td>April 30th, 2010 16:05 - April 30th, 2010 16:05</td>
           
              <td>
	                  LOINC: 13217-5<br/>
              </td>
        </tr>
    </tbody>
  </table>
</text>
    <entry typeCode="DRIV">
      <organizer classCode="CLUSTER" moodCode="EVN">
        <templateId root="2.16.840.1.113883.10.20.22.4.26"/>
        <!-- Vital signs organizer template -->
        <id root="0420e790-118f-0130-b9af-3c07547eb597"/>
        <code code="46680005" codeSystem="2.16.840.1.113883.6.96" displayName="Vital signs" codeSystemName="SNOMED CT"/>
        <statusCode code="completed"/>
        <effectiveTime value="19991114"/>
        <component>
          <observation classCode="OBS" moodCode="EVN">
            <templateId root="2.16.840.1.113883.10.20.22.4.27"/>
            <!-- Result observation template -->
            <id root="0420e8a0-118f-0130-b9af-3c07547eb597"/>
            <code code="10524-7" codeSystem="2.16.840.1.113883.6.1" ><originalText>Laboratory Test, Order: Pap Test (Code List: 2.16.840.1.113883.3.464.1003.108.12.1017)</originalText></code>
            <text>
              <reference value="vitals-desc-0"/>
            </text>
            <statusCode code="completed"/>
            <effectiveTime value='20100331040000'/>
                <value xsi:type="ST" >performed</value> 
          </observation>
        </component>
        <component>
          <observation classCode="OBS" moodCode="EVN">
            <templateId root="2.16.840.1.113883.10.20.22.4.27"/>
            <!-- Result observation template -->
            <id root="0420f500-118f-0130-b9af-3c07547eb597"/>
            <code code="11268-0" codeSystem="2.16.840.1.113883.6.1" ><originalText>Laboratory Test, Result: Group A Streptococcus Test (Code List: 2.16.840.1.113883.3.464.1003.198.12.1012)</originalText></code>
            <text>
              <reference value="vitals-desc-1"/>
            </text>
            <statusCode code="completed"/>
            <effectiveTime value='20100429160000'/>
                <value xsi:type="ST" >positive</value> 
          </observation>
        </component>
        <component>
          <observation classCode="OBS" moodCode="EVN">
            <templateId root="2.16.840.1.113883.10.20.22.4.27"/>
            <!-- Result observation template -->
            <id root="0420fdb0-118f-0130-b9af-3c07547eb597"/>
            <code code="13217-5" codeSystem="2.16.840.1.113883.6.1" ><originalText>Laboratory Test, Result: Chlamydia Screening (Code List: 2.16.840.1.113883.3.464.1003.110.12.1052)</originalText></code>
            <text>
              <reference value="vitals-desc-2"/>
            </text>
            <statusCode code="completed"/>
            <effectiveTime value='20100430160500'/>
              <value xsi:type="PQ" nullFlavor="UNK"/>
          </observation>
        </component>
      </organizer>
    </entry>
  </section>
</component>
    </structuredBody>
  </component>
</ClinicalDocument>