<?xml version="1.0" encoding="UTF-8"?>
<ClinicalDocument xmlns="urn:hl7-org:v3" xmlns:sdtc="urn:hl7-org:sdtc" xmlns:xsi="http://www.w3.org/2001/XMLSchema-instance" xsi:schemaLocation="urn:hl7-org:v3 http://xreg2.nist.gov:8080/hitspValidation/schema/cdar2c32/infrastructure/cda/C32_CDA.xsd">
  <realmCode code="US"/>
  <typeId root="2.16.840.1.113883.1.3" extension="POCD_HD000040"/>
  <templateId root="2.16.840.1.113883.10.20.22.1.1" />
  <templateId root='2.16.840.1.113883.10.20.22.1.2'/> 
  <id root="2.16.840.1.113883.3.72" extension="503385c1044a1156dd00017c" assigningAuthorityName="NIST Healthcare Project"/>
  <code code="34133-9" displayName="Summarization of episode note" codeSystem="2.16.840.1.113883.6.1" codeSystemName="LOINC"/>
  <title>Cypress C32 Patient Test Record: 11_06_12_Heart_Adult_NUM 0018_0068_0070_0081_0083_0075_HTN_FSAChf</title>
  <effectiveTime value="20121115201442"/>
  <confidentialityCode code="N"/>
  <languageCode code="en-US"/>
  <recordTarget>
    <patientRole>
      <id root="Cypress" extension="503385c1044a1156dd00017c"/>
      <addr use="HP">
        <streetAddressLine>202 Burlington Rd.</streetAddressLine>
        <city>Bedford</city>
        <state>MA</state>
        <postalCode>01730</postalCode>
      </addr>
      <telecom value="tel:+1-781-271-3000"/>
      <patient>
        <name>
          <given>11_06_12_Heart_Adult_NUM</given>
          <family>0018_0068_0070_0081_0083_0075_HTN_FSAChf</family>
        </name>
        <administrativeGenderCode code="M" codeSystem="2.16.840.1.113883.5.1" codeSystemName="HL7 AdministrativeGender"/>
        <birthTime value="19400101083000"/>
          <raceCode code="1002-5" displayName="American Indian or Alaska Native" codeSystemName="CDC Race and Ethnicity" codeSystem="2.16.840.1.113883.6.238"/>
          <ethnicGroupCode code="2186-5" displayName="Not Hispanic or Latino" codeSystemName="CDC Race and Ethnicity" codeSystem="2.16.840.1.113883.6.238"/>
          <languageCommunication>
            <languageCode code="en-US"/>
          </languageCommunication>
      </patient>
    </patientRole>
  </recordTarget>
  <author>
    <time value="20121115201442"/>
    <assignedAuthor>
      <id/>
      <addr/>
      <telecom value="tel:+1-781-271-3000"/>
      <assignedPerson>
        <name>Auto Generated</name>
      </assignedPerson>
    </assignedAuthor>
  </author>
  <custodian>
    <assignedCustodian>
      <representedCustodianOrganization>
        <id/>
        <name>Cypress</name>
        <telecom value="tel:+1-781-271-3000"/>
        <addr>
          <streetAddressLine>202 Burlington Rd.</streetAddressLine>
          <city>Bedford</city>
          <state>MA</state>
          <postalCode>01730</postalCode>
        </addr>
      </representedCustodianOrganization>
    </assignedCustodian>
  </custodian>
  <component>
    <structuredBody>
        <component>
  <!-- Allergies: patient has no allergies -->
  <section>
    <templateId root="2.16.840.1.113883.10.20.22.2.6"/>
    <code code="48765-2" codeSystem="2.16.840.1.113883.6.1" codeSystemName="LOINC" displayName="Allergy List"/>
    <title>Allergies</title>                
    <text>There are no current allergies at the time of this document's creation.</text>
    <entry typeCode="DRIV">
      <act classCode="ACT" moodCode="EVN">
        <templateId root="2.16.840.1.113883.10.20.22.4.30"/>
        <id root="03f7b0e0-118f-0130-b9af-3c07547eb597"/>
        <code nullFlavor="NA"/>
        <statusCode code="active"/>
        <effectiveTime>
          <low nullFlavor="NA"/>
        </effectiveTime>					
        <entryRelationship typeCode="SUBJ" inversionInd="false">
          <observation classCode="OBS" moodCode="EVN" negationInd="true">
            <templateId root="2.16.840.1.113883.10.20.22.4.7"/>
            <id root="03f7b200-118f-0130-b9af-3c07547eb597"/>
            <code code="ASSERTION" codeSystem="2.16.840.1.113883.5.4"/>
            <effectiveTime>
              <low nullFlavor="UNK"/>
            </effectiveTime>
            <statusCode code="completed"/>
            <value xsi:type="CD" code="419199007"
              codeSystem="2.16.840.1.113883.6.96" displayName="Allergy to Substance"/>
          </observation>
        </entryRelationship>
      </act>
    </entry>
  </section>
</component>
        <component>
  <!--Medications-->
  <section>
	<templateId root="2.16.840.1.113883.10.20.22.2.1" />
    <code code="10160-0" displayName="History of medication use" codeSystem="2.16.840.1.113883.6.1" codeSystemName="LOINC"/>
    <title>Medications</title>
    <text>
  <table border="1" width="100%">
    <thead>
      <tr>
        <th>Description</th>
        <th>Codes</th>
        <th>Time</th>
        
      </tr>
    </thead>
    <tbody>
        <tr>
          <td ID="medications-desc-0">Medication, Order: Beta Blocker Therapy for LVSD (Code List: 2.16.840.1.113883.3.526.3.1184)</td>
          <td ID="medications-code-0">RxNorm: 200031<br/><i></i></td>
          <td>March 1st, 2010 17:05 - March 1st, 2010 17:05</td>
           
        </tr>
        <tr>
          <td ID="medications-desc-1">Medication, Order: ACE inhibitor or ARB (Code List: 2.16.840.1.113883.3.526.3.1139)</td>
          <td ID="medications-code-1">RxNorm: 104370<br/><i></i></td>
          <td>March 1st, 2010 17:05 - March 1st, 2010 17:05</td>
           
        </tr>
        <tr>
          <td ID="medications-desc-2">Medication, Active: Aspirin and Other Anti-thrombotics (Code List: 2.16.840.1.113883.3.464.1003.196.12.1211)</td>
          <td ID="medications-code-2">RxNorm: 197374<br/><i></i></td>
          <td>March 1st, 2010 17:05 - March 1st, 2010 17:05</td>
           
        </tr>
    </tbody>
  </table>
</text>
    <entry>
      <!--CCD Medication activity - Required-->
      <substanceAdministration classCode="SBADM" moodCode="EVN">
        <templateId root='2.16.840.1.113883.10.20.22.4.16'/>
        <id root="03f7ec70-118f-0130-b9af-3c07547eb597"/>
        <statusCode code="completed"/>
        <effectiveTime xsi:type="IVL_TS">
          <low value='20100301170500'/>
          <high nullFlavor="UNK"/>
        </effectiveTime>
        <consumable>
          <!--CCD Product - Required-->
          <manufacturedProduct classCode="MANU">
			    <templateId root='2.16.840.1.113883.10.20.22.4.23'/>
            <manufacturedMaterial>
              <code code="200031" codeSystem="2.16.840.1.113883.6.88" displayName="Medication, Order: Beta Blocker Therapy for LVSD (Code List: 2.16.840.1.113883.3.526.3.1184)">
  <originalText><reference value="#medications-desc-0"/></originalText>
</code>

              <name>Medication, Order: Beta Blocker Therapy for LVSD (Code List: 2.16.840.1.113883.3.526.3.1184)</name>
            </manufacturedMaterial>
          </manufacturedProduct>
        </consumable>
      </substanceAdministration>
    </entry>
    <entry>
      <!--CCD Medication activity - Required-->
      <substanceAdministration classCode="SBADM" moodCode="EVN">
        <templateId root='2.16.840.1.113883.10.20.22.4.16'/>
        <id root="03f804f0-118f-0130-b9af-3c07547eb597"/>
        <statusCode code="completed"/>
        <effectiveTime xsi:type="IVL_TS">
          <low value='20100301170500'/>
          <high nullFlavor="UNK"/>
        </effectiveTime>
        <consumable>
          <!--CCD Product - Required-->
          <manufacturedProduct classCode="MANU">
			    <templateId root='2.16.840.1.113883.10.20.22.4.23'/>
            <manufacturedMaterial>
              <code code="104370" codeSystem="2.16.840.1.113883.6.88" displayName="Medication, Order: ACE inhibitor or ARB (Code List: 2.16.840.1.113883.3.526.3.1139)">
  <originalText><reference value="#medications-desc-1"/></originalText>
</code>

              <name>Medication, Order: ACE inhibitor or ARB (Code List: 2.16.840.1.113883.3.526.3.1139)</name>
            </manufacturedMaterial>
          </manufacturedProduct>
        </consumable>
      </substanceAdministration>
    </entry>
    <entry>
      <!--CCD Medication activity - Required-->
      <substanceAdministration classCode="SBADM" moodCode="EVN">
        <templateId root='2.16.840.1.113883.10.20.22.4.16'/>
        <id root="03f81d40-118f-0130-b9af-3c07547eb597"/>
        <statusCode code="completed"/>
        <effectiveTime xsi:type="IVL_TS">
          <low value='20100301170500'/>
          <high nullFlavor="UNK"/>
        </effectiveTime>
        <consumable>
          <!--CCD Product - Required-->
          <manufacturedProduct classCode="MANU">
			    <templateId root='2.16.840.1.113883.10.20.22.4.23'/>
            <manufacturedMaterial>
              <code code="197374" codeSystem="2.16.840.1.113883.6.88" displayName="Medication, Active: Aspirin and Other Anti-thrombotics (Code List: 2.16.840.1.113883.3.464.1003.196.12.1211)">
  <originalText><reference value="#medications-desc-2"/></originalText>
</code>

              <name>Medication, Active: Aspirin and Other Anti-thrombotics (Code List: 2.16.840.1.113883.3.464.1003.196.12.1211)</name>
            </manufacturedMaterial>
          </manufacturedProduct>
        </consumable>
      </substanceAdministration>
    </entry>
  </section>
</component>
        <component>
  <!--Diagnostic Results-->
  <section>
    <templateId root="2.16.840.1.113883.10.20.22.2.3.1"/>
    <!--Diagnostic Results section template-->
    <code code="30954-2" codeSystem="2.16.840.1.113883.6.1" codeSystemName="LOINC" displayName="Results"/>
    <title>Diagnostic Results</title>
    <text>
  <table border="1" width="100%">
    <thead>
      <tr>
        <th>Description</th>
        <th>Codes</th>
        <th>Time</th>
        
          <th>Value</th>
      </tr>
    </thead>
    <tbody>
        <tr>
          <td ID="results-desc-0">Functional Status, Result: Functional Status Assessment for Heart Failure (Code List: 2.16.840.1.113883.3.464.1003.118.12.1031)</td>
          <td ID="results-code-0">LOINC: 71938-5<br/><i></i></td>
          <td>February 26th, 2010 05:00 - February 26th, 2010 05:00</td>
           
              <td>
              </td>
        </tr>
        <tr>
          <td ID="results-desc-1">Physical Exam, Finding: Systolic Blood Pressure (Code List: 2.16.840.1.113883.3.526.3.1032)</td>
          <td ID="results-code-1">LOINC: 8480-6<br/><i></i></td>
          <td>March 1st, 2010 17:05 - March 1st, 2010 17:05</td>
           
              <td>
	                150<br/>
              </td>
        </tr>
        <tr>
          <td ID="results-desc-2">Functional Status, Result: Functional Status Assessment for Heart Failure (Code List: 2.16.840.1.113883.3.464.1003.118.12.1031)</td>
          <td ID="results-code-2">LOINC: 71938-5<br/><i></i></td>
          <td>June 30th, 2010 04:00 - June 30th, 2010 04:00</td>
           
              <td>
              </td>
        </tr>
        <tr>
          <td ID="results-desc-3">Physical Exam, Finding: Diastolic Blood Pressure (Code List: 2.16.840.1.113883.3.526.3.1033)</td>
          <td ID="results-code-3">LOINC: 8462-4<br/><i></i></td>
          <td>November 1st, 2010 04:00 - November 1st, 2010 04:00</td>
           
              <td>
	                60<br/>
              </td>
        </tr>
        <tr>
          <td ID="results-desc-4">Physical Exam, Finding: Systolic Blood Pressure (Code List: 2.16.840.1.113883.3.526.3.1032)</td>
          <td ID="results-code-4">LOINC: 8480-6<br/><i></i></td>
          <td>November 1st, 2010 04:00 - November 1st, 2010 04:00</td>
           
              <td>
	                130<br/>
              </td>
        </tr>
    </tbody>
  </table>
</text>
    <entry typeCode="DRIV">
      <organizer classCode="BATTERY" moodCode="EVN">
        <templateId root="2.16.840.1.113883.10.20.22.4.1"/>
        <!--Result organizer template -->
        <id root="03f885e0-118f-0130-b9af-3c07547eb597"/>
        <code nullFlavor="NA"/>
        <statusCode code="completed"/>
        <effectiveTime value="20121115201442"/>
          <component>
           <observation classCode="OBS" moodCode="EVN">
            <templateId root="2.16.840.1.113883.10.20.22.4.2"/>
              <id root="03f88790-118f-0130-b9af-3c07547eb597"/>
              <code nullFlavor="UNK">
                <originalText><reference value="Unknown"/></originalText>
              </code>
              <text>
                <reference value="Unknown"/>
              </text>
              <statusCode code="completed"/>
              <effectiveTime nullFlavor="UNK"/>
            </observation>
          </component>
        <component>
          <observation classCode="OBS" moodCode="EVN">
            <templateId root="2.16.840.1.113883.10.20.22.4.2"/>
            <!-- Result observation template -->
            <id root="03f88880-118f-0130-b9af-3c07547eb597"/>
            <code code="71938-5" codeSystem="2.16.840.1.113883.6.1" ><originalText>Functional Status, Result: Functional Status Assessment for Heart Failure (Code List: 2.16.840.1.113883.3.464.1003.118.12.1031)</originalText></code>
            <text>
              <reference value="#results-desc-0"/>
            </text>
            <statusCode code="completed"/>
            <effectiveTime value='20100226050000'/>
              <value xsi:type="PQ" nullFlavor="UNK"/>
          </observation>
        </component>
        <component>
          <observation classCode="OBS" moodCode="EVN">
            <templateId root="2.16.840.1.113883.10.20.22.4.2"/>
            <!-- Result observation template -->
            <id root="03f89cb0-118f-0130-b9af-3c07547eb597"/>
            <code code="8480-6" codeSystem="2.16.840.1.113883.6.1" ><originalText>Physical Exam, Finding: Systolic Blood Pressure (Code List: 2.16.840.1.113883.3.526.3.1032)</originalText></code>
            <text>
              <reference value="#results-desc-1"/>
            </text>
            <statusCode code="completed"/>
            <effectiveTime value='20100301170500'/>
                <value xsi:type="PQ" value="150" unit="mmHg"/>
          </observation>
        </component>
        <component>
          <observation classCode="OBS" moodCode="EVN">
            <templateId root="2.16.840.1.113883.10.20.22.4.2"/>
            <!-- Result observation template -->
            <id root="03f8a3d0-118f-0130-b9af-3c07547eb597"/>
            <code code="71938-5" codeSystem="2.16.840.1.113883.6.1" ><originalText>Functional Status, Result: Functional Status Assessment for Heart Failure (Code List: 2.16.840.1.113883.3.464.1003.118.12.1031)</originalText></code>
            <text>
              <reference value="#results-desc-2"/>
            </text>
            <statusCode code="completed"/>
            <effectiveTime value='20100630040000'/>
              <value xsi:type="PQ" nullFlavor="UNK"/>
          </observation>
        </component>
        <component>
          <observation classCode="OBS" moodCode="EVN">
            <templateId root="2.16.840.1.113883.10.20.22.4.2"/>
            <!-- Result observation template -->
            <id root="03f8a8e0-118f-0130-b9af-3c07547eb597"/>
            <code code="8462-4" codeSystem="2.16.840.1.113883.6.1" ><originalText>Physical Exam, Finding: Diastolic Blood Pressure (Code List: 2.16.840.1.113883.3.526.3.1033)</originalText></code>
            <text>
              <reference value="#results-desc-3"/>
            </text>
            <statusCode code="completed"/>
            <effectiveTime value='20101101040000'/>
                <value xsi:type="PQ" value="60" unit=""/>
          </observation>
        </component>
        <component>
          <observation classCode="OBS" moodCode="EVN">
            <templateId root="2.16.840.1.113883.10.20.22.4.2"/>
            <!-- Result observation template -->
            <id root="03f8af10-118f-0130-b9af-3c07547eb597"/>
            <code code="8480-6" codeSystem="2.16.840.1.113883.6.1" ><originalText>Physical Exam, Finding: Systolic Blood Pressure (Code List: 2.16.840.1.113883.3.526.3.1032)</originalText></code>
            <text>
              <reference value="#results-desc-4"/>
            </text>
            <statusCode code="completed"/>
            <effectiveTime value='20101101040000'/>
                <value xsi:type="PQ" value="130" unit="mmHg"/>
          </observation>
        </component>
      </organizer>
    </entry>
  </section>
</component>
        <component>
  <!--Problems-->
  <section>
    <templateId root="2.16.840.1.113883.10.20.22.2.5.1"/>
    <!--Problems section template-->
    <code code="11450-4" codeSystem="2.16.840.1.113883.6.1" codeSystemName="LOINC" displayName="Problem list"/>
    <title>Problems</title>
    <text>
  <table border="1" width="100%">
    <thead>
      <tr>
        <th>Description</th>
        <th>Codes</th>
        <th>Time</th>
          <th>Status</th>
        
      </tr>
    </thead>
    <tbody>
        <tr>
          <td ID="conditions-desc-0">Diagnosis, Active: Moderate or Severe LVSD (Code List: 2.16.840.1.113883.3.526.3.1090)</td>
          <td ID="conditions-code-0">SNOMED-CT: 981000124106<br/><i></i></td>
          <td>March 1st, 2010 17:05 - March 1st, 2010 17:05</td>
            <td>active</td>
           
        </tr>
        <tr>
          <td ID="conditions-desc-1">Diagnosis, Active: Heart Failure (Code List: 2.16.840.1.113883.3.526.3.376)</td>
          <td ID="conditions-code-1">ICD-9-CM: 402.01 ICD-10-CM: I11.0 SNOMED-CT: 364006<br/><i></i></td>
          <td>March 1st, 2010 17:05 - March 1st, 2010 17:05</td>
            <td>active</td>
           
        </tr>
        <tr>
          <td ID="conditions-desc-2">Diagnosis, Active: Ischemic Vascular Disease (Code List: 2.16.840.1.113883.3.464.1003.104.12.1003)</td>
          <td ID="conditions-code-2">ICD-9-CM: 411.0 ICD-10-CM: I20.0 SNOMED-CT: 1055001<br/><i></i></td>
          <td>March 1st, 2010 17:05 - UNK</td>
            <td>active</td>
           
        </tr>
        <tr>
          <td ID="conditions-desc-3">Diagnosis, Active: Coronary Artery Disease No MI (Code List: 2.16.840.1.113883.3.526.3.369)</td>
          <td ID="conditions-code-3">ICD-9-CM: 411.0 ICD-10-CM: I20.0 SNOMED-CT: 4557003<br/><i></i></td>
          <td>March 1st, 2010 17:05 - UNK</td>
            <td>active</td>
           
        </tr>
        <tr>
          <td ID="conditions-desc-4">Diagnosis, Active: Hypertension (Code List: 2.16.840.1.113883.3.464.1003.104.12.1016)</td>
          <td ID="conditions-code-4">SNOMED-CT: 193003 ICD-9-CM: 401.0 ICD-10-CM: I10<br/><i></i></td>
          <td>March 1st, 2010 17:30 - UNK</td>
            <td>active</td>
           
        </tr>
    </tbody>
  </table>
</text>
    <entry typeCode="DRIV">
      <act classCode="ACT" moodCode="EVN">
        <templateId root="2.16.840.1.113883.10.20.22.4.3"/>
        <!-- Problem act template -->
        <id root="03f8fec0-118f-0130-b9af-3c07547eb597"/>
        <code nullFlavor="NA"/>
        <statusCode code="active"/>
        <effectiveTime>
          <low value='20100301170500'/>
        </effectiveTime>
        <entryRelationship typeCode="SUBJ" inversionInd="false">
          <observation classCode="OBS" moodCode="EVN">
            <templateId root="2.16.840.1.113883.10.20.22.4.4"/>
            
            <!--Problem observation template - NOT episode template-->
            <id root="03f90160-118f-0130-b9af-3c07547eb597"/>
            <code code="64572001" displayName="Condition" codeSystem="2.16.840.1.113883.6.96" codeSystemName="SNOMED-CT"/>
            <text>
              <reference value="#conditions-desc-0"/>
            </text>
            <statusCode code="completed"/>
            <effectiveTime>
              <low value='20100301170500'/>
            </effectiveTime>
            <value code="981000124106" codeSystem="2.16.840.1.113883.6.96" xsi:type="CD"><originalText>Diagnosis, Active: Moderate or Severe LVSD (Code List: 2.16.840.1.113883.3.526.3.1090)</originalText></value>
            <entryRelationship typeCode="REFR">
              <observation classCode="OBS" moodCode="EVN">
                <templateId root="2.16.840.1.113883.10.20.22.4.6"/>
                <!-- Problem status observation template -->
                <code code="33999-4" codeSystem="2.16.840.1.113883.6.1" displayName="Status"/>
                <statusCode code="completed"/>
                <value xsi:type="CE" code="55561003" codeSystem="2.16.840.1.113883.6.96"/>
              </observation>
            </entryRelationship>
          </observation>
        </entryRelationship>
      </act>
    </entry>
    <entry typeCode="DRIV">
      <act classCode="ACT" moodCode="EVN">
        <templateId root="2.16.840.1.113883.10.20.22.4.3"/>
        <!-- Problem act template -->
        <id root="03f907e0-118f-0130-b9af-3c07547eb597"/>
        <code nullFlavor="NA"/>
        <statusCode code="active"/>
        <effectiveTime>
          <low value='20100301170500'/>
        </effectiveTime>
        <entryRelationship typeCode="SUBJ" inversionInd="false">
          <observation classCode="OBS" moodCode="EVN">
            <templateId root="2.16.840.1.113883.10.20.22.4.4"/>
            
            <!--Problem observation template - NOT episode template-->
            <id root="03f90a00-118f-0130-b9af-3c07547eb597"/>
            <code code="64572001" displayName="Condition" codeSystem="2.16.840.1.113883.6.96" codeSystemName="SNOMED-CT"/>
            <text>
              <reference value="#conditions-desc-1"/>
            </text>
            <statusCode code="completed"/>
            <effectiveTime>
              <low value='20100301170500'/>
            </effectiveTime>
            <value code="364006" codeSystem="2.16.840.1.113883.6.96" xsi:type="CD"><originalText>Diagnosis, Active: Heart Failure (Code List: 2.16.840.1.113883.3.526.3.376)</originalText><translation code="402.01" codeSystem="2.16.840.1.113883.6.104"/>
<translation code="I11.0" codeSystem="2.16.840.1.113883.6.90"/>
</value>
            <entryRelationship typeCode="REFR">
              <observation classCode="OBS" moodCode="EVN">
                <templateId root="2.16.840.1.113883.10.20.22.4.6"/>
                <!-- Problem status observation template -->
                <code code="33999-4" codeSystem="2.16.840.1.113883.6.1" displayName="Status"/>
                <statusCode code="completed"/>
                <value xsi:type="CE" code="55561003" codeSystem="2.16.840.1.113883.6.96"/>
              </observation>
            </entryRelationship>
          </observation>
        </entryRelationship>
      </act>
    </entry>
    <entry typeCode="DRIV">
      <act classCode="ACT" moodCode="EVN">
        <templateId root="2.16.840.1.113883.10.20.22.4.3"/>
        <!-- Problem act template -->
        <id root="03f91050-118f-0130-b9af-3c07547eb597"/>
        <code nullFlavor="NA"/>
        <statusCode code="active"/>
        <effectiveTime>
          <low value='20100301170500'/>
        </effectiveTime>
        <entryRelationship typeCode="SUBJ" inversionInd="false">
          <observation classCode="OBS" moodCode="EVN">
            <templateId root="2.16.840.1.113883.10.20.22.4.4"/>
            
            <!--Problem observation template - NOT episode template-->
            <id root="03f91270-118f-0130-b9af-3c07547eb597"/>
            <code code="64572001" displayName="Condition" codeSystem="2.16.840.1.113883.6.96" codeSystemName="SNOMED-CT"/>
            <text>
              <reference value="#conditions-desc-2"/>
            </text>
            <statusCode code="completed"/>
            <effectiveTime>
              <low value='20100301170500'/>
            </effectiveTime>
            <value code="1055001" codeSystem="2.16.840.1.113883.6.96" xsi:type="CD"><originalText>Diagnosis, Active: Ischemic Vascular Disease (Code List: 2.16.840.1.113883.3.464.1003.104.12.1003)</originalText><translation code="411.0" codeSystem="2.16.840.1.113883.6.104"/>
<translation code="I20.0" codeSystem="2.16.840.1.113883.6.90"/>
</value>
            <entryRelationship typeCode="REFR">
              <observation classCode="OBS" moodCode="EVN">
                <templateId root="2.16.840.1.113883.10.20.22.4.6"/>
                <!-- Problem status observation template -->
                <code code="33999-4" codeSystem="2.16.840.1.113883.6.1" displayName="Status"/>
                <statusCode code="completed"/>
                <value xsi:type="CE" code="55561003" codeSystem="2.16.840.1.113883.6.96"/>
              </observation>
            </entryRelationship>
          </observation>
        </entryRelationship>
      </act>
    </entry>
    <entry typeCode="DRIV">
      <act classCode="ACT" moodCode="EVN">
        <templateId root="2.16.840.1.113883.10.20.22.4.3"/>
        <!-- Problem act template -->
        <id root="03f918e0-118f-0130-b9af-3c07547eb597"/>
        <code nullFlavor="NA"/>
        <statusCode code="active"/>
        <effectiveTime>
          <low value='20100301170500'/>
        </effectiveTime>
        <entryRelationship typeCode="SUBJ" inversionInd="false">
          <observation classCode="OBS" moodCode="EVN">
            <templateId root="2.16.840.1.113883.10.20.22.4.4"/>
            
            <!--Problem observation template - NOT episode template-->
            <id root="03f91af0-118f-0130-b9af-3c07547eb597"/>
            <code code="64572001" displayName="Condition" codeSystem="2.16.840.1.113883.6.96" codeSystemName="SNOMED-CT"/>
            <text>
              <reference value="#conditions-desc-3"/>
            </text>
            <statusCode code="completed"/>
            <effectiveTime>
              <low value='20100301170500'/>
            </effectiveTime>
            <value code="4557003" codeSystem="2.16.840.1.113883.6.96" xsi:type="CD"><originalText>Diagnosis, Active: Coronary Artery Disease No MI (Code List: 2.16.840.1.113883.3.526.3.369)</originalText><translation code="411.0" codeSystem="2.16.840.1.113883.6.104"/>
<translation code="I20.0" codeSystem="2.16.840.1.113883.6.90"/>
</value>
            <entryRelationship typeCode="REFR">
              <observation classCode="OBS" moodCode="EVN">
                <templateId root="2.16.840.1.113883.10.20.22.4.6"/>
                <!-- Problem status observation template -->
                <code code="33999-4" codeSystem="2.16.840.1.113883.6.1" displayName="Status"/>
                <statusCode code="completed"/>
                <value xsi:type="CE" code="55561003" codeSystem="2.16.840.1.113883.6.96"/>
              </observation>
            </entryRelationship>
          </observation>
        </entryRelationship>
      </act>
    </entry>
    <entry typeCode="DRIV">
      <act classCode="ACT" moodCode="EVN">
        <templateId root="2.16.840.1.113883.10.20.22.4.3"/>
        <!-- Problem act template -->
        <id root="03f92130-118f-0130-b9af-3c07547eb597"/>
        <code nullFlavor="NA"/>
        <statusCode code="active"/>
        <effectiveTime>
          <low value='20100301173000'/>
        </effectiveTime>
        <entryRelationship typeCode="SUBJ" inversionInd="false">
          <observation classCode="OBS" moodCode="EVN">
            <templateId root="2.16.840.1.113883.10.20.22.4.4"/>
            
            <!--Problem observation template - NOT episode template-->
            <id root="03f92330-118f-0130-b9af-3c07547eb597"/>
            <code code="64572001" displayName="Condition" codeSystem="2.16.840.1.113883.6.96" codeSystemName="SNOMED-CT"/>
            <text>
              <reference value="#conditions-desc-4"/>
            </text>
            <statusCode code="completed"/>
            <effectiveTime>
              <low value='20100301173000'/>
            </effectiveTime>
            <value code="193003" codeSystem="2.16.840.1.113883.6.96" xsi:type="CD"><originalText>Diagnosis, Active: Hypertension (Code List: 2.16.840.1.113883.3.464.1003.104.12.1016)</originalText><translation code="401.0" codeSystem="2.16.840.1.113883.6.104"/>
<translation code="I10" codeSystem="2.16.840.1.113883.6.90"/>
</value>
            <entryRelationship typeCode="REFR">
              <observation classCode="OBS" moodCode="EVN">
                <templateId root="2.16.840.1.113883.10.20.22.4.6"/>
                <!-- Problem status observation template -->
                <code code="33999-4" codeSystem="2.16.840.1.113883.6.1" displayName="Status"/>
                <statusCode code="completed"/>
                <value xsi:type="CE" code="55561003" codeSystem="2.16.840.1.113883.6.96"/>
              </observation>
            </entryRelationship>
          </observation>
        </entryRelationship>
      </act>
    </entry>
  </section>
</component>

        <component>
  <!-- Procedures: patient has no procedures -->
  <section>
    <templateId root="2.16.840.1.113883.10.20.22.2.7"/>
    <code code="47519-4" codeSystem="2.16.840.1.113883.6.1" codeSystemName="LOINC" displayName="Procedures"/>
    <title>Procedures</title>
    <text>There are no current procedures at the time of this document's creation.</text>
    <entry typeCode="DRIV">
      <procedure classCode="PROC" moodCode="EVN" negationInd="true">
        <templateId root="2.16.840.1.113883.10.20.22.4.14"/>
        <id root="03f93260-118f-0130-b9af-3c07547eb597"/>
          <code code="ASSERTION" codeSystem="2.16.840.1.113883.5.4"/>
          <effectiveTime>
            <low nullFlavor="UNK"/>
          </effectiveTime>
          <statusCode code="completed"/>
      </procedure>
    </entry>
  </section>
</component>
        <component>
  <!--Encounters-->
  <section>
    <templateId root="2.16.840.1.113883.10.20.22.2.22" /> <!-- CCDA Template id -->
    <!--Encounters section template-->
    <code code="46240-8" codeSystem="2.16.840.1.113883.6.1" codeSystemName="LOINC" displayName="History of encounters"/>
    <title>Encounters</title>
    <text>
  <table border="1" width="100%">
    <thead>
      <tr>
        <th>Description</th>
        <th>Codes</th>
        <th>Time</th>
        
      </tr>
    </thead>
    <tbody>
        <tr>
          <td ID="encounters-desc-0">Encounter, Performed: Office Visit (Code List: 2.16.840.1.113883.3.464.1003.101.12.1001)</td>
          <td ID="encounters-code-0">CPT: 99201<br/><i></i></td>
          <td>March 1st, 2010 17:05 - March 1st, 2010 18:05</td>
           
        </tr>
        <tr>
          <td ID="encounters-desc-1">Encounter, Performed: Blood Pressure Visit (Code List: 2.16.840.1.113883.3.464.1003.101.12.1056)</td>
          <td ID="encounters-code-1">CPT: 99395 SNOMED-CT: 4525004<br/><i></i></td>
          <td>March 1st, 2010 17:05 - March 1st, 2010 18:05</td>
           
        </tr>
        <tr>
          <td ID="encounters-desc-2">Encounter, Performed: Office Visit (Code List: 2.16.840.1.113883.3.464.1003.101.12.1001)</td>
          <td ID="encounters-code-2">CPT: 99201<br/><i></i></td>
          <td>July 1st, 2010 04:00 - July 1st, 2010 04:00</td>
           
        </tr>
        <tr>
          <td ID="encounters-desc-3">Encounter, Performed: Blood Pressure Visit (Code List: 2.16.840.1.113883.3.464.1003.101.12.1056)</td>
          <td ID="encounters-code-3">CPT: 99395 SNOMED-CT: 4525004<br/><i></i></td>
          <td>November 1st, 2010 04:00 - November 1st, 2010 04:00</td>
           
        </tr>
    </tbody>
  </table>
</text>
    <entry typeCode="DRIV">
      <encounter classCode="ENC" moodCode="EVN">
		    <templateId root="2.16.840.1.113883.10.20.22.4.49"/>
        <!-- Encounter activity template -->
        <id root="03f97150-118f-0130-b9af-3c07547eb597"/>
        <code code="99201" codeSystem="2.16.840.1.113883.6.12" displayName="Encounter, Performed: Office Visit (Code List: 2.16.840.1.113883.3.464.1003.101.12.1001)">
  <originalText><reference value="#encounters-desc-0"/></originalText>
</code>

        <text>
          <reference value="#encounters-desc-0"/>
        </text>
        <effectiveTime value='20100301170500'/>
      </encounter>
    </entry>
    <entry typeCode="DRIV">
      <encounter classCode="ENC" moodCode="EVN">
		    <templateId root="2.16.840.1.113883.10.20.22.4.49"/>
        <!-- Encounter activity template -->
        <id root="03f98c30-118f-0130-b9af-3c07547eb597"/>
        <code code="99395" codeSystem="2.16.840.1.113883.6.12" displayName="Encounter, Performed: Blood Pressure Visit (Code List: 2.16.840.1.113883.3.464.1003.101.12.1056)">
  <originalText><reference value="#encounters-desc-1"/></originalText>
  <translation code="4525004" codeSystem="2.16.840.1.113883.6.96" />
</code>

        <text>
          <reference value="#encounters-desc-1"/>
        </text>
        <effectiveTime value='20100301170500'/>
      </encounter>
    </entry>
    <entry typeCode="DRIV">
      <encounter classCode="ENC" moodCode="EVN">
		    <templateId root="2.16.840.1.113883.10.20.22.4.49"/>
        <!-- Encounter activity template -->
        <id root="03f9a560-118f-0130-b9af-3c07547eb597"/>
        <code code="99201" codeSystem="2.16.840.1.113883.6.12" displayName="Encounter, Performed: Office Visit (Code List: 2.16.840.1.113883.3.464.1003.101.12.1001)">
  <originalText><reference value="#encounters-desc-2"/></originalText>
</code>

        <text>
          <reference value="#encounters-desc-2"/>
        </text>
        <effectiveTime value='20100701040000'/>
      </encounter>
    </entry>
    <entry typeCode="DRIV">
      <encounter classCode="ENC" moodCode="EVN">
		    <templateId root="2.16.840.1.113883.10.20.22.4.49"/>
        <!-- Encounter activity template -->
        <id root="03f9bd70-118f-0130-b9af-3c07547eb597"/>
        <code code="99395" codeSystem="2.16.840.1.113883.6.12" displayName="Encounter, Performed: Blood Pressure Visit (Code List: 2.16.840.1.113883.3.464.1003.101.12.1056)">
  <originalText><reference value="#encounters-desc-3"/></originalText>
  <translation code="4525004" codeSystem="2.16.840.1.113883.6.96" />
</code>

        <text>
          <reference value="#encounters-desc-3"/>
        </text>
        <effectiveTime value='20101101040000'/>
      </encounter>
    </entry>
  </section>
</component>
        <component>
  <!--Vital Signs-->
  <section>
    <templateId root="2.16.840.1.113883.10.20.22.2.4"/>
    <!--Vital Signs section template-->
    <code code="8716-3" codeSystem="2.16.840.1.113883.6.1" codeSystemName="LOINC" displayName="Vital signs"/>
    <title>Vital Signs</title>
    <text>
  <table border="1" width="100%">
    <thead>
      <tr>
        <th>Description</th>
        <th>Codes</th>
        <th>Time</th>
        
          <th>Value</th>
      </tr>
    </thead>
    <tbody>
        <tr>
          <td ID="vitals-desc-0">Laboratory Test, Result: Complete Lipid Panel (Code List: 2.16.840.1.113883.3.464.1003.104.12.1015)</td>
          <td ID="vitals-code-0">LOINC: 24331-1<br/><i></i></td>
          <td>March 1st, 2010 17:05 - March 1st, 2010 17:05</td>
           
              <td>
	                performed<br/>
              </td>
        </tr>
        <tr>
          <td ID="vitals-desc-1">Laboratory Test, Performed: LDL Test (Code List: 2.16.840.1.113883.3.464.1003.198.12.1016)</td>
          <td ID="vitals-code-1">LOINC: 12773-8<br/><i></i></td>
          <td>March 1st, 2010 17:05 - March 1st, 2010 17:05</td>
           
              <td>
	                80<br/>
              </td>
        </tr>
    </tbody>
  </table>
</text>
    <entry typeCode="DRIV">
      <organizer classCode="CLUSTER" moodCode="EVN">
        <templateId root="2.16.840.1.113883.10.20.22.4.26"/>
        <!-- Vital signs organizer template -->
        <id root="03fa1b30-118f-0130-b9af-3c07547eb597"/>
        <code code="46680005" codeSystem="2.16.840.1.113883.6.96" displayName="Vital signs" codeSystemName="SNOMED CT"/>
        <statusCode code="completed"/>
        <effectiveTime value="19991114"/>
        <component>
          <observation classCode="OBS" moodCode="EVN">
            <templateId root="2.16.840.1.113883.10.20.22.4.27"/>
            <!-- Result observation template -->
            <id root="03fa1c40-118f-0130-b9af-3c07547eb597"/>
            <code code="24331-1" codeSystem="2.16.840.1.113883.6.1" ><originalText>Laboratory Test, Result: Complete Lipid Panel (Code List: 2.16.840.1.113883.3.464.1003.104.12.1015)</originalText></code>
            <text>
              <reference value="vitals-desc-0"/>
            </text>
            <statusCode code="completed"/>
            <effectiveTime value='20100301170500'/>
                <value xsi:type="ST" >performed</value> 
          </observation>
        </component>
        <component>
          <observation classCode="OBS" moodCode="EVN">
            <templateId root="2.16.840.1.113883.10.20.22.4.27"/>
            <!-- Result observation template -->
            <id root="03fa2930-118f-0130-b9af-3c07547eb597"/>
            <code code="12773-8" codeSystem="2.16.840.1.113883.6.1" ><originalText>Laboratory Test, Performed: LDL Test (Code List: 2.16.840.1.113883.3.464.1003.198.12.1016)</originalText></code>
            <text>
              <reference value="vitals-desc-1"/>
            </text>
            <statusCode code="completed"/>
            <effectiveTime value='20100301170500'/>
                <value xsi:type="PQ" value="80" unit="mg/dL"/>
          </observation>
        </component>
      </organizer>
    </entry>
  </section>
</component>
    </structuredBody>
  </component>
</ClinicalDocument>