<?xml version="1.0" encoding="utf-8"?>
<QualityMeasureDocument xmlns="urn:hl7-org:v3" xmlns:xsi="http://www.w3.org/2001/XMLSchema-instance">
  <id root="2.16.840.1.113883.3.100.1" extension="" />
  <code code="57024-2" codeSystem="2.16.840.1.113883.6.1"/>
  <title value="Stroke Education"/>
  <text value="Ischemic or hemorrhagic stroke patients or their caregivers who were given educational materials during the hospital stay addressing all of the following: activation of emergency medical system, need for follow-up after discharge, medications prescribed at discharge, risk factors for stroke, and warning signs and symptoms of stroke."/>
  <statusCode code="completed" />
  <setId root="2.16.840.1.113883.3.100.1" extension="" />
  <versionNumber value=""/>
  <author typeCode="AUT" contextControlCode="OP">
    <responsibleParty classCode="ASSIGNED" />
  </author>
  <custodian typeCode="CST">
    <responsibleParty classCode="ASSIGNED" />
  </custodian>
  <controlVariable>
    <measurePeriod>
      <code code="MSRTP" codeSystem="2.16.840.1.113883.3.560">
        <displayName value="Measurement period"/>
      </code>
      <value>
        <low value="20100101" />
        <high value="20110101" />
      </value>
    </measurePeriod>
  </controlVariable>
  	<subjectOf>
		<measureAttribute>
			<id root="2.16.840.1.113883.3.100.1" extension="COPYRIGHT"/>
			<code code="COPY">
				<displayName value="Copyright"/>
			</code>
			<value xsi:type="ED" value="Measure specifications are in the Public Domain

LOINC(R) is a registered trademark of the Regenstrief Institute.

This material contains SNOMED Clinical Terms (R) (SNOMED CT(c) ) copyright 2004-–2010 International Health Terminology Standards Development Organization. All rights reserved."/>
		</measureAttribute>
	</subjectOf>

  	<subjectOf>
		<measureAttribute>
			<id root="2.16.840.1.113883.3.100.1" extension="MEASURE_SCORING"/>
			<code code="MSRSCORE">
				<displayName value="Measure Scoring"/>
			</code>
		</measureAttribute>
	</subjectOf>

  	<subjectOf>
		<measureAttribute>
			<id root="2.16.840.1.113883.3.100.1" extension="MEASURE_TYPE"/>
			<code code="MSRTYPE">
				<displayName value="Measure Type"/>
			</code>
		</measureAttribute>
	</subjectOf>

  	<subjectOf>
		<measureAttribute>
			<id root="2.16.840.1.113883.3.100.1" extension="STRATIFICATION"/>
			<code code="STRAT">
				<displayName value="Stratification"/>
			</code>
			<value xsi:type="ED" value="None"/>
		</measureAttribute>
	</subjectOf>

  	<subjectOf>
		<measureAttribute>
			<id root="2.16.840.1.113883.3.100.1" extension="RISK_ADJUSTMENT"/>
			<code code="MSRADJ">
				<displayName value="Risk Adjustment"/>
			</code>
			<value xsi:type="ED" value="None"/>
		</measureAttribute>
	</subjectOf>

  	<subjectOf>
		<measureAttribute>
			<id root="2.16.840.1.113883.3.100.1" extension="RATE_AGGREGATION"/>
			<code code="MSRAGG">
				<displayName value="Rate Aggregation"/>
			</code>
			<value xsi:type="ED" value="None"/>
		</measureAttribute>
	</subjectOf>

  	<subjectOf>
		<measureAttribute>
			<id root="2.16.840.1.113883.3.100.1" extension="RATIONALE"/>
			<code code="RAT">
				<displayName value="Rationale"/>
			</code>
			<value xsi:type="ED" value="There are many examples of how patient education programs for specific chronic conditions have increased healthful behaviors, improved health status, and/or decreased health care costs of their participants. Clinical practice guidelines include recommendations for patient and family education during hospitalization as well as information about resources for social support services. Some clinical trials have shown measurable benefits in patient and caregiver outcomes with the application of education and support strategies. The type of stroke experienced and the resulting outcomes will play a large role in determining not only the course of treatment but also what education will be required. Patient education should include information about the event (e.g., cause, treatment, and risk factors), the role of various medications or strategies, as well as desirable lifestyle modifications to reduce risk or improve outcomes. Family/caregivers will also need guidance in planning effective and realistic care strategies appropriate to the patient’s prognosis and potential for rehabilitation."/>
		</measureAttribute>
	</subjectOf>

  	<subjectOf>
		<measureAttribute>
			<id root="2.16.840.1.113883.3.100.1" extension="CLINICAL_RECOMMENDATION_STATEMENT"/>
			<code code="CRS">
				<displayName value="Clinical Recommendation Statement"/>
			</code>
			<value xsi:type="ED" value="Some clinical trials have shown measurable benefits in patient and caregiver outcomes with the application of education and support strategies. Patient education should include information about the event (e.g., cause, treatment, and risk factors), the role of various medications or strategies, as well as desirable lifestyle modifications to reduce risk or improve outcomes. Family/caregivers will also need guidance in planning effective and realistic care strategies appropriate to the patient’s prognosis and potential for rehabilitation."/>
		</measureAttribute>
	</subjectOf>

  	<subjectOf>
		<measureAttribute>
			<id root="2.16.840.1.113883.3.100.1" extension="IMPROVEMENT_NOTATION"/>
			<code code="IDUR">
				<displayName value="Improvement Notation"/>
			</code>
			<value xsi:type="ED" value="An increase in rate"/>
		</measureAttribute>
	</subjectOf>

  	<subjectOf>
		<measureAttribute>
			<id root="2.16.840.1.113883.3.100.1" extension="NQF_ID_NUMBER"/>
			<code code="OTH">
				<displayName value="NQF ID Number"/>
			</code>
			<value xsi:type="ED" value="0440"/>
		</measureAttribute>
	</subjectOf>

  	<subjectOf>
		<measureAttribute>
			<id root="2.16.840.1.113883.3.100.1" extension="DISCLAIMER"/>
			<code code="DISC">
				<displayName value="Disclaimer"/>
			</code>
			<value xsi:type="ED" value="None"/>
		</measureAttribute>
	</subjectOf>

  	<subjectOf>
		<measureAttribute>
			<id root="2.16.840.1.113883.3.100.1" extension="EMEASURE_IDENTIFIER"/>
			<code code="OTH">
				<displayName value="eMeasure Identifier"/>
			</code>
			<value xsi:type="ED" value="107"/>
		</measureAttribute>
	</subjectOf>

  	<subjectOf>
		<measureAttribute>
			<id root="2.16.840.1.113883.3.100.1" extension="REFERENCE"/>
			<code code="REF">
				<displayName value="Reference"/>
			</code>
			<value xsi:type="ED" value="Post Stroke Rehabilitation, Clinical Practice Guideline No.16, Agency for Health Care Policy and Research (now known as Agency for Healthcare Research and Quality), 1995."/>
		</measureAttribute>
	</subjectOf>

  	<subjectOf>
		<measureAttribute>
			<id root="2.16.840.1.113883.3.100.1" extension="DEFINITION"/>
			<code code="DEF">
				<displayName value="Definition"/>
			</code>
			<value xsi:type="ED" value="None"/>
		</measureAttribute>
	</subjectOf>

  	<subjectOf>
		<measureAttribute>
			<id root="2.16.840.1.113883.3.100.1" extension="GUIDANCE"/>
			<code code="GUIDE">
				<displayName value="Guidance"/>
			</code>
			<value xsi:type="ED" value="The unit of measurement for this measure is an inpatient episode of care. Each distinct hospitalization should be reported, regardless of whether the same patient is admitted for inpatient care more than once during the measurement period. In addition, the eMeasure logic intends to represent events within or surrounding a single occurrence of an inpatient hospitalization.

The facility location arrival datetime and facility location departure datetime are coupled with the emergency department visit value set. They intend to represent arrival date/time at the emergency department and the discharge date/time from the emergency department, respectively.

Written information given to the patient is required to address each and every one of the educational components. These components are modeled in in the population criteria and data criteria as communication from provider to patient :activation of emergency medical system, follow-up after discharge, medications prescribed at discharge, risk factors and signs and symptoms, and are intended to be specific to stroke."/>
		</measureAttribute>
	</subjectOf>

  	<subjectOf>
		<measureAttribute>
			<id root="2.16.840.1.113883.3.100.1" extension="TRANSMISSION_FORMAT"/>
			<code code="OTH">
				<displayName value="Transmission Format"/>
			</code>
			<value xsi:type="ED" value="None"/>
		</measureAttribute>
	</subjectOf>

  	<subjectOf>
		<measureAttribute>
			<id root="2.16.840.1.113883.3.100.1" extension="INITIAL_PATIENT_POPULATION"/>
			<code code="IPP">
				<displayName value="Initial Patient Population"/>
			</code>
			<value xsi:type="ED" value="Ischemic stroke or hemorrhagic stroke patients discharged home."/>
		</measureAttribute>
	</subjectOf>

  	<subjectOf>
		<measureAttribute>
			<id root="2.16.840.1.113883.3.100.1" extension="DENOMINATOR"/>
			<code code="DENOM">
				<displayName value="Denominator"/>
			</code>
			<value xsi:type="ED" value="Ischemic stroke or hemorrhagic stroke patients discharged home."/>
		</measureAttribute>
	</subjectOf>

  	<subjectOf>
		<measureAttribute>
			<id root="2.16.840.1.113883.3.100.1" extension="DENOMINATOR_EXCLUSIONS"/>
			<code code="OTH">
				<displayName value="Denominator Exclusions"/>
			</code>
			<value xsi:type="ED" value="Patients less than 18 years of age
Patients who have a length of stay greater than 120 days
Patients with comfort measures only documented
Patients admitted for elective carotid intervention"/>
		</measureAttribute>
	</subjectOf>

  	<subjectOf>
		<measureAttribute>
			<id root="2.16.840.1.113883.3.100.1" extension="NUMERATOR"/>
			<code code="NUMER">
				<displayName value="Numerator"/>
			</code>
			<value xsi:type="ED" value="Ischemic or hemorrhagic stroke patients with documentation that they or their caregivers were given educational material addressing all of the following:
1. Activation of emergency medical system 
2. Follow-up after discharge
3. Medications prescribed at discharge
4. Risk factors for stroke
5. Warning signs and symptoms of stroke."/>
		</measureAttribute>
	</subjectOf>

  	<subjectOf>
		<measureAttribute>
			<id root="2.16.840.1.113883.3.100.1" extension="NUMERATOR_EXCLUSIONS"/>
			<code code="OTH">
				<displayName value="Numerator Exclusions"/>
			</code>
			<value xsi:type="ED" value="Not Applicable"/>
		</measureAttribute>
	</subjectOf>

  	<subjectOf>
		<measureAttribute>
			<id root="2.16.840.1.113883.3.100.1" extension="DENOMINATOR_EXCEPTIONS"/>
			<code code="DENEXCEP">
				<displayName value="Denominator Exceptions"/>
			</code>
			<value xsi:type="ED" value="None"/>
		</measureAttribute>
	</subjectOf>

  	<subjectOf>
		<measureAttribute>
			<id root="2.16.840.1.113883.3.100.1" extension="MEASURE_POPULATION"/>
			<code code="MSRPOPL">
				<displayName value="Measure Population"/>
			</code>
			<value xsi:type="ED" value="Not Applicable"/>
		</measureAttribute>
	</subjectOf>

  	<subjectOf>
		<measureAttribute>
			<id root="2.16.840.1.113883.3.100.1" extension="MEASURE_OBSERVATIONS"/>
			<code code="OTH">
				<displayName value="Measure Observations"/>
			</code>
			<value xsi:type="ED" value="Not Applicable"/>
		</measureAttribute>
	</subjectOf>

  	<subjectOf>
		<measureAttribute>
			<id root="2.16.840.1.113883.3.100.1" extension="SUPPLEMENTAL_DATA_ELEMENTS"/>
			<code code="OTH">
				<displayName value="Supplemental Data Elements"/>
			</code>
			<value xsi:type="ED" value="For every patient evaluated by this measure also identify payer, race, ethnicity and sex."/>
		</measureAttribute>
	</subjectOf>

  <component>
    <dataCriteriaSection>
      <code code="57025-9" codeSystem="2.16.840.1.113883.6.1"/>
      <title value="Data Criteria Section"/>
      <text>This section describes the data criteria.</text>
            <entry typeCode="DRIV">
        <encounterCriteria moodCode="EVN" classCode="ENC">
                    <templateId>
            <item root="2.16.840.1.113883.3.560.1.79" identifierName="encounter, performed template"/>
          </templateId>

          <id>
            <item root="2.16.840.1.113883.3.100.1" extension="EncounterPerformedInpatientEncounter"/>
          </id>
                    <code xsi:type="CD" valueSet="2.16.840.1.113883.3.117.1.7.1.23">
            <displayName value="Inpatient Encounter"/>
          </code>

                    <text value="Encounter, Performed: Inpatient Encounter"/>
          
          
          <definition>
            <encounterReference moodCode="EVN" classCode="ENC">
              <id root="2.16.840.1.113883.3.100.1" extension="encounter"/>
            </encounterReference>
          </definition>
          
                    <outboundRelationship typeCode="SUBJ">
            <subsetCode code="SOURCE"/>
            <observationReference classCode="OBS" moodCode="EVN">
              <id root="2.16.840.1.113883.3.100.1" extension="EncounterPerformedInpatientEncounter"/>
            </observationReference>
          </outboundRelationship>
          
          
        </encounterCriteria>
      </entry>

            <entry typeCode="DRIV">
        <encounterCriteria moodCode="EVN" classCode="ENC">
                    <templateId>
            <item root="2.16.840.1.113883.3.560.1.79" identifierName="encounter, performed template"/>
          </templateId>

          <id>
            <item root="2.16.840.1.113883.3.100.1" extension="EncounterPerformedEmergencyDepartmentVisit"/>
          </id>
                    <code xsi:type="CD" valueSet="2.16.840.1.113883.3.117.1.7.1.292">
            <displayName value="Emergency Department Visit"/>
          </code>

                    <text value="Encounter, Performed: Emergency Department Visit"/>
          
          
          <definition>
            <encounterReference moodCode="EVN" classCode="ENC">
              <id root="2.16.840.1.113883.3.100.1" extension="encounter"/>
            </encounterReference>
          </definition>
          
                    <outboundRelationship typeCode="SUBJ">
            <subsetCode code="SOURCE"/>
            <observationReference classCode="OBS" moodCode="EVN">
              <id root="2.16.840.1.113883.3.100.1" extension="EncounterPerformedEmergencyDepartmentVisit"/>
            </observationReference>
          </outboundRelationship>
          
          
        </encounterCriteria>
      </entry>

            <entry typeCode="DRIV">
        <observationCriteria moodCode="EVN" classCode="OBS" actionNegationInd='true'>
                    <templateId>
            <item root="2.16.840.1.113883.3.560.1.131" identifierName="communication, from provider to patient template"/>
          </templateId>

          <id>
            <item root="2.16.840.1.113883.3.100.1" extension="CommunicationFromProviderToPatientNotDonePatientRefusal"/>
          </id>
                    <code xsi:type="CD" valueSet="2.16.840.1.113883.3.117.1.7.1.93">
            <displayName value="Patient Refusal"/>
          </code>

                    <text value="Communication: From Provider to Patient not done: Patient Refusal"/>
          
          
          
          <definition>
            <observationReference moodCode="EVN" classCode="OBS">
              <id root="2.16.840.1.113883.3.100.1" extension="communication_from_provider_to_patient"/>
            </observationReference>
          </definition>
          
                    <outboundRelationship typeCode="SUBJ">
            <subsetCode code="SOURCE"/>
            <observationReference classCode="OBS" moodCode="EVN">
              <id root="2.16.840.1.113883.3.100.1" extension="CommunicationFromProviderToPatientNotDonePatientRefusal"/>
            </observationReference>
          </outboundRelationship>
          
          
        </observationCriteria>
      </entry>

            <entry typeCode="DRIV">
        <encounterCriteria moodCode="EVN" classCode="ENC">
                    <templateId>
            <item root="2.16.840.1.113883.3.560.1.79" identifierName="encounter, performed template"/>
          </templateId>

          <id>
            <item root="2.16.840.1.113883.3.100.1" extension="OccurrenceAInpatientEncounter57"/>
          </id>
                    <code xsi:type="CD" valueSet="2.16.840.1.113883.3.117.1.7.1.23">
            <displayName value="Inpatient Encounter"/>
          </code>

                    <text value="Encounter, Performed: Inpatient Encounter"/>
          
          
          <definition>
            <encounterReference moodCode="EVN" classCode="ENC">
              <id root="2.16.840.1.113883.3.100.1" extension="encounter"/>
            </encounterReference>
          </definition>
          
                    <outboundRelationship typeCode="SUBJ">
            <localVariableName controlInformationRoot="" controlInformationExtension="A"/>
            <subsetCode code="SPECIFIC"/>
            <observationReference classCode="OBS" moodCode="EVN">
              <id root="2.16.840.1.113883.3.100.1" extension="OccurrenceAInpatientEncounter57"/>
            </observationReference>
          </outboundRelationship>
          
          
        </encounterCriteria>
      </entry>

            <entry typeCode="DRIV">
        <encounterCriteria moodCode="EVN" classCode="ENC">
                    <templateId>
            <item root="2.16.840.1.113883.3.560.1.79" identifierName="encounter, performed template"/>
          </templateId>

          <id>
            <item root="2.16.840.1.113883.3.100.1" extension="OccurrenceAInpatientEncounter57_precondition_3853"/>
          </id>
                    <code xsi:type="CD" valueSet="2.16.840.1.113883.3.117.1.7.1.23">
            <displayName value="Inpatient Encounter"/>
          </code>

                    <text value="Encounter, Performed: Inpatient Encounter"/>
          
          
          <definition>
            <encounterReference moodCode="EVN" classCode="ENC">
              <id root="2.16.840.1.113883.3.100.1" extension="encounter"/>
            </encounterReference>
          </definition>
          
                    <outboundRelationship typeCode="SUBJ">
            <observationCriteria classCode="OBS" moodCode="EVN">
              <code code="410666004" codeSystem="2.16.840.1.113883.6.96" codeSystemName="SNOMED-CT">
                <displayName value="Reason"/> 
              </code>
                <value xsi:type="CD" valueSet="2.16.840.1.113883.3.117.1.7.1.204">
     <displayName value="Carotid Intervention"/>
  </value>

            </observationCriteria>
          </outboundRelationship>
          <outboundRelationship typeCode="SUBJ">
            <localVariableName controlInformationRoot="" controlInformationExtension="A"/>
            <subsetCode code="SPECIFIC"/>
            <observationReference classCode="OBS" moodCode="EVN">
              <id root="2.16.840.1.113883.3.100.1" extension="OccurrenceAInpatientEncounter57"/>
            </observationReference>
          </outboundRelationship>
          
          
        </encounterCriteria>
      </entry>

            <entry typeCode="DRIV">
        <encounterCriteria moodCode="EVN" classCode="ENC">
                    <templateId>
            <item root="2.16.840.1.113883.3.560.1.79" identifierName="encounter, performed template"/>
          </templateId>

          <id>
            <item root="2.16.840.1.113883.3.100.1" extension="OccurrenceAEmergencyDepartmentVisit58_precondition_3855"/>
          </id>
                    <code xsi:type="CD" valueSet="2.16.840.1.113883.3.117.1.7.1.292">
            <displayName value="Emergency Department Visit"/>
          </code>

                    <text value="Encounter, Performed: Emergency Department Visit"/>
          
          
          <definition>
            <encounterReference moodCode="EVN" classCode="ENC">
              <id root="2.16.840.1.113883.3.100.1" extension="encounter"/>
            </encounterReference>
          </definition>
          
                    <outboundRelationship typeCode="SUBJ">
            <observationCriteria classCode="OBS" moodCode="EVN">
              <code code="SDLOC_DEPARTURE" codeSystem="" codeSystemName="Unknown">
                <displayName value="Facility Location Departure Date/Time"/> 
              </code>
              
            </observationCriteria>
          </outboundRelationship>
          <outboundRelationship typeCode="SUBJ">
            <localVariableName controlInformationRoot="" controlInformationExtension="A"/>
            <subsetCode code="SPECIFIC"/>
            <observationReference classCode="OBS" moodCode="EVN">
              <id root="2.16.840.1.113883.3.100.1" extension="OccurrenceAEmergencyDepartmentVisit58"/>
            </observationReference>
          </outboundRelationship>
          
          
        </encounterCriteria>
      </entry>

            <entry typeCode="DRIV">
        <encounterCriteria moodCode="EVN" classCode="ENC">
                    <templateId>
            <item root="2.16.840.1.113883.3.560.1.79" identifierName="encounter, performed template"/>
          </templateId>

          <id>
            <item root="2.16.840.1.113883.3.100.1" extension="OccurrenceAInpatientEncounter57_precondition_3856"/>
          </id>
                    <code xsi:type="CD" valueSet="2.16.840.1.113883.3.117.1.7.1.23">
            <displayName value="Inpatient Encounter"/>
          </code>

                    <text value="Encounter, Performed: Inpatient Encounter"/>
          
          
          <definition>
            <encounterReference moodCode="EVN" classCode="ENC">
              <id root="2.16.840.1.113883.3.100.1" extension="encounter"/>
            </encounterReference>
          </definition>
                    <temporallyRelatedInformation typeCode="SAE">
              <pauseQuantity xsi:type="IVL_PQ">
          <high  value="1" unit="h"/>
  </pauseQuantity>

                        <encounterReference moodCode="EVN" classCode="ENC">
              <id root="2.16.840.1.113883.3.100.1" extension="OccurrenceAEmergencyDepartmentVisit58_precondition_3855"/>
            </encounterReference>

          </temporallyRelatedInformation>

                    <outboundRelationship typeCode="SUBJ">
            <observationCriteria classCode="OBS" moodCode="EVN">
              <code code="399423000" codeSystem="2.16.840.1.113883.6.96" codeSystemName="SNOMED-CT">
                <displayName value="Admission Date/Time"/> 
              </code>
                <value xsi:type="ANY" nullFlavor="NI"/>

            </observationCriteria>
          </outboundRelationship>
          <outboundRelationship typeCode="SUBJ">
            <localVariableName controlInformationRoot="" controlInformationExtension="A"/>
            <subsetCode code="SPECIFIC"/>
            <observationReference classCode="OBS" moodCode="EVN">
              <id root="2.16.840.1.113883.3.100.1" extension="OccurrenceAInpatientEncounter57"/>
            </observationReference>
          </outboundRelationship>
          
          
        </encounterCriteria>
      </entry>

            <entry typeCode="DRIV">
        <encounterCriteria moodCode="EVN" classCode="ENC">
                    <templateId>
            <item root="2.16.840.1.113883.3.560.1.79" identifierName="encounter, performed template"/>
          </templateId>

          <id>
            <item root="2.16.840.1.113883.3.100.1" extension="OccurrenceAEmergencyDepartmentVisit58_precondition_3863"/>
          </id>
                    <code xsi:type="CD" valueSet="2.16.840.1.113883.3.117.1.7.1.292">
            <displayName value="Emergency Department Visit"/>
          </code>

                    <text value="Encounter, Performed: Emergency Department Visit"/>
          
          
          <definition>
            <encounterReference moodCode="EVN" classCode="ENC">
              <id root="2.16.840.1.113883.3.100.1" extension="encounter"/>
            </encounterReference>
          </definition>
          
                    <outboundRelationship typeCode="SUBJ">
            <localVariableName controlInformationRoot="" controlInformationExtension="A"/>
            <subsetCode code="SPECIFIC"/>
            <observationReference classCode="OBS" moodCode="EVN">
              <id root="2.16.840.1.113883.3.100.1" extension="OccurrenceAEmergencyDepartmentVisit58"/>
            </observationReference>
          </outboundRelationship>
          
          
        </encounterCriteria>
      </entry>

            <entry typeCode="DRIV">
        <procedureCriteria moodCode="EVN" classCode="PROC">
                    <templateId>
            <item root="2.16.840.1.113883.3.560.1.45" identifierName="intervention, order template"/>
          </templateId>

          <id>
            <item root="2.16.840.1.113883.3.100.1" extension="InterventionOrderPalliativeCare_precondition_3858"/>
          </id>
                    <code xsi:type="CD" valueSet="2.16.840.1.113883.3.526.2.1076">
            <displayName value="Palliative Care"/>
          </code>

                    <text value="Intervention, Order: Palliative Care"/>
          <statusCode code="ordered"/>
          
          
          <definition>
            <procedureReference moodCode="EVN" classCode="PROC">
              <id root="2.16.840.1.113883.3.100.1" extension="intervention"/>
            </procedureReference>
          </definition>
                    <temporallyRelatedInformation typeCode="SDU">
                        <encounterReference moodCode="EVN" classCode="ENC">
              <id root="2.16.840.1.113883.3.100.1" extension="OccurrenceAEmergencyDepartmentVisit58_precondition_3863"/>
            </encounterReference>

          </temporallyRelatedInformation>

                    <outboundRelationship typeCode="SUBJ">
            <subsetCode code="SOURCE"/>
            <observationReference classCode="OBS" moodCode="EVN">
              <id root="2.16.840.1.113883.3.100.1" extension="InterventionOrderPalliativeCare"/>
            </observationReference>
          </outboundRelationship>
          
          
        </procedureCriteria>
      </entry>

            <entry typeCode="DRIV">
        <procedureCriteria moodCode="EVN" classCode="PROC">
                    <templateId>
            <item root="2.16.840.1.113883.3.560.1.46" identifierName="intervention, performed template"/>
          </templateId>

          <id>
            <item root="2.16.840.1.113883.3.100.1" extension="InterventionPerformedPalliativeCare_precondition_3860"/>
          </id>
                    <code xsi:type="CD" valueSet="2.16.840.1.113883.3.526.2.1076">
            <displayName value="Palliative Care"/>
          </code>

                    <text value="Intervention, Performed: Palliative Care"/>
          <statusCode code="performed"/>
          
          
          <definition>
            <procedureReference moodCode="EVN" classCode="PROC">
              <id root="2.16.840.1.113883.3.100.1" extension="intervention"/>
            </procedureReference>
          </definition>
                    <temporallyRelatedInformation typeCode="SDU">
                        <encounterReference moodCode="EVN" classCode="ENC">
              <id root="2.16.840.1.113883.3.100.1" extension="OccurrenceAEmergencyDepartmentVisit58_precondition_3863"/>
            </encounterReference>

          </temporallyRelatedInformation>

                    <outboundRelationship typeCode="SUBJ">
            <subsetCode code="SOURCE"/>
            <observationReference classCode="OBS" moodCode="EVN">
              <id root="2.16.840.1.113883.3.100.1" extension="InterventionPerformedPalliativeCare"/>
            </observationReference>
          </outboundRelationship>
          
          
        </procedureCriteria>
      </entry>

            <entry typeCode="DRIV">
        <encounterCriteria moodCode="EVN" classCode="ENC">
                    <templateId>
            <item root="2.16.840.1.113883.3.560.1.79" identifierName="encounter, performed template"/>
          </templateId>

          <id>
            <item root="2.16.840.1.113883.3.100.1" extension="OccurrenceAInpatientEncounter57_precondition_3872"/>
          </id>
                    <code xsi:type="CD" valueSet="2.16.840.1.113883.3.117.1.7.1.23">
            <displayName value="Inpatient Encounter"/>
          </code>

                    <text value="Encounter, Performed: Inpatient Encounter"/>
          
          
          <definition>
            <encounterReference moodCode="EVN" classCode="ENC">
              <id root="2.16.840.1.113883.3.100.1" extension="encounter"/>
            </encounterReference>
          </definition>
          
                    <outboundRelationship typeCode="SUBJ">
            <localVariableName controlInformationRoot="" controlInformationExtension="A"/>
            <subsetCode code="SPECIFIC"/>
            <observationReference classCode="OBS" moodCode="EVN">
              <id root="2.16.840.1.113883.3.100.1" extension="OccurrenceAInpatientEncounter57"/>
            </observationReference>
          </outboundRelationship>
          
          
        </encounterCriteria>
      </entry>

            <entry typeCode="DRIV">
        <procedureCriteria moodCode="EVN" classCode="PROC">
                    <templateId>
            <item root="2.16.840.1.113883.3.560.1.45" identifierName="intervention, order template"/>
          </templateId>

          <id>
            <item root="2.16.840.1.113883.3.100.1" extension="InterventionOrderPalliativeCare_precondition_3867"/>
          </id>
                    <code xsi:type="CD" valueSet="2.16.840.1.113883.3.526.2.1076">
            <displayName value="Palliative Care"/>
          </code>

                    <text value="Intervention, Order: Palliative Care"/>
          <statusCode code="ordered"/>
          
          
          <definition>
            <procedureReference moodCode="EVN" classCode="PROC">
              <id root="2.16.840.1.113883.3.100.1" extension="intervention"/>
            </procedureReference>
          </definition>
                    <temporallyRelatedInformation typeCode="SDU">
                        <encounterReference moodCode="EVN" classCode="ENC">
              <id root="2.16.840.1.113883.3.100.1" extension="OccurrenceAInpatientEncounter57_precondition_3872"/>
            </encounterReference>

          </temporallyRelatedInformation>

                    <outboundRelationship typeCode="SUBJ">
            <subsetCode code="SOURCE"/>
            <observationReference classCode="OBS" moodCode="EVN">
              <id root="2.16.840.1.113883.3.100.1" extension="InterventionOrderPalliativeCare"/>
            </observationReference>
          </outboundRelationship>
          
          
        </procedureCriteria>
      </entry>

            <entry typeCode="DRIV">
        <procedureCriteria moodCode="EVN" classCode="PROC">
                    <templateId>
            <item root="2.16.840.1.113883.3.560.1.46" identifierName="intervention, performed template"/>
          </templateId>

          <id>
            <item root="2.16.840.1.113883.3.100.1" extension="InterventionPerformedPalliativeCare_precondition_3869"/>
          </id>
                    <code xsi:type="CD" valueSet="2.16.840.1.113883.3.526.2.1076">
            <displayName value="Palliative Care"/>
          </code>

                    <text value="Intervention, Performed: Palliative Care"/>
          <statusCode code="performed"/>
          
          
          <definition>
            <procedureReference moodCode="EVN" classCode="PROC">
              <id root="2.16.840.1.113883.3.100.1" extension="intervention"/>
            </procedureReference>
          </definition>
                    <temporallyRelatedInformation typeCode="SDU">
                        <encounterReference moodCode="EVN" classCode="ENC">
              <id root="2.16.840.1.113883.3.100.1" extension="OccurrenceAInpatientEncounter57_precondition_3872"/>
            </encounterReference>

          </temporallyRelatedInformation>

                    <outboundRelationship typeCode="SUBJ">
            <subsetCode code="SOURCE"/>
            <observationReference classCode="OBS" moodCode="EVN">
              <id root="2.16.840.1.113883.3.100.1" extension="InterventionPerformedPalliativeCare"/>
            </observationReference>
          </outboundRelationship>
          
          
        </procedureCriteria>
      </entry>

            <entry typeCode="DRIV">
        <encounterCriteria moodCode="EVN" classCode="ENC">
                    <templateId>
            <item root="2.16.840.1.113883.3.560.1.79" identifierName="encounter, performed template"/>
          </templateId>

          <id>
            <item root="2.16.840.1.113883.3.100.1" extension="OccurrenceAInpatientEncounter57_precondition_3894"/>
          </id>
                    <code xsi:type="CD" valueSet="2.16.840.1.113883.3.117.1.7.1.23">
            <displayName value="Inpatient Encounter"/>
          </code>

                    <text value="Encounter, Performed: Inpatient Encounter"/>
          
          
          <definition>
            <encounterReference moodCode="EVN" classCode="ENC">
              <id root="2.16.840.1.113883.3.100.1" extension="encounter"/>
            </encounterReference>
          </definition>
          
                    <outboundRelationship typeCode="SUBJ">
            <localVariableName controlInformationRoot="" controlInformationExtension="A"/>
            <subsetCode code="SPECIFIC"/>
            <observationReference classCode="OBS" moodCode="EVN">
              <id root="2.16.840.1.113883.3.100.1" extension="OccurrenceAInpatientEncounter57"/>
            </observationReference>
          </outboundRelationship>
          
          
        </encounterCriteria>
      </entry>

            <entry typeCode="DRIV">
        <observationCriteria moodCode="EVN" classCode="OBS" actionNegationInd='true'>
                    <templateId>
            <item root="2.16.840.1.113883.3.560.1.131" identifierName="communication, from provider to patient template"/>
          </templateId>

          <id>
            <item root="2.16.840.1.113883.3.100.1" extension="CommunicationFromProviderToPatientWrittenInformationGiven_precondition_3877"/>
          </id>
                    <code xsi:type="CD" valueSet="2.16.840.1.113883.3.117.1.7.1.415">
            <displayName value="Written Information Given"/>
          </code>

                    <text value="Communication: From Provider to Patient: Written Information Given"/>
          
          
                    <reasonCode>
            <item valueSet="2.16.840.1.113883.3.117.1.7.1.93"/>
          </reasonCode>

          <definition>
            <observationReference moodCode="EVN" classCode="OBS">
              <id root="2.16.840.1.113883.3.100.1" extension="communication_from_provider_to_patient"/>
            </observationReference>
          </definition>
                    <temporallyRelatedInformation typeCode="DURING">
                        <encounterReference moodCode="EVN" classCode="ENC">
              <id root="2.16.840.1.113883.3.100.1" extension="OccurrenceAInpatientEncounter57_precondition_3894"/>
            </encounterReference>

          </temporallyRelatedInformation>

                    <outboundRelationship typeCode="SUBJ">
            <subsetCode code="SOURCE"/>
            <observationReference classCode="OBS" moodCode="EVN">
              <id root="2.16.840.1.113883.3.100.1" extension="CommunicationFromProviderToPatientWrittenInformationGiven"/>
            </observationReference>
          </outboundRelationship>
          
          
        </observationCriteria>
      </entry>

            <entry typeCode="DRIV">
        <observationCriteria moodCode="EVN" classCode="OBS">
                    <templateId>
            <item root="2.16.840.1.113883.3.560.1.31" identifierName="communication, from provider to patient template"/>
          </templateId>

          <id>
            <item root="2.16.840.1.113883.3.100.1" extension="CommunicationFromProviderToPatientActivationOfEmergencyMedicalSystemEducation_precondition_3879"/>
          </id>
                    <code xsi:type="CD" valueSet="2.16.840.1.113883.3.117.1.7.1.377">
            <displayName value="Activation of Emergency Medical System Education"/>
          </code>

                    <text value="Communication: From Provider to Patient: Activation of Emergency Medical System Education"/>
          
          
          
          <definition>
            <observationReference moodCode="EVN" classCode="OBS">
              <id root="2.16.840.1.113883.3.100.1" extension="communication_from_provider_to_patient"/>
            </observationReference>
          </definition>
                    <temporallyRelatedInformation typeCode="DURING">
                        <encounterReference moodCode="EVN" classCode="ENC">
              <id root="2.16.840.1.113883.3.100.1" extension="OccurrenceAInpatientEncounter57_precondition_3894"/>
            </encounterReference>

          </temporallyRelatedInformation>

                    <outboundRelationship typeCode="SUBJ">
            <subsetCode code="SOURCE"/>
            <observationReference classCode="OBS" moodCode="EVN">
              <id root="2.16.840.1.113883.3.100.1" extension="CommunicationFromProviderToPatientActivationOfEmergencyMedicalSystemEducation"/>
            </observationReference>
          </outboundRelationship>
          
          
        </observationCriteria>
      </entry>

            <entry typeCode="DRIV">
        <observationCriteria moodCode="EVN" classCode="OBS">
                    <templateId>
            <item root="2.16.840.1.113883.3.560.1.31" identifierName="communication, from provider to patient template"/>
          </templateId>

          <id>
            <item root="2.16.840.1.113883.3.100.1" extension="CommunicationFromProviderToPatientInstructionsForFollowUpAfterDischarge_precondition_3881"/>
          </id>
                    <code xsi:type="CD" valueSet="2.16.840.1.113883.3.117.1.7.1.378">
            <displayName value="Instructions for Follow Up After Discharge"/>
          </code>

                    <text value="Communication: From Provider to Patient: Instructions for Follow Up After Discharge"/>
          
          
          
          <definition>
            <observationReference moodCode="EVN" classCode="OBS">
              <id root="2.16.840.1.113883.3.100.1" extension="communication_from_provider_to_patient"/>
            </observationReference>
          </definition>
                    <temporallyRelatedInformation typeCode="DURING">
                        <encounterReference moodCode="EVN" classCode="ENC">
              <id root="2.16.840.1.113883.3.100.1" extension="OccurrenceAInpatientEncounter57_precondition_3894"/>
            </encounterReference>

          </temporallyRelatedInformation>

                    <outboundRelationship typeCode="SUBJ">
            <subsetCode code="SOURCE"/>
            <observationReference classCode="OBS" moodCode="EVN">
              <id root="2.16.840.1.113883.3.100.1" extension="CommunicationFromProviderToPatientInstructionsForFollowUpAfterDischarge"/>
            </observationReference>
          </outboundRelationship>
          
          
        </observationCriteria>
      </entry>

            <entry typeCode="DRIV">
        <observationCriteria moodCode="EVN" classCode="OBS">
                    <templateId>
            <item root="2.16.840.1.113883.3.560.1.31" identifierName="communication, from provider to patient template"/>
          </templateId>

          <id>
            <item root="2.16.840.1.113883.3.100.1" extension="CommunicationFromProviderToPatientPrescribedMedicationsEducation_precondition_3883"/>
          </id>
                    <code xsi:type="CD" valueSet="2.16.840.1.113883.3.117.1.7.1.379">
            <displayName value="Prescribed Medications Education"/>
          </code>

                    <text value="Communication: From Provider to Patient: Prescribed Medications Education"/>
          
          
          
          <definition>
            <observationReference moodCode="EVN" classCode="OBS">
              <id root="2.16.840.1.113883.3.100.1" extension="communication_from_provider_to_patient"/>
            </observationReference>
          </definition>
                    <temporallyRelatedInformation typeCode="DURING">
                        <encounterReference moodCode="EVN" classCode="ENC">
              <id root="2.16.840.1.113883.3.100.1" extension="OccurrenceAInpatientEncounter57_precondition_3894"/>
            </encounterReference>

          </temporallyRelatedInformation>

                    <outboundRelationship typeCode="SUBJ">
            <subsetCode code="SOURCE"/>
            <observationReference classCode="OBS" moodCode="EVN">
              <id root="2.16.840.1.113883.3.100.1" extension="CommunicationFromProviderToPatientPrescribedMedicationsEducation"/>
            </observationReference>
          </outboundRelationship>
          
          
        </observationCriteria>
      </entry>

            <entry typeCode="DRIV">
        <observationCriteria moodCode="EVN" classCode="OBS">
                    <templateId>
            <item root="2.16.840.1.113883.3.560.1.31" identifierName="communication, from provider to patient template"/>
          </templateId>

          <id>
            <item root="2.16.840.1.113883.3.100.1" extension="CommunicationFromProviderToPatientRiskFactorsEducation_precondition_3885"/>
          </id>
                    <code xsi:type="CD" valueSet="2.16.840.1.113883.3.117.1.7.1.380">
            <displayName value="Risk Factors Education"/>
          </code>

                    <text value="Communication: From Provider to Patient: Risk Factors Education"/>
          
          
          
          <definition>
            <observationReference moodCode="EVN" classCode="OBS">
              <id root="2.16.840.1.113883.3.100.1" extension="communication_from_provider_to_patient"/>
            </observationReference>
          </definition>
                    <temporallyRelatedInformation typeCode="DURING">
                        <encounterReference moodCode="EVN" classCode="ENC">
              <id root="2.16.840.1.113883.3.100.1" extension="OccurrenceAInpatientEncounter57_precondition_3894"/>
            </encounterReference>

          </temporallyRelatedInformation>

                    <outboundRelationship typeCode="SUBJ">
            <subsetCode code="SOURCE"/>
            <observationReference classCode="OBS" moodCode="EVN">
              <id root="2.16.840.1.113883.3.100.1" extension="CommunicationFromProviderToPatientRiskFactorsEducation"/>
            </observationReference>
          </outboundRelationship>
          
          
        </observationCriteria>
      </entry>

            <entry typeCode="DRIV">
        <observationCriteria moodCode="EVN" classCode="OBS">
                    <templateId>
            <item root="2.16.840.1.113883.3.560.1.31" identifierName="communication, from provider to patient template"/>
          </templateId>

          <id>
            <item root="2.16.840.1.113883.3.100.1" extension="CommunicationFromProviderToPatientWarningSignsAndSymptomsEducation_precondition_3887"/>
          </id>
                    <code xsi:type="CD" valueSet="2.16.840.1.113883.3.117.1.7.1.381">
            <displayName value="Warning Signs and Symptoms Education"/>
          </code>

                    <text value="Communication: From Provider to Patient: Warning Signs and Symptoms Education"/>
          
          
          
          <definition>
            <observationReference moodCode="EVN" classCode="OBS">
              <id root="2.16.840.1.113883.3.100.1" extension="communication_from_provider_to_patient"/>
            </observationReference>
          </definition>
                    <temporallyRelatedInformation typeCode="DURING">
                        <encounterReference moodCode="EVN" classCode="ENC">
              <id root="2.16.840.1.113883.3.100.1" extension="OccurrenceAInpatientEncounter57_precondition_3894"/>
            </encounterReference>

          </temporallyRelatedInformation>

                    <outboundRelationship typeCode="SUBJ">
            <subsetCode code="SOURCE"/>
            <observationReference classCode="OBS" moodCode="EVN">
              <id root="2.16.840.1.113883.3.100.1" extension="CommunicationFromProviderToPatientWarningSignsAndSymptomsEducation"/>
            </observationReference>
          </outboundRelationship>
          
          
        </observationCriteria>
      </entry>

            <entry typeCode="DRIV">
        <observationCriteria moodCode="EVN" classCode="OBS">
                    <templateId>
            <item root="2.16.840.1.113883.3.560.1.31" identifierName="communication, from provider to patient template"/>
          </templateId>

          <id>
            <item root="2.16.840.1.113883.3.100.1" extension="CommunicationFromProviderToPatientWrittenInformationGiven_precondition_3889"/>
          </id>
                    <code xsi:type="CD" valueSet="2.16.840.1.113883.3.117.1.7.1.415">
            <displayName value="Written Information Given"/>
          </code>

                    <text value="Communication: From Provider to Patient: Written Information Given"/>
          
          
          
          <definition>
            <observationReference moodCode="EVN" classCode="OBS">
              <id root="2.16.840.1.113883.3.100.1" extension="communication_from_provider_to_patient"/>
            </observationReference>
          </definition>
                    <temporallyRelatedInformation typeCode="DURING">
                        <encounterReference moodCode="EVN" classCode="ENC">
              <id root="2.16.840.1.113883.3.100.1" extension="OccurrenceAInpatientEncounter57_precondition_3894"/>
            </encounterReference>

          </temporallyRelatedInformation>

                    <outboundRelationship typeCode="SUBJ">
            <subsetCode code="SOURCE"/>
            <observationReference classCode="OBS" moodCode="EVN">
              <id root="2.16.840.1.113883.3.100.1" extension="CommunicationFromProviderToPatientWrittenInformationGiven"/>
            </observationReference>
          </outboundRelationship>
          
          
        </observationCriteria>
      </entry>

            <entry typeCode="DRIV">
        <encounterCriteria moodCode="EVN" classCode="ENC">
                    <templateId>
            <item root="2.16.840.1.113883.3.560.1.79" identifierName="encounter, performed template"/>
          </templateId>

          <id>
            <item root="2.16.840.1.113883.3.100.1" extension="OccurrenceAInpatientEncounter57_precondition_3897"/>
          </id>
                    <code xsi:type="CD" valueSet="2.16.840.1.113883.3.117.1.7.1.23">
            <displayName value="Inpatient Encounter"/>
          </code>

                    <text value="Encounter, Performed: Inpatient Encounter"/>
          
          
          <definition>
            <encounterReference moodCode="EVN" classCode="ENC">
              <id root="2.16.840.1.113883.3.100.1" extension="encounter"/>
            </encounterReference>
          </definition>
          
                    <outboundRelationship typeCode="SUBJ">
            <observationCriteria classCode="OBS" moodCode="EVN">
              <code code="309039003" codeSystem="2.16.840.1.113883.6.96" codeSystemName="SNOMED-CT">
                <displayName value="Discharge Status"/> 
              </code>
                <value xsi:type="CD" valueSet="2.16.840.1.113883.3.117.1.7.1.82">
     <displayName value="Discharge To Home Or Police Custody"/>
  </value>

            </observationCriteria>
          </outboundRelationship>
          <outboundRelationship typeCode="SUBJ">
            <localVariableName controlInformationRoot="" controlInformationExtension="A"/>
            <subsetCode code="SPECIFIC"/>
            <observationReference classCode="OBS" moodCode="EVN">
              <id root="2.16.840.1.113883.3.100.1" extension="OccurrenceAInpatientEncounter57"/>
            </observationReference>
          </outboundRelationship>
          
          
        </encounterCriteria>
      </entry>

            <entry typeCode="DRIV">
        <observationCriteria moodCode="EVN" classCode="OBS">
                    <templateId>
            <item root="2.16.840.1.113883.3.560.1.25" identifierName="patient characteristic, birthdate template"/>
          </templateId>

          <id>
            <item root="2.16.840.1.113883.3.100.1" extension="PatientCharacteristicBirthdateBirthDate_precondition_3900"/>
          </id>
                    <code codeSystemName="LOINC" codeSystem="2.16.840.1.113883.6.1"
            code="21112-8">
            <displayName value="birth date"/>
          </code>

                    <text value="Patient Characteristic Birthdate: birth date"/>
          
          <definition>
            <observationReference moodCode="EVN" classCode="OBS">
              <id root="2.16.840.1.113883.3.100.1" extension="patient_characteristic_birthdate"/>
            </observationReference>
          </definition>
                    <temporallyRelatedInformation typeCode="SBS">
              <pauseQuantity xsi:type="IVL_PQ">
      <low  value="18" unit="a"/>
      </pauseQuantity>

                        <encounterReference moodCode="EVN" classCode="ENC">
              <id root="2.16.840.1.113883.3.100.1" extension="OccurrenceAInpatientEncounter57"/>
            </encounterReference>

          </temporallyRelatedInformation>

                    <outboundRelationship typeCode="SUBJ">
            <subsetCode code="SOURCE"/>
            <observationReference classCode="OBS" moodCode="EVN">
              <id root="2.16.840.1.113883.3.100.1" extension="PatientCharacteristicBirthdateBirthDate"/>
            </observationReference>
          </outboundRelationship>
        </observationCriteria>
      </entry>

            <entry typeCode="DRIV">
        <encounterCriteria moodCode="EVN" classCode="ENC">
                    <templateId>
            <item root="2.16.840.1.113883.3.560.1.79" identifierName="encounter, performed template"/>
          </templateId>

          <id>
            <item root="2.16.840.1.113883.3.100.1" extension="OccurrenceAInpatientEncounter57_precondition_3902"/>
          </id>
                    <code xsi:type="CD" valueSet="2.16.840.1.113883.3.117.1.7.1.23">
            <displayName value="Inpatient Encounter"/>
          </code>

                    <text value="Encounter, Performed: Inpatient Encounter"/>
          
          
          <definition>
            <encounterReference moodCode="EVN" classCode="ENC">
              <id root="2.16.840.1.113883.3.100.1" extension="encounter"/>
            </encounterReference>
          </definition>
          
                    <outboundRelationship typeCode="SUBJ">
            <observationCriteria classCode="OBS" moodCode="EVN">
              <code code="183797002" codeSystem="2.16.840.1.113883.6.96" codeSystemName="SNOMED-CT">
                <displayName value="Length of Stay"/> 
              </code>
                <value xsi:type="IVL_PQ">
          <high  value="120" unit="d"/>
  </value>

            </observationCriteria>
          </outboundRelationship>
          <outboundRelationship typeCode="SUBJ">
            <localVariableName controlInformationRoot="" controlInformationExtension="A"/>
            <subsetCode code="SPECIFIC"/>
            <observationReference classCode="OBS" moodCode="EVN">
              <id root="2.16.840.1.113883.3.100.1" extension="OccurrenceAInpatientEncounter57"/>
            </observationReference>
          </outboundRelationship>
          
          
        </encounterCriteria>
      </entry>

            <entry typeCode="DRIV">
        <encounterCriteria moodCode="EVN" classCode="ENC">
                    <templateId>
            <item root="2.16.840.1.113883.3.560.1.79" identifierName="encounter, performed template"/>
          </templateId>

          <id>
            <item root="2.16.840.1.113883.3.100.1" extension="OccurrenceAInpatientEncounter57_precondition_3904"/>
          </id>
                    <code xsi:type="CD" valueSet="2.16.840.1.113883.3.117.1.7.1.23">
            <displayName value="Inpatient Encounter"/>
          </code>

                    <text value="Encounter, Performed: Inpatient Encounter"/>
          
          
          <definition>
            <encounterReference moodCode="EVN" classCode="ENC">
              <id root="2.16.840.1.113883.3.100.1" extension="encounter"/>
            </encounterReference>
          </definition>
                    <temporallyRelatedInformation typeCode="DURING">
                        <observationReference moodCode="EVN" classCode="OBS">
              <id root="2.16.840.1.113883.3.100.1" extension="MeasurePeriod"/>
            </observationReference>

          </temporallyRelatedInformation>

                    <outboundRelationship typeCode="SUBJ">
            <observationCriteria classCode="OBS" moodCode="EVN">
              <code code="442864001" codeSystem="2.16.840.1.113883.6.96" codeSystemName="SNOMED-CT">
                <displayName value="Discharge Date/Time"/> 
              </code>
                <value xsi:type="ANY" nullFlavor="NI"/>

            </observationCriteria>
          </outboundRelationship>
          <outboundRelationship typeCode="SUBJ">
            <localVariableName controlInformationRoot="" controlInformationExtension="A"/>
            <subsetCode code="SPECIFIC"/>
            <observationReference classCode="OBS" moodCode="EVN">
              <id root="2.16.840.1.113883.3.100.1" extension="OccurrenceAInpatientEncounter57"/>
            </observationReference>
          </outboundRelationship>
          
          
        </encounterCriteria>
      </entry>

            <entry typeCode="DRIV">
        <encounterCriteria moodCode="EVN" classCode="ENC">
                    <templateId>
            <item root="2.16.840.1.113883.3.560.1.79" identifierName="encounter, performed template"/>
          </templateId>

          <id>
            <item root="2.16.840.1.113883.3.100.1" extension="OccurrenceAInpatientEncounter57_precondition_3911"/>
          </id>
                    <code xsi:type="CD" valueSet="2.16.840.1.113883.3.117.1.7.1.23">
            <displayName value="Inpatient Encounter"/>
          </code>

                    <text value="Encounter, Performed: Inpatient Encounter"/>
          
          
          <definition>
            <encounterReference moodCode="EVN" classCode="ENC">
              <id root="2.16.840.1.113883.3.100.1" extension="encounter"/>
            </encounterReference>
          </definition>
          
                    <outboundRelationship typeCode="SUBJ">
            <localVariableName controlInformationRoot="" controlInformationExtension="A"/>
            <subsetCode code="SPECIFIC"/>
            <observationReference classCode="OBS" moodCode="EVN">
              <id root="2.16.840.1.113883.3.100.1" extension="OccurrenceAInpatientEncounter57"/>
            </observationReference>
          </outboundRelationship>
          
          
        </encounterCriteria>
      </entry>

            <entry typeCode="DRIV">
        <observationCriteria  moodCode="EVN" classCode="OBS">
                    <templateId>
            <item root="2.16.840.1.113883.3.560.1.2" identifierName="diagnosis, active template"/>
          </templateId>

          <id>
            <item root="2.16.840.1.113883.3.100.1" extension="DiagnosisActiveIschemicStroke_precondition_3906"/>
          </id>
                    <text value="Diagnosis, Active: Ischemic Stroke"/>
          <statusCode code="active"/>
          
          
                    <value xsi:type="CD" valueSet="2.16.840.1.113883.3.117.1.7.1.247">
            <displayName value="Ischemic Stroke"/>
          </value>

          <definition>
            <observationReference moodCode="EVN" classCode="OBS">
              <id root="2.16.840.1.113883.3.100.1" extension="diagnosis"/>
            </observationReference>
          </definition>
                    <temporallyRelatedInformation typeCode="SDU">
                        <encounterReference moodCode="EVN" classCode="ENC">
              <id root="2.16.840.1.113883.3.100.1" extension="OccurrenceAInpatientEncounter57_precondition_3911"/>
            </encounterReference>

          </temporallyRelatedInformation>

                    <outboundRelationship typeCode="SUBJ">
            <observationCriteria classCode="OBS" moodCode="EVN">
              <code code="117363000" codeSystem="2.16.840.1.113883.6.96" codeSystemName="SNOMED-CT">
                <displayName value="Ordinal"/> 
              </code>
                <value xsi:type="CD" valueSet="2.16.840.1.113883.3.117.2.7.1.14">
     <displayName value="Principal Diagnosis"/>
  </value>

            </observationCriteria>
          </outboundRelationship>
          <outboundRelationship typeCode="SUBJ">
            <subsetCode code="SOURCE"/>
            <observationReference classCode="OBS" moodCode="EVN">
              <id root="2.16.840.1.113883.3.100.1" extension="DiagnosisActiveIschemicStroke"/>
            </observationReference>
          </outboundRelationship>
          
          
        </observationCriteria>
      </entry>

            <entry typeCode="DRIV">
        <observationCriteria  moodCode="EVN" classCode="OBS">
                    <templateId>
            <item root="2.16.840.1.113883.3.560.1.2" identifierName="diagnosis, active template"/>
          </templateId>

          <id>
            <item root="2.16.840.1.113883.3.100.1" extension="DiagnosisActiveHemorrhagicStroke_precondition_3908"/>
          </id>
                    <text value="Diagnosis, Active: Hemorrhagic Stroke"/>
          <statusCode code="active"/>
          
          
                    <value xsi:type="CD" valueSet="2.16.840.1.113883.3.117.1.7.1.212">
            <displayName value="Hemorrhagic Stroke"/>
          </value>

          <definition>
            <observationReference moodCode="EVN" classCode="OBS">
              <id root="2.16.840.1.113883.3.100.1" extension="diagnosis"/>
            </observationReference>
          </definition>
                    <temporallyRelatedInformation typeCode="SDU">
                        <encounterReference moodCode="EVN" classCode="ENC">
              <id root="2.16.840.1.113883.3.100.1" extension="OccurrenceAInpatientEncounter57_precondition_3911"/>
            </encounterReference>

          </temporallyRelatedInformation>

                    <outboundRelationship typeCode="SUBJ">
            <observationCriteria classCode="OBS" moodCode="EVN">
              <code code="117363000" codeSystem="2.16.840.1.113883.6.96" codeSystemName="SNOMED-CT">
                <displayName value="Ordinal"/> 
              </code>
                <value xsi:type="CD" valueSet="2.16.840.1.113883.3.117.2.7.1.14">
     <displayName value="Principal Diagnosis"/>
  </value>

            </observationCriteria>
          </outboundRelationship>
          <outboundRelationship typeCode="SUBJ">
            <subsetCode code="SOURCE"/>
            <observationReference classCode="OBS" moodCode="EVN">
              <id root="2.16.840.1.113883.3.100.1" extension="DiagnosisActiveHemorrhagicStroke"/>
            </observationReference>
          </outboundRelationship>
          
          
        </observationCriteria>
      </entry>

            <entry typeCode="DRIV">
        <observationCriteria moodCode="EVN" classCode="OBS">
                    <templateId>
            <item root="2.16.840.1.113883.3.560.1.25" identifierName="patient characteristic, birthdate template"/>
            <item root="2.16.840.1.113883.3.100.1.1" identifierName="Source data criteria template"/>
          </templateId>

          <id>
            <item root="2.16.840.1.113883.3.100.1" extension="PatientCharacteristicBirthdateBirthDate"/>
          </id>
                    <code codeSystemName="LOINC" codeSystem="2.16.840.1.113883.6.1"
            code="21112-8">
            <displayName value="birth date"/>
          </code>

                    <text value="Patient Characteristic Birthdate: birth date"/>
          
          <definition>
            <observationReference moodCode="EVN" classCode="OBS">
              <id root="2.16.840.1.113883.3.100.1" extension="patient_characteristic_birthdate"/>
            </observationReference>
          </definition>
          
                    <outboundRelationship typeCode="SUBJ">
            <subsetCode code="SOURCE"/>
            <observationReference classCode="OBS" moodCode="EVN">
              <id root="2.16.840.1.113883.3.100.1" extension="PatientCharacteristicBirthdateBirthDate"/>
            </observationReference>
          </outboundRelationship>
        </observationCriteria>
      </entry>

            <entry typeCode="DRIV">
        <observationCriteria  moodCode="EVN" classCode="OBS">
                    <templateId>
            <item root="2.16.840.1.113883.3.560.1.2" identifierName="diagnosis, active template"/>
            <item root="2.16.840.1.113883.3.100.1.1" identifierName="Source data criteria template"/>
          </templateId>

          <id>
            <item root="2.16.840.1.113883.3.100.1" extension="DiagnosisActiveHemorrhagicStroke"/>
          </id>
                    <text value="Diagnosis, Active: Hemorrhagic Stroke"/>
          <statusCode code="active"/>
          
          
                    <value xsi:type="CD" valueSet="2.16.840.1.113883.3.117.1.7.1.212">
            <displayName value="Hemorrhagic Stroke"/>
          </value>

          <definition>
            <observationReference moodCode="EVN" classCode="OBS">
              <id root="2.16.840.1.113883.3.100.1" extension="diagnosis"/>
            </observationReference>
          </definition>
          
                    <outboundRelationship typeCode="SUBJ">
            <subsetCode code="SOURCE"/>
            <observationReference classCode="OBS" moodCode="EVN">
              <id root="2.16.840.1.113883.3.100.1" extension="DiagnosisActiveHemorrhagicStroke"/>
            </observationReference>
          </outboundRelationship>
          
          
        </observationCriteria>
      </entry>

            <entry typeCode="DRIV">
        <observationCriteria moodCode="EVN" classCode="OBS">
                    <templateId>
            <item root="2.16.840.1.113883.3.560.1.31" identifierName="communication, from provider to patient template"/>
            <item root="2.16.840.1.113883.3.100.1.1" identifierName="Source data criteria template"/>
          </templateId>

          <id>
            <item root="2.16.840.1.113883.3.100.1" extension="CommunicationFromProviderToPatientActivationOfEmergencyMedicalSystemEducation"/>
          </id>
                    <code xsi:type="CD" valueSet="2.16.840.1.113883.3.117.1.7.1.377">
            <displayName value="Activation of Emergency Medical System Education"/>
          </code>

                    <text value="Communication: From Provider to Patient: Activation of Emergency Medical System Education"/>
          
          
          
          <definition>
            <observationReference moodCode="EVN" classCode="OBS">
              <id root="2.16.840.1.113883.3.100.1" extension="communication_from_provider_to_patient"/>
            </observationReference>
          </definition>
          
                    <outboundRelationship typeCode="SUBJ">
            <subsetCode code="SOURCE"/>
            <observationReference classCode="OBS" moodCode="EVN">
              <id root="2.16.840.1.113883.3.100.1" extension="CommunicationFromProviderToPatientActivationOfEmergencyMedicalSystemEducation"/>
            </observationReference>
          </outboundRelationship>
          
          
        </observationCriteria>
      </entry>

            <entry typeCode="DRIV">
        <observationCriteria moodCode="EVN" classCode="OBS">
                    <templateId>
            <item root="2.16.840.1.113883.3.560.1.31" identifierName="communication, from provider to patient template"/>
            <item root="2.16.840.1.113883.3.100.1.1" identifierName="Source data criteria template"/>
          </templateId>

          <id>
            <item root="2.16.840.1.113883.3.100.1" extension="CommunicationFromProviderToPatientInstructionsForFollowUpAfterDischarge"/>
          </id>
                    <code xsi:type="CD" valueSet="2.16.840.1.113883.3.117.1.7.1.378">
            <displayName value="Instructions for Follow Up After Discharge"/>
          </code>

                    <text value="Communication: From Provider to Patient: Instructions for Follow Up After Discharge"/>
          
          
          
          <definition>
            <observationReference moodCode="EVN" classCode="OBS">
              <id root="2.16.840.1.113883.3.100.1" extension="communication_from_provider_to_patient"/>
            </observationReference>
          </definition>
          
                    <outboundRelationship typeCode="SUBJ">
            <subsetCode code="SOURCE"/>
            <observationReference classCode="OBS" moodCode="EVN">
              <id root="2.16.840.1.113883.3.100.1" extension="CommunicationFromProviderToPatientInstructionsForFollowUpAfterDischarge"/>
            </observationReference>
          </outboundRelationship>
          
          
        </observationCriteria>
      </entry>

            <entry typeCode="DRIV">
        <observationCriteria moodCode="EVN" classCode="OBS">
                    <templateId>
            <item root="2.16.840.1.113883.3.560.1.31" identifierName="communication, from provider to patient template"/>
            <item root="2.16.840.1.113883.3.100.1.1" identifierName="Source data criteria template"/>
          </templateId>

          <id>
            <item root="2.16.840.1.113883.3.100.1" extension="CommunicationFromProviderToPatientPrescribedMedicationsEducation"/>
          </id>
                    <code xsi:type="CD" valueSet="2.16.840.1.113883.3.117.1.7.1.379">
            <displayName value="Prescribed Medications Education"/>
          </code>

                    <text value="Communication: From Provider to Patient: Prescribed Medications Education"/>
          
          
          
          <definition>
            <observationReference moodCode="EVN" classCode="OBS">
              <id root="2.16.840.1.113883.3.100.1" extension="communication_from_provider_to_patient"/>
            </observationReference>
          </definition>
          
                    <outboundRelationship typeCode="SUBJ">
            <subsetCode code="SOURCE"/>
            <observationReference classCode="OBS" moodCode="EVN">
              <id root="2.16.840.1.113883.3.100.1" extension="CommunicationFromProviderToPatientPrescribedMedicationsEducation"/>
            </observationReference>
          </outboundRelationship>
          
          
        </observationCriteria>
      </entry>

            <entry typeCode="DRIV">
        <observationCriteria moodCode="EVN" classCode="OBS">
                    <templateId>
            <item root="2.16.840.1.113883.3.560.1.31" identifierName="communication, from provider to patient template"/>
            <item root="2.16.840.1.113883.3.100.1.1" identifierName="Source data criteria template"/>
          </templateId>

          <id>
            <item root="2.16.840.1.113883.3.100.1" extension="CommunicationFromProviderToPatientRiskFactorsEducation"/>
          </id>
                    <code xsi:type="CD" valueSet="2.16.840.1.113883.3.117.1.7.1.380">
            <displayName value="Risk Factors Education"/>
          </code>

                    <text value="Communication: From Provider to Patient: Risk Factors Education"/>
          
          
          
          <definition>
            <observationReference moodCode="EVN" classCode="OBS">
              <id root="2.16.840.1.113883.3.100.1" extension="communication_from_provider_to_patient"/>
            </observationReference>
          </definition>
          
                    <outboundRelationship typeCode="SUBJ">
            <subsetCode code="SOURCE"/>
            <observationReference classCode="OBS" moodCode="EVN">
              <id root="2.16.840.1.113883.3.100.1" extension="CommunicationFromProviderToPatientRiskFactorsEducation"/>
            </observationReference>
          </outboundRelationship>
          
          
        </observationCriteria>
      </entry>

            <entry typeCode="DRIV">
        <observationCriteria moodCode="EVN" classCode="OBS">
                    <templateId>
            <item root="2.16.840.1.113883.3.560.1.31" identifierName="communication, from provider to patient template"/>
            <item root="2.16.840.1.113883.3.100.1.1" identifierName="Source data criteria template"/>
          </templateId>

          <id>
            <item root="2.16.840.1.113883.3.100.1" extension="CommunicationFromProviderToPatientWarningSignsAndSymptomsEducation"/>
          </id>
                    <code xsi:type="CD" valueSet="2.16.840.1.113883.3.117.1.7.1.381">
            <displayName value="Warning Signs and Symptoms Education"/>
          </code>

                    <text value="Communication: From Provider to Patient: Warning Signs and Symptoms Education"/>
          
          
          
          <definition>
            <observationReference moodCode="EVN" classCode="OBS">
              <id root="2.16.840.1.113883.3.100.1" extension="communication_from_provider_to_patient"/>
            </observationReference>
          </definition>
          
                    <outboundRelationship typeCode="SUBJ">
            <subsetCode code="SOURCE"/>
            <observationReference classCode="OBS" moodCode="EVN">
              <id root="2.16.840.1.113883.3.100.1" extension="CommunicationFromProviderToPatientWarningSignsAndSymptomsEducation"/>
            </observationReference>
          </outboundRelationship>
          
          
        </observationCriteria>
      </entry>

            <entry typeCode="DRIV">
        <encounterCriteria moodCode="EVN" classCode="ENC">
                    <templateId>
            <item root="2.16.840.1.113883.3.560.1.79" identifierName="encounter, performed template"/>
            <item root="2.16.840.1.113883.3.100.1.1" identifierName="Source data criteria template"/>
          </templateId>

          <id>
            <item root="2.16.840.1.113883.3.100.1" extension="EncounterPerformedInpatientEncounter"/>
          </id>
                    <code xsi:type="CD" valueSet="2.16.840.1.113883.3.117.1.7.1.23">
            <displayName value="Inpatient Encounter"/>
          </code>

                    <text value="Encounter, Performed: Inpatient Encounter"/>
          
          
          <definition>
            <encounterReference moodCode="EVN" classCode="ENC">
              <id root="2.16.840.1.113883.3.100.1" extension="encounter"/>
            </encounterReference>
          </definition>
          
                    <outboundRelationship typeCode="SUBJ">
            <subsetCode code="SOURCE"/>
            <observationReference classCode="OBS" moodCode="EVN">
              <id root="2.16.840.1.113883.3.100.1" extension="EncounterPerformedInpatientEncounter"/>
            </observationReference>
          </outboundRelationship>
          
          
        </encounterCriteria>
      </entry>

            <entry typeCode="DRIV">
        <observationCriteria  moodCode="EVN" classCode="OBS">
                    <templateId>
            <item root="2.16.840.1.113883.3.560.1.2" identifierName="diagnosis, active template"/>
            <item root="2.16.840.1.113883.3.100.1.1" identifierName="Source data criteria template"/>
          </templateId>

          <id>
            <item root="2.16.840.1.113883.3.100.1" extension="DiagnosisActiveIschemicStroke"/>
          </id>
                    <text value="Diagnosis, Active: Ischemic Stroke"/>
          <statusCode code="active"/>
          
          
                    <value xsi:type="CD" valueSet="2.16.840.1.113883.3.117.1.7.1.247">
            <displayName value="Ischemic Stroke"/>
          </value>

          <definition>
            <observationReference moodCode="EVN" classCode="OBS">
              <id root="2.16.840.1.113883.3.100.1" extension="diagnosis"/>
            </observationReference>
          </definition>
          
                    <outboundRelationship typeCode="SUBJ">
            <subsetCode code="SOURCE"/>
            <observationReference classCode="OBS" moodCode="EVN">
              <id root="2.16.840.1.113883.3.100.1" extension="DiagnosisActiveIschemicStroke"/>
            </observationReference>
          </outboundRelationship>
          
          
        </observationCriteria>
      </entry>

            <entry typeCode="DRIV">
        <procedureCriteria moodCode="EVN" classCode="PROC">
                    <templateId>
            <item root="2.16.840.1.113883.3.560.1.45" identifierName="intervention, order template"/>
            <item root="2.16.840.1.113883.3.100.1.1" identifierName="Source data criteria template"/>
          </templateId>

          <id>
            <item root="2.16.840.1.113883.3.100.1" extension="InterventionOrderPalliativeCare"/>
          </id>
                    <code xsi:type="CD" valueSet="2.16.840.1.113883.3.526.2.1076">
            <displayName value="Palliative Care"/>
          </code>

                    <text value="Intervention, Order: Palliative Care"/>
          <statusCode code="ordered"/>
          
          
          <definition>
            <procedureReference moodCode="EVN" classCode="PROC">
              <id root="2.16.840.1.113883.3.100.1" extension="intervention"/>
            </procedureReference>
          </definition>
          
                    <outboundRelationship typeCode="SUBJ">
            <subsetCode code="SOURCE"/>
            <observationReference classCode="OBS" moodCode="EVN">
              <id root="2.16.840.1.113883.3.100.1" extension="InterventionOrderPalliativeCare"/>
            </observationReference>
          </outboundRelationship>
          
          
        </procedureCriteria>
      </entry>

            <entry typeCode="DRIV">
        <procedureCriteria moodCode="EVN" classCode="PROC">
                    <templateId>
            <item root="2.16.840.1.113883.3.560.1.46" identifierName="intervention, performed template"/>
            <item root="2.16.840.1.113883.3.100.1.1" identifierName="Source data criteria template"/>
          </templateId>

          <id>
            <item root="2.16.840.1.113883.3.100.1" extension="InterventionPerformedPalliativeCare"/>
          </id>
                    <code xsi:type="CD" valueSet="2.16.840.1.113883.3.526.2.1076">
            <displayName value="Palliative Care"/>
          </code>

                    <text value="Intervention, Performed: Palliative Care"/>
          <statusCode code="performed"/>
          
          
          <definition>
            <procedureReference moodCode="EVN" classCode="PROC">
              <id root="2.16.840.1.113883.3.100.1" extension="intervention"/>
            </procedureReference>
          </definition>
          
                    <outboundRelationship typeCode="SUBJ">
            <subsetCode code="SOURCE"/>
            <observationReference classCode="OBS" moodCode="EVN">
              <id root="2.16.840.1.113883.3.100.1" extension="InterventionPerformedPalliativeCare"/>
            </observationReference>
          </outboundRelationship>
          
          
        </procedureCriteria>
      </entry>

            <entry typeCode="DRIV">
        <observationCriteria moodCode="EVN" classCode="OBS">
                    <templateId>
            <item root="2.16.840.1.113883.3.560.1.31" identifierName="communication, from provider to patient template"/>
            <item root="2.16.840.1.113883.3.100.1.1" identifierName="Source data criteria template"/>
          </templateId>

          <id>
            <item root="2.16.840.1.113883.3.100.1" extension="CommunicationFromProviderToPatientWrittenInformationGiven"/>
          </id>
                    <code xsi:type="CD" valueSet="2.16.840.1.113883.3.117.1.7.1.415">
            <displayName value="Written Information Given"/>
          </code>

                    <text value="Communication: From Provider to Patient: Written Information Given"/>
          
          
          
          <definition>
            <observationReference moodCode="EVN" classCode="OBS">
              <id root="2.16.840.1.113883.3.100.1" extension="communication_from_provider_to_patient"/>
            </observationReference>
          </definition>
          
                    <outboundRelationship typeCode="SUBJ">
            <subsetCode code="SOURCE"/>
            <observationReference classCode="OBS" moodCode="EVN">
              <id root="2.16.840.1.113883.3.100.1" extension="CommunicationFromProviderToPatientWrittenInformationGiven"/>
            </observationReference>
          </outboundRelationship>
          
          
        </observationCriteria>
      </entry>

            <entry typeCode="DRIV">
        <encounterCriteria moodCode="EVN" classCode="ENC">
                    <templateId>
            <item root="2.16.840.1.113883.3.560.1.79" identifierName="encounter, performed template"/>
            <item root="2.16.840.1.113883.3.100.1.1" identifierName="Source data criteria template"/>
          </templateId>

          <id>
            <item root="2.16.840.1.113883.3.100.1" extension="EncounterPerformedEmergencyDepartmentVisit"/>
          </id>
                    <code xsi:type="CD" valueSet="2.16.840.1.113883.3.117.1.7.1.292">
            <displayName value="Emergency Department Visit"/>
          </code>

                    <text value="Encounter, Performed: Emergency Department Visit"/>
          
          
          <definition>
            <encounterReference moodCode="EVN" classCode="ENC">
              <id root="2.16.840.1.113883.3.100.1" extension="encounter"/>
            </encounterReference>
          </definition>
          
                    <outboundRelationship typeCode="SUBJ">
            <subsetCode code="SOURCE"/>
            <observationReference classCode="OBS" moodCode="EVN">
              <id root="2.16.840.1.113883.3.100.1" extension="EncounterPerformedEmergencyDepartmentVisit"/>
            </observationReference>
          </outboundRelationship>
          
          
        </encounterCriteria>
      </entry>

            <entry typeCode="DRIV">
        <observationCriteria moodCode="EVN" classCode="OBS" actionNegationInd='true'>
                    <templateId>
            <item root="2.16.840.1.113883.3.560.1.131" identifierName="communication, from provider to patient template"/>
            <item root="2.16.840.1.113883.3.100.1.1" identifierName="Source data criteria template"/>
          </templateId>

          <id>
            <item root="2.16.840.1.113883.3.100.1" extension="CommunicationFromProviderToPatientNotDonePatientRefusal"/>
          </id>
                    <code xsi:type="CD" valueSet="2.16.840.1.113883.3.117.1.7.1.93">
            <displayName value="Patient Refusal"/>
          </code>

                    <text value="Communication: From Provider to Patient not done: Patient Refusal"/>
          
          
          
          <definition>
            <observationReference moodCode="EVN" classCode="OBS">
              <id root="2.16.840.1.113883.3.100.1" extension="communication_from_provider_to_patient"/>
            </observationReference>
          </definition>
          
                    <outboundRelationship typeCode="SUBJ">
            <subsetCode code="SOURCE"/>
            <observationReference classCode="OBS" moodCode="EVN">
              <id root="2.16.840.1.113883.3.100.1" extension="CommunicationFromProviderToPatientNotDonePatientRefusal"/>
            </observationReference>
          </outboundRelationship>
          
          
        </observationCriteria>
      </entry>

            <entry typeCode="DRIV">
        <encounterCriteria moodCode="EVN" classCode="ENC">
                    <templateId>
            <item root="2.16.840.1.113883.3.560.1.79" identifierName="encounter, performed template"/>
            <item root="2.16.840.1.113883.3.100.1.1" identifierName="Source data criteria template"/>
          </templateId>

          <id>
            <item root="2.16.840.1.113883.3.100.1" extension="OccurrenceAInpatientEncounter57"/>
          </id>
                    <code xsi:type="CD" valueSet="2.16.840.1.113883.3.117.1.7.1.23">
            <displayName value="Inpatient Encounter"/>
          </code>

                    <text value="Encounter, Performed: Inpatient Encounter"/>
          
          
          <definition>
            <encounterReference moodCode="EVN" classCode="ENC">
              <id root="2.16.840.1.113883.3.100.1" extension="encounter"/>
            </encounterReference>
          </definition>
          
                    <outboundRelationship typeCode="SUBJ">
            <localVariableName controlInformationRoot="" controlInformationExtension="A"/>
            <subsetCode code="SPECIFIC"/>
            <observationReference classCode="OBS" moodCode="EVN">
              <id root="2.16.840.1.113883.3.100.1" extension="OccurrenceAInpatientEncounter57"/>
            </observationReference>
          </outboundRelationship>
          
          
        </encounterCriteria>
      </entry>

            <entry typeCode="DRIV">
        <encounterCriteria moodCode="EVN" classCode="ENC">
                    <templateId>
            <item root="2.16.840.1.113883.3.560.1.79" identifierName="encounter, performed template"/>
            <item root="2.16.840.1.113883.3.100.1.1" identifierName="Source data criteria template"/>
          </templateId>

          <id>
            <item root="2.16.840.1.113883.3.100.1" extension="OccurrenceAEmergencyDepartmentVisit58"/>
          </id>
                    <code xsi:type="CD" valueSet="2.16.840.1.113883.3.117.1.7.1.292">
            <displayName value="Emergency Department Visit"/>
          </code>

                    <text value="Encounter, Performed: Emergency Department Visit"/>
          
          
          <definition>
            <encounterReference moodCode="EVN" classCode="ENC">
              <id root="2.16.840.1.113883.3.100.1" extension="encounter"/>
            </encounterReference>
          </definition>
          
                    <outboundRelationship typeCode="SUBJ">
            <localVariableName controlInformationRoot="" controlInformationExtension="A"/>
            <subsetCode code="SPECIFIC"/>
            <observationReference classCode="OBS" moodCode="EVN">
              <id root="2.16.840.1.113883.3.100.1" extension="OccurrenceAEmergencyDepartmentVisit58"/>
            </observationReference>
          </outboundRelationship>
          
          
        </encounterCriteria>
      </entry>

    </dataCriteriaSection>
  </component>
  <component>
    <populationCriteriaSection>
      <id root="2.16.840.1.113883.3.100.1" extension="Population0"/>
      <code code="57026-7" codeSystem="2.16.840.1.113883.6.1"/>
      <title value=""/>
      <text>This section describes the Initial Patient Population,
        Numerator, Denominator, Denominator Exceptions, and Measure
        Populations</text>
            <component typeCode="COMP">
        <patientPopulationCriteria  classCode="OBS" moodCode="EVN">
          <id root="c75181d0-73eb-11de-8a39-0800200c9a66"
            extension="FC9D36CE-323A-4B82-ADD5-EB60224DDE3C"/>
          <code codeSystem="2.16.840.1.113883.5.1063"
              codeSystemName="HL7 Observation Value"
              code="IPP">
            <displayName value="Initial Patient Population"/>
          </code>
          <isCriterionInd value="true"/>
          <precondition typeCode="PRCN">
  <allTrue>
    <id/>
    <precondition typeCode="PRCN">
    <observationReference moodCode="EVN" classCode="OBS">
      <id root="2.16.840.1.113883.3.100.1" extension="PatientCharacteristicBirthdateBirthDate_precondition_3900"/>
    </observationReference>
</precondition>
    <precondition typeCode="PRCN">
    <encounterReference moodCode="EVN" classCode="ENC">
      <id root="2.16.840.1.113883.3.100.1" extension="OccurrenceAInpatientEncounter57_precondition_3902"/>
    </encounterReference>
</precondition>
    <precondition typeCode="PRCN">
    <encounterReference moodCode="EVN" classCode="ENC">
      <id root="2.16.840.1.113883.3.100.1" extension="OccurrenceAInpatientEncounter57_precondition_3904"/>
    </encounterReference>
</precondition>
    <precondition typeCode="PRCN">
  <atLeastOneTrue>
    <id/>
    <precondition typeCode="PRCN">
    <observationReference moodCode="EVN" classCode="OBS">
      <id root="2.16.840.1.113883.3.100.1" extension="DiagnosisActiveIschemicStroke_precondition_3906"/>
    </observationReference>
</precondition>
    <precondition typeCode="PRCN">
    <observationReference moodCode="EVN" classCode="OBS">
      <id root="2.16.840.1.113883.3.100.1" extension="DiagnosisActiveHemorrhagicStroke_precondition_3908"/>
    </observationReference>
</precondition>
  </atLeastOneTrue>
</precondition>
  </allTrue>
</precondition>
        </patientPopulationCriteria>
      </component>

            <component typeCode="COMP">
        <denominatorCriteria  classCode="OBS" moodCode="EVN">
          <id root="c75181d0-73eb-11de-8a39-0800200c9a66"
            extension="74B86972-A5C4-401B-9161-43BD056E88E2"/>
          <code codeSystem="2.16.840.1.113883.5.1063"
              codeSystemName="HL7 Observation Value"
              code="DENOM">
            <displayName value="Denominator"/>
          </code>
          <isCriterionInd value="true"/>
          <precondition typeCode="PRCN">
  <allTrue>
    <id/>
    <precondition typeCode="PRCN">
    <encounterReference moodCode="EVN" classCode="ENC">
      <id root="2.16.840.1.113883.3.100.1" extension="OccurrenceAInpatientEncounter57_precondition_3897"/>
    </encounterReference>
</precondition>
  </allTrue>
</precondition>
        </denominatorCriteria>
      </component>

            <component typeCode="COMP">
        <numeratorCriteria  classCode="OBS" moodCode="EVN">
          <id root="c75181d0-73eb-11de-8a39-0800200c9a66"
            extension="7A7BD2FB-3BF6-4885-8ACE-9E7BC7D8FFE4"/>
          <code codeSystem="2.16.840.1.113883.5.1063"
              codeSystemName="HL7 Observation Value"
              code="NUMER">
            <displayName value="Numerator"/>
          </code>
          <isCriterionInd value="true"/>
          <precondition typeCode="PRCN">
  <allTrue>
    <id/>
    <precondition typeCode="PRCN">
  <atLeastOneTrue>
    <id/>
    <precondition typeCode="PRCN">
    <observationReference moodCode="EVN" classCode="OBS">
      <id root="2.16.840.1.113883.3.100.1" extension="CommunicationFromProviderToPatientWrittenInformationGiven_precondition_3877"/>
    </observationReference>
</precondition>
    <precondition typeCode="PRCN">
  <allTrue>
    <id/>
    <precondition typeCode="PRCN">
    <observationReference moodCode="EVN" classCode="OBS">
      <id root="2.16.840.1.113883.3.100.1" extension="CommunicationFromProviderToPatientActivationOfEmergencyMedicalSystemEducation_precondition_3879"/>
    </observationReference>
</precondition>
    <precondition typeCode="PRCN">
    <observationReference moodCode="EVN" classCode="OBS">
      <id root="2.16.840.1.113883.3.100.1" extension="CommunicationFromProviderToPatientInstructionsForFollowUpAfterDischarge_precondition_3881"/>
    </observationReference>
</precondition>
    <precondition typeCode="PRCN">
    <observationReference moodCode="EVN" classCode="OBS">
      <id root="2.16.840.1.113883.3.100.1" extension="CommunicationFromProviderToPatientPrescribedMedicationsEducation_precondition_3883"/>
    </observationReference>
</precondition>
    <precondition typeCode="PRCN">
    <observationReference moodCode="EVN" classCode="OBS">
      <id root="2.16.840.1.113883.3.100.1" extension="CommunicationFromProviderToPatientRiskFactorsEducation_precondition_3885"/>
    </observationReference>
</precondition>
    <precondition typeCode="PRCN">
    <observationReference moodCode="EVN" classCode="OBS">
      <id root="2.16.840.1.113883.3.100.1" extension="CommunicationFromProviderToPatientWarningSignsAndSymptomsEducation_precondition_3887"/>
    </observationReference>
</precondition>
    <precondition typeCode="PRCN">
    <observationReference moodCode="EVN" classCode="OBS">
      <id root="2.16.840.1.113883.3.100.1" extension="CommunicationFromProviderToPatientWrittenInformationGiven_precondition_3889"/>
    </observationReference>
</precondition>
  </allTrue>
</precondition>
  </atLeastOneTrue>
</precondition>
  </allTrue>
</precondition>
        </numeratorCriteria>
      </component>

      
            <component typeCode="COMP">
        <denominatorExclusionCriteria  classCode="OBS" moodCode="EVN">
          <id root="c75181d0-73eb-11de-8a39-0800200c9a66"
            extension="15CC8580-9BE2-4634-9D89-4CD10ADEA358"/>
          <code codeSystem="2.16.840.1.113883.5.1063"
              codeSystemName="HL7 Observation Value"
              code="DENEX">
            <displayName value="Denominator"/>
          </code>
          <isCriterionInd value="true"/>
          <precondition typeCode="PRCN">
  <allTrue>
    <id/>
    <precondition typeCode="PRCN">
  <atLeastOneTrue>
    <id/>
    <precondition typeCode="PRCN">
    <encounterReference moodCode="EVN" classCode="ENC">
      <id root="2.16.840.1.113883.3.100.1" extension="OccurrenceAInpatientEncounter57_precondition_3853"/>
    </encounterReference>
</precondition>
    <precondition typeCode="PRCN">
  <allTrue>
    <id/>
    <precondition typeCode="PRCN">
    <encounterReference moodCode="EVN" classCode="ENC">
      <id root="2.16.840.1.113883.3.100.1" extension="OccurrenceAInpatientEncounter57_precondition_3856"/>
    </encounterReference>
</precondition>
    <precondition typeCode="PRCN">
  <atLeastOneTrue>
    <id/>
    <precondition typeCode="PRCN">
    <observationReference moodCode="EVN" classCode="OBS">
      <id root="2.16.840.1.113883.3.100.1" extension="InterventionOrderPalliativeCare_precondition_3858"/>
    </observationReference>
</precondition>
    <precondition typeCode="PRCN">
    <observationReference moodCode="EVN" classCode="OBS">
      <id root="2.16.840.1.113883.3.100.1" extension="InterventionPerformedPalliativeCare_precondition_3860"/>
    </observationReference>
</precondition>
  </atLeastOneTrue>
</precondition>
  </allTrue>
</precondition>
    <precondition typeCode="PRCN">
  <atLeastOneTrue>
    <id/>
    <precondition typeCode="PRCN">
    <observationReference moodCode="EVN" classCode="OBS">
      <id root="2.16.840.1.113883.3.100.1" extension="InterventionOrderPalliativeCare_precondition_3867"/>
    </observationReference>
</precondition>
    <precondition typeCode="PRCN">
    <observationReference moodCode="EVN" classCode="OBS">
      <id root="2.16.840.1.113883.3.100.1" extension="InterventionPerformedPalliativeCare_precondition_3869"/>
    </observationReference>
</precondition>
  </atLeastOneTrue>
</precondition>
  </atLeastOneTrue>
</precondition>
  </allTrue>
</precondition>
        </denominatorExclusionCriteria>
      </component>

    </populationCriteriaSection>
  </component>
</QualityMeasureDocument>
