<?xml version="1.0" encoding="UTF-8"?>
<?xml-stylesheet type="text/xsl" href="xslt/eMeasure.xsl"?>
<QualityMeasureDocument xmlns:xsi="http://www.w3.org/2001/XMLSchema-instance" xmlns="urn:hl7-org:v3">
         
      <!--
         **************************************************************   
         Measure Header Section
         **************************************************************
      --><typeId root="2.16.840.1.113883.1.3" extension="POQM_HD000001"/>
   <id root="8a4d92b2-3a00-2a25-013a-0dd50ce621d8"/>
   <code code="57024-2" codeSystem="2.16.840.1.113883.6.1" displayName="Health Quality Measure Document"/>
   <title>Stroke Education</title>
   <text>Ischemic or hemorrhagic stroke patients or their caregivers who were given educational materials during the hospital stay addressing all of the following: activation of emergency medical system, need for follow-up after discharge, medications prescribed at discharge, risk factors for stroke, and warning signs and symptoms of stroke.</text>
   <statusCode code="Complete"/>
   <setId root="217fdf0d-3d64-4720-9116-d5e5afa27f2c"/>
   <versionNumber value="1"/>
   <author typeCode="AUT">
      <assignedPerson classCode="ASSIGNED">
         <representedOrganization classCode="ORG" determinerCode="INSTANCE">
            <id root="1.3.6.1.4.1.33895"/>
            <name>Joint Commission</name>
            <contactParty classCode="CON" nullFlavor="UNK"/>
         </representedOrganization>
      </assignedPerson>
   </author>
   <custodian>
      <assignedPerson classCode="ASSIGNED">
         <representedOrganization classCode="ORG" determinerCode="INSTANCE">
            <id root="1.3.6.1.4.1.33895"/>
            <name>Joint Commission</name>
            <contactParty classCode="CON" nullFlavor="UNK"/>
         </representedOrganization>
      </assignedPerson>
   </custodian>
   <verifier typeCode="VRF">
      <assignedPerson classCode="ASSIGNED">
         <representedOrganization classCode="ORG" determinerCode="INSTANCE">
            <name>National Quality Forum</name>
            <contactParty classCode="CON" nullFlavor="UNK"/>
         </representedOrganization>
      </assignedPerson>
   </verifier>
   <subjectOf>
      <measureAttribute>
         <code code="COPY" codeSystem="2.16.840.1.113883.5.4" displayName="Copyright"/>
         <value xsi:type="ED" mediaType="text/plain">Measure specifications are in the Public Domain&#xD;
&#xD;
LOINC(R) is a registered trademark of the Regenstrief Institute.&#xD;
&#xD;
This material contains SNOMED Clinical Terms (R) (SNOMED CT(c) ) copyright 2004-–2010 International Health Terminology Standards Development Organization. All rights reserved.</value>
      </measureAttribute>
   </subjectOf>
   <subjectOf>
      <measureAttribute>
         <code code="MSRSCORE" codeSystem="2.16.840.1.113883.5.4" displayName="Measure Scoring"/>
         <value xsi:type="CD" code="PROPOR" codeSystem="2.16.840.1.113883.1.11.20367" displayName="Proportion"/>
      </measureAttribute>
   </subjectOf>
   <subjectOf>
      <measureAttribute>
         <code code="MSRTYPE" codeSystem="2.16.840.1.113883.5.4" displayName="Measure Type"/>
         <value xsi:type="CD" code="PROCESS" codeSystem="2.16.840.1.113883.1.11.20368" displayName="Process"/>
      </measureAttribute>
   </subjectOf>
   <subjectOf>
      <measureAttribute>
         <code code="STRAT" codeSystem="2.16.840.1.113883.5.4" displayName="Stratification"/>
         <value xsi:type="ED" mediaType="text/plain">None</value>
      </measureAttribute>
   </subjectOf>
   <subjectOf>
      <measureAttribute>
         <code code="MSRADJ" codeSystem="2.16.840.1.113883.5.4" displayName="Risk Adjustment"/>
         <value xsi:type="ED" mediaType="text/plain">None</value>
      </measureAttribute>
   </subjectOf>
   <subjectOf>
      <measureAttribute>
         <code code="MSRAGG" codeSystem="2.16.840.1.113883.5.4" displayName="Rate Aggregation"/>
         <value xsi:type="ED" mediaType="text/plain">None</value>
      </measureAttribute>
   </subjectOf>
   <subjectOf>
      <measureAttribute>
         <code code="RAT" codeSystem="2.16.840.1.113883.5.4" displayName="Rationale"/>
         <value xsi:type="ED" mediaType="text/plain">There are many examples of how patient education programs for specific chronic conditions have increased healthful behaviors, improved health status, and/or decreased health care costs of their participants. Clinical practice guidelines include recommendations for patient and family education during hospitalization as well as information about resources for social support services. Some clinical trials have shown measurable benefits in patient and caregiver outcomes with the application of education and support strategies. The type of stroke experienced and the resulting outcomes will play a large role in determining not only the course of treatment but also what education will be required. Patient education should include information about the event (e.g., cause, treatment, and risk factors), the role of various medications or strategies, as well as desirable lifestyle modifications to reduce risk or improve outcomes. Family/caregivers will also need guidance in planning effective and realistic care strategies appropriate to the patient’s prognosis and potential for rehabilitation.</value>
      </measureAttribute>
   </subjectOf>
   <subjectOf>
      <measureAttribute>
         <code code="CRS" codeSystem="2.16.840.1.113883.3.560" displayName="Clinical Recommendation Statement"/>
         <value xsi:type="ED" mediaType="text/plain">Some clinical trials have shown measurable benefits in patient and caregiver outcomes with the application of education and support strategies. Patient education should include information about the event (e.g., cause, treatment, and risk factors), the role of various medications or strategies, as well as desirable lifestyle modifications to reduce risk or improve outcomes. Family/caregivers will also need guidance in planning effective and realistic care strategies appropriate to the patient’s prognosis and potential for rehabilitation.</value>
      </measureAttribute>
   </subjectOf>
   <subjectOf>
      <measureAttribute>
         <code code="IDUR" codeSystem="2.16.840.1.113883.3.560" displayName="Improvement Notation"/>
         <value xsi:type="ED" mediaType="text/plain">An increase in rate</value>
      </measureAttribute>
   </subjectOf>
   <subjectOf>
      <measureAttribute>
         <code nullFlavor="OTH">
            <originalText>NQF ID Number</originalText>
         </code>
         <value xsi:type="II" root="2.16.840.1.113883.3.560.1" extension="0440"/>
      </measureAttribute>
   </subjectOf>
   <subjectOf>
      <measureAttribute>
         <code code="DISC" codeSystem="2.16.840.1.113883.5.4" displayName="Disclaimer">
            <originalText>Disclaimer</originalText>
         </code>
         <value xsi:type="ED" mediaType="text/plain">None</value>
      </measureAttribute>
   </subjectOf>
   <subjectOf>
      <measureAttribute>
         <code nullFlavor="OTH">
            <originalText>eMeasure Identifier</originalText>
         </code>
         <value xsi:type="ED" mediaType="text/plain">107</value>
      </measureAttribute>
   </subjectOf>
   <subjectOf>
      <measureAttribute>
         <templateId root="2.16.840.1.113883.3.560.1.74"/>
         <id root="f96f745a-be9a-4a53-a1c3-dd96566fb16c"/>
         <code code="MSRTP" displayName="Measurement period" codeSystem="2.16.840.1.113883.3.560"/>
         <value xsi:type="IVL_TS">
            <low value="00000101"/>
            <high value="00001231"/>
         </value>
      </measureAttribute>
   </subjectOf>
   <subjectOf>
      <localVariableName>measureStartDate</localVariableName>
      <measureAttribute>
         <templateId root="2.16.840.1.113883.3.560.1.75"/>
         <id root="608d2ba8-00da-4cae-bcd5-294a7b0d7b02"/>
         <code code="MSRSD" displayName="Measurement start date" codeSystem="2.16.840.1.113883.3.560"/>
         <value xsi:type="TS" value="00000101"/>
      </measureAttribute>
   </subjectOf>
   <subjectOf>
      <localVariableName>measureEndDate</localVariableName>
      <measureAttribute>
         <templateId root="2.16.840.1.113883.3.560.1.75"/>
         <id root="f36c9bf3-dfed-4785-8a00-26e6bf1d71f0"/>
         <code code="MSRED" displayName="Measurement end date" codeSystem="2.16.840.1.113883.3.560"/>
         <value xsi:type="TS" value="00001231"/>
      </measureAttribute>
   </subjectOf>
   <subjectOf>
      <measureAttribute>
         <code code="REF" codeSystem="2.16.840.1.113883.5.4" displayName="Reference"/>
         <value xsi:type="ED" mediaType="text/plain">Duncan et al, Stroke Rehabilitation Clinical Practice Guidelines Stroke. 2005;36:e100-e143.</value>
      </measureAttribute>
   </subjectOf>
   <subjectOf>
      <measureAttribute>
         <code code="REF" codeSystem="2.16.840.1.113883.5.4" displayName="Reference"/>
         <value xsi:type="ED" mediaType="text/plain">Evans RL, Matlock AL, Bishop DS, Stranahan S, Pederson C. Family intervention after stroke: Does counseling or education help?, Stroke 1988;19:1243-1249.</value>
      </measureAttribute>
   </subjectOf>
   <subjectOf>
      <measureAttribute>
         <code code="REF" codeSystem="2.16.840.1.113883.5.4" displayName="Reference"/>
         <value xsi:type="ED" mediaType="text/plain">Kaiser Permanente Clinical Practice Guidelines for Acute Stroke, Kaiser Permanente Medical Group, 1998.</value>
      </measureAttribute>
   </subjectOf>
   <subjectOf>
      <measureAttribute>
         <code code="REF" codeSystem="2.16.840.1.113883.5.4" displayName="Reference"/>
         <value xsi:type="ED" mediaType="text/plain">Lorig KR, Sobel DS, Stewart AL, et al. Evidence suggesting that a chronic disease self-management program can improve health status while reducing hospitalization: A randomized trial. Medical Care 1999;37:5-14.</value>
      </measureAttribute>
   </subjectOf>
   <subjectOf>
      <measureAttribute>
         <code code="REF" codeSystem="2.16.840.1.113883.5.4" displayName="Reference"/>
         <value xsi:type="ED" mediaType="text/plain">Post Stroke Rehabilitation, Clinical Practice Guideline No.16, Agency for Health Care Policy and Research (now known as Agency for Healthcare Research and Quality), 1995.</value>
      </measureAttribute>
   </subjectOf>
   <subjectOf>
      <measureAttribute>
         <code code="DEF" codeSystem="2.16.840.1.113883.3.560" displayName="Definition"/>
         <value xsi:type="ED" mediaType="text/plain">None</value>
      </measureAttribute>
   </subjectOf>
   <subjectOf>
      <measureAttribute>
         <code code="GUIDE" codeSystem="2.16.840.1.113883.5.4" displayName="Guidance"/>
         <value xsi:type="ED" mediaType="text/plain">The unit of measurement for this measure is an inpatient episode of care. Each distinct hospitalization should be reported, regardless of whether the same patient is admitted for inpatient care more than once during the measurement period. In addition, the eMeasure logic intends to represent events within or surrounding a single occurrence of an inpatient hospitalization.&#xD;
&#xD;
The facility location arrival datetime and facility location departure datetime are coupled with the emergency department visit value set. They intend to represent arrival date/time at the emergency department and the discharge date/time from the emergency department, respectively.&#xD;
&#xD;
Written information given to the patient is required to address each and every one of the educational components. These components are modeled in in the population criteria and data criteria as communication from provider to patient :activation of emergency medical system, follow-up after discharge, medications prescribed at discharge, risk factors and signs and symptoms, and are intended to be specific to stroke.</value>
      </measureAttribute>
   </subjectOf>
   <subjectOf>
      <measureAttribute>
         <code nullFlavor="OTH">
            <originalText>Transmission Format</originalText>
         </code>
         <value xsi:type="ED" mediaType="text/plain">None</value>
      </measureAttribute>
   </subjectOf>
   <subjectOf>
      <measureAttribute>
         <code code="IPP" codeSystem="2.16.840.1.113883.5.1063">
            <originalText>Initial Patient Population</originalText>
         </code>
         <value xsi:type="ED" mediaType="text/plain">Ischemic stroke or hemorrhagic stroke patients discharged home.</value>
      </measureAttribute>
   </subjectOf>
   <subjectOf>
      <measureAttribute>
         <code code="DENOM" codeSystem="2.16.840.1.113883.5.1063">
            <originalText>Denominator</originalText>
         </code>
         <value xsi:type="ED" mediaType="text/plain">Ischemic stroke or hemorrhagic stroke patients discharged home.</value>
      </measureAttribute>
   </subjectOf>
   <subjectOf>
      <measureAttribute>
         <code nullFlavor="OTH">
            <originalText>Denominator Exclusions</originalText>
         </code>
         <value xsi:type="ED" mediaType="text/plain">Patients less than 18 years of age&#xD;
Patients who have a length of stay greater than 120 days&#xD;
Patients with comfort measures only documented&#xD;
Patients admitted for elective carotid intervention</value>
      </measureAttribute>
   </subjectOf>
   <subjectOf>
      <measureAttribute>
         <code code="NUMER" codeSystem="2.16.840.1.113883.5.1063">
            <originalText>Numerator</originalText>
         </code>
         <value xsi:type="ED" mediaType="text/plain">Ischemic or hemorrhagic stroke patients with documentation that they or their caregivers were given educational material addressing all of the following:&#xD;
1. Activation of emergency medical system &#xD;
2. Follow-up after discharge&#xD;
3. Medications prescribed at discharge&#xD;
4. Risk factors for stroke&#xD;
5. Warning signs and symptoms of stroke.</value>
      </measureAttribute>
   </subjectOf>
   <subjectOf>
      <measureAttribute>
         <code nullFlavor="OTH">
            <originalText>Numerator Exclusions</originalText>
         </code>
         <value xsi:type="ED" mediaType="text/plain">Not Applicable</value>
      </measureAttribute>
   </subjectOf>
   <subjectOf>
      <measureAttribute>
         <code code="DENEXCEP" codeSystem="2.16.840.1.113883.5.1063">
            <originalText>Denominator Exceptions</originalText>
         </code>
         <value xsi:type="ED" mediaType="text/plain">None</value>
      </measureAttribute>
   </subjectOf>
   <subjectOf>
      <measureAttribute>
         <code code="MSRPOPL" codeSystem="2.16.840.1.113883.5.1063">
            <originalText>Measure Population</originalText>
         </code>
         <value xsi:type="ED" mediaType="text/plain">Not Applicable</value>
      </measureAttribute>
   </subjectOf>
   <subjectOf>
      <measureAttribute>
         <code nullFlavor="OTH">
            <originalText>Measure Observations</originalText>
         </code>
         <value xsi:type="ED" mediaType="text/plain">Not Applicable</value>
      </measureAttribute>
   </subjectOf>
   <subjectOf>
      <measureAttribute>
         <code nullFlavor="OTH">
            <originalText>Supplemental Data Elements</originalText>
         </code>
         <value xsi:type="ED" mediaType="text/plain">For every patient evaluated by this measure also identify payer, race, ethnicity and sex.</value>
      </measureAttribute>
   </subjectOf>
   <componentOf>
      <qualityMeasureSet classCode="ACT">
         <id root="fdd39b3d-26e0-467f-a93f-4baca7e43358"/>
         <title>eMeasure Stroke (eSTK)</title>
      </qualityMeasureSet>
   </componentOf>
         
      <!--
         **************************************************************   
         Population Criteria Section
         **************************************************************
      --><component typeCode="COMP">
      <section>
         <code code="57026-7" codeSystem="2.16.840.1.113883.6.1" displayName="Population criteria"/>
         <title>Population criteria</title>
         <text>
            <list>
               <item>
                  <content styleCode="Bold">Initial Patient Population =</content>
                  <list>
                     <item>AND: "Patient Characteristic Birthdate: birth date"  &gt;= 18 year(s) starts before start of "Occurrence A of Encounter, Performed: Inpatient Encounter"</item>
                     <item>AND: "Occurrence A of Encounter, Performed: Inpatient Encounter (length of stay &lt;= 120 day(s))"</item>
                     <item>AND: "Occurrence A of Encounter, Performed: Inpatient Encounter (discharge datetime)" during "Measurement Period"</item>
                     <item>AND: <list>
                           <item>OR: "Diagnosis, Active: Ischemic Stroke (ordinality: 'Principal Diagnosis')"</item>
                           <item>OR: "Diagnosis, Active: Hemorrhagic Stroke (ordinality: 'Principal Diagnosis')"</item>
                           <item> starts during "Occurrence A of Encounter, Performed: Inpatient Encounter"</item>
                        </list>
                     </item>
                  </list>
               </item>
               <item>
                  <content styleCode="Bold">Denominator =</content>
                  <list>
                     <item>AND: "Initial Patient Population"</item>
                     <item>AND: "Occurrence A of Encounter, Performed: Inpatient Encounter (discharge status: 'Discharge To Home Or Police Custody')"</item>
                  </list>
               </item>
               <item>
                  <content styleCode="Bold">Denominator Exclusions =</content>
                  <list>
                     <item>AND: <list>
                           <item>OR: "Occurrence A of Encounter, Performed: Inpatient Encounter (reason: 'Carotid Intervention')"</item>
                           <item>OR: <list>
                                 <item>AND: "Occurrence A of Encounter, Performed: Inpatient Encounter (admission datetime)"  &lt;= 1 hour(s) starts after end of "Occurrence A of Encounter, Performed: Emergency Department Visit (facility location departure datetime)"</item>
                                 <item>AND: <list>
                                       <item>OR: "Intervention, Order: Palliative Care"</item>
                                       <item>OR: "Intervention, Performed: Palliative Care"</item>
                                       <item> starts during "Occurrence A of Encounter, Performed: Emergency Department Visit"</item>
                                    </list>
                                 </item>
                              </list>
                           </item>
                           <item>OR: <list>
                                 <item>OR: "Intervention, Order: Palliative Care"</item>
                                 <item>OR: "Intervention, Performed: Palliative Care"</item>
                                 <item> starts during "Occurrence A of Encounter, Performed: Inpatient Encounter"</item>
                              </list>
                           </item>
                        </list>
                     </item>
                  </list>
               </item>
               <item>
                  <content styleCode="Bold">Numerator =</content>
                  <list>
                     <item>AND: <list>
                           <item>OR: "Communication: From Provider to Patient not done: Patient Refusal" for "Written Information Given SNOMED-CT Value Set"</item>
                           <item>OR: <list>
                                 <item>AND: "Communication: From Provider to Patient: Activation of Emergency Medical System Education"</item>
                                 <item>AND: "Communication: From Provider to Patient: Instructions for Follow Up After Discharge"</item>
                                 <item>AND: "Communication: From Provider to Patient: Prescribed Medications Education"</item>
                                 <item>AND: "Communication: From Provider to Patient: Risk Factors Education"</item>
                                 <item>AND: "Communication: From Provider to Patient: Warning Signs and Symptoms Education"</item>
                                 <item>AND: "Communication: From Provider to Patient: Written Information Given"</item>
                              </list>
                           </item>
                           <item> during "Occurrence A of Encounter, Performed: Inpatient Encounter"</item>
                        </list>
                     </item>
                  </list>
               </item>
               <item>
                  <content styleCode="Bold">Denominator Exceptions =</content>
                  <list>
                     <item>None</item>
                  </list>
               </item>
            </list>
         </text><!--
            **************************************************************   
            Population Criteria Section: exclusions 
            **************************************************************
      -->
         <entry typeCode="DRIV">
            <observation classCode="OBS" moodCode="EVN" isCriterionInd="true" actionNegationInd="true">
               <id root="15CC8580-9BE2-4634-9D89-4CD10ADEA358"/>
               <code code="ASSERTION" codeSystem="2.16.840.1.113883.5.4"/>
               <value xsi:type="CD" code="DENOM" codeSystem="2.16.840.1.113883.5.1063" codeSystemName="HL7 Observation Value" displayName="Denominator"/><!--  top and/or -->
               <sourceOf typeCode="PRCN">
                  <conjunctionCode code="AND"/>
                  <act classCode="ACT" moodCode="EVN" isCriterionInd="true">
                     <sourceOf typeCode="PRCN">
                        <conjunctionCode code="OR"/>
                        <act classCode="ACT" moodCode="EVN" isCriterionInd="true"><!-- Encounter, Performed pattern -->
                           <templateId root="2.16.840.1.113883.3.560.1.79"/>
                           <id root="add54c63-b99d-4190-bf59-60720ed36f10"/>
                           <code code="46240-8" codeSystem="2.16.840.1.113883.6.1" displayName="Encounter list"/>
                           <sourceOf typeCode="COMP">
                              <encounter classCode="ENC" moodCode="EVN" isCriterionInd="true">
                                 <code code="2.16.840.1.113883.3.117.1.7.1.23" displayName="Inpatient Encounter SNOMED-CT Value Set" codeSystem="2.16.840.1.113883.3.560.101.1"/>
                                 <title>Occurrence A of Encounter, Performed: Inpatient Encounter (reason: 'Carotid Intervention')</title>
                                 <statusCode code="completed"/>
                                 <sourceOf typeCode="REFR">
                                    <observation classCode="OBS" moodCode="EVN" isCriterionInd="true">
                                       <templateId root="2.16.840.1.113883.3.560.1.1017.2"/>
                                       <code code="410666004" codeSystem="2.16.840.1.113883.6.96" displayName="reason" codeSystemName="SNOMED-CT"/>
                                       <value xsi:type="CD" code="2.16.840.1.113883.3.117.1.7.1.204" codeSystem="2.16.840.1.113883.3.560.101.1" displayName="Carotid Intervention"/>
                                    </observation>
                                 </sourceOf>
                              </encounter>
                           </sourceOf>
                        </act>
                     </sourceOf>
                     <sourceOf typeCode="PRCN">
                        <conjunctionCode code="OR"/>
                        <act classCode="ACT" moodCode="EVN" isCriterionInd="true">
                           <sourceOf typeCode="PRCN">
                              <conjunctionCode code="AND"/>
                              <act classCode="ACT" moodCode="EVN" isCriterionInd="true"><!-- Encounter, Performed pattern -->
                                 <templateId root="2.16.840.1.113883.3.560.1.79"/>
                                 <id root="add54c63-b99d-4190-bf59-60720ed36f10"/>
                                 <code code="46240-8" codeSystem="2.16.840.1.113883.6.1" displayName="Encounter list"/>
                                 <sourceOf typeCode="COMP">
                                    <encounter classCode="ENC" moodCode="EVN" isCriterionInd="true">
                                       <code code="2.16.840.1.113883.3.117.1.7.1.23" displayName="Inpatient Encounter SNOMED-CT Value Set" codeSystem="2.16.840.1.113883.3.560.101.1"/>
                                       <title>Occurrence A of Encounter, Performed: Inpatient Encounter (admission datetime)</title>
                                       <statusCode code="completed"/>
                                       <sourceOf typeCode="REFR">
                                          <observation classCode="OBS" moodCode="EVN" isCriterionInd="true">
                                             <code code="399423000" codeSystem="2.16.840.1.113883.6.96" displayName="admission datetime" codeSystemName="SNOMED-CT"/>
                                             <value xsi:type="ANYNonNull"/>
                                          </observation>
                                       </sourceOf>
                                       <sourceOf typeCode="SAE">
                                          <pauseQuantity xsi:type="IVL_PQ">
                                             <high value="1" unit="h" inclusive="true"/>
                                          </pauseQuantity>
                                          <act classCode="ACT" moodCode="EVN" isCriterionInd="true"><!-- Encounter, Performed pattern -->
                                             <templateId root="2.16.840.1.113883.3.560.1.79"/>
                                             <id root="64110df3-8506-4aea-b295-1d888b198174"/>
                                             <code code="46240-8" codeSystem="2.16.840.1.113883.6.1" displayName="Encounter list"/>
                                             <sourceOf typeCode="COMP">
                                                <encounter classCode="ENC" moodCode="EVN" isCriterionInd="true">
                                                   <code code="2.16.840.1.113883.3.117.1.7.1.292" displayName="Emergency Department Visit SNOMED-CT Value Set" codeSystem="2.16.840.1.113883.3.560.101.1"/>
                                                   <title>Occurrence A of Encounter, Performed: Emergency Department Visit (facility location departure datetime)</title>
                                                   <statusCode code="completed"/>
                                                   <sourceOf typeCode="SUBJ">
                                                      <encounter classCode="ENC" moodCode="EVN" isCriterionInd="true">
                                                         <templateId root="2.16.840.1.113883.3.560.1.1036.1"/>
                                                         <participant typeCode="LOC">
                                                            <roleParticipant classCode="SDLOC">
                                                               <code/>
                                                               <effectiveTime xsi:type="IVL_TS">
                                                                  <high/>
                                                               </effectiveTime>
                                                            </roleParticipant>
                                                         </participant>
                                                      </encounter>
                                                   </sourceOf>
                                                </encounter>
                                             </sourceOf>
                                          </act>
                                       </sourceOf>
                                    </encounter>
                                 </sourceOf>
                              </act>
                           </sourceOf>
                           <sourceOf typeCode="PRCN">
                              <conjunctionCode code="AND"/>
                              <act classCode="ACT" moodCode="EVN" isCriterionInd="true">
                                 <sourceOf typeCode="PRCN">
                                    <conjunctionCode code="OR"/>
                                    <act classCode="ACT" moodCode="EVN" isCriterionInd="true"><!-- Intervention, Order pattern -->
                                       <templateId root="2.16.840.1.113883.3.560.1.45"/>
                                       <id root="0b76358c-44e8-47c3-8220-1138968de43c"/>
                                       <code code="18776-5" displayName="Plan of care" codeSystem="2.16.840.1.113883.6.1"/>
                                       <sourceOf typeCode="COMP">
                                          <procedure classCode="PROC" moodCode="RQO" isCriterionInd="true">
                                             <code code="2.16.840.1.113883.3.526.2.1076" displayName="Palliative Care SNOMED-CT Value Set" codeSystem="2.16.840.1.113883.3.560.101.1"/>
                                             <title>Intervention, Order: Palliative Care</title>
                                          </procedure>
                                       </sourceOf>
                                    </act>
                                 </sourceOf>
                                 <sourceOf typeCode="PRCN">
                                    <conjunctionCode code="OR"/>
                                    <act classCode="ACT" moodCode="EVN" isCriterionInd="true"><!-- Intervention, Performed pattern -->
                                       <templateId root="2.16.840.1.113883.3.560.1.46"/>
                                       <id root="76b0e5ef-942a-4427-bfcc-919fe2036563"/>
                                       <code code="47519-4" displayName="Procedures" codeSystem="2.16.840.1.113883.6.1"/>
                                       <sourceOf typeCode="COMP">
                                          <procedure classCode="PROC" moodCode="EVN" isCriterionInd="true">
                                             <code code="2.16.840.1.113883.3.526.2.1076" displayName="Palliative Care SNOMED-CT Value Set" codeSystem="2.16.840.1.113883.3.560.101.1"/>
                                             <title>Intervention, Performed: Palliative Care</title>
                                             <statusCode code="completed"/>
                                          </procedure>
                                       </sourceOf>
                                    </act>
                                 </sourceOf>
                                 <sourceOf typeCode="SDU">
                                    <act classCode="ACT" moodCode="EVN" isCriterionInd="true"><!-- Encounter, Performed pattern -->
                                       <templateId root="2.16.840.1.113883.3.560.1.79"/>
                                       <id root="64110df3-8506-4aea-b295-1d888b198174"/>
                                       <code code="46240-8" codeSystem="2.16.840.1.113883.6.1" displayName="Encounter list"/>
                                       <sourceOf typeCode="COMP">
                                          <encounter classCode="ENC" moodCode="EVN" isCriterionInd="true">
                                             <code code="2.16.840.1.113883.3.117.1.7.1.292" displayName="Emergency Department Visit SNOMED-CT Value Set" codeSystem="2.16.840.1.113883.3.560.101.1"/>
                                             <title>Occurrence A of Encounter, Performed: Emergency Department Visit</title>
                                             <statusCode code="completed"/>
                                          </encounter>
                                       </sourceOf>
                                    </act>
                                 </sourceOf>
                              </act>
                           </sourceOf>
                        </act>
                     </sourceOf>
                     <sourceOf typeCode="PRCN">
                        <conjunctionCode code="OR"/>
                        <act classCode="ACT" moodCode="EVN" isCriterionInd="true">
                           <sourceOf typeCode="PRCN">
                              <conjunctionCode code="OR"/>
                              <act classCode="ACT" moodCode="EVN" isCriterionInd="true"><!-- Intervention, Order pattern -->
                                 <templateId root="2.16.840.1.113883.3.560.1.45"/>
                                 <id root="0b76358c-44e8-47c3-8220-1138968de43c"/>
                                 <code code="18776-5" displayName="Plan of care" codeSystem="2.16.840.1.113883.6.1"/>
                                 <sourceOf typeCode="COMP">
                                    <procedure classCode="PROC" moodCode="RQO" isCriterionInd="true">
                                       <code code="2.16.840.1.113883.3.526.2.1076" displayName="Palliative Care SNOMED-CT Value Set" codeSystem="2.16.840.1.113883.3.560.101.1"/>
                                       <title>Intervention, Order: Palliative Care</title>
                                    </procedure>
                                 </sourceOf>
                              </act>
                           </sourceOf>
                           <sourceOf typeCode="PRCN">
                              <conjunctionCode code="OR"/>
                              <act classCode="ACT" moodCode="EVN" isCriterionInd="true"><!-- Intervention, Performed pattern -->
                                 <templateId root="2.16.840.1.113883.3.560.1.46"/>
                                 <id root="76b0e5ef-942a-4427-bfcc-919fe2036563"/>
                                 <code code="47519-4" displayName="Procedures" codeSystem="2.16.840.1.113883.6.1"/>
                                 <sourceOf typeCode="COMP">
                                    <procedure classCode="PROC" moodCode="EVN" isCriterionInd="true">
                                       <code code="2.16.840.1.113883.3.526.2.1076" displayName="Palliative Care SNOMED-CT Value Set" codeSystem="2.16.840.1.113883.3.560.101.1"/>
                                       <title>Intervention, Performed: Palliative Care</title>
                                       <statusCode code="completed"/>
                                    </procedure>
                                 </sourceOf>
                              </act>
                           </sourceOf>
                           <sourceOf typeCode="SDU">
                              <act classCode="ACT" moodCode="EVN" isCriterionInd="true"><!-- Encounter, Performed pattern -->
                                 <templateId root="2.16.840.1.113883.3.560.1.79"/>
                                 <id root="add54c63-b99d-4190-bf59-60720ed36f10"/>
                                 <code code="46240-8" codeSystem="2.16.840.1.113883.6.1" displayName="Encounter list"/>
                                 <sourceOf typeCode="COMP">
                                    <encounter classCode="ENC" moodCode="EVN" isCriterionInd="true">
                                       <code code="2.16.840.1.113883.3.117.1.7.1.23" displayName="Inpatient Encounter SNOMED-CT Value Set" codeSystem="2.16.840.1.113883.3.560.101.1"/>
                                       <title>Occurrence A of Encounter, Performed: Inpatient Encounter</title>
                                       <statusCode code="completed"/>
                                    </encounter>
                                 </sourceOf>
                              </act>
                           </sourceOf>
                        </act>
                     </sourceOf>
                  </act>
               </sourceOf>
            </observation>
         </entry><!--
            **************************************************************   
            Population Criteria Section: numerator 
            **************************************************************
      -->
         <entry typeCode="DRIV">
            <observation classCode="OBS" moodCode="EVN" isCriterionInd="true">
               <id root="7A7BD2FB-3BF6-4885-8ACE-9E7BC7D8FFE4"/>
               <code code="ASSERTION" codeSystem="2.16.840.1.113883.5.4"/>
               <value xsi:type="CD" code="NUMER" codeSystem="2.16.840.1.113883.5.1063" codeSystemName="HL7 Observation Value" displayName="Numerator"/><!--  top and/or -->
               <sourceOf typeCode="PRCN">
                  <conjunctionCode code="AND"/>
                  <act classCode="ACT" moodCode="EVN" isCriterionInd="true">
                     <sourceOf typeCode="PRCN">
                        <conjunctionCode code="OR"/>
                        <act classCode="ACT" moodCode="EVN" isCriterionInd="true" actionNegationInd="true"><!-- Communication: From Provider to Patient pattern -->
                           <templateId root="2.16.840.1.113883.3.560.1.131"/>
                           <id root="880e500e-89c8-4592-8a72-04a00ed587c2"/>
                           <code code="COMMGR_X" displayName="Communication Manager" codeSystem="2.16.840.1.113883.6.1"/>
                           <sourceOf typeCode="COMP">
                              <act classCode="ACT" moodCode="EVN" isCriterionInd="true">
                                 <code code="2.16.840.1.113883.3.117.1.7.1.415" displayName="Written Information Given SNOMED-CT Value Set" codeSystem="2.16.840.1.113883.3.560.101.1"/>
                                 <title>Communication: From Provider to Patient not done: Patient Refusal</title>
                                 <participant typeCode="AUT">
                                    <roleParticipant classCode="ASSIGNED">
                                       <code code="158965000" codeSystem="2.16.840.1.113883.6.96" displayName="Medical Practitioner"/>
                                    </roleParticipant>
                                 </participant>
                                 <participant typeCode="IRCP">
                                    <signatureCode code="S"/>
                                    <patientParticipant classCode="PAT"/>
                                 </participant>
                                 <sourceOf typeCode="RSON">
                                    <observation classCode="OBS" moodCode="EVN" isCriterionInd="true">
                                       <code code="ASSERTION" codeSystem="2.16.840.1.113883.5.4"/>
                                       <value xsi:type="CD" code="2.16.840.1.113883.3.117.1.7.1.93" displayName="Patient Refusal SNOMED-CT Value Set"/>
                                    </observation>
                                 </sourceOf>
                              </act>
                           </sourceOf>
                        </act>
                     </sourceOf>
                     <sourceOf typeCode="PRCN">
                        <conjunctionCode code="OR"/>
                        <act classCode="ACT" moodCode="EVN" isCriterionInd="true">
                           <sourceOf typeCode="PRCN">
                              <conjunctionCode code="AND"/>
                              <act classCode="ACT" moodCode="EVN" isCriterionInd="true"><!-- Communication: From Provider to Patient pattern -->
                                 <templateId root="2.16.840.1.113883.3.560.1.31"/>
                                 <id root="b480e29c-3cf0-49f0-88db-e2291f674cfb"/>
                                 <code code="COMMGR_X" displayName="Communication Manager" codeSystem="2.16.840.1.113883.6.1"/>
                                 <sourceOf typeCode="COMP">
                                    <act classCode="ACT" moodCode="EVN" isCriterionInd="true">
                                       <code code="2.16.840.1.113883.3.117.1.7.1.377" displayName="Activation of Emergency Medical System Education SNOMED-CT Value Set" codeSystem="2.16.840.1.113883.3.560.101.1"/>
                                       <title>Communication: From Provider to Patient: Activation of Emergency Medical System Education</title>
                                       <participant typeCode="AUT">
                                          <roleParticipant classCode="ASSIGNED">
                                             <code code="158965000" codeSystem="2.16.840.1.113883.6.96" displayName="Medical Practitioner"/>
                                          </roleParticipant>
                                       </participant>
                                       <participant typeCode="IRCP">
                                          <signatureCode code="S"/>
                                          <patientParticipant classCode="PAT"/>
                                       </participant>
                                    </act>
                                 </sourceOf>
                              </act>
                           </sourceOf>
                           <sourceOf typeCode="PRCN">
                              <conjunctionCode code="AND"/>
                              <act classCode="ACT" moodCode="EVN" isCriterionInd="true"><!-- Communication: From Provider to Patient pattern -->
                                 <templateId root="2.16.840.1.113883.3.560.1.31"/>
                                 <id root="a624b396-84d6-471c-bee1-de8a5db6e880"/>
                                 <code code="COMMGR_X" displayName="Communication Manager" codeSystem="2.16.840.1.113883.6.1"/>
                                 <sourceOf typeCode="COMP">
                                    <act classCode="ACT" moodCode="EVN" isCriterionInd="true">
                                       <code code="2.16.840.1.113883.3.117.1.7.1.378" displayName="Instructions for Follow Up After Discharge SNOMED-CT Value Set" codeSystem="2.16.840.1.113883.3.560.101.1"/>
                                       <title>Communication: From Provider to Patient: Instructions for Follow Up After Discharge</title>
                                       <participant typeCode="AUT">
                                          <roleParticipant classCode="ASSIGNED">
                                             <code code="158965000" codeSystem="2.16.840.1.113883.6.96" displayName="Medical Practitioner"/>
                                          </roleParticipant>
                                       </participant>
                                       <participant typeCode="IRCP">
                                          <signatureCode code="S"/>
                                          <patientParticipant classCode="PAT"/>
                                       </participant>
                                    </act>
                                 </sourceOf>
                              </act>
                           </sourceOf>
                           <sourceOf typeCode="PRCN">
                              <conjunctionCode code="AND"/>
                              <act classCode="ACT" moodCode="EVN" isCriterionInd="true"><!-- Communication: From Provider to Patient pattern -->
                                 <templateId root="2.16.840.1.113883.3.560.1.31"/>
                                 <id root="66328aed-5404-4d55-9551-e880e75b9a96"/>
                                 <code code="COMMGR_X" displayName="Communication Manager" codeSystem="2.16.840.1.113883.6.1"/>
                                 <sourceOf typeCode="COMP">
                                    <act classCode="ACT" moodCode="EVN" isCriterionInd="true">
                                       <code code="2.16.840.1.113883.3.117.1.7.1.379" displayName="Prescribed Medications Education SNOMED-CT Value Set" codeSystem="2.16.840.1.113883.3.560.101.1"/>
                                       <title>Communication: From Provider to Patient: Prescribed Medications Education</title>
                                       <participant typeCode="AUT">
                                          <roleParticipant classCode="ASSIGNED">
                                             <code code="158965000" codeSystem="2.16.840.1.113883.6.96" displayName="Medical Practitioner"/>
                                          </roleParticipant>
                                       </participant>
                                       <participant typeCode="IRCP">
                                          <signatureCode code="S"/>
                                          <patientParticipant classCode="PAT"/>
                                       </participant>
                                    </act>
                                 </sourceOf>
                              </act>
                           </sourceOf>
                           <sourceOf typeCode="PRCN">
                              <conjunctionCode code="AND"/>
                              <act classCode="ACT" moodCode="EVN" isCriterionInd="true"><!-- Communication: From Provider to Patient pattern -->
                                 <templateId root="2.16.840.1.113883.3.560.1.31"/>
                                 <id root="c15b5166-d982-46a9-8b55-347a524670ad"/>
                                 <code code="COMMGR_X" displayName="Communication Manager" codeSystem="2.16.840.1.113883.6.1"/>
                                 <sourceOf typeCode="COMP">
                                    <act classCode="ACT" moodCode="EVN" isCriterionInd="true">
                                       <code code="2.16.840.1.113883.3.117.1.7.1.380" displayName="Risk Factors Education SNOMED-CT Value Set" codeSystem="2.16.840.1.113883.3.560.101.1"/>
                                       <title>Communication: From Provider to Patient: Risk Factors Education</title>
                                       <participant typeCode="AUT">
                                          <roleParticipant classCode="ASSIGNED">
                                             <code code="158965000" codeSystem="2.16.840.1.113883.6.96" displayName="Medical Practitioner"/>
                                          </roleParticipant>
                                       </participant>
                                       <participant typeCode="IRCP">
                                          <signatureCode code="S"/>
                                          <patientParticipant classCode="PAT"/>
                                       </participant>
                                    </act>
                                 </sourceOf>
                              </act>
                           </sourceOf>
                           <sourceOf typeCode="PRCN">
                              <conjunctionCode code="AND"/>
                              <act classCode="ACT" moodCode="EVN" isCriterionInd="true"><!-- Communication: From Provider to Patient pattern -->
                                 <templateId root="2.16.840.1.113883.3.560.1.31"/>
                                 <id root="1c011344-ad93-44d0-8bd2-9fb102e665ca"/>
                                 <code code="COMMGR_X" displayName="Communication Manager" codeSystem="2.16.840.1.113883.6.1"/>
                                 <sourceOf typeCode="COMP">
                                    <act classCode="ACT" moodCode="EVN" isCriterionInd="true">
                                       <code code="2.16.840.1.113883.3.117.1.7.1.381" displayName="Warning Signs and Symptoms Education SNOMED-CT Value Set" codeSystem="2.16.840.1.113883.3.560.101.1"/>
                                       <title>Communication: From Provider to Patient: Warning Signs and Symptoms Education</title>
                                       <participant typeCode="AUT">
                                          <roleParticipant classCode="ASSIGNED">
                                             <code code="158965000" codeSystem="2.16.840.1.113883.6.96" displayName="Medical Practitioner"/>
                                          </roleParticipant>
                                       </participant>
                                       <participant typeCode="IRCP">
                                          <signatureCode code="S"/>
                                          <patientParticipant classCode="PAT"/>
                                       </participant>
                                    </act>
                                 </sourceOf>
                              </act>
                           </sourceOf>
                           <sourceOf typeCode="PRCN">
                              <conjunctionCode code="AND"/>
                              <act classCode="ACT" moodCode="EVN" isCriterionInd="true"><!-- Communication: From Provider to Patient pattern -->
                                 <templateId root="2.16.840.1.113883.3.560.1.31"/>
                                 <id root="880e500e-89c8-4592-8a72-04a00ed587c2"/>
                                 <code code="COMMGR_X" displayName="Communication Manager" codeSystem="2.16.840.1.113883.6.1"/>
                                 <sourceOf typeCode="COMP">
                                    <act classCode="ACT" moodCode="EVN" isCriterionInd="true">
                                       <code code="2.16.840.1.113883.3.117.1.7.1.415" displayName="Written Information Given SNOMED-CT Value Set" codeSystem="2.16.840.1.113883.3.560.101.1"/>
                                       <title>Communication: From Provider to Patient: Written Information Given</title>
                                       <participant typeCode="AUT">
                                          <roleParticipant classCode="ASSIGNED">
                                             <code code="158965000" codeSystem="2.16.840.1.113883.6.96" displayName="Medical Practitioner"/>
                                          </roleParticipant>
                                       </participant>
                                       <participant typeCode="IRCP">
                                          <signatureCode code="S"/>
                                          <patientParticipant classCode="PAT"/>
                                       </participant>
                                    </act>
                                 </sourceOf>
                              </act>
                           </sourceOf>
                        </act>
                     </sourceOf>
                     <sourceOf typeCode="DURING">
                        <act classCode="ACT" moodCode="EVN" isCriterionInd="true"><!-- Encounter, Performed pattern -->
                           <templateId root="2.16.840.1.113883.3.560.1.79"/>
                           <id root="add54c63-b99d-4190-bf59-60720ed36f10"/>
                           <code code="46240-8" codeSystem="2.16.840.1.113883.6.1" displayName="Encounter list"/>
                           <sourceOf typeCode="COMP">
                              <encounter classCode="ENC" moodCode="EVN" isCriterionInd="true">
                                 <code code="2.16.840.1.113883.3.117.1.7.1.23" displayName="Inpatient Encounter SNOMED-CT Value Set" codeSystem="2.16.840.1.113883.3.560.101.1"/>
                                 <title>Occurrence A of Encounter, Performed: Inpatient Encounter</title>
                                 <statusCode code="completed"/>
                              </encounter>
                           </sourceOf>
                        </act>
                     </sourceOf>
                  </act>
               </sourceOf>
            </observation>
         </entry><!--
            **************************************************************   
            Population Criteria Section: denominator 
            **************************************************************
      -->
         <entry typeCode="DRIV">
            <observation classCode="OBS" moodCode="EVN" isCriterionInd="true">
               <id root="74B86972-A5C4-401B-9161-43BD056E88E2"/>
               <code code="ASSERTION" codeSystem="2.16.840.1.113883.5.4"/>
               <value xsi:type="CD" code="DENOM" codeSystem="2.16.840.1.113883.5.1063" codeSystemName="HL7 Observation Value" displayName="Denominator"/><!--  top and/or -->
               <sourceOf typeCode="PRCN">
                  <conjunctionCode code="AND"/>
                  <observation classCode="OBS" moodCode="EVN" isCriterionInd="true">
                     <id root="FC9D36CE-323A-4B82-ADD5-EB60224DDE3C"/>
                     <title>Initial Patient Population</title>
                  </observation>
               </sourceOf>
               <sourceOf typeCode="PRCN">
                  <conjunctionCode code="AND"/>
                  <act classCode="ACT" moodCode="EVN" isCriterionInd="true"><!-- Encounter, Performed pattern -->
                     <templateId root="2.16.840.1.113883.3.560.1.79"/>
                     <id root="add54c63-b99d-4190-bf59-60720ed36f10"/>
                     <code code="46240-8" codeSystem="2.16.840.1.113883.6.1" displayName="Encounter list"/>
                     <sourceOf typeCode="COMP">
                        <encounter classCode="ENC" moodCode="EVN" isCriterionInd="true">
                           <code code="2.16.840.1.113883.3.117.1.7.1.23" displayName="Inpatient Encounter SNOMED-CT Value Set" codeSystem="2.16.840.1.113883.3.560.101.1"/>
                           <title>Occurrence A of Encounter, Performed: Inpatient Encounter (discharge status: 'Discharge To Home Or Police Custody')</title>
                           <statusCode code="completed"/>
                           <sourceOf typeCode="REFR">
                              <observation classCode="OBS" moodCode="EVN" isCriterionInd="true">
                                 <templateId root="2.16.840.1.113883.3.560.1.1003.2"/>
                                 <code code="309039003" codeSystem="2.16.840.1.113883.6.96" displayName="discharge status" codeSystemName="SNOMED-CT"/>
                                 <value xsi:type="CD" code="2.16.840.1.113883.3.117.1.7.1.82" codeSystem="2.16.840.1.113883.3.560.101.1" displayName="Discharge To Home Or Police Custody"/>
                              </observation>
                           </sourceOf>
                        </encounter>
                     </sourceOf>
                  </act>
               </sourceOf>
            </observation>
         </entry><!--
            **************************************************************   
            Population Criteria Section: population 
            **************************************************************
      -->
         <entry typeCode="DRIV">
            <observation classCode="OBS" moodCode="EVN" isCriterionInd="true">
               <id root="FC9D36CE-323A-4B82-ADD5-EB60224DDE3C"/>
               <code code="ASSERTION" codeSystem="2.16.840.1.113883.5.4"/>
               <value xsi:type="CD" code="IPP" codeSystem="2.16.840.1.113883.5.1063" codeSystemName="HL7 Observation Value" displayName="Initial Patient Population"/><!--  top and/or -->
               <sourceOf typeCode="PRCN">
                  <conjunctionCode code="AND"/>
                  <act classCode="ACT" moodCode="EVN" isCriterionInd="true"><!-- Patient Characteristic Birthdate pattern -->
                     <templateId root="2.16.840.1.113883.3.560.1.400"/>
                     <id root="f6320aa3-1e3b-4307-8e78-367de4495727"/>
                     <code code="45970-1" displayName="Demographics" codeSystem="2.16.840.1.113883.6.1"/>
                     <sourceOf typeCode="COMP">
                        <observation classCode="OBS" moodCode="EVN" isCriterionInd="true">
                           <code code="21112-8" codeSystem="2.16.840.1.113883.6.1" displayName="Birth date"/>
                           <title>Patient Characteristic Birthdate: birth date</title>
                           <value xsi:type="CD" code="2.16.840.1.113883.3.560.100.4" codeSystem="2.16.840.1.113883.3.560.101.1" displayName="birth date LOINC Value Set"/>
                           <sourceOf typeCode="SBS">
                              <pauseQuantity xsi:type="IVL_PQ">
                                 <low value="18" unit="a" inclusive="true"/>
                              </pauseQuantity>
                              <observation classCode="OBS" moodCode="EVN" isCriterionInd="true">
                                 <id root="add54c63-b99d-4190-bf59-60720ed36f10"/>
                                 <title>Occurrence A of Encounter, Performed: Inpatient Encounter</title>
                              </observation>
                           </sourceOf>
                        </observation>
                     </sourceOf>
                  </act>
               </sourceOf>
               <sourceOf typeCode="PRCN">
                  <conjunctionCode code="AND"/>
                  <act classCode="ACT" moodCode="EVN" isCriterionInd="true"><!-- Encounter, Performed pattern -->
                     <templateId root="2.16.840.1.113883.3.560.1.79"/>
                     <id root="add54c63-b99d-4190-bf59-60720ed36f10"/>
                     <code code="46240-8" codeSystem="2.16.840.1.113883.6.1" displayName="Encounter list"/>
                     <sourceOf typeCode="COMP">
                        <encounter classCode="ENC" moodCode="EVN" isCriterionInd="true">
                           <code code="2.16.840.1.113883.3.117.1.7.1.23" displayName="Inpatient Encounter SNOMED-CT Value Set" codeSystem="2.16.840.1.113883.3.560.101.1"/>
                           <title>Occurrence A of Encounter, Performed: Inpatient Encounter (length of stay &lt;= 120  day(s))</title>
                           <statusCode code="completed"/>
                           <sourceOf typeCode="SUBJ">
                              <observation classCode="OBS" moodCode="EVN" isCriterionInd="true">
                                 <templateId root="2.16.840.1.113883.3.560.1.1029.3"/>
                                 <code code="183797002" codeSystem="2.16.840.1.113883.6.96" displayName="length of stay" codeSystemName="SNOMED-CT"/>
                                 <value xsi:type="IVL_PQ">
                                    <high value="120" unit="d" inclusive="true"/>
                                 </value>
                              </observation>
                           </sourceOf>
                        </encounter>
                     </sourceOf>
                  </act>
               </sourceOf>
               <sourceOf typeCode="PRCN">
                  <conjunctionCode code="AND"/>
                  <act classCode="ACT" moodCode="EVN" isCriterionInd="true"><!-- Encounter, Performed pattern -->
                     <templateId root="2.16.840.1.113883.3.560.1.79"/>
                     <id root="add54c63-b99d-4190-bf59-60720ed36f10"/>
                     <code code="46240-8" codeSystem="2.16.840.1.113883.6.1" displayName="Encounter list"/>
                     <sourceOf typeCode="COMP">
                        <encounter classCode="ENC" moodCode="EVN" isCriterionInd="true">
                           <code code="2.16.840.1.113883.3.117.1.7.1.23" displayName="Inpatient Encounter SNOMED-CT Value Set" codeSystem="2.16.840.1.113883.3.560.101.1"/>
                           <title>Occurrence A of Encounter, Performed: Inpatient Encounter (discharge datetime)</title>
                           <statusCode code="completed"/>
                           <sourceOf typeCode="REFR">
                              <observation classCode="OBS" moodCode="EVN" isCriterionInd="true">
                                 <templateId root="2.16.840.1.113883.3.560.1.1025.1"/>
                                 <code code="442864001" codeSystem="2.16.840.1.113883.6.96" displayName="discharge datetime" codeSystemName="SNOMED-CT"/>
                                 <value xsi:type="ANYNonNull"/>
                              </observation>
                           </sourceOf>
                           <sourceOf typeCode="DURING">
                              <observation classCode="OBS" moodCode="EVN" isCriterionInd="true">
                                 <id root="f96f745a-be9a-4a53-a1c3-dd96566fb16c"/>
                                 <title>Measurement Period</title>
                              </observation>
                           </sourceOf>
                        </encounter>
                     </sourceOf>
                  </act>
               </sourceOf>
               <sourceOf typeCode="PRCN">
                  <conjunctionCode code="AND"/>
                  <act classCode="ACT" moodCode="EVN" isCriterionInd="true">
                     <sourceOf typeCode="PRCN">
                        <conjunctionCode code="OR"/>
                        <act classCode="ACT" moodCode="EVN" isCriterionInd="true"><!-- Diagnosis, Active pattern -->
                           <templateId root="2.16.840.1.113883.3.560.1.2"/>
                           <id root="6cb32114-49f3-4aa6-b943-20787d68fcad"/>
                           <code code="11450-4" displayName="Problem" codeSystem="2.16.840.1.113883.6.1"/>
                           <sourceOf typeCode="COMP">
                              <observation classCode="OBS" moodCode="EVN" isCriterionInd="true">
                                 <code code="55607006" codeSystem="2.16.840.1.113883.6.96" displayName="Problem"/>
                                 <title>Diagnosis, Active: Ischemic Stroke (ordinality: 'Principal Diagnosis')</title>
                                 <value xsi:type="CD" code="2.16.840.1.113883.3.117.1.7.1.247" displayName="Ischemic Stroke Grouping Value Set"/>
                                 <sourceOf typeCode="REFR">
                                    <observation classCode="OBS" moodCode="EVN" isCriterionInd="true">
                                       <code code="33999-4" codeSystem="2.16.840.1.113883.6.1" displayName="Status"/>
                                       <value xsi:type="CD" code="55561003" displayName="active" codeSystem="2.16.840.1.113883.6.96"/>
                                    </observation>
                                 </sourceOf>
                                 <sourceOf typeCode="SUBJ">
                                    <observation classCode="OBS" moodCode="EVN" isCriterionInd="true">
                                       <templateId root="2.16.840.1.113883.3.560.1.1012.2"/>
                                       <code code="117363000" codeSystem="2.16.840.1.113883.6.96" displayName="ordinality" codeSystemName="SNOMED-CT"/>
                                       <value xsi:type="CD" code="2.16.840.1.113883.3.117.2.7.1.14" codeSystem="2.16.840.1.113883.3.560.101.1" displayName="Principal Diagnosis"/>
                                    </observation>
                                 </sourceOf>
                              </observation>
                           </sourceOf>
                        </act>
                     </sourceOf>
                     <sourceOf typeCode="PRCN">
                        <conjunctionCode code="OR"/>
                        <act classCode="ACT" moodCode="EVN" isCriterionInd="true"><!-- Diagnosis, Active pattern -->
                           <templateId root="2.16.840.1.113883.3.560.1.2"/>
                           <id root="fd343c77-49c4-4645-9f51-deec463fa43c"/>
                           <code code="11450-4" displayName="Problem" codeSystem="2.16.840.1.113883.6.1"/>
                           <sourceOf typeCode="COMP">
                              <observation classCode="OBS" moodCode="EVN" isCriterionInd="true">
                                 <code code="55607006" codeSystem="2.16.840.1.113883.6.96" displayName="Problem"/>
                                 <title>Diagnosis, Active: Hemorrhagic Stroke (ordinality: 'Principal Diagnosis')</title>
                                 <value xsi:type="CD" code="2.16.840.1.113883.3.117.1.7.1.212" displayName="Hemorrhagic Stroke Grouping Value Set"/>
                                 <sourceOf typeCode="REFR">
                                    <observation classCode="OBS" moodCode="EVN" isCriterionInd="true">
                                       <code code="33999-4" codeSystem="2.16.840.1.113883.6.1" displayName="Status"/>
                                       <value xsi:type="CD" code="55561003" displayName="active" codeSystem="2.16.840.1.113883.6.96"/>
                                    </observation>
                                 </sourceOf>
                                 <sourceOf typeCode="SUBJ">
                                    <observation classCode="OBS" moodCode="EVN" isCriterionInd="true">
                                       <templateId root="2.16.840.1.113883.3.560.1.1012.2"/>
                                       <code code="117363000" codeSystem="2.16.840.1.113883.6.96" displayName="ordinality" codeSystemName="SNOMED-CT"/>
                                       <value xsi:type="CD" code="2.16.840.1.113883.3.117.2.7.1.14" codeSystem="2.16.840.1.113883.3.560.101.1" displayName="Principal Diagnosis"/>
                                    </observation>
                                 </sourceOf>
                              </observation>
                           </sourceOf>
                        </act>
                     </sourceOf>
                     <sourceOf typeCode="SDU">
                        <act classCode="ACT" moodCode="EVN" isCriterionInd="true"><!-- Encounter, Performed pattern -->
                           <templateId root="2.16.840.1.113883.3.560.1.79"/>
                           <id root="add54c63-b99d-4190-bf59-60720ed36f10"/>
                           <code code="46240-8" codeSystem="2.16.840.1.113883.6.1" displayName="Encounter list"/>
                           <sourceOf typeCode="COMP">
                              <encounter classCode="ENC" moodCode="EVN" isCriterionInd="true">
                                 <code code="2.16.840.1.113883.3.117.1.7.1.23" displayName="Inpatient Encounter SNOMED-CT Value Set" codeSystem="2.16.840.1.113883.3.560.101.1"/>
                                 <title>Occurrence A of Encounter, Performed: Inpatient Encounter</title>
                                 <statusCode code="completed"/>
                              </encounter>
                           </sourceOf>
                        </act>
                     </sourceOf>
                  </act>
               </sourceOf>
            </observation>
         </entry>
      </section>
   </component>
         
      <!--
         ******************************************   
         Data Criteria Section
         ******************************************
      --><component typeCode="COMP">
      <section>
         <code code="57025-9" codeSystem="2.16.840.1.113883.6.1" displayName="Data criteria (QDM Data Elements)"/>
         <title>Data criteria (QDM Data Elements)</title>
         <text>
            <list>
               <item>
                  <content>"Communication: From Provider to Patient: Activation of Emergency Medical System Education"</content> using "Activation of Emergency Medical System Education SNOMED-CT Value Set (2.16.840.1.113883.3.117.1.7.1.377)"</item>
               <item>
                  <content>"Communication: From Provider to Patient: Instructions for Follow Up After Discharge"</content> using "Instructions for Follow Up After Discharge SNOMED-CT Value Set (2.16.840.1.113883.3.117.1.7.1.378)"</item>
               <item>
                  <content>"Communication: From Provider to Patient: Prescribed Medications Education"</content> using "Prescribed Medications Education SNOMED-CT Value Set (2.16.840.1.113883.3.117.1.7.1.379)"</item>
               <item>
                  <content>"Communication: From Provider to Patient: Risk Factors Education"</content> using "Risk Factors Education SNOMED-CT Value Set (2.16.840.1.113883.3.117.1.7.1.380)"</item>
               <item>
                  <content>"Communication: From Provider to Patient: Warning Signs and Symptoms Education"</content> using "Warning Signs and Symptoms Education SNOMED-CT Value Set (2.16.840.1.113883.3.117.1.7.1.381)"</item>
               <item>
                  <content>"Communication: From Provider to Patient: Written Information Given"</content> using "Written Information Given SNOMED-CT Value Set (2.16.840.1.113883.3.117.1.7.1.415)"</item>
               <item>
                  <content>"Communication: From Provider to Patient not done: Patient Refusal"</content> using "Patient Refusal SNOMED-CT Value Set (2.16.840.1.113883.3.117.1.7.1.93)"</item>
               <item>
                  <content>"Diagnosis, Active: Hemorrhagic Stroke"</content> using "Hemorrhagic Stroke Grouping Value Set (2.16.840.1.113883.3.117.1.7.1.212)"</item>
               <item>
                  <content>"Diagnosis, Active: Ischemic Stroke"</content> using "Ischemic Stroke Grouping Value Set (2.16.840.1.113883.3.117.1.7.1.247)"</item>
               <item>
                  <content>"Encounter, Performed: Emergency Department Visit"</content> using "Emergency Department Visit SNOMED-CT Value Set (2.16.840.1.113883.3.117.1.7.1.292)"</item>
               <item>
                  <content>"Encounter, Performed: Inpatient Encounter"</content> using "Inpatient Encounter SNOMED-CT Value Set (2.16.840.1.113883.3.117.1.7.1.23)"</item>
               <item>
                  <content>"Intervention, Order: Palliative Care"</content> using "Palliative Care SNOMED-CT Value Set (2.16.840.1.113883.3.526.2.1076)"</item>
               <item>
                  <content>"Intervention, Performed: Palliative Care"</content> using "Palliative Care SNOMED-CT Value Set (2.16.840.1.113883.3.526.2.1076)"</item>
               <item>
                  <content>"Patient Characteristic Birthdate: birth date"</content> using "birth date LOINC Value Set (2.16.840.1.113883.3.560.100.4)"</item>
               <item>
                  <content>Attribute: "Ordinality: Principal Diagnosis"</content> using "Principal Diagnosis SNOMED-CT Value Set  (2.16.840.1.113883.3.117.2.7.1.14)"</item>
               <item>
                  <content>Attribute: "Discharge status: Discharge To Home Or Police Custody"</content> using "Discharge To Home Or Police Custody SNOMED-CT Value Set  (2.16.840.1.113883.3.117.1.7.1.82)"</item>
               <item>
                  <content>Attribute: "Reason: Carotid Intervention"</content> using "Carotid Intervention Grouping Value Set  (2.16.840.1.113883.3.117.1.7.1.204)"</item>
            </list>
         </text>
         <entry typeCode="DRIV">
            <act classCode="ACT" moodCode="EVN" isCriterionInd="true"><!-- Patient Characteristic Birthdate pattern -->
               <templateId root="2.16.840.1.113883.3.560.1.400"/>
               <id root="f6320aa3-1e3b-4307-8e78-367de4495727"/>
               <code code="45970-1" displayName="Demographics" codeSystem="2.16.840.1.113883.6.1"/>
               <sourceOf typeCode="COMP">
                  <observation classCode="OBS" moodCode="EVN" isCriterionInd="true">
                     <code code="21112-8" codeSystem="2.16.840.1.113883.6.1" displayName="Birth date"/>
                     <title>Patient Characteristic Birthdate: birth date</title>
                     <value xsi:type="CD" code="2.16.840.1.113883.3.560.100.4" codeSystem="2.16.840.1.113883.3.560.101.1" displayName="birth date LOINC Value Set"/>
                  </observation>
               </sourceOf>
            </act>
         </entry>
         <entry typeCode="DRIV">
            <act classCode="ACT" moodCode="EVN" isCriterionInd="true"><!-- Diagnosis, Active pattern -->
               <templateId root="2.16.840.1.113883.3.560.1.2"/>
               <id root="fd343c77-49c4-4645-9f51-deec463fa43c"/>
               <code code="11450-4" displayName="Problem" codeSystem="2.16.840.1.113883.6.1"/>
               <sourceOf typeCode="COMP">
                  <observation classCode="OBS" moodCode="EVN" isCriterionInd="true">
                     <code code="55607006" codeSystem="2.16.840.1.113883.6.96" displayName="Problem"/>
                     <title>Diagnosis, Active: Hemorrhagic Stroke</title>
                     <value xsi:type="CD" code="2.16.840.1.113883.3.117.1.7.1.212" displayName="Hemorrhagic Stroke Grouping Value Set"/>
                     <sourceOf typeCode="REFR">
                        <observation classCode="OBS" moodCode="EVN" isCriterionInd="true">
                           <code code="33999-4" codeSystem="2.16.840.1.113883.6.1" displayName="Status"/>
                           <value xsi:type="CD" code="55561003" displayName="active" codeSystem="2.16.840.1.113883.6.96"/>
                        </observation>
                     </sourceOf>
                  </observation>
               </sourceOf>
            </act>
         </entry>
         <entry typeCode="DRIV">
            <act classCode="ACT" moodCode="EVN" isCriterionInd="true"><!-- Communication: From Provider to Patient pattern -->
               <templateId root="2.16.840.1.113883.3.560.1.31"/>
               <id root="b480e29c-3cf0-49f0-88db-e2291f674cfb"/>
               <code code="COMMGR_X" displayName="Communication Manager" codeSystem="2.16.840.1.113883.6.1"/>
               <sourceOf typeCode="COMP">
                  <act classCode="ACT" moodCode="EVN" isCriterionInd="true">
                     <code code="2.16.840.1.113883.3.117.1.7.1.377" displayName="Activation of Emergency Medical System Education SNOMED-CT Value Set" codeSystem="2.16.840.1.113883.3.560.101.1"/>
                     <title>Communication: From Provider to Patient: Activation of Emergency Medical System Education</title>
                     <participant typeCode="AUT">
                        <roleParticipant classCode="ASSIGNED">
                           <code code="158965000" codeSystem="2.16.840.1.113883.6.96" displayName="Medical Practitioner"/>
                        </roleParticipant>
                     </participant>
                     <participant typeCode="IRCP">
                        <signatureCode code="S"/>
                        <patientParticipant classCode="PAT"/>
                     </participant>
                  </act>
               </sourceOf>
            </act>
         </entry>
         <entry typeCode="DRIV">
            <act classCode="ACT" moodCode="EVN" isCriterionInd="true"><!-- Communication: From Provider to Patient pattern -->
               <templateId root="2.16.840.1.113883.3.560.1.31"/>
               <id root="a624b396-84d6-471c-bee1-de8a5db6e880"/>
               <code code="COMMGR_X" displayName="Communication Manager" codeSystem="2.16.840.1.113883.6.1"/>
               <sourceOf typeCode="COMP">
                  <act classCode="ACT" moodCode="EVN" isCriterionInd="true">
                     <code code="2.16.840.1.113883.3.117.1.7.1.378" displayName="Instructions for Follow Up After Discharge SNOMED-CT Value Set" codeSystem="2.16.840.1.113883.3.560.101.1"/>
                     <title>Communication: From Provider to Patient: Instructions for Follow Up After Discharge</title>
                     <participant typeCode="AUT">
                        <roleParticipant classCode="ASSIGNED">
                           <code code="158965000" codeSystem="2.16.840.1.113883.6.96" displayName="Medical Practitioner"/>
                        </roleParticipant>
                     </participant>
                     <participant typeCode="IRCP">
                        <signatureCode code="S"/>
                        <patientParticipant classCode="PAT"/>
                     </participant>
                  </act>
               </sourceOf>
            </act>
         </entry>
         <entry typeCode="DRIV">
            <act classCode="ACT" moodCode="EVN" isCriterionInd="true"><!-- Communication: From Provider to Patient pattern -->
               <templateId root="2.16.840.1.113883.3.560.1.31"/>
               <id root="66328aed-5404-4d55-9551-e880e75b9a96"/>
               <code code="COMMGR_X" displayName="Communication Manager" codeSystem="2.16.840.1.113883.6.1"/>
               <sourceOf typeCode="COMP">
                  <act classCode="ACT" moodCode="EVN" isCriterionInd="true">
                     <code code="2.16.840.1.113883.3.117.1.7.1.379" displayName="Prescribed Medications Education SNOMED-CT Value Set" codeSystem="2.16.840.1.113883.3.560.101.1"/>
                     <title>Communication: From Provider to Patient: Prescribed Medications Education</title>
                     <participant typeCode="AUT">
                        <roleParticipant classCode="ASSIGNED">
                           <code code="158965000" codeSystem="2.16.840.1.113883.6.96" displayName="Medical Practitioner"/>
                        </roleParticipant>
                     </participant>
                     <participant typeCode="IRCP">
                        <signatureCode code="S"/>
                        <patientParticipant classCode="PAT"/>
                     </participant>
                  </act>
               </sourceOf>
            </act>
         </entry>
         <entry typeCode="DRIV">
            <act classCode="ACT" moodCode="EVN" isCriterionInd="true"><!-- Communication: From Provider to Patient pattern -->
               <templateId root="2.16.840.1.113883.3.560.1.31"/>
               <id root="c15b5166-d982-46a9-8b55-347a524670ad"/>
               <code code="COMMGR_X" displayName="Communication Manager" codeSystem="2.16.840.1.113883.6.1"/>
               <sourceOf typeCode="COMP">
                  <act classCode="ACT" moodCode="EVN" isCriterionInd="true">
                     <code code="2.16.840.1.113883.3.117.1.7.1.380" displayName="Risk Factors Education SNOMED-CT Value Set" codeSystem="2.16.840.1.113883.3.560.101.1"/>
                     <title>Communication: From Provider to Patient: Risk Factors Education</title>
                     <participant typeCode="AUT">
                        <roleParticipant classCode="ASSIGNED">
                           <code code="158965000" codeSystem="2.16.840.1.113883.6.96" displayName="Medical Practitioner"/>
                        </roleParticipant>
                     </participant>
                     <participant typeCode="IRCP">
                        <signatureCode code="S"/>
                        <patientParticipant classCode="PAT"/>
                     </participant>
                  </act>
               </sourceOf>
            </act>
         </entry>
         <entry typeCode="DRIV">
            <act classCode="ACT" moodCode="EVN" isCriterionInd="true"><!-- Communication: From Provider to Patient pattern -->
               <templateId root="2.16.840.1.113883.3.560.1.31"/>
               <id root="1c011344-ad93-44d0-8bd2-9fb102e665ca"/>
               <code code="COMMGR_X" displayName="Communication Manager" codeSystem="2.16.840.1.113883.6.1"/>
               <sourceOf typeCode="COMP">
                  <act classCode="ACT" moodCode="EVN" isCriterionInd="true">
                     <code code="2.16.840.1.113883.3.117.1.7.1.381" displayName="Warning Signs and Symptoms Education SNOMED-CT Value Set" codeSystem="2.16.840.1.113883.3.560.101.1"/>
                     <title>Communication: From Provider to Patient: Warning Signs and Symptoms Education</title>
                     <participant typeCode="AUT">
                        <roleParticipant classCode="ASSIGNED">
                           <code code="158965000" codeSystem="2.16.840.1.113883.6.96" displayName="Medical Practitioner"/>
                        </roleParticipant>
                     </participant>
                     <participant typeCode="IRCP">
                        <signatureCode code="S"/>
                        <patientParticipant classCode="PAT"/>
                     </participant>
                  </act>
               </sourceOf>
            </act>
         </entry>
         <entry typeCode="DRIV">
            <act classCode="ACT" moodCode="EVN" isCriterionInd="true"><!-- Encounter, Performed pattern -->
               <templateId root="2.16.840.1.113883.3.560.1.79"/>
               <id root="eb4f7c69-2327-4bd8-8738-dd9cc5980a76"/>
               <code code="46240-8" codeSystem="2.16.840.1.113883.6.1" displayName="Encounter list"/>
               <sourceOf typeCode="COMP">
                  <encounter classCode="ENC" moodCode="EVN" isCriterionInd="true">
                     <code code="2.16.840.1.113883.3.117.1.7.1.23" displayName="Inpatient Encounter SNOMED-CT Value Set" codeSystem="2.16.840.1.113883.3.560.101.1"/>
                     <title>Encounter, Performed: Inpatient Encounter</title>
                     <statusCode code="completed"/>
                  </encounter>
               </sourceOf>
            </act>
         </entry>
         <entry typeCode="DRIV">
            <act classCode="ACT" moodCode="EVN" isCriterionInd="true"><!-- Diagnosis, Active pattern -->
               <templateId root="2.16.840.1.113883.3.560.1.2"/>
               <id root="6cb32114-49f3-4aa6-b943-20787d68fcad"/>
               <code code="11450-4" displayName="Problem" codeSystem="2.16.840.1.113883.6.1"/>
               <sourceOf typeCode="COMP">
                  <observation classCode="OBS" moodCode="EVN" isCriterionInd="true">
                     <code code="55607006" codeSystem="2.16.840.1.113883.6.96" displayName="Problem"/>
                     <title>Diagnosis, Active: Ischemic Stroke</title>
                     <value xsi:type="CD" code="2.16.840.1.113883.3.117.1.7.1.247" displayName="Ischemic Stroke Grouping Value Set"/>
                     <sourceOf typeCode="REFR">
                        <observation classCode="OBS" moodCode="EVN" isCriterionInd="true">
                           <code code="33999-4" codeSystem="2.16.840.1.113883.6.1" displayName="Status"/>
                           <value xsi:type="CD" code="55561003" displayName="active" codeSystem="2.16.840.1.113883.6.96"/>
                        </observation>
                     </sourceOf>
                  </observation>
               </sourceOf>
            </act>
         </entry>
         <entry typeCode="DRIV">
            <act classCode="ACT" moodCode="EVN" isCriterionInd="true"><!-- Intervention, Order pattern -->
               <templateId root="2.16.840.1.113883.3.560.1.45"/>
               <id root="0b76358c-44e8-47c3-8220-1138968de43c"/>
               <code code="18776-5" displayName="Plan of care" codeSystem="2.16.840.1.113883.6.1"/>
               <sourceOf typeCode="COMP">
                  <procedure classCode="PROC" moodCode="RQO" isCriterionInd="true">
                     <code code="2.16.840.1.113883.3.526.2.1076" displayName="Palliative Care SNOMED-CT Value Set" codeSystem="2.16.840.1.113883.3.560.101.1"/>
                     <title>Intervention, Order: Palliative Care</title>
                  </procedure>
               </sourceOf>
            </act>
         </entry>
         <entry typeCode="DRIV">
            <act classCode="ACT" moodCode="EVN" isCriterionInd="true"><!-- Intervention, Performed pattern -->
               <templateId root="2.16.840.1.113883.3.560.1.46"/>
               <id root="76b0e5ef-942a-4427-bfcc-919fe2036563"/>
               <code code="47519-4" displayName="Procedures" codeSystem="2.16.840.1.113883.6.1"/>
               <sourceOf typeCode="COMP">
                  <procedure classCode="PROC" moodCode="EVN" isCriterionInd="true">
                     <code code="2.16.840.1.113883.3.526.2.1076" displayName="Palliative Care SNOMED-CT Value Set" codeSystem="2.16.840.1.113883.3.560.101.1"/>
                     <title>Intervention, Performed: Palliative Care</title>
                     <statusCode code="completed"/>
                  </procedure>
               </sourceOf>
            </act>
         </entry>
         <entry typeCode="DRIV">
            <act classCode="ACT" moodCode="EVN" isCriterionInd="true"><!-- Communication: From Provider to Patient pattern -->
               <templateId root="2.16.840.1.113883.3.560.1.31"/>
               <id root="880e500e-89c8-4592-8a72-04a00ed587c2"/>
               <code code="COMMGR_X" displayName="Communication Manager" codeSystem="2.16.840.1.113883.6.1"/>
               <sourceOf typeCode="COMP">
                  <act classCode="ACT" moodCode="EVN" isCriterionInd="true">
                     <code code="2.16.840.1.113883.3.117.1.7.1.415" displayName="Written Information Given SNOMED-CT Value Set" codeSystem="2.16.840.1.113883.3.560.101.1"/>
                     <title>Communication: From Provider to Patient: Written Information Given</title>
                     <participant typeCode="AUT">
                        <roleParticipant classCode="ASSIGNED">
                           <code code="158965000" codeSystem="2.16.840.1.113883.6.96" displayName="Medical Practitioner"/>
                        </roleParticipant>
                     </participant>
                     <participant typeCode="IRCP">
                        <signatureCode code="S"/>
                        <patientParticipant classCode="PAT"/>
                     </participant>
                  </act>
               </sourceOf>
            </act>
         </entry>
         <entry typeCode="DRIV">
            <act classCode="ACT" moodCode="EVN" isCriterionInd="true"><!-- Encounter, Performed pattern -->
               <templateId root="2.16.840.1.113883.3.560.1.79"/>
               <id root="814a9b1a-241c-4b03-bb18-4d4eb1e758f3"/>
               <code code="46240-8" codeSystem="2.16.840.1.113883.6.1" displayName="Encounter list"/>
               <sourceOf typeCode="COMP">
                  <encounter classCode="ENC" moodCode="EVN" isCriterionInd="true">
                     <code code="2.16.840.1.113883.3.117.1.7.1.292" displayName="Emergency Department Visit SNOMED-CT Value Set" codeSystem="2.16.840.1.113883.3.560.101.1"/>
                     <title>Encounter, Performed: Emergency Department Visit</title>
                     <statusCode code="completed"/>
                  </encounter>
               </sourceOf>
            </act>
         </entry>
         <entry typeCode="DRIV">
            <act classCode="ACT" moodCode="EVN" isCriterionInd="true"><!-- Communication: From Provider to Patient not done pattern -->
               <templateId root="2.16.840.1.113883.3.560.1.131"/>
               <id root="5e3718fb-dbb9-4cb1-ad5a-aeec148e808e"/>
               <code code="COMMGR_X" displayName="Communication Manager" codeSystem="2.16.840.1.113883.6.1"/>
               <sourceOf typeCode="COMP">
                  <act classCode="ACT" moodCode="EVN" isCriterionInd="true">
                     <code code="2.16.840.1.113883.3.117.1.7.1.93" displayName="Patient Refusal SNOMED-CT Value Set" codeSystem="2.16.840.1.113883.3.560.101.1"/>
                     <title>Communication: From Provider to Patient not done: Patient Refusal</title>
                     <participant typeCode="AUT">
                        <roleParticipant classCode="ASSIGNED">
                           <code code="158965000" codeSystem="2.16.840.1.113883.6.96" displayName="Medical Practitioner"/>
                        </roleParticipant>
                     </participant>
                     <participant typeCode="IRCP">
                        <signatureCode code="S"/>
                        <patientParticipant classCode="PAT"/>
                     </participant>
                  </act>
               </sourceOf>
            </act>
         </entry>
         <entry typeCode="COMP">
            <observation classCode="OBS" moodCode="DEF">
               <templateId root="2.16.840.1.113883.3.560.1.79"/>
               <id root="add54c63-b99d-4190-bf59-60720ed36f10"/>
               <sourceOf typeCode="DRIV">
                  <localVariableName>Inpatient Encounter</localVariableName>
                  <observation classCode="OBS" moodCode="EVN" isCriterionInd="true">
                     <id root="eb4f7c69-2327-4bd8-8738-dd9cc5980a76"/>
                  </observation>
               </sourceOf>
            </observation>
         </entry>
         <entry typeCode="COMP">
            <observation classCode="OBS" moodCode="DEF">
               <templateId root="2.16.840.1.113883.3.560.1.79"/>
               <id root="64110df3-8506-4aea-b295-1d888b198174"/>
               <sourceOf typeCode="DRIV">
                  <localVariableName>Emergency Department Visit</localVariableName>
                  <observation classCode="OBS" moodCode="EVN" isCriterionInd="true">
                     <id root="814a9b1a-241c-4b03-bb18-4d4eb1e758f3"/>
                  </observation>
               </sourceOf>
            </observation>
         </entry>
      </section>
   </component>
            
         <!--
            **************************************************************   
            Stratification Section
            **************************************************************
         --><component typeCode="COMP">
      <section>
         <code code="69669-0" codeSystem="2.16.840.1.113883.6.1" displayName="Population stratification description"/>
         <title>Reporting Stratification</title>
         <text>
            <list>
               <item>None</item>
            </list>
         </text>
      </section>
   </component>
         
      <!--
         ******************************************   
         Supplemental Data Elements Section
         ******************************************
      --><component typeCode="COMP">
      <section>
         <code code="69670-8" codeSystem="2.16.840.1.113883.6.1" displayName="Supplemental Data Elements"/>
         <title>Supplemental Data Elements</title>
         <text>
            <list>
               <item>
                  <content>"Patient Characteristic Ethnicity: Ethnicity"</content> using "Ethnicity CDC Value Set (2.16.840.1.114222.4.11.837)"</item>
               <item>
                  <content>"Patient Characteristic Payer: Payer"</content> using "Payer Source of Payment Typology Value Set (2.16.840.1.114222.4.11.3591)"</item>
               <item>
                  <content>"Patient Characteristic Race: Race"</content> using "Race CDC Value Set (2.16.840.1.114222.4.11.836)"</item>
               <item>
                  <content>"Patient Characteristic Sex: ONC Administrative Sex"</content> using "ONC Administrative Sex Administrative Sex Value Set (2.16.840.1.113762.1.4.1)"</item>
            </list>
         </text>
         <entry typeCode="DRIV">
            <act classCode="ACT" moodCode="EVN" isCriterionInd="true"><!-- Patient Characteristic Sex pattern -->
               <templateId root="2.16.840.1.113883.3.560.1.402"/>
               <id root="c50d9996-3a58-4fa8-8ea5-2cf9f18ec696"/>
               <code code="45970-1" displayName="Demographics" codeSystem="2.16.840.1.113883.6.1"/>
               <sourceOf typeCode="COMP">
                  <observation classCode="OBS" moodCode="EVN" isCriterionInd="true">
                     <code code="263495000" codeSystem="2.16.840.1.113883.6.96" displayName="Sex"/>
                     <title>Patient Characteristic Sex: ONC Administrative Sex</title>
                     <value xsi:type="CD" code="2.16.840.1.113762.1.4.1" codeSystem="2.16.840.1.113883.3.560.101.1" displayName="ONC Administrative Sex Administrative Sex Value Set"/>
                  </observation>
               </sourceOf>
            </act>
         </entry>
         <entry typeCode="DRIV">
            <act classCode="ACT" moodCode="EVN" isCriterionInd="true"><!-- Patient Characteristic Race pattern -->
               <templateId root="2.16.840.1.113883.3.560.1.406"/>
               <id root="c76f35a3-649d-482f-99c2-fefe97afebd8"/>
               <code code="45970-1" displayName="Demographics" codeSystem="2.16.840.1.113883.6.1"/>
               <sourceOf typeCode="COMP">
                  <observation classCode="OBS" moodCode="EVN" isCriterionInd="true">
                     <code code="32624-9" codeSystem="2.16.840.1.113883.6.1" displayName="Race"/>
                     <title>Patient Characteristic Race: Race</title>
                     <value xsi:type="CD" code="2.16.840.1.114222.4.11.836" codeSystem="2.16.840.1.113883.3.560.101.1" displayName="Race CDC Value Set"/>
                  </observation>
               </sourceOf>
            </act>
         </entry>
         <entry typeCode="DRIV">
            <act classCode="ACT" moodCode="EVN" isCriterionInd="true"><!-- Patient Characteristic Ethnicity pattern -->
               <templateId root="2.16.840.1.113883.3.560.1.403"/>
               <id root="f0884a6f-92cd-4981-a253-eb4dfc252b7a"/>
               <code code="45970-1" displayName="Demographics" codeSystem="2.16.840.1.113883.6.1"/>
               <sourceOf typeCode="COMP">
                  <observation classCode="OBS" moodCode="EVN" isCriterionInd="true">
                     <code code="54133-4" codeSystem="2.16.840.1.113883.6.1" displayName="Ethnicity"/>
                     <title>Patient Characteristic Ethnicity: Ethnicity</title>
                     <value xsi:type="CD" code="2.16.840.1.114222.4.11.837" codeSystem="2.16.840.1.113883.3.560.101.1" displayName="Ethnicity CDC Value Set"/>
                  </observation>
               </sourceOf>
            </act>
         </entry>
         <entry typeCode="DRIV">
            <act classCode="ACT" moodCode="EVN" isCriterionInd="true"><!-- Patient Characteristic Payer pattern -->
               <templateId root="2.16.840.1.113883.3.560.1.405"/>
               <id root="55d3e925-646b-468a-8e22-59da99e3550b"/>
               <code code="45970-1" displayName="Demographics" codeSystem="2.16.840.1.113883.6.1"/>
               <sourceOf typeCode="COMP">
                  <observation classCode="OBS" moodCode="EVN" isCriterionInd="true">
                     <code code="48768-6" codeSystem="2.16.840.1.113883.6.1" displayName="Payer"/>
                     <title>Patient Characteristic Payer: Payer</title>
                     <value xsi:type="CD" code="2.16.840.1.114222.4.11.3591" codeSystem="2.16.840.1.113883.3.560.101.1" displayName="Payer Source of Payment Typology Value Set"/>
                  </observation>
               </sourceOf>
            </act>
         </entry>
      </section>
   </component>
</QualityMeasureDocument>